=============== Log rollover at Tue Jun 10 06:22:00 2025 ===============
Starting Klippy...
Args: ['/home/chase/klipper/klippy/klippy.py', '/home/chase/printer_data/config/printer.cfg', '-I', '/home/chase/printer_data/comms/klippy.serial', '-l', '/home/chase/printer_data/logs/klippy.log', '-a', '/home/chase/printer_data/comms/klippy.sock']
Git version: 'v0.12.0-439-g1fc6d214f-dirty'
Untracked files: klippy/extras/gcode_shell_command.py
Branch: master
Remote: origin
Tracked URL: https://github.com/Klipper3d/klipper
CPU: 4 core Intel(R) Atom(TM) x5-Z8350  CPU @ 1.44GHz
Python: '3.8.10 (default, Mar 18 2025, 20:04:55) \n[GCC 9.4.0]'
Start printer at Tue Jun 10 06:22:01 2025 (1749550921.5 2566303.3)
===== Config file =====
[virtual_sdcard]
path = ~/printer_data/gcodes
on_error_gcode = CANCEL_PRINT

[pause_resume]
recover_velocity = 50

[display_status]

[respond]

[gcode_macro CANCEL_PRINT]
description = Cancel the actual running print
rename_existing = CANCEL_PRINT_BASE
gcode = 
	
	{% set client = printer['gcode_macro _CLIENT_VARIABLE']|default({}) %}
	{% set allow_park = client.park_at_cancel|default(false)|lower == 'true' %}
	{% set retract = client.cancel_retract|default(5.0)|abs %}
	
	{% set park_x = "" if (client.park_at_cancel_x|default(none) is none)
	else "X=" ~ client.park_at_cancel_x %}
	{% set park_y = "" if (client.park_at_cancel_y|default(none) is none)
	else "Y=" ~ client.park_at_cancel_y %}
	{% set custom_park = park_x|length > 0 or park_y|length > 0 %}
	
	
	{% if printer['gcode_macro RESUME'].restore_idle_timeout > 0 %}
	SET_IDLE_TIMEOUT TIMEOUT={printer['gcode_macro RESUME'].restore_idle_timeout}
	{% endif %}
	{% if (custom_park or not printer.pause_resume.is_paused) and allow_park %} _TOOLHEAD_PARK_PAUSE_CANCEL {park_x} {park_y} {% endif %}
	_CLIENT_RETRACT LENGTH={retract}
	TURN_OFF_HEATERS
	M106 S0
	{client.user_cancel_macro|default("")}
	SET_GCODE_VARIABLE MACRO=RESUME VARIABLE=idle_state VALUE=False
	
	SET_PAUSE_NEXT_LAYER ENABLE=0
	SET_PAUSE_AT_LAYER ENABLE=0 LAYER=0
	CANCEL_PRINT_BASE

[gcode_macro PAUSE]
description = Pause the actual running print
rename_existing = PAUSE_BASE
gcode = 
	
	{% set client = printer['gcode_macro _CLIENT_VARIABLE']|default({}) %}
	{% set idle_timeout = client.idle_timeout|default(0) %}
	{% set temp = printer[printer.toolhead.extruder].target if printer.toolhead.extruder != '' else 0 %}
	{% set restore = False if printer.toolhead.extruder == ''
	else True  if params.RESTORE|default(1)|int == 1 else False %}
	
	SET_GCODE_VARIABLE MACRO=RESUME VARIABLE=last_extruder_temp VALUE="{{'restore': restore, 'temp': temp}}"
	
	{% if idle_timeout > 0 %}
	SET_GCODE_VARIABLE MACRO=RESUME VARIABLE=restore_idle_timeout VALUE={printer.configfile.settings.idle_timeout.timeout}
	SET_IDLE_TIMEOUT TIMEOUT={idle_timeout}
	{% endif %}
	PAUSE_BASE
	{client.user_pause_macro|default("")}
	_TOOLHEAD_PARK_PAUSE_CANCEL {rawparams}

[gcode_macro RESUME]
description = Resume the actual running print
rename_existing = RESUME_BASE
variable_last_extruder_temp = {'restore': False, 'temp': 0}
variable_restore_idle_timeout = 0
variable_idle_state = False
gcode = 
	
	{% set client = printer['gcode_macro _CLIENT_VARIABLE']|default({}) %}
	{% set velocity = printer.configfile.settings.pause_resume.recover_velocity %}
	{% set sp_move = client.speed_move|default(velocity) %}
	{% set runout_resume = True if client.runout_sensor|default("") == ""
	else True if not printer[client.runout_sensor].enabled
	else printer[client.runout_sensor].filament_detected %}
	{% set can_extrude = True if printer.toolhead.extruder == ''
	else printer[printer.toolhead.extruder].can_extrude %}
	{% set do_resume = False %}
	{% set prompt_txt = [] %}
	
	
	{% if printer.idle_timeout.state|upper == "IDLE" or idle_state %}
	SET_GCODE_VARIABLE MACRO=RESUME VARIABLE=idle_state VALUE=False
	{% if last_extruder_temp.restore %}
	
	RESPOND TYPE=echo MSG='{"Restoring \"%s\" temperature to %3.1f\u00B0C, this may take some time" % (printer.toolhead.extruder, last_extruder_temp.temp) }'
	M109 S{last_extruder_temp.temp}
	{% set do_resume = True %}
	{% elif can_extrude %}
	{% set do_resume = True %}
	{% else %}
	RESPOND TYPE=error MSG='{"Resume aborted !!! \"%s\" not hot enough, please heat up again and press RESUME" % printer.toolhead.extruder}'
	{% set _d = prompt_txt.append("\"%s\" not hot enough, please heat up again and press RESUME" % printer.toolhead.extruder) %}
	{% endif %}
	
	{% elif can_extrude %}
	{% set do_resume = True %}
	{% else %}
	RESPOND TYPE=error MSG='{"Resume aborted !!! \"%s\" not hot enough, please heat up again and press RESUME" % printer.toolhead.extruder}'
	{% set _d = prompt_txt.append("\"%s\" not hot enough, please heat up again and press RESUME" % printer.toolhead.extruder) %}
	{% endif %}
	{% if runout_resume %}
	{% if do_resume %}
	{% if restore_idle_timeout > 0 %} SET_IDLE_TIMEOUT TIMEOUT={restore_idle_timeout} {% endif %}
	{client.user_resume_macro|default("")}
	_CLIENT_EXTRUDE
	RESUME_BASE VELOCITY={params.VELOCITY|default(sp_move)}
	{% endif %}
	{% else %}
	RESPOND TYPE=error MSG='{"Resume aborted !!! \"%s\" detects no filament, please load filament and press RESUME" % (client.runout_sensor.split(" "))[1]}'
	{% set _d = prompt_txt.append("\"%s\" detects no filament, please load filament and press RESUME" % (client.runout_sensor.split(" "))[1]) %}
	{% endif %}
	
	{% if not (runout_resume and do_resume) %}
	RESPOND TYPE=command MSG="action:prompt_begin RESUME aborted !!!"
	{% for element in prompt_txt %}
	RESPOND TYPE=command MSG='{"action:prompt_text %s" % element}'
	{% endfor %}
	RESPOND TYPE=command MSG="action:prompt_footer_button Ok|RESPOND TYPE=command MSG=action:prompt_end|info"
	RESPOND TYPE=command MSG="action:prompt_show"
	{% endif %}

[gcode_macro SET_PAUSE_NEXT_LAYER]
description = Enable a pause if the next layer is reached
gcode = 
	{% set pause_next_layer = printer['gcode_macro SET_PRINT_STATS_INFO'].pause_next_layer %}
	{% set ENABLE = params.ENABLE|default(1)|int != 0 %}
	{% set MACRO = params.MACRO|default(pause_next_layer.call, True) %}
	SET_GCODE_VARIABLE MACRO=SET_PRINT_STATS_INFO VARIABLE=pause_next_layer VALUE="{{ 'enable': ENABLE, 'call': MACRO }}"

[gcode_macro SET_PAUSE_AT_LAYER]
description = Enable/disable a pause if a given layer number is reached
gcode = 
	{% set pause_at_layer = printer['gcode_macro SET_PRINT_STATS_INFO'].pause_at_layer %}
	{% set ENABLE = params.ENABLE|int != 0 if params.ENABLE is defined
	else params.LAYER is defined %}
	{% set LAYER = params.LAYER|default(pause_at_layer.layer)|int %}
	{% set MACRO = params.MACRO|default(pause_at_layer.call, True) %}
	SET_GCODE_VARIABLE MACRO=SET_PRINT_STATS_INFO VARIABLE=pause_at_layer VALUE="{{ 'enable': ENABLE, 'layer': LAYER, 'call': MACRO }}"

[gcode_macro SET_PRINT_STATS_INFO]
rename_existing = SET_PRINT_STATS_INFO_BASE
description = Overwrite, to get pause_next_layer and pause_at_layer feature
variable_pause_next_layer = { 'enable': False, 'call': "PAUSE" }
variable_pause_at_layer = { 'enable': False, 'layer': 0, 'call': "PAUSE" }
gcode = 
	{% if pause_next_layer.enable %}
	RESPOND TYPE=echo MSG='{"%s, forced by pause_next_layer" % pause_next_layer.call}'
	{pause_next_layer.call}
	SET_PAUSE_NEXT_LAYER ENABLE=0
	{% elif pause_at_layer.enable and params.CURRENT_LAYER is defined and params.CURRENT_LAYER|int == pause_at_layer.layer %}
	RESPOND TYPE=echo MSG='{"%s, forced by pause_at_layer [%d]" % (pause_at_layer.call, pause_at_layer.layer)}'
	{pause_at_layer.call}
	SET_PAUSE_AT_LAYER ENABLE=0
	{% endif %}
	SET_PRINT_STATS_INFO_BASE {rawparams}

[gcode_macro _TOOLHEAD_PARK_PAUSE_CANCEL]
description = Helper: park toolhead used in PAUSE and CANCEL_PRINT
gcode = 
	
	{% set client = printer['gcode_macro _CLIENT_VARIABLE']|default({}) %}
	{% set velocity = printer.configfile.settings.pause_resume.recover_velocity %}
	{% set use_custom     = client.use_custom_pos|default(false)|lower == 'true' %}
	{% set custom_park_x  = client.custom_park_x|default(0.0) %}
	{% set custom_park_y  = client.custom_park_y|default(0.0) %}
	{% set park_dz        = client.custom_park_dz|default(2.0)|abs %}
	{% set sp_hop         = client.speed_hop|default(15) * 60 %}
	{% set sp_move        = client.speed_move|default(velocity) * 60 %}
	
	{% set origin    = printer.gcode_move.homing_origin %}
	{% set act       = printer.gcode_move.gcode_position %}
	{% set max       = printer.toolhead.axis_maximum %}
	{% set cone      = printer.toolhead.cone_start_z|default(max.z) %}
	{% set round_bed = True if printer.configfile.settings.printer.kinematics is in ['delta','polar','rotary_delta','winch']
	else False %}
	
	{% set z_min = params.Z_MIN|default(0)|float %}
	{% set z_park = [[(act.z + park_dz), z_min]|max, (max.z - origin.z)]|min %}
	{% set x_park = params.X       if params.X is defined
	else custom_park_x  if use_custom
	else 0.0            if round_bed
	else (max.x - 5.0) %}
	{% set y_park = params.Y       if params.Y is defined
	else custom_park_y  if use_custom
	else (max.y - 5.0)  if round_bed and z_park < cone
	else 0.0            if round_bed
	else (max.y - 5.0) %}
	
	_CLIENT_RETRACT
	{% if "xyz" in printer.toolhead.homed_axes %}
	G90
	G1 Z{z_park} F{sp_hop}
	G1 X{x_park} Y{y_park} F{sp_move}
	{% if not printer.gcode_move.absolute_coordinates %} G91 {% endif %}
	{% else %}
	RESPOND TYPE=echo MSG='Printer not homed'
	{% endif %}

[gcode_macro _CLIENT_EXTRUDE]
description = Extrudes, if the extruder is hot enough
gcode = 
	
	{% set client = printer['gcode_macro _CLIENT_VARIABLE']|default({}) %}
	{% set use_fw_retract = (client.use_fw_retract|default(false)|lower == 'true') and (printer.firmware_retraction is defined) %}
	{% set length = params.LENGTH|default(client.unretract)|default(1.0)|float %}
	{% set speed = params.SPEED|default(client.speed_unretract)|default(35) %}
	{% set absolute_extrude = printer.gcode_move.absolute_extrude %}
	
	{% if printer.toolhead.extruder != '' %}
	{% if printer[printer.toolhead.extruder].can_extrude %}
	{% if use_fw_retract %}
	{% if length < 0 %}
	G10
	{% else %}
	G11
	{% endif %}
	{% else %}
	M83
	G1 E{length} F{(speed|float|abs) * 60}
	{% if absolute_extrude %}
	M82
	{% endif %}
	{% endif %}
	{% else %}
	RESPOND TYPE=echo MSG='{"\"%s\" not hot enough" % printer.toolhead.extruder}'
	{% endif %}
	{% endif %}

[gcode_macro _CLIENT_RETRACT]
description = Retracts, if the extruder is hot enough
gcode = 
	{% set client = printer['gcode_macro _CLIENT_VARIABLE']|default({}) %}
	{% set length = params.LENGTH|default(client.retract)|default(1.0)|float %}
	{% set speed = params.SPEED|default(client.speed_retract)|default(35) %}
	
	_CLIENT_EXTRUDE LENGTH=-{length|float|abs} SPEED={speed|float|abs}

[gcode_macro _CLIENT_LINEAR_MOVE]
description = Linear move with save and restore of the gcode state
gcode = 
	{% set x_move = "X" ~ params.X if params.X is defined else "" %}
	{% set y_move = "Y" ~ params.Y if params.Y is defined else "" %}
	{% set z_move = "Z" ~ params.Z if params.Z is defined else "" %}
	{% set e_move = "E" ~ params.E if params.E is defined else "" %}
	{% set rate = "F" ~ params.F if params.F is defined else "" %}
	{% set ABSOLUTE = params.ABSOLUTE | default(0) | int != 0 %}
	{% set ABSOLUTE_E = params.ABSOLUTE_E | default(0) | int != 0 %}
	SAVE_GCODE_STATE NAME=_client_movement
	{% if x_move or y_move or z_move %}
	G9{ 0 if ABSOLUTE else 1 }
	{% endif %}
	{% if e_move %}
	M8{ 2 if ABSOLUTE_E else 3 }
	{% endif %}
	G1 { x_move } { y_move } { z_move } { e_move } { rate }
	RESTORE_GCODE_STATE NAME=_client_movement

[gcode_macro BED_MESH_CALIBRATE]
rename_existing = _BED_MESH_CALIBRATE
gcode = 
	
	{% set all_points = printer.exclude_object.objects | map(attribute='polygon') | sum(start=[]) %}
	{% set bed_mesh_min = printer.configfile.settings.bed_mesh.mesh_min %}
	{% set bed_mesh_max = printer.configfile.settings.bed_mesh.mesh_max %}
	{% set probe_count = printer.configfile.settings.bed_mesh.probe_count %}
	{% set kamp_settings = printer["gcode_macro _KAMP_Settings"] %}
	{% set verbose_enable = kamp_settings.verbose_enable | abs %}
	{% set probe_dock_enable = kamp_settings.probe_dock_enable | abs %}
	{% set attach_macro = kamp_settings.attach_macro | string %}
	{% set detach_macro = kamp_settings.detach_macro | string %}
	{% set mesh_margin = kamp_settings.mesh_margin | float %}
	{% set fuzz_amount = kamp_settings.fuzz_amount | float %}
	{% set probe_count = probe_count if probe_count|length > 1 else probe_count * 2  %}
	{% set max_probe_point_distance_x = ( bed_mesh_max[0] - bed_mesh_min[0] ) / (probe_count[0] - 1)  %}
	{% set max_probe_point_distance_y = ( bed_mesh_max[1] - bed_mesh_min[1] ) / (probe_count[1] - 1)  %}
	{% set x_min = all_points | map(attribute=0) | min | default(bed_mesh_min[0]) %}
	{% set y_min = all_points | map(attribute=1) | min | default(bed_mesh_min[1]) %}
	{% set x_max = all_points | map(attribute=0) | max | default(bed_mesh_max[0]) %}
	{% set y_max = all_points | map(attribute=1) | max | default(bed_mesh_max[1]) %}
	
	{% set fuzz_range = range((0) | int, (fuzz_amount * 100) | int + 1) %}
	{% set adapted_x_min = x_min - mesh_margin - (fuzz_range | random / 100.0) %}
	{% set adapted_y_min = y_min - mesh_margin - (fuzz_range | random / 100.0) %}
	{% set adapted_x_max = x_max + mesh_margin + (fuzz_range | random / 100.0) %}
	{% set adapted_y_max = y_max + mesh_margin + (fuzz_range | random / 100.0) %}
	
	{% set adapted_x_min = [adapted_x_min , bed_mesh_min[0]] | max %}
	{% set adapted_y_min = [adapted_y_min , bed_mesh_min[1]] | max %}
	{% set adapted_x_max = [adapted_x_max , bed_mesh_max[0]] | min %}
	{% set adapted_y_max = [adapted_y_max , bed_mesh_max[1]] | min %}
	
	{% set points_x = (((adapted_x_max - adapted_x_min) / max_probe_point_distance_x) | round(method='ceil') | int) + 1 %}
	{% set points_y = (((adapted_y_max - adapted_y_min) / max_probe_point_distance_y) | round(method='ceil') | int) + 1 %}
	
	{% if (([points_x, points_y]|max) > 6) %}
	{% set algorithm = "bicubic" %}
	{% set min_points = 4 %}
	{% else %}
	{% set algorithm = "lagrange" %}
	{% set min_points = 3 %}
	{% endif %}
	
	{% set points_x = [points_x , min_points]|max %}
	{% set points_y = [points_y , min_points]|max %}
	{% set points_x = [points_x , probe_count[0]]|min %}
	{% set points_y = [points_y , probe_count[1]]|min %}
	
	{% if verbose_enable == True %}
	{% if printer.exclude_object.objects != [] %}
	
	{ action_respond_info( "Algorithm: {}.".format(
	(algorithm),
	)) }
	
	{ action_respond_info("Default probe count: {},{}.".format(
	(probe_count[0]),
	(probe_count[1]),
	)) }
	
	{ action_respond_info("Adapted probe count: {},{}.".format(
	(points_x),
	(points_y),
	)) }
	
	{action_respond_info("Default mesh bounds: {}, {}.".format(
	(bed_mesh_min[0],bed_mesh_min[1]),
	(bed_mesh_max[0],bed_mesh_max[1]),
	)) }
	
	{% if mesh_margin > 0 %}
	{action_respond_info("Mesh margin is {}, mesh bounds extended by {}mm.".format(
	(mesh_margin),
	(mesh_margin),
	)) }
	{% else %}
	{action_respond_info("Mesh margin is 0, margin not increased.")}
	{% endif %}
	
	{% if fuzz_amount > 0 %}
	{action_respond_info("Mesh point fuzzing enabled, points fuzzed up to {}mm.".format(
	(fuzz_amount),
	)) }
	{% else %}
	{action_respond_info("Fuzz amount is 0, mesh points not fuzzed.")}
	{% endif %}
	
	{ action_respond_info("Adapted mesh bounds: {}, {}.".format(
	(adapted_x_min, adapted_y_min),
	(adapted_x_max, adapted_y_max),
	)) }
	
	{action_respond_info("KAMP adjustments successful. Happy KAMPing!")}
	
	{% else %}
	
	{action_respond_info("No objects detected! Check your gcode and make sure that EXCLUDE_OBJECT_DEFINE is happening before BED_MESH_CALIBRATE is called. Defaulting to regular meshing.")}
	G4 P5000
	{% endif %}
	
	{% endif %}
	
	{% if probe_dock_enable == True %}
	{attach_macro}
	{% endif %}
	
	_BED_MESH_CALIBRATE mesh_min={adapted_x_min},{adapted_y_min} mesh_max={adapted_x_max},{adapted_y_max} ALGORITHM={algorithm} PROBE_COUNT={points_x},{points_y}
	
	{% if probe_dock_enable == True %}
	{detach_macro}
	{% endif %}

[gcode_macro LINE_PURGE]
description = A purge macro that adapts to be near your actual printed objects
gcode = 
	
	{% set travel_speed = (printer.toolhead.max_velocity) * 60 | float %}
	{% set cross_section = printer.configfile.settings.extruder.max_extrude_cross_section | float %}
	
	
	{% if printer.firmware_retraction is defined %}
	{% set RETRACT = G10 | string %}
	{% set UNRETRACT = G11 | string %}
	{% else %}
	{% set RETRACT = 'G1 E-.5 F2100' | string %}
	{% set UNRETRACT = 'G1 E.5 F2100' | string %}
	{% endif %}
	
	
	{% set verbose_enable = printer["gcode_macro _KAMP_Settings"].verbose_enable | abs %}
	{% set purge_height = printer["gcode_macro _KAMP_Settings"].purge_height | float %}
	{% set tip_distance = printer["gcode_macro _KAMP_Settings"].tip_distance | float %}
	{% set purge_margin = printer["gcode_macro _KAMP_Settings"].purge_margin | float %}
	{% set purge_amount = printer["gcode_macro _KAMP_Settings"].purge_amount | float %}
	{% set flow_rate = printer["gcode_macro _KAMP_Settings"].flow_rate | float %}
	
	
	
	{% set all_points = printer.exclude_object.objects | map(attribute='polygon') | sum(start=[]) %}
	{% set purge_x_min = (all_points | map(attribute=0) | min | default(0)) %}
	{% set purge_x_max = (all_points | map(attribute=0) | max | default(0)) %}
	{% set purge_y_min = (all_points | map(attribute=1) | min | default(0)) %}
	{% set purge_y_max = (all_points | map(attribute=1) | max | default(0)) %}
	
	{% set purge_x_center = ([((purge_x_max + purge_x_min) / 2) - (purge_amount / 2), 0] | max) %}
	{% set purge_y_center = ([((purge_y_max + purge_y_min) / 2) - (purge_amount / 2), 0] | max) %}
	
	{% set purge_x_origin = ([purge_x_min - purge_margin, 0] | max) %}
	{% set purge_y_origin = ([purge_y_min - purge_margin, 0] | max) %}
	
	
	{% set purge_move_speed = (flow_rate / 5.0) * 60 | float %}
	
	{% if cross_section < 5 %}
	
	{action_respond_info("[Extruder] max_extrude_cross_section is insufficient for purge, please set it to 5 or greater. Purge skipped.")}
	
	{% else %}
	
	{% if verbose_enable == True %}
	
	{action_respond_info("Moving filament tip {}mms".format(
	(tip_distance),
	)) }
	{% endif %}
	
	{% if printer.firmware_retraction is defined %}
	{action_respond_info("KAMP purge is using firmware retraction.")}
	{% else %}
	{action_respond_info("KAMP purge is not using firmware retraction, it is recommended to configure it.")}
	{% endif %}
	
	{% if purge_y_origin > 0 %}
	
	{action_respond_info("KAMP purge starting at {}, {} and purging {}mm of filament, requested flow rate is {}mm3/s.".format(
	(purge_x_center),
	(purge_y_origin),
	(purge_amount),
	(flow_rate),
	)) }
	
	{% else %}
	
	{action_respond_info("KAMP purge starting at {}, {} and purging {}mm of filament, requested flow rate is {}mm3/s.".format(
	(purge_x_origin),
	(purge_y_center),
	(purge_amount),
	(flow_rate),
	)) }
	
	{% endif %}
	
	SAVE_GCODE_STATE NAME=Prepurge_State
	
	{% if purge_y_origin > 0 %}
	
	G92 E0
	G0 F{travel_speed}
	G90
	G0 X{purge_x_center} Y{purge_y_origin}
	G0 Z{purge_height}
	M83
	G1 E{tip_distance} F{purge_move_speed}
	G1 X{purge_x_center + purge_amount} E{purge_amount} F{purge_move_speed}
	{RETRACT}
	G0 X{purge_x_center + purge_amount + 10} F{travel_speed}
	G92 E0
	M82
	G0 Z{purge_height * 2} F{travel_speed}
	
	{% else %}
	
	G92 E0
	G0 F{travel_speed}
	G90
	G0 X{purge_x_origin} Y{purge_y_center}
	G0 Z{purge_height}
	M83
	G1 E{tip_distance} F{purge_move_speed}
	G1 Y{purge_y_center + purge_amount} E{purge_amount} F{purge_move_speed}
	{RETRACT}
	G0 Y{purge_y_center + purge_amount + 10} F{travel_speed}
	G92 E0
	M82
	G0 Z{purge_height * 2} F{travel_speed}
	
	{% endif %}
	
	RESTORE_GCODE_STATE NAME=Prepurge_State
	
	{% endif %}

[gcode_macro SMART_PARK]
description = Parks your printhead near the print area for pre-print hotend heating.
gcode = 
	
	{% set kamp_settings = printer["gcode_macro _KAMP_Settings"] %}
	{% set z_height = kamp_settings.smart_park_height | float %}
	{% set purge_margin = kamp_settings.purge_margin | float %}
	{% set verbose_enable = kamp_settings.verbose_enable | abs %}
	{% set center_x = printer.toolhead.axis_maximum.x / 2 | float %}
	{% set center_y = printer.toolhead.axis_maximum.y / 2 | float %}
	{% set axis_minimum_x = printer.toolhead.axis_minimum.x | float %}
	{% set axis_minimum_y = printer.toolhead.axis_minimum.y | float %}
	{% set all_points = printer.exclude_object.objects | map(attribute='polygon') | sum(start=[]) %}
	{% set x_min = all_points | map(attribute=0) | min | default(center_x) %}
	{% set y_min = all_points | map(attribute=1) | min | default(center_y) %}
	{% set travel_speed = (printer.toolhead.max_velocity) * 60 | float %}
	
	{% if purge_margin > 0 and x_min != center_x and y_min != center_y %}
	{% set x_min = [ x_min - purge_margin , x_min ] | min %}
	{% set y_min = [ y_min - purge_margin , y_min ] | min %}
	{% set x_min = [ x_min , axis_minimum_x ] | max %}
	{% set y_min = [ y_min , axis_minimum_y ] | max %}
	{% endif %}
	
	
	{% if verbose_enable == True %}
	
	{ action_respond_info("Smart Park location: {},{}.".format(
	(x_min),
	(y_min),
	)) }
	
	{% endif %}
	
	SAVE_GCODE_STATE NAME=Presmartpark_State
	
	G90
	{% if printer.toolhead.position.z < z_height %}
	G0 Z{z_height}
	{% endif %}
	G0 X{x_min} Y{y_min} F{travel_speed}
	G0 Z{z_height}
	
	RESTORE_GCODE_STATE NAME=Presmartpark_State

[gcode_macro _KAMP_Settings]
description = This macro contains all adjustable settings for KAMP
variable_verbose_enable = True
variable_mesh_margin = 0
variable_fuzz_amount = 0
variable_probe_dock_enable = False
variable_attach_macro = 'Attach_Probe'
variable_detach_macro = 'Dock_Probe'
variable_purge_height = 0.8
variable_tip_distance = 0
variable_purge_margin = 10
variable_purge_amount = 30
variable_flow_rate = 12
variable_smart_park_height = 10
gcode = 
	
	{action_respond_info(" Running the KAMP_Settings macro does nothing, it is only used for storing KAMP settings. ")}

[gcode_macro TEST_SPEED]
description = Test for max speed and acceleration parameters for the printer. Procedure: Home -> ReadPositionFromMCU -> MovesToolhead@Vel&Accel -> Home -> ReadPositionfromMCU
gcode = 
	
	{% set speed  = params.SPEED|default(printer.configfile.settings.printer.max_velocity)|int %}
	
	{% set iterations = params.ITERATIONS|default(5)|int %}
	
	{% set accel  = params.ACCEL|default(printer.configfile.settings.printer.max_accel)|int %}
	
	{% set min_cruise_ratio = params.MIN_CRUISE_RATIO|default(0.5)|float %}
	
	{% set bound = params.BOUND|default(20)|int %}
	
	{% set smallpatternsize = SMALLPATTERNSIZE|default(20)|int %}
	
	
	
	{% set x_min = printer.toolhead.axis_minimum.x + bound %}
	{% set x_max = printer.toolhead.axis_maximum.x - bound %}
	{% set y_min = printer.toolhead.axis_minimum.y + bound %}
	{% set y_max = printer.toolhead.axis_maximum.y - bound %}
	
	
	
	{% set x_center = (printer.toolhead.axis_minimum.x|float + printer.toolhead.axis_maximum.x|float ) / 2 %}
	{% set y_center = (printer.toolhead.axis_minimum.y|float + printer.toolhead.axis_maximum.y|float ) / 2 %}
	
	
	{% set x_center_min = x_center - (smallpatternsize/2) %}
	{% set x_center_max = x_center + (smallpatternsize/2) %}
	{% set y_center_min = y_center - (smallpatternsize/2) %}
	{% set y_center_max = y_center + (smallpatternsize/2) %}
	
	
	SAVE_GCODE_STATE NAME=TEST_SPEED
	
	
	{ action_respond_info("TEST_SPEED: starting %d iterations at speed %d, accel %d" % (iterations, speed, accel)) }
	
	
	M400
	G28
	
	{% if printer.configfile.settings.quad_gantry_level %}
	{% if printer.quad_gantry_level.applied == False %}
	QUAD_GANTRY_LEVEL
	G28 Z
	{% endif %}
	{% endif %}
	
	G90
	G1 X{printer.toolhead.axis_maximum.x-50} Y{printer.toolhead.axis_maximum.y-50} F{30*60}
	M400
	G28 X Y
	G0 X{printer.toolhead.axis_maximum.x-1} Y{printer.toolhead.axis_maximum.y-1} F{30*60}
	G4 P1000
	GET_POSITION
	
	
	G0 X{x_min} Y{y_min} Z{bound + 10} F{speed*60}
	
	
	{% if printer.configfile.settings.printer.minimum_cruise_ratio is defined %}
	SET_VELOCITY_LIMIT VELOCITY={speed} ACCEL={accel} MINIMUM_CRUISE_RATIO={min_cruise_ratio}
	{% else %}
	SET_VELOCITY_LIMIT VELOCITY={speed} ACCEL={accel} ACCEL_TO_DECEL={accel / 2}
	{% endif %}
	
	{% for i in range(iterations) %}
	
	G0 X{x_min} Y{y_min} F{speed*60}
	G0 X{x_max} Y{y_max} F{speed*60}
	G0 X{x_min} Y{y_min} F{speed*60}
	G0 X{x_max} Y{y_min} F{speed*60}
	G0 X{x_min} Y{y_max} F{speed*60}
	G0 X{x_max} Y{y_min} F{speed*60}
	
	
	G0 X{x_min} Y{y_min} F{speed*60}
	G0 X{x_min} Y{y_max} F{speed*60}
	G0 X{x_max} Y{y_max} F{speed*60}
	G0 X{x_max} Y{y_min} F{speed*60}
	
	
	G0 X{x_center_min} Y{y_center_min} F{speed*60}
	G0 X{x_center_max} Y{y_center_max} F{speed*60}
	G0 X{x_center_min} Y{y_center_min} F{speed*60}
	G0 X{x_center_max} Y{y_center_min} F{speed*60}
	G0 X{x_center_min} Y{y_center_max} F{speed*60}
	G0 X{x_center_max} Y{y_center_min} F{speed*60}
	
	
	G0 X{x_center_min} Y{y_center_min} F{speed*60}
	G0 X{x_center_min} Y{y_center_max} F{speed*60}
	G0 X{x_center_max} Y{y_center_max} F{speed*60}
	G0 X{x_center_max} Y{y_center_min} F{speed*60}
	{% endfor %}
	
	
	{% if printer.configfile.settings.printer.minimum_cruise_ratio is defined %}
	SET_VELOCITY_LIMIT VELOCITY={printer.configfile.settings.printer.max_velocity} ACCEL={printer.configfile.settings.printer.max_accel} MINIMUM_CRUISE_RATIO={printer.configfile.settings.printer.minimum_cruise_ratio}
	{% else %}
	SET_VELOCITY_LIMIT VELOCITY={printer.configfile.settings.printer.max_velocity} ACCEL={printer.configfile.settings.printer.max_accel} ACCEL_TO_DECEL={printer.configfile.settings.printer.max_accel_to_decel}
	{% endif %}
	
	
	M400
	G28
	
	G90
	G0 X{printer.toolhead.axis_maximum.x-1} Y{printer.toolhead.axis_maximum.y-1} F{30*60}
	G4 P1000
	GET_POSITION
	
	
	RESTORE_GCODE_STATE NAME=TEST_SPEED

[gcode_macro START_PRINT]
gcode = 
	BED_MESH_PROFILE LOAD=default

[gcode_macro LOAD_TEMP]
gcode = 
	M104 S220
	M109 S220

[gcode_macro UNLOAD_PLA]
description = Heats hotend to 220C and retracts PLA filament
gcode = 
	SAVE_GCODE_STATE NAME=UNLOAD_PLA_STATE
	M109 S220
	M83
	G1 E-100 F1800
	M104 S0
	RESTORE_GCODE_STATE NAME=UNLOAD_PLA_STATE
	M117 PLA Unloaded

[gcode_macro UNLOAD_PETG]
description = Heats hotend to 250C and retracts PETG filament
gcode = 
	SAVE_GCODE_STATE NAME=UNLOAD_PETG_STATE
	M109 S250
	M83
	G1 E-100 F1800
	M104 S0
	RESTORE_GCODE_STATE NAME=UNLOAD_PETG_STATE
	M117 PETG Unloaded

[exclude_object]

[gcode_shell_command hello_world]
command = echo hello world
timeout = 2.
verbose = True

[gcode_macro HELLO_WORLD]
gcode = 
	RUN_SHELL_COMMAND CMD=hello_world

[stepper_x]
step_pin = PC2
dir_pin = PB9
enable_pin = !PC3
microsteps = 16
rotation_distance = 39.87
endstop_pin = ^PA5
position_endstop = 0
position_max = 233
homing_speed = 120

[stepper_y]
step_pin = PB8
dir_pin = PB7
enable_pin = !PC3
microsteps = 16
rotation_distance = 39.89
endstop_pin = ^PA6
position_endstop = 0
position_max = 220
homing_speed = 120

[stepper_z]
step_pin = PB6
dir_pin = !PB5
enable_pin = !PC3
microsteps = 16
rotation_distance = 8
endstop_pin = probe:z_virtual_endstop
position_max = 235
position_min = -3
homing_speed = 42
second_homing_speed = 1
homing_retract_dist = 2.0

[extruder]
max_extrude_only_distance = 1000.0
pressure_advance = 0.02
pressure_advance_smooth_time = 0.05
step_pin = PB4
dir_pin = PB3
enable_pin = !PC3
microsteps = 16
gear_ratio = 42:12
rotation_distance = 26.359
nozzle_diameter = 0.400
filament_diameter = 1.750
heater_pin = PA1
sensor_type = EPCOS 100K B57560G104F
sensor_pin = PC5
min_extrude_temp = 170
min_temp = 0
max_temp = 300
max_extrude_cross_section = 5
control = pid
pid_kp = 24.450
pid_ki = 1.283
pid_kd = 116.441

[heater_bed]
heater_pin = PA2
sensor_type = EPCOS 100K B57560G104F
sensor_pin = PC4
control = pid
pid_kp = 54.027
pid_ki = 0.770
pid_kd = 948.182
min_temp = 0
max_temp = 130

[fan]
pin = PA0

[mcu]
serial = /dev/serial/by-id/usb-1a86_USB_Serial-if00-port0
restart_method = command

[printer]
kinematics = cartesian
max_velocity = 800
max_accel = 6000
max_z_velocity = 20
max_z_accel = 200

[bltouch]
sensor_pin = ^PB1
control_pin = PB0
x_offset = -41
y_offset = -4
speed = 20
samples = 1
sample_retract_dist = 8.0
stow_on_each_sample = false
z_offset = 1.380

[safe_z_home]
home_xy_position = 117.5,117.5
speed = 200
z_hop = 10
z_hop_speed = 40

[bed_mesh]
speed = 190
mesh_min = 20,20
mesh_max = 185,185
probe_count = 15,15
fade_start = 1
fade_end = 10
fade_target = 0
algorithm = bicubic

[bed_screws]
screw1 = 27, 31
screw2 = 195, 31
screw3 = 27, 201
screw4 = 195, 201

[firmware_retraction]
retract_length = 0
retract_speed = 20
unretract_extra_length = 0
unretract_speed = 10

[input_shaper]
shaper_freq_x = 45.8
shaper_freq_y = 57.5
shaper_type = mzv

[gcode_macro G29]
gcode = 
	G28 X0 Y0
	G28 Z0
	G0 Z5 F1200
	BED_MESH_CALIBRATE
	BED_MESH_PROFILE SAVE=Mesh1
	G28

[gcode_macro M600]
gcode = 
	{% set X = 50 %}
	{% set Y = 0 %}
	{% set Z = 10 %}
	SAVE_GCODE_STATE NAME=M600_state
	PAUSE
	G91
	G1 E-.8 F2700
	G1 Z{Z}
	G90
	G1 X{X} Y{Y} F3000
	G91
	G1 E-50 F1000
	RESTORE_GCODE_STATE NAME=M600_state

[gcode_macro M92]
gcode = 
	M221

[gcode_macro WLED_ON]
description = Turn WLED strip on using optional preset and resets led colors
gcode = 
	{% set strip = params.STRIP|default("printerled")|string %}
	{% set preset = params.PRESET|default(4)|int %}
	
	{action_call_remote_method("set_wled_state",
	strip=strip,
	state=True,
	preset=preset)}

[gcode_macro led_heating]
gcode = 
	WLED_ON STRIP=printerled PRESET=2

[gcode_macro led_printing]
gcode = 
	WLED_ON STRIP=printerled PRESET=1

[gcode_macro led_complete]
gcode = 
	WLED_ON STRIP=printerled PRESET=4

[gcode_macro led_mesh]
gcode = 
	WLED_ON STRIP=printerled PRESET=3

[gcode_macro led_pause]
gcode = 
	WLED_ON STRIP=printerled PRESET=1

[gcode_macro led_cancel]
gcode = 
	WLED_ON STRIP=printerled PRESET=5

[gcode_macro led_off]
gcode = 
	WLED_ON STRIP=printerled PRESET=6

[gcode_macro POWER_OFF_PRINTER]
gcode = 
	{action_call_remote_method(
	"set_device_power", device="Power", state="off"
	)}

[idle_timeout]
gcode = 
	TURN_OFF_HEATERS
	G28 X0 Y0
	G0 F6000
	G0 X10 Y150
	M84
	led_off
	POWER_OFF_PRINTER
	M118 Going to sleep.
timeout = 900

[bed_mesh default]
version = 1
points = 
	-0.040000, -0.042500, -0.065000, -0.047500
	-0.022500, -0.052500, -0.047500, -0.065000
	-0.030000, -0.045000, -0.047500, -0.077500
	-0.010000, -0.012500, -0.042500, -0.027500
	0.027500, 0.032500, 0.002500, -0.015000
	0.100000, 0.105000, 0.060000, 0.050000
	0.157500, 0.157500, 0.157500, 0.102500
	0.180000, 0.192500, 0.177500, 0.145000
x_count = 4
y_count = 8
mesh_x_pps = 2
mesh_y_pps = 2
algo = bicubic
tension = 0.2
min_x = 97.325
max_x = 122.64500000000001
min_y = 73.135
max_y = 146.845
=======================
Extruder max_extrude_ratio=2.078758
mcu 'mcu': Starting serial connect
webhooks client 140100181515232: New connection
webhooks client 140100181515232: Client info {'program': 'Moonraker', 'version': 'v0.9.3-58-ga0164e1'}
Loaded MCU 'mcu' 106 commands (v0.12.0-85-gd785b396a / gcc: (15:8-2019-q3-1+b1) 8.3.1 20190703 (release) [gcc-8-branch revision 273027] binutils: (2.35.2-2+14+b2) 2.35.2)
MCU 'mcu' config: ADC_MAX=4095 BUS_PINS_i2c1=PB6,PB7 BUS_PINS_i2c1a=PB8,PB9 BUS_PINS_i2c2=PB10,PB11 BUS_PINS_spi1=PA6,PA7,PA5 BUS_PINS_spi1a=PB4,PB5,PB3 BUS_PINS_spi2=PB14,PB15,PB13 BUS_PINS_spi3=PB4,PB5,PB3 CLOCK_FREQ=72000000 MCU=stm32f103xe PWM_MAX=255 RECEIVE_WINDOW=192 RESERVE_PINS_serial=PA10,PA9 SERIAL_BAUD=250000 STATS_SUMSQ_BASE=256 STEPPER_BOTH_EDGE=1
Sending MCU 'mcu' printer configuration...
Configured MCU 'mcu' (1024 moves)
Starting heater checks for heater_bed
bed_mesh: generated points
Index |  Tool Adjusted  |   Probe
  0   | (61.0, 24.0)    | (20.0, 20.0)
  1   | (72.8, 24.0)    | (31.8, 20.0)
  2   | (84.6, 24.0)    | (43.6, 20.0)
  3   | (96.3, 24.0)    | (55.3, 20.0)
  4   | (108.1, 24.0)   | (67.1, 20.0)
  5   | (119.9, 24.0)   | (78.9, 20.0)
  6   | (131.7, 24.0)   | (90.7, 20.0)
  7   | (143.5, 24.0)   | (102.5, 20.0)
  8   | (155.2, 24.0)   | (114.2, 20.0)
  9   | (167.0, 24.0)   | (126.0, 20.0)
  10  | (178.8, 24.0)   | (137.8, 20.0)
  11  | (190.6, 24.0)   | (149.6, 20.0)
  12  | (202.4, 24.0)   | (161.4, 20.0)
  13  | (214.1, 24.0)   | (173.1, 20.0)
  14  | (225.9, 24.0)   | (184.9, 20.0)
  15  | (225.9, 35.8)   | (184.9, 31.8)
  16  | (214.1, 35.8)   | (173.1, 31.8)
  17  | (202.4, 35.8)   | (161.4, 31.8)
  18  | (190.6, 35.8)   | (149.6, 31.8)
  19  | (178.8, 35.8)   | (137.8, 31.8)
  20  | (167.0, 35.8)   | (126.0, 31.8)
  21  | (155.2, 35.8)   | (114.2, 31.8)
  22  | (143.5, 35.8)   | (102.5, 31.8)
  23  | (131.7, 35.8)   | (90.7, 31.8)
  24  | (119.9, 35.8)   | (78.9, 31.8)
  25  | (108.1, 35.8)   | (67.1, 31.8)
  26  | (96.3, 35.8)    | (55.3, 31.8)
  27  | (84.6, 35.8)    | (43.6, 31.8)
  28  | (72.8, 35.8)    | (31.8, 31.8)
  29  | (61.0, 35.8)    | (20.0, 31.8)
  30  | (61.0, 47.6)    | (20.0, 43.6)
  31  | (72.8, 47.6)    | (31.8, 43.6)
  32  | (84.6, 47.6)    | (43.6, 43.6)
  33  | (96.3, 47.6)    | (55.3, 43.6)
  34  | (108.1, 47.6)   | (67.1, 43.6)
  35  | (119.9, 47.6)   | (78.9, 43.6)
  36  | (131.7, 47.6)   | (90.7, 43.6)
  37  | (143.5, 47.6)   | (102.5, 43.6)
  38  | (155.2, 47.6)   | (114.2, 43.6)
  39  | (167.0, 47.6)   | (126.0, 43.6)
  40  | (178.8, 47.6)   | (137.8, 43.6)
  41  | (190.6, 47.6)   | (149.6, 43.6)
  42  | (202.4, 47.6)   | (161.4, 43.6)
  43  | (214.1, 47.6)   | (173.1, 43.6)
  44  | (225.9, 47.6)   | (184.9, 43.6)
  45  | (225.9, 59.3)   | (184.9, 55.3)
  46  | (214.1, 59.3)   | (173.1, 55.3)
  47  | (202.4, 59.3)   | (161.4, 55.3)
  48  | (190.6, 59.3)   | (149.6, 55.3)
  49  | (178.8, 59.3)   | (137.8, 55.3)
  50  | (167.0, 59.3)   | (126.0, 55.3)
  51  | (155.2, 59.3)   | (114.2, 55.3)
  52  | (143.5, 59.3)   | (102.5, 55.3)
  53  | (131.7, 59.3)   | (90.7, 55.3)
  54  | (119.9, 59.3)   | (78.9, 55.3)
  55  | (108.1, 59.3)   | (67.1, 55.3)
  56  | (96.3, 59.3)    | (55.3, 55.3)
  57  | (84.6, 59.3)    | (43.6, 55.3)
  58  | (72.8, 59.3)    | (31.8, 55.3)
  59  | (61.0, 59.3)    | (20.0, 55.3)
  60  | (61.0, 71.1)    | (20.0, 67.1)
  61  | (72.8, 71.1)    | (31.8, 67.1)
  62  | (84.6, 71.1)    | (43.6, 67.1)
  63  | (96.3, 71.1)    | (55.3, 67.1)
  64  | (108.1, 71.1)   | (67.1, 67.1)
  65  | (119.9, 71.1)   | (78.9, 67.1)
  66  | (131.7, 71.1)   | (90.7, 67.1)
  67  | (143.5, 71.1)   | (102.5, 67.1)
  68  | (155.2, 71.1)   | (114.2, 67.1)
  69  | (167.0, 71.1)   | (126.0, 67.1)
  70  | (178.8, 71.1)   | (137.8, 67.1)
  71  | (190.6, 71.1)   | (149.6, 67.1)
  72  | (202.4, 71.1)   | (161.4, 67.1)
  73  | (214.1, 71.1)   | (173.1, 67.1)
  74  | (225.9, 71.1)   | (184.9, 67.1)
  75  | (225.9, 82.9)   | (184.9, 78.9)
  76  | (214.1, 82.9)   | (173.1, 78.9)
  77  | (202.4, 82.9)   | (161.4, 78.9)
  78  | (190.6, 82.9)   | (149.6, 78.9)
  79  | (178.8, 82.9)   | (137.8, 78.9)
  80  | (167.0, 82.9)   | (126.0, 78.9)
  81  | (155.2, 82.9)   | (114.2, 78.9)
  82  | (143.5, 82.9)   | (102.5, 78.9)
  83  | (131.7, 82.9)   | (90.7, 78.9)
  84  | (119.9, 82.9)   | (78.9, 78.9)
  85  | (108.1, 82.9)   | (67.1, 78.9)
  86  | (96.3, 82.9)    | (55.3, 78.9)
  87  | (84.6, 82.9)    | (43.6, 78.9)
  88  | (72.8, 82.9)    | (31.8, 78.9)
  89  | (61.0, 82.9)    | (20.0, 78.9)
  90  | (61.0, 94.7)    | (20.0, 90.7)
  91  | (72.8, 94.7)    | (31.8, 90.7)
  92  | (84.6, 94.7)    | (43.6, 90.7)
  93  | (96.3, 94.7)    | (55.3, 90.7)
  94  | (108.1, 94.7)   | (67.1, 90.7)
  95  | (119.9, 94.7)   | (78.9, 90.7)
  96  | (131.7, 94.7)   | (90.7, 90.7)
  97  | (143.5, 94.7)   | (102.5, 90.7)
  98  | (155.2, 94.7)   | (114.2, 90.7)
  99  | (167.0, 94.7)   | (126.0, 90.7)
  100 | (178.8, 94.7)   | (137.8, 90.7)
  101 | (190.6, 94.7)   | (149.6, 90.7)
  102 | (202.4, 94.7)   | (161.4, 90.7)
  103 | (214.1, 94.7)   | (173.1, 90.7)
  104 | (225.9, 94.7)   | (184.9, 90.7)
  105 | (225.9, 106.5)  | (184.9, 102.5)
  106 | (214.1, 106.5)  | (173.1, 102.5)
  107 | (202.4, 106.5)  | (161.4, 102.5)
  108 | (190.6, 106.5)  | (149.6, 102.5)
  109 | (178.8, 106.5)  | (137.8, 102.5)
  110 | (167.0, 106.5)  | (126.0, 102.5)
  111 | (155.2, 106.5)  | (114.2, 102.5)
  112 | (143.5, 106.5)  | (102.5, 102.5)
  113 | (131.7, 106.5)  | (90.7, 102.5)
  114 | (119.9, 106.5)  | (78.9, 102.5)
  115 | (108.1, 106.5)  | (67.1, 102.5)
  116 | (96.3, 106.5)   | (55.3, 102.5)
  117 | (84.6, 106.5)   | (43.6, 102.5)
  118 | (72.8, 106.5)   | (31.8, 102.5)
  119 | (61.0, 106.5)   | (20.0, 102.5)
  120 | (61.0, 118.2)   | (20.0, 114.2)
  121 | (72.8, 118.2)   | (31.8, 114.2)
  122 | (84.6, 118.2)   | (43.6, 114.2)
  123 | (96.3, 118.2)   | (55.3, 114.2)
  124 | (108.1, 118.2)  | (67.1, 114.2)
  125 | (119.9, 118.2)  | (78.9, 114.2)
  126 | (131.7, 118.2)  | (90.7, 114.2)
  127 | (143.5, 118.2)  | (102.5, 114.2)
  128 | (155.2, 118.2)  | (114.2, 114.2)
  129 | (167.0, 118.2)  | (126.0, 114.2)
  130 | (178.8, 118.2)  | (137.8, 114.2)
  131 | (190.6, 118.2)  | (149.6, 114.2)
  132 | (202.4, 118.2)  | (161.4, 114.2)
  133 | (214.1, 118.2)  | (173.1, 114.2)
  134 | (225.9, 118.2)  | (184.9, 114.2)
  135 | (225.9, 130.0)  | (184.9, 126.0)
  136 | (214.1, 130.0)  | (173.1, 126.0)
  137 | (202.4, 130.0)  | (161.4, 126.0)
  138 | (190.6, 130.0)  | (149.6, 126.0)
  139 | (178.8, 130.0)  | (137.8, 126.0)
  140 | (167.0, 130.0)  | (126.0, 126.0)
  141 | (155.2, 130.0)  | (114.2, 126.0)
  142 | (143.5, 130.0)  | (102.5, 126.0)
  143 | (131.7, 130.0)  | (90.7, 126.0)
  144 | (119.9, 130.0)  | (78.9, 126.0)
  145 | (108.1, 130.0)  | (67.1, 126.0)
  146 | (96.3, 130.0)   | (55.3, 126.0)
  147 | (84.6, 130.0)   | (43.6, 126.0)
  148 | (72.8, 130.0)   | (31.8, 126.0)
  149 | (61.0, 130.0)   | (20.0, 126.0)
  150 | (61.0, 141.8)   | (20.0, 137.8)
  151 | (72.8, 141.8)   | (31.8, 137.8)
  152 | (84.6, 141.8)   | (43.6, 137.8)
  153 | (96.3, 141.8)   | (55.3, 137.8)
  154 | (108.1, 141.8)  | (67.1, 137.8)
  155 | (119.9, 141.8)  | (78.9, 137.8)
  156 | (131.7, 141.8)  | (90.7, 137.8)
  157 | (143.5, 141.8)  | (102.5, 137.8)
  158 | (155.2, 141.8)  | (114.2, 137.8)
  159 | (167.0, 141.8)  | (126.0, 137.8)
  160 | (178.8, 141.8)  | (137.8, 137.8)
  161 | (190.6, 141.8)  | (149.6, 137.8)
  162 | (202.4, 141.8)  | (161.4, 137.8)
  163 | (214.1, 141.8)  | (173.1, 137.8)
  164 | (225.9, 141.8)  | (184.9, 137.8)
  165 | (225.9, 153.6)  | (184.9, 149.6)
  166 | (214.1, 153.6)  | (173.1, 149.6)
  167 | (202.4, 153.6)  | (161.4, 149.6)
  168 | (190.6, 153.6)  | (149.6, 149.6)
  169 | (178.8, 153.6)  | (137.8, 149.6)
  170 | (167.0, 153.6)  | (126.0, 149.6)
  171 | (155.2, 153.6)  | (114.2, 149.6)
  172 | (143.5, 153.6)  | (102.5, 149.6)
  173 | (131.7, 153.6)  | (90.7, 149.6)
  174 | (119.9, 153.6)  | (78.9, 149.6)
  175 | (108.1, 153.6)  | (67.1, 149.6)
  176 | (96.3, 153.6)   | (55.3, 149.6)
  177 | (84.6, 153.6)   | (43.6, 149.6)
  178 | (72.8, 153.6)   | (31.8, 149.6)
  179 | (61.0, 153.6)   | (20.0, 149.6)
  180 | (61.0, 165.4)   | (20.0, 161.4)
  181 | (72.8, 165.4)   | (31.8, 161.4)
  182 | (84.6, 165.4)   | (43.6, 161.4)
  183 | (96.3, 165.4)   | (55.3, 161.4)
  184 | (108.1, 165.4)  | (67.1, 161.4)
  185 | (119.9, 165.4)  | (78.9, 161.4)
  186 | (131.7, 165.4)  | (90.7, 161.4)
  187 | (143.5, 165.4)  | (102.5, 161.4)
  188 | (155.2, 165.4)  | (114.2, 161.4)
  189 | (167.0, 165.4)  | (126.0, 161.4)
  190 | (178.8, 165.4)  | (137.8, 161.4)
  191 | (190.6, 165.4)  | (149.6, 161.4)
  192 | (202.4, 165.4)  | (161.4, 161.4)
  193 | (214.1, 165.4)  | (173.1, 161.4)
  194 | (225.9, 165.4)  | (184.9, 161.4)
  195 | (225.9, 177.1)  | (184.9, 173.1)
  196 | (214.1, 177.1)  | (173.1, 173.1)
  197 | (202.4, 177.1)  | (161.4, 173.1)
  198 | (190.6, 177.1)  | (149.6, 173.1)
  199 | (178.8, 177.1)  | (137.8, 173.1)
  200 | (167.0, 177.1)  | (126.0, 173.1)
  201 | (155.2, 177.1)  | (114.2, 173.1)
  202 | (143.5, 177.1)  | (102.5, 173.1)
  203 | (131.7, 177.1)  | (90.7, 173.1)
  204 | (119.9, 177.1)  | (78.9, 173.1)
  205 | (108.1, 177.1)  | (67.1, 173.1)
  206 | (96.3, 177.1)   | (55.3, 173.1)
  207 | (84.6, 177.1)   | (43.6, 173.1)
  208 | (72.8, 177.1)   | (31.8, 173.1)
  209 | (61.0, 177.1)   | (20.0, 173.1)
  210 | (61.0, 188.9)   | (20.0, 184.9)
  211 | (72.8, 188.9)   | (31.8, 184.9)
  212 | (84.6, 188.9)   | (43.6, 184.9)
  213 | (96.3, 188.9)   | (55.3, 184.9)
  214 | (108.1, 188.9)  | (67.1, 184.9)
  215 | (119.9, 188.9)  | (78.9, 184.9)
  216 | (131.7, 188.9)  | (90.7, 184.9)
  217 | (143.5, 188.9)  | (102.5, 184.9)
  218 | (155.2, 188.9)  | (114.2, 184.9)
  219 | (167.0, 188.9)  | (126.0, 184.9)
  220 | (178.8, 188.9)  | (137.8, 184.9)
  221 | (190.6, 188.9)  | (149.6, 184.9)
  222 | (202.4, 188.9)  | (161.4, 184.9)
  223 | (214.1, 188.9)  | (173.1, 184.9)
  224 | (225.9, 188.9)  | (184.9, 184.9)
Starting heater checks for extruder
Stats 2566306.8: gcodein=0  mcu: mcu_awake=0.000 mcu_task_avg=0.000000 mcu_task_stddev=0.000000 bytes_write=1127 bytes_read=4225 bytes_retransmit=9 bytes_invalid=0 send_seq=126 receive_seq=126 retransmit_seq=2 srtt=0.003 rttvar=0.000 rto=0.025 ready_bytes=0 upcoming_bytes=0 freq=72002075  heater_bed: target=0 temp=0.0 pwm=0.000 sysload=0.63 cputime=2.105 memavail=2533128 print_time=3.301 buffer_time=0.201 print_stall=0 extruder: target=0 temp=0.0 pwm=0.000
webhooks: registering remote method 'shutdown_machine' for connection id: 140100181515232
webhooks: registering remote method 'reboot_machine' for connection id: 140100181515232
webhooks: registering remote method 'pause_job_queue' for connection id: 140100181515232
webhooks: registering remote method 'start_job_queue' for connection id: 140100181515232
webhooks: registering remote method 'set_wled_state' for connection id: 140100181515232
webhooks: registering remote method 'set_wled' for connection id: 140100181515232
webhooks: registering remote method 'set_device_power' for connection id: 140100181515232
Stats 2566307.8: gcodein=0  mcu: mcu_awake=0.000 mcu_task_avg=0.000000 mcu_task_stddev=0.000000 bytes_write=1133 bytes_read=4361 bytes_retransmit=9 bytes_invalid=0 send_seq=127 receive_seq=127 retransmit_seq=2 srtt=0.003 rttvar=0.000 rto=0.025 ready_bytes=0 upcoming_bytes=0 freq=72002304  heater_bed: target=0 temp=25.4 pwm=0.000 sysload=0.63 cputime=2.148 memavail=2532132 print_time=3.301 buffer_time=0.000 print_stall=0 extruder: target=0 temp=25.5 pwm=0.000
Stats 2566308.8: gcodein=0  mcu: mcu_awake=0.005 mcu_task_avg=0.000029 mcu_task_stddev=0.000051 bytes_write=1139 bytes_read=4482 bytes_retransmit=9 bytes_invalid=0 send_seq=128 receive_seq=128 retransmit_seq=2 srtt=0.003 rttvar=0.000 rto=0.025 ready_bytes=0 upcoming_bytes=0 freq=72002054  heater_bed: target=0 temp=25.3 pwm=0.000 sysload=0.74 cputime=2.158 memavail=2525360 print_time=3.301 buffer_time=0.000 print_stall=0 extruder: target=0 temp=25.5 pwm=0.000
Stats 2566309.8: gcodein=0  mcu: mcu_awake=0.005 mcu_task_avg=0.000029 mcu_task_stddev=0.000051 bytes_write=1145 bytes_read=4588 bytes_retransmit=9 bytes_invalid=0 send_seq=129 receive_seq=129 retransmit_seq=2 srtt=0.003 rttvar=0.000 rto=0.025 ready_bytes=0 upcoming_bytes=0 freq=72002034  heater_bed: target=0 temp=25.4 pwm=0.000 sysload=0.74 cputime=2.187 memavail=2524796 print_time=3.301 buffer_time=0.000 print_stall=0 extruder: target=0 temp=25.5 pwm=0.000
Stats 2566310.8: gcodein=0  mcu: mcu_awake=0.005 mcu_task_avg=0.000029 mcu_task_stddev=0.000051 bytes_write=1151 bytes_read=4724 bytes_retransmit=9 bytes_invalid=0 send_seq=130 receive_seq=130 retransmit_seq=2 srtt=0.003 rttvar=0.000 rto=0.025 ready_bytes=0 upcoming_bytes=0 freq=72002155  heater_bed: target=0 temp=25.4 pwm=0.000 sysload=0.74 cputime=2.208 memavail=2532148 print_time=3.301 buffer_time=0.000 print_stall=0 extruder: target=0 temp=25.5 pwm=0.000
Stats 2566311.8: gcodein=0  mcu: mcu_awake=0.005 mcu_task_avg=0.000029 mcu_task_stddev=0.000051 bytes_write=1157 bytes_read=4830 bytes_retransmit=9 bytes_invalid=0 send_seq=131 receive_seq=131 retransmit_seq=2 srtt=0.003 rttvar=0.000 rto=0.025 ready_bytes=0 upcoming_bytes=0 freq=72002239  heater_bed: target=0 temp=25.3 pwm=0.000 sysload=0.74 cputime=2.226 memavail=2517172 print_time=3.301 buffer_time=0.000 print_stall=0 extruder: target=0 temp=25.4 pwm=0.000
Stats 2566312.8: gcodein=0  mcu: mcu_awake=0.005 mcu_task_avg=0.000029 mcu_task_stddev=0.000051 bytes_write=1163 bytes_read=4936 bytes_retransmit=9 bytes_invalid=0 send_seq=132 receive_seq=132 retransmit_seq=2 srtt=0.003 rttvar=0.000 rto=0.025 ready_bytes=0 upcoming_bytes=0 freq=72002281  heater_bed: target=0 temp=25.4 pwm=0.000 sysload=0.74 cputime=2.244 memavail=2513492 print_time=3.301 buffer_time=0.000 print_stall=0 extruder: target=0 temp=25.5 pwm=0.000
Stats 2566313.8: gcodein=0  mcu: mcu_awake=0.001 mcu_task_avg=0.000015 mcu_task_stddev=0.000009 bytes_write=1169 bytes_read=5085 bytes_retransmit=9 bytes_invalid=0 send_seq=133 receive_seq=133 retransmit_seq=2 srtt=0.003 rttvar=0.000 rto=0.025 ready_bytes=0 upcoming_bytes=0 freq=72002388  heater_bed: target=0 temp=25.3 pwm=0.000 sysload=0.68 cputime=2.268 memavail=2520704 print_time=3.301 buffer_time=0.000 print_stall=0 extruder: target=0 temp=25.5 pwm=0.000
Stats 2566314.8: gcodein=0  mcu: mcu_awake=0.001 mcu_task_avg=0.000015 mcu_task_stddev=0.000009 bytes_write=1175 bytes_read=5191 bytes_retransmit=9 bytes_invalid=0 send_seq=134 receive_seq=134 retransmit_seq=2 srtt=0.003 rttvar=0.000 rto=0.025 ready_bytes=0 upcoming_bytes=0 freq=72002385  heater_bed: target=0 temp=25.4 pwm=0.000 sysload=0.68 cputime=2.287 memavail=2522856 print_time=3.301 buffer_time=0.000 print_stall=0 extruder: target=0 temp=25.5 pwm=0.000
Stats 2566315.8: gcodein=0  mcu: mcu_awake=0.001 mcu_task_avg=0.000015 mcu_task_stddev=0.000009 bytes_write=1181 bytes_read=5297 bytes_retransmit=9 bytes_invalid=0 send_seq=135 receive_seq=135 retransmit_seq=2 srtt=0.003 rttvar=0.000 rto=0.025 ready_bytes=0 upcoming_bytes=0 freq=72002407  heater_bed: target=0 temp=25.4 pwm=0.000 sysload=0.68 cputime=2.309 memavail=2520068 print_time=3.301 buffer_time=0.000 print_stall=0 extruder: target=0 temp=25.5 pwm=0.000
Stats 2566316.8: gcodein=0  mcu: mcu_awake=0.001 mcu_task_avg=0.000015 mcu_task_stddev=0.000009 bytes_write=1187 bytes_read=5433 bytes_retransmit=9 bytes_invalid=0 send_seq=136 receive_seq=136 retransmit_seq=2 srtt=0.003 rttvar=0.000 rto=0.025 ready_bytes=0 upcoming_bytes=0 freq=72002438  heater_bed: target=0 temp=25.4 pwm=0.000 sysload=0.68 cputime=2.332 memavail=2528564 print_time=3.301 buffer_time=0.000 print_stall=0 extruder: target=0 temp=25.5 pwm=0.000
Heater extruder approaching new target of 210.000
Stats 2566317.8: gcodein=0  mcu: mcu_awake=0.001 mcu_task_avg=0.000015 mcu_task_stddev=0.000009 bytes_write=1209 bytes_read=5544 bytes_retransmit=9 bytes_invalid=0 send_seq=138 receive_seq=138 retransmit_seq=2 srtt=0.003 rttvar=0.000 rto=0.025 ready_bytes=0 upcoming_bytes=0 freq=72002420  heater_bed: target=0 temp=25.4 pwm=0.000 sysload=0.68 cputime=2.356 memavail=2526820 print_time=13.810 buffer_time=0.000 print_stall=0 extruder: target=210 temp=25.5 pwm=1.000
Stats 2566318.8: gcodein=0  mcu: mcu_awake=0.001 mcu_task_avg=0.000015 mcu_task_stddev=0.000010 bytes_write=1215 bytes_read=5678 bytes_retransmit=9 bytes_invalid=0 send_seq=139 receive_seq=139 retransmit_seq=2 srtt=0.003 rttvar=0.000 rto=0.025 ready_bytes=0 upcoming_bytes=0 freq=72002422  heater_bed: target=0 temp=25.3 pwm=0.000 sysload=0.71 cputime=2.379 memavail=2529080 print_time=13.810 buffer_time=0.000 print_stall=0 extruder: target=210 temp=25.5 pwm=1.000
Heater heater_bed approaching new target of 70.000
Stats 2566319.8: gcodein=0  mcu: mcu_awake=0.001 mcu_task_avg=0.000015 mcu_task_stddev=0.000010 bytes_write=1237 bytes_read=5804 bytes_retransmit=9 bytes_invalid=0 send_seq=141 receive_seq=141 retransmit_seq=2 srtt=0.003 rttvar=0.000 rto=0.025 ready_bytes=0 upcoming_bytes=0 freq=72002384  heater_bed: target=70 temp=25.5 pwm=1.000 sysload=0.71 cputime=2.404 memavail=2529080 print_time=15.641 buffer_time=0.000 print_stall=0 extruder: target=210 temp=26.0 pwm=1.000
Stats 2566320.8: gcodein=0  mcu: mcu_awake=0.001 mcu_task_avg=0.000015 mcu_task_stddev=0.000010 bytes_write=1243 bytes_read=5910 bytes_retransmit=9 bytes_invalid=0 send_seq=142 receive_seq=142 retransmit_seq=2 srtt=0.003 rttvar=0.000 rto=0.025 ready_bytes=0 upcoming_bytes=0 freq=72002401  heater_bed: target=70 temp=25.6 pwm=1.000 sysload=0.71 cputime=2.424 memavail=2527548 print_time=15.641 buffer_time=0.000 print_stall=0 extruder: target=210 temp=26.7 pwm=1.000
Stats 2566321.8: gcodein=0  mcu: mcu_awake=0.001 mcu_task_avg=0.000015 mcu_task_stddev=0.000010 bytes_write=1265 bytes_read=6036 bytes_retransmit=9 bytes_invalid=0 send_seq=144 receive_seq=144 retransmit_seq=2 srtt=0.003 rttvar=0.000 rto=0.025 ready_bytes=0 upcoming_bytes=0 freq=72002389  heater_bed: target=70 temp=25.7 pwm=1.000 sysload=0.71 cputime=2.448 memavail=2529404 print_time=15.641 buffer_time=0.000 print_stall=0 extruder: target=210 temp=28.1 pwm=1.000
Stats 2566322.8: gcodein=0  mcu: mcu_awake=0.001 mcu_task_avg=0.000015 mcu_task_stddev=0.000010 bytes_write=1271 bytes_read=6157 bytes_retransmit=9 bytes_invalid=0 send_seq=145 receive_seq=145 retransmit_seq=2 srtt=0.003 rttvar=0.000 rto=0.025 ready_bytes=0 upcoming_bytes=0 freq=72002368  heater_bed: target=70 temp=26.0 pwm=1.000 sysload=0.71 cputime=2.466 memavail=2521268 print_time=15.641 buffer_time=0.000 print_stall=0 extruder: target=210 temp=30.6 pwm=1.000
Stats 2566323.8: gcodein=0  mcu: mcu_awake=0.001 mcu_task_avg=0.000015 mcu_task_stddev=0.000010 bytes_write=1293 bytes_read=6268 bytes_retransmit=9 bytes_invalid=0 send_seq=147 receive_seq=147 retransmit_seq=2 srtt=0.003 rttvar=0.000 rto=0.025 ready_bytes=0 upcoming_bytes=0 freq=72002364  heater_bed: target=70 temp=26.1 pwm=1.000 sysload=0.65 cputime=2.488 memavail=2514772 print_time=15.641 buffer_time=0.000 print_stall=0 extruder: target=210 temp=32.8 pwm=1.000
Stats 2566324.8: gcodein=0  mcu: mcu_awake=0.001 mcu_task_avg=0.000015 mcu_task_stddev=0.000010 bytes_write=1299 bytes_read=6402 bytes_retransmit=9 bytes_invalid=0 send_seq=148 receive_seq=148 retransmit_seq=2 srtt=0.003 rttvar=0.000 rto=0.025 ready_bytes=0 upcoming_bytes=0 freq=72002352  heater_bed: target=70 temp=26.4 pwm=1.000 sysload=0.65 cputime=2.509 memavail=2524692 print_time=15.641 buffer_time=0.000 print_stall=0 extruder: target=210 temp=35.3 pwm=1.000
Stats 2566325.8: gcodein=0  mcu: mcu_awake=0.001 mcu_task_avg=0.000015 mcu_task_stddev=0.000010 bytes_write=1321 bytes_read=6528 bytes_retransmit=9 bytes_invalid=0 send_seq=150 receive_seq=150 retransmit_seq=2 srtt=0.003 rttvar=0.000 rto=0.025 ready_bytes=0 upcoming_bytes=0 freq=72002402  heater_bed: target=70 temp=26.6 pwm=1.000 sysload=0.65 cputime=2.533 memavail=2517300 print_time=15.641 buffer_time=0.000 print_stall=0 extruder: target=210 temp=38.7 pwm=1.000
Stats 2566326.8: gcodein=0  mcu: mcu_awake=0.001 mcu_task_avg=0.000015 mcu_task_stddev=0.000010 bytes_write=1327 bytes_read=6634 bytes_retransmit=9 bytes_invalid=0 send_seq=151 receive_seq=151 retransmit_seq=2 srtt=0.003 rttvar=0.001 rto=0.025 ready_bytes=0 upcoming_bytes=0 freq=72002379  heater_bed: target=70 temp=26.9 pwm=1.000 sysload=0.65 cputime=2.549 memavail=2519496 print_time=15.641 buffer_time=0.000 print_stall=0 extruder: target=210 temp=41.6 pwm=1.000
Stats 2566327.8: gcodein=0  mcu: mcu_awake=0.001 mcu_task_avg=0.000015 mcu_task_stddev=0.000010 bytes_write=1349 bytes_read=6760 bytes_retransmit=9 bytes_invalid=0 send_seq=153 receive_seq=153 retransmit_seq=2 srtt=0.003 rttvar=0.001 rto=0.025 ready_bytes=0 upcoming_bytes=0 freq=72002370  heater_bed: target=70 temp=27.1 pwm=1.000 sysload=0.65 cputime=2.570 memavail=2520208 print_time=15.641 buffer_time=0.000 print_stall=0 extruder: target=210 temp=44.5 pwm=1.000
Stats 2566328.8: gcodein=0  mcu: mcu_awake=0.001 mcu_task_avg=0.000015 mcu_task_stddev=0.000010 bytes_write=1355 bytes_read=6881 bytes_retransmit=9 bytes_invalid=0 send_seq=154 receive_seq=154 retransmit_seq=2 srtt=0.003 rttvar=0.000 rto=0.025 ready_bytes=0 upcoming_bytes=0 freq=72002366  heater_bed: target=70 temp=27.5 pwm=1.000 sysload=0.68 cputime=2.590 memavail=2521812 print_time=15.641 buffer_time=0.000 print_stall=0 extruder: target=210 temp=48.5 pwm=1.000
Stats 2566329.8: gcodein=0  mcu: mcu_awake=0.001 mcu_task_avg=0.000015 mcu_task_stddev=0.000010 bytes_write=1361 bytes_read=7000 bytes_retransmit=9 bytes_invalid=0 send_seq=155 receive_seq=155 retransmit_seq=2 srtt=0.003 rttvar=0.000 rto=0.025 ready_bytes=0 upcoming_bytes=0 freq=72002355  heater_bed: target=70 temp=27.7 pwm=1.000 sysload=0.68 cputime=2.609 memavail=2522084 print_time=15.641 buffer_time=0.000 print_stall=0 extruder: target=210 temp=51.5 pwm=1.000
Stats 2566330.8: gcodein=0  mcu: mcu_awake=0.001 mcu_task_avg=0.000015 mcu_task_stddev=0.000010 bytes_write=1383 bytes_read=7126 bytes_retransmit=9 bytes_invalid=0 send_seq=157 receive_seq=157 retransmit_seq=2 srtt=0.003 rttvar=0.000 rto=0.025 ready_bytes=0 upcoming_bytes=0 freq=72002359  heater_bed: target=70 temp=28.1 pwm=1.000 sysload=0.68 cputime=2.632 memavail=2521080 print_time=15.641 buffer_time=0.000 print_stall=0 extruder: target=210 temp=54.6 pwm=1.000
Stats 2566331.8: gcodein=0  mcu: mcu_awake=0.001 mcu_task_avg=0.000015 mcu_task_stddev=0.000010 bytes_write=1405 bytes_read=7252 bytes_retransmit=9 bytes_invalid=0 send_seq=159 receive_seq=159 retransmit_seq=2 srtt=0.003 rttvar=0.000 rto=0.025 ready_bytes=0 upcoming_bytes=0 freq=72002360  heater_bed: target=70 temp=28.3 pwm=1.000 sysload=0.68 cputime=2.652 memavail=2530824 print_time=15.641 buffer_time=0.000 print_stall=0 extruder: target=210 temp=58.7 pwm=1.000
Stats 2566332.8: gcodein=0  mcu: mcu_awake=0.001 mcu_task_avg=0.000015 mcu_task_stddev=0.000010 bytes_write=1411 bytes_read=7358 bytes_retransmit=9 bytes_invalid=0 send_seq=160 receive_seq=160 retransmit_seq=2 srtt=0.003 rttvar=0.000 rto=0.025 ready_bytes=0 upcoming_bytes=0 freq=72002346  heater_bed: target=70 temp=28.5 pwm=1.000 sysload=0.68 cputime=2.665 memavail=2527020 print_time=15.641 buffer_time=0.000 print_stall=0 extruder: target=210 temp=61.9 pwm=1.000
Stats 2566333.8: gcodein=0  mcu: mcu_awake=0.001 mcu_task_avg=0.000015 mcu_task_stddev=0.000010 bytes_write=1417 bytes_read=7479 bytes_retransmit=9 bytes_invalid=0 send_seq=161 receive_seq=161 retransmit_seq=2 srtt=0.003 rttvar=0.000 rto=0.025 ready_bytes=0 upcoming_bytes=0 freq=72002339  heater_bed: target=70 temp=28.9 pwm=1.000 sysload=0.87 cputime=2.686 memavail=2517976 print_time=15.641 buffer_time=0.000 print_stall=0 extruder: target=210 temp=65.0 pwm=1.000
Stats 2566334.8: gcodein=0  mcu: mcu_awake=0.001 mcu_task_avg=0.000015 mcu_task_stddev=0.000010 bytes_write=1439 bytes_read=7618 bytes_retransmit=9 bytes_invalid=0 send_seq=163 receive_seq=163 retransmit_seq=2 srtt=0.003 rttvar=0.000 rto=0.025 ready_bytes=0 upcoming_bytes=0 freq=72002339  heater_bed: target=70 temp=29.2 pwm=1.000 sysload=0.87 cputime=2.710 memavail=2521772 print_time=15.641 buffer_time=0.000 print_stall=0 extruder: target=210 temp=69.1 pwm=1.000
Stats 2566335.8: gcodein=0  mcu: mcu_awake=0.001 mcu_task_avg=0.000015 mcu_task_stddev=0.000010 bytes_write=1445 bytes_read=7724 bytes_retransmit=9 bytes_invalid=0 send_seq=164 receive_seq=164 retransmit_seq=2 srtt=0.003 rttvar=0.000 rto=0.025 ready_bytes=0 upcoming_bytes=0 freq=72002335  heater_bed: target=70 temp=29.4 pwm=1.000 sysload=0.87 cputime=2.732 memavail=2517520 print_time=15.641 buffer_time=0.000 print_stall=0 extruder: target=210 temp=72.2 pwm=1.000
Stats 2566336.8: gcodein=0  mcu: mcu_awake=0.001 mcu_task_avg=0.000015 mcu_task_stddev=0.000010 bytes_write=1467 bytes_read=7850 bytes_retransmit=9 bytes_invalid=0 send_seq=166 receive_seq=166 retransmit_seq=2 srtt=0.003 rttvar=0.000 rto=0.025 ready_bytes=0 upcoming_bytes=0 freq=72002343  heater_bed: target=70 temp=29.8 pwm=1.000 sysload=0.87 cputime=2.754 memavail=2517264 print_time=15.641 buffer_time=0.000 print_stall=0 extruder: target=210 temp=75.3 pwm=1.000
Stats 2566337.8: gcodein=0  mcu: mcu_awake=0.001 mcu_task_avg=0.000015 mcu_task_stddev=0.000010 bytes_write=1473 bytes_read=7971 bytes_retransmit=9 bytes_invalid=0 send_seq=167 receive_seq=167 retransmit_seq=2 srtt=0.003 rttvar=0.000 rto=0.025 ready_bytes=0 upcoming_bytes=0 freq=72002335  heater_bed: target=70 temp=30.1 pwm=1.000 sysload=0.87 cputime=2.773 memavail=2525652 print_time=15.641 buffer_time=0.000 print_stall=0 extruder: target=210 temp=79.4 pwm=1.000
Stats 2566338.8: gcodein=0  mcu: mcu_awake=0.001 mcu_task_avg=0.000015 mcu_task_stddev=0.000010 bytes_write=1495 bytes_read=8082 bytes_retransmit=9 bytes_invalid=0 send_seq=169 receive_seq=169 retransmit_seq=2 srtt=0.003 rttvar=0.000 rto=0.025 ready_bytes=0 upcoming_bytes=0 freq=72002341  heater_bed: target=70 temp=30.4 pwm=1.000 sysload=0.80 cputime=2.790 memavail=2526296 print_time=15.641 buffer_time=0.000 print_stall=0 extruder: target=210 temp=82.4 pwm=1.000
Stats 2566339.8: gcodein=0  mcu: mcu_awake=0.001 mcu_task_avg=0.000015 mcu_task_stddev=0.000010 bytes_write=1501 bytes_read=8216 bytes_retransmit=9 bytes_invalid=0 send_seq=170 receive_seq=170 retransmit_seq=2 srtt=0.003 rttvar=0.000 rto=0.025 ready_bytes=0 upcoming_bytes=0 freq=72002335  heater_bed: target=70 temp=30.7 pwm=1.000 sysload=0.80 cputime=2.809 memavail=2527040 print_time=15.641 buffer_time=0.000 print_stall=0 extruder: target=210 temp=85.4 pwm=1.000
Stats 2566340.8: gcodein=0  mcu: mcu_awake=0.001 mcu_task_avg=0.000015 mcu_task_stddev=0.000010 bytes_write=1518 bytes_read=8337 bytes_retransmit=9 bytes_invalid=0 send_seq=171 receive_seq=171 retransmit_seq=2 srtt=0.003 rttvar=0.000 rto=0.025 ready_bytes=0 upcoming_bytes=0 freq=72002337  heater_bed: target=70 temp=31.0 pwm=1.000 sysload=0.80 cputime=2.827 memavail=2524228 print_time=15.641 buffer_time=0.000 print_stall=0 extruder: target=210 temp=89.3 pwm=1.000
Stats 2566341.8: gcodein=0  mcu: mcu_awake=0.001 mcu_task_avg=0.000015 mcu_task_stddev=0.000010 bytes_write=1524 bytes_read=8443 bytes_retransmit=9 bytes_invalid=0 send_seq=172 receive_seq=172 retransmit_seq=2 srtt=0.003 rttvar=0.000 rto=0.025 ready_bytes=0 upcoming_bytes=0 freq=72002339  heater_bed: target=70 temp=31.3 pwm=1.000 sysload=0.80 cputime=2.848 memavail=2535880 print_time=15.641 buffer_time=0.000 print_stall=0 extruder: target=210 temp=92.3 pwm=1.000
Stats 2566342.8: gcodein=0  mcu: mcu_awake=0.001 mcu_task_avg=0.000015 mcu_task_stddev=0.000010 bytes_write=1546 bytes_read=8569 bytes_retransmit=9 bytes_invalid=0 send_seq=174 receive_seq=174 retransmit_seq=2 srtt=0.003 rttvar=0.000 rto=0.025 ready_bytes=0 upcoming_bytes=0 freq=72002338  heater_bed: target=70 temp=31.7 pwm=1.000 sysload=0.80 cputime=2.869 memavail=2541100 print_time=15.641 buffer_time=0.000 print_stall=0 extruder: target=210 temp=95.2 pwm=1.000
Stats 2566343.8: gcodein=0  mcu: mcu_awake=0.001 mcu_task_avg=0.000015 mcu_task_stddev=0.000010 bytes_write=1552 bytes_read=8690 bytes_retransmit=9 bytes_invalid=0 send_seq=175 receive_seq=175 retransmit_seq=2 srtt=0.003 rttvar=0.001 rto=0.025 ready_bytes=0 upcoming_bytes=0 freq=72002341  heater_bed: target=70 temp=31.9 pwm=1.000 sysload=0.81 cputime=2.889 memavail=2539812 print_time=15.641 buffer_time=0.000 print_stall=0 extruder: target=210 temp=99.0 pwm=1.000
Stats 2566344.8: gcodein=0  mcu: mcu_awake=0.001 mcu_task_avg=0.000015 mcu_task_stddev=0.000010 bytes_write=1574 bytes_read=8814 bytes_retransmit=9 bytes_invalid=0 send_seq=177 receive_seq=177 retransmit_seq=2 srtt=0.003 rttvar=0.001 rto=0.025 ready_bytes=0 upcoming_bytes=0 freq=72002344  heater_bed: target=70 temp=32.3 pwm=1.000 sysload=0.81 cputime=2.908 memavail=2539120 print_time=15.641 buffer_time=0.000 print_stall=0 extruder: target=210 temp=101.9 pwm=1.000
Stats 2566345.8: gcodein=0  mcu: mcu_awake=0.001 mcu_task_avg=0.000015 mcu_task_stddev=0.000010 bytes_write=1580 bytes_read=8935 bytes_retransmit=9 bytes_invalid=0 send_seq=178 receive_seq=178 retransmit_seq=2 srtt=0.003 rttvar=0.001 rto=0.025 ready_bytes=0 upcoming_bytes=0 freq=72002347  heater_bed: target=70 temp=32.6 pwm=1.000 sysload=0.81 cputime=2.924 memavail=2529112 print_time=15.641 buffer_time=0.000 print_stall=0 extruder: target=210 temp=104.7 pwm=1.000
Stats 2566346.8: gcodein=0  mcu: mcu_awake=0.001 mcu_task_avg=0.000015 mcu_task_stddev=0.000010 bytes_write=1602 bytes_read=9061 bytes_retransmit=9 bytes_invalid=0 send_seq=180 receive_seq=180 retransmit_seq=2 srtt=0.003 rttvar=0.001 rto=0.025 ready_bytes=0 upcoming_bytes=0 freq=72002354  heater_bed: target=70 temp=33.0 pwm=1.000 sysload=0.81 cputime=2.944 memavail=2521564 print_time=15.641 buffer_time=0.000 print_stall=0 extruder: target=210 temp=108.5 pwm=1.000
Stats 2566347.8: gcodein=0  mcu: mcu_awake=0.001 mcu_task_avg=0.000015 mcu_task_stddev=0.000010 bytes_write=1608 bytes_read=9167 bytes_retransmit=9 bytes_invalid=0 send_seq=181 receive_seq=181 retransmit_seq=2 srtt=0.003 rttvar=0.001 rto=0.025 ready_bytes=0 upcoming_bytes=0 freq=72002348  heater_bed: target=70 temp=33.2 pwm=1.000 sysload=0.81 cputime=2.963 memavail=2516712 print_time=15.641 buffer_time=0.000 print_stall=0 extruder: target=210 temp=111.3 pwm=1.000
Stats 2566348.8: gcodein=0  mcu: mcu_awake=0.001 mcu_task_avg=0.000015 mcu_task_stddev=0.000010 bytes_write=1630 bytes_read=9293 bytes_retransmit=9 bytes_invalid=0 send_seq=183 receive_seq=183 retransmit_seq=2 srtt=0.003 rttvar=0.001 rto=0.025 ready_bytes=0 upcoming_bytes=0 freq=72002347  heater_bed: target=70 temp=33.6 pwm=1.000 sysload=0.75 cputime=2.987 memavail=2511172 print_time=15.641 buffer_time=0.000 print_stall=0 extruder: target=210 temp=114.1 pwm=1.000
Stats 2566349.8: gcodein=0  mcu: mcu_awake=0.001 mcu_task_avg=0.000015 mcu_task_stddev=0.000010 bytes_write=1636 bytes_read=9427 bytes_retransmit=9 bytes_invalid=0 send_seq=184 receive_seq=184 retransmit_seq=2 srtt=0.003 rttvar=0.000 rto=0.025 ready_bytes=0 upcoming_bytes=0 freq=72002341  heater_bed: target=70 temp=33.9 pwm=1.000 sysload=0.75 cputime=3.006 memavail=2523856 print_time=15.641 buffer_time=0.000 print_stall=0 extruder: target=210 temp=117.8 pwm=1.000
Stats 2566350.8: gcodein=0  mcu: mcu_awake=0.001 mcu_task_avg=0.000015 mcu_task_stddev=0.000010 bytes_write=1642 bytes_read=9533 bytes_retransmit=9 bytes_invalid=0 send_seq=185 receive_seq=185 retransmit_seq=2 srtt=0.003 rttvar=0.000 rto=0.025 ready_bytes=0 upcoming_bytes=0 freq=72002336  heater_bed: target=70 temp=34.1 pwm=1.000 sysload=0.75 cputime=3.021 memavail=2528468 print_time=15.641 buffer_time=0.000 print_stall=0 extruder: target=210 temp=120.5 pwm=1.000
Stats 2566351.8: gcodein=0  mcu: mcu_awake=0.001 mcu_task_avg=0.000015 mcu_task_stddev=0.000010 bytes_write=1659 bytes_read=9654 bytes_retransmit=9 bytes_invalid=0 send_seq=186 receive_seq=186 retransmit_seq=2 srtt=0.003 rttvar=0.000 rto=0.025 ready_bytes=0 upcoming_bytes=0 freq=72002346  heater_bed: target=70 temp=34.6 pwm=1.000 sysload=0.75 cputime=3.040 memavail=2523308 print_time=15.641 buffer_time=0.000 print_stall=0 extruder: target=210 temp=123.2 pwm=1.000
Stats 2566352.8: gcodein=0  mcu: mcu_awake=0.001 mcu_task_avg=0.000015 mcu_task_stddev=0.000010 bytes_write=1681 bytes_read=9780 bytes_retransmit=9 bytes_invalid=0 send_seq=188 receive_seq=188 retransmit_seq=2 srtt=0.003 rttvar=0.000 rto=0.025 ready_bytes=0 upcoming_bytes=0 freq=72002341  heater_bed: target=70 temp=34.8 pwm=1.000 sysload=0.75 cputime=3.060 memavail=2524252 print_time=15.641 buffer_time=0.000 print_stall=0 extruder: target=210 temp=126.8 pwm=1.000
Stats 2566353.8: gcodein=0  mcu: mcu_awake=0.001 mcu_task_avg=0.000015 mcu_task_stddev=0.000010 bytes_write=1687 bytes_read=9884 bytes_retransmit=9 bytes_invalid=0 send_seq=189 receive_seq=189 retransmit_seq=2 srtt=0.003 rttvar=0.000 rto=0.025 ready_bytes=0 upcoming_bytes=0 freq=72002337  heater_bed: target=70 temp=35.1 pwm=1.000 sysload=0.77 cputime=3.079 memavail=2532124 print_time=15.641 buffer_time=0.000 print_stall=0 extruder: target=210 temp=129.5 pwm=1.000
Stats 2566354.8: gcodein=0  mcu: mcu_awake=0.001 mcu_task_avg=0.000015 mcu_task_stddev=0.000010 bytes_write=1693 bytes_read=10015 bytes_retransmit=9 bytes_invalid=0 send_seq=190 receive_seq=190 retransmit_seq=2 srtt=0.003 rttvar=0.000 rto=0.025 ready_bytes=0 upcoming_bytes=0 freq=72002335  heater_bed: target=70 temp=35.4 pwm=1.000 sysload=0.77 cputime=3.099 memavail=2531228 print_time=15.641 buffer_time=0.000 print_stall=0 extruder: target=210 temp=132.2 pwm=1.000
Stats 2566355.8: gcodein=0  mcu: mcu_awake=0.001 mcu_task_avg=0.000015 mcu_task_stddev=0.000010 bytes_write=1715 bytes_read=10137 bytes_retransmit=9 bytes_invalid=0 send_seq=192 receive_seq=192 retransmit_seq=2 srtt=0.003 rttvar=0.000 rto=0.025 ready_bytes=0 upcoming_bytes=0 freq=72002336  heater_bed: target=70 temp=35.7 pwm=1.000 sysload=0.77 cputime=3.117 memavail=2529836 print_time=15.641 buffer_time=0.000 print_stall=0 extruder: target=210 temp=135.7 pwm=1.000
Stats 2566356.8: gcodein=0  mcu: mcu_awake=0.001 mcu_task_avg=0.000015 mcu_task_stddev=0.000010 bytes_write=1721 bytes_read=10240 bytes_retransmit=9 bytes_invalid=0 send_seq=193 receive_seq=193 retransmit_seq=2 srtt=0.003 rttvar=0.000 rto=0.025 ready_bytes=0 upcoming_bytes=0 freq=72002333  heater_bed: target=70 temp=36.0 pwm=1.000 sysload=0.77 cputime=3.136 memavail=2528128 print_time=15.641 buffer_time=0.000 print_stall=0 extruder: target=210 temp=138.3 pwm=1.000
Stats 2566357.8: gcodein=0  mcu: mcu_awake=0.001 mcu_task_avg=0.000015 mcu_task_stddev=0.000010 bytes_write=1743 bytes_read=10363 bytes_retransmit=9 bytes_invalid=0 send_seq=195 receive_seq=195 retransmit_seq=2 srtt=0.003 rttvar=0.000 rto=0.025 ready_bytes=0 upcoming_bytes=0 freq=72002337  heater_bed: target=70 temp=36.4 pwm=1.000 sysload=0.77 cputime=3.159 memavail=2516616 print_time=15.641 buffer_time=0.000 print_stall=0 extruder: target=210 temp=141.0 pwm=1.000
Stats 2566358.8: gcodein=0  mcu: mcu_awake=0.001 mcu_task_avg=0.000015 mcu_task_stddev=0.000010 bytes_write=1749 bytes_read=10480 bytes_retransmit=9 bytes_invalid=0 send_seq=196 receive_seq=196 retransmit_seq=2 srtt=0.003 rttvar=0.000 rto=0.025 ready_bytes=0 upcoming_bytes=0 freq=72002338  heater_bed: target=70 temp=36.6 pwm=1.000 sysload=0.71 cputime=3.180 memavail=2504940 print_time=15.641 buffer_time=0.000 print_stall=0 extruder: target=210 temp=144.4 pwm=1.000
Stats 2566359.8: gcodein=0  mcu: mcu_awake=0.001 mcu_task_avg=0.000015 mcu_task_stddev=0.000009 bytes_write=1771 bytes_read=10601 bytes_retransmit=9 bytes_invalid=0 send_seq=198 receive_seq=198 retransmit_seq=2 srtt=0.003 rttvar=0.000 rto=0.025 ready_bytes=0 upcoming_bytes=0 freq=72002338  heater_bed: target=70 temp=36.9 pwm=1.000 sysload=0.71 cputime=3.199 memavail=2510924 print_time=15.641 buffer_time=0.000 print_stall=0 extruder: target=210 temp=147.0 pwm=1.000
Stats 2566360.8: gcodein=0  mcu: mcu_awake=0.001 mcu_task_avg=0.000015 mcu_task_stddev=0.000009 bytes_write=1783 bytes_read=10735 bytes_retransmit=9 bytes_invalid=0 send_seq=200 receive_seq=200 retransmit_seq=2 srtt=0.003 rttvar=0.000 rto=0.025 ready_bytes=0 upcoming_bytes=0 freq=72002348  heater_bed: target=70 temp=37.2 pwm=1.000 sysload=0.71 cputime=3.214 memavail=2509860 print_time=15.641 buffer_time=0.000 print_stall=0 extruder: target=210 temp=149.6 pwm=1.000
Stats 2566361.8: gcodein=0  mcu: mcu_awake=0.001 mcu_task_avg=0.000015 mcu_task_stddev=0.000009 bytes_write=1805 bytes_read=10857 bytes_retransmit=9 bytes_invalid=0 send_seq=202 receive_seq=202 retransmit_seq=2 srtt=0.003 rttvar=0.000 rto=0.025 ready_bytes=0 upcoming_bytes=0 freq=72002344  heater_bed: target=70 temp=37.5 pwm=1.000 sysload=0.71 cputime=3.231 memavail=2518508 print_time=15.641 buffer_time=0.000 print_stall=0 extruder: target=210 temp=153.0 pwm=1.000
Stats 2566362.8: gcodein=0  mcu: mcu_awake=0.001 mcu_task_avg=0.000015 mcu_task_stddev=0.000009 bytes_write=1811 bytes_read=10955 bytes_retransmit=9 bytes_invalid=0 send_seq=203 receive_seq=203 retransmit_seq=2 srtt=0.003 rttvar=0.000 rto=0.025 ready_bytes=0 upcoming_bytes=0 freq=72002339  heater_bed: target=70 temp=37.8 pwm=1.000 sysload=0.71 cputime=3.242 memavail=2512752 print_time=15.641 buffer_time=0.000 print_stall=0 extruder: target=210 temp=155.6 pwm=1.000
Stats 2566363.8: gcodein=0  mcu: mcu_awake=0.001 mcu_task_avg=0.000015 mcu_task_stddev=0.000009 bytes_write=1833 bytes_read=11070 bytes_retransmit=9 bytes_invalid=0 send_seq=205 receive_seq=205 retransmit_seq=2 srtt=0.003 rttvar=0.000 rto=0.025 ready_bytes=0 upcoming_bytes=0 freq=72002338  heater_bed: target=70 temp=38.2 pwm=1.000 sysload=0.81 cputime=3.255 memavail=2532364 print_time=15.641 buffer_time=0.000 print_stall=0 extruder: target=210 temp=158.1 pwm=1.000
Stats 2566364.8: gcodein=0  mcu: mcu_awake=0.001 mcu_task_avg=0.000015 mcu_task_stddev=0.000009 bytes_write=1839 bytes_read=11192 bytes_retransmit=9 bytes_invalid=0 send_seq=206 receive_seq=206 retransmit_seq=2 srtt=0.003 rttvar=0.000 rto=0.025 ready_bytes=0 upcoming_bytes=0 freq=72002341  heater_bed: target=70 temp=38.5 pwm=1.000 sysload=0.81 cputime=3.268 memavail=2530124 print_time=15.641 buffer_time=0.000 print_stall=0 extruder: target=210 temp=161.4 pwm=1.000
Stats 2566365.8: gcodein=0  mcu: mcu_awake=0.001 mcu_task_avg=0.000015 mcu_task_stddev=0.000009 bytes_write=1861 bytes_read=11293 bytes_retransmit=9 bytes_invalid=0 send_seq=208 receive_seq=208 retransmit_seq=2 srtt=0.003 rttvar=0.000 rto=0.025 ready_bytes=0 upcoming_bytes=0 freq=72002335  heater_bed: target=70 temp=38.7 pwm=1.000 sysload=0.81 cputime=3.280 memavail=2528004 print_time=15.641 buffer_time=0.000 print_stall=0 extruder: target=210 temp=163.9 pwm=1.000
Stats 2566366.8: gcodein=0  mcu: mcu_awake=0.001 mcu_task_avg=0.000015 mcu_task_stddev=0.000009 bytes_write=1867 bytes_read=11411 bytes_retransmit=9 bytes_invalid=0 send_seq=209 receive_seq=209 retransmit_seq=2 srtt=0.003 rttvar=0.000 rto=0.025 ready_bytes=0 upcoming_bytes=0 freq=72002331  heater_bed: target=70 temp=39.0 pwm=1.000 sysload=0.81 cputime=3.293 memavail=2525688 print_time=15.641 buffer_time=0.000 print_stall=0 extruder: target=210 temp=166.4 pwm=1.000
Stats 2566367.8: gcodein=0  mcu: mcu_awake=0.001 mcu_task_avg=0.000015 mcu_task_stddev=0.000009 bytes_write=1889 bytes_read=11533 bytes_retransmit=9 bytes_invalid=0 send_seq=211 receive_seq=211 retransmit_seq=2 srtt=0.003 rttvar=0.000 rto=0.025 ready_bytes=0 upcoming_bytes=0 freq=72002329  heater_bed: target=70 temp=39.3 pwm=1.000 sysload=0.81 cputime=3.310 memavail=2521304 print_time=15.641 buffer_time=0.000 print_stall=0 extruder: target=210 temp=169.6 pwm=1.000
Stats 2566368.8: gcodein=0  mcu: mcu_awake=0.001 mcu_task_avg=0.000015 mcu_task_stddev=0.000009 bytes_write=1895 bytes_read=11636 bytes_retransmit=9 bytes_invalid=0 send_seq=212 receive_seq=212 retransmit_seq=2 srtt=0.003 rttvar=0.000 rto=0.025 ready_bytes=0 upcoming_bytes=0 freq=72002331  heater_bed: target=70 temp=39.5 pwm=1.000 sysload=0.91 cputime=3.329 memavail=2521312 print_time=15.641 buffer_time=0.000 print_stall=0 extruder: target=210 temp=172.1 pwm=1.000
Stats 2566369.8: gcodein=0  mcu: mcu_awake=0.001 mcu_task_avg=0.000015 mcu_task_stddev=0.000009 bytes_write=1917 bytes_read=11772 bytes_retransmit=9 bytes_invalid=0 send_seq=214 receive_seq=214 retransmit_seq=2 srtt=0.003 rttvar=0.000 rto=0.025 ready_bytes=0 upcoming_bytes=0 freq=72002337  heater_bed: target=70 temp=39.9 pwm=1.000 sysload=0.91 cputime=3.353 memavail=2521312 print_time=15.641 buffer_time=0.000 print_stall=0 extruder: target=210 temp=174.5 pwm=1.000
Stats 2566370.8: gcodein=0  mcu: mcu_awake=0.001 mcu_task_avg=0.000015 mcu_task_stddev=0.000009 bytes_write=1923 bytes_read=11889 bytes_retransmit=9 bytes_invalid=0 send_seq=215 receive_seq=215 retransmit_seq=2 srtt=0.003 rttvar=0.000 rto=0.025 ready_bytes=0 upcoming_bytes=0 freq=72002349  heater_bed: target=70 temp=40.1 pwm=1.000 sysload=0.91 cputime=3.376 memavail=2521320 print_time=15.641 buffer_time=0.000 print_stall=0 extruder: target=210 temp=177.8 pwm=1.000
Stats 2566371.8: gcodein=0  mcu: mcu_awake=0.001 mcu_task_avg=0.000015 mcu_task_stddev=0.000009 bytes_write=1929 bytes_read=11992 bytes_retransmit=9 bytes_invalid=0 send_seq=216 receive_seq=216 retransmit_seq=2 srtt=0.003 rttvar=0.001 rto=0.025 ready_bytes=0 upcoming_bytes=0 freq=72002346  heater_bed: target=70 temp=40.4 pwm=1.000 sysload=0.91 cputime=3.400 memavail=2521352 print_time=15.641 buffer_time=0.000 print_stall=0 extruder: target=210 temp=180.2 pwm=1.000
Stats 2566372.8: gcodein=0  mcu: mcu_awake=0.001 mcu_task_avg=0.000015 mcu_task_stddev=0.000009 bytes_write=1951 bytes_read=12115 bytes_retransmit=9 bytes_invalid=0 send_seq=218 receive_seq=218 retransmit_seq=2 srtt=0.003 rttvar=0.000 rto=0.025 ready_bytes=0 upcoming_bytes=0 freq=72002341  heater_bed: target=70 temp=40.7 pwm=1.000 sysload=0.91 cputime=3.422 memavail=2514296 print_time=15.641 buffer_time=0.000 print_stall=0 extruder: target=210 temp=182.6 pwm=1.000
Stats 2566373.8: gcodein=0  mcu: mcu_awake=0.001 mcu_task_avg=0.000015 mcu_task_stddev=0.000009 bytes_write=1973 bytes_read=12237 bytes_retransmit=9 bytes_invalid=0 send_seq=220 receive_seq=220 retransmit_seq=2 srtt=0.003 rttvar=0.000 rto=0.025 ready_bytes=0 upcoming_bytes=0 freq=72002338  heater_bed: target=70 temp=40.9 pwm=1.000 sysload=0.83 cputime=3.444 memavail=2521908 print_time=15.641 buffer_time=0.000 print_stall=0 extruder: target=210 temp=185.8 pwm=1.000
Stats 2566374.8: gcodein=0  mcu: mcu_awake=0.001 mcu_task_avg=0.000015 mcu_task_stddev=0.000010 bytes_write=1995 bytes_read=12358 bytes_retransmit=9 bytes_invalid=0 send_seq=222 receive_seq=222 retransmit_seq=2 srtt=0.003 rttvar=0.001 rto=0.025 ready_bytes=0 upcoming_bytes=0 freq=72002337  heater_bed: target=70 temp=41.2 pwm=1.000 sysload=0.83 cputime=3.467 memavail=2521424 print_time=15.641 buffer_time=0.000 print_stall=0 extruder: target=210 temp=188.1 pwm=0.921
Stats 2566375.8: gcodein=0  mcu: mcu_awake=0.001 mcu_task_avg=0.000015 mcu_task_stddev=0.000010 bytes_write=2028 bytes_read=12481 bytes_retransmit=9 bytes_invalid=0 send_seq=224 receive_seq=224 retransmit_seq=2 srtt=0.003 rttvar=0.000 rto=0.025 ready_bytes=0 upcoming_bytes=0 freq=72002337  heater_bed: target=70 temp=41.6 pwm=1.000 sysload=0.83 cputime=3.485 memavail=2548260 print_time=15.641 buffer_time=0.000 print_stall=0 extruder: target=210 temp=190.5 pwm=0.780
Stats 2566376.8: gcodein=0  mcu: mcu_awake=0.001 mcu_task_avg=0.000015 mcu_task_stddev=0.000010 bytes_write=2066 bytes_read=12608 bytes_retransmit=9 bytes_invalid=0 send_seq=227 receive_seq=227 retransmit_seq=2 srtt=0.003 rttvar=0.000 rto=0.025 ready_bytes=0 upcoming_bytes=0 freq=72002332  heater_bed: target=70 temp=41.8 pwm=1.000 sysload=0.83 cputime=3.502 memavail=2549408 print_time=15.641 buffer_time=0.000 print_stall=0 extruder: target=210 temp=193.6 pwm=0.613
Stats 2566377.8: gcodein=0  mcu: mcu_awake=0.001 mcu_task_avg=0.000015 mcu_task_stddev=0.000010 bytes_write=2088 bytes_read=12716 bytes_retransmit=9 bytes_invalid=0 send_seq=229 receive_seq=229 retransmit_seq=2 srtt=0.003 rttvar=0.000 rto=0.025 ready_bytes=0 upcoming_bytes=0 freq=72002333  heater_bed: target=70 temp=42.0 pwm=1.000 sysload=0.83 cputime=3.519 memavail=2542628 print_time=15.641 buffer_time=0.000 print_stall=0 extruder: target=210 temp=195.8 pwm=0.545
Stats 2566378.8: gcodein=0  mcu: mcu_awake=0.001 mcu_task_avg=0.000015 mcu_task_stddev=0.000010 bytes_write=2142 bytes_read=12849 bytes_retransmit=9 bytes_invalid=0 send_seq=233 receive_seq=233 retransmit_seq=2 srtt=0.003 rttvar=0.000 rto=0.025 ready_bytes=0 upcoming_bytes=0 freq=72002328  heater_bed: target=70 temp=42.4 pwm=1.000 sysload=0.85 cputime=3.541 memavail=2537028 print_time=15.641 buffer_time=0.000 print_stall=0 extruder: target=210 temp=197.9 pwm=0.421
Stats 2566379.8: gcodein=0  mcu: mcu_awake=0.002 mcu_task_avg=0.000016 mcu_task_stddev=0.000010 bytes_write=2164 bytes_read=12985 bytes_retransmit=9 bytes_invalid=0 send_seq=235 receive_seq=235 retransmit_seq=2 srtt=0.003 rttvar=0.000 rto=0.025 ready_bytes=0 upcoming_bytes=0 freq=72002325  heater_bed: target=70 temp=42.6 pwm=1.000 sysload=0.85 cputime=3.564 memavail=2536788 print_time=15.641 buffer_time=0.000 print_stall=0 extruder: target=210 temp=200.5 pwm=0.361
Stats 2566380.8: gcodein=0  mcu: mcu_awake=0.002 mcu_task_avg=0.000016 mcu_task_stddev=0.000010 bytes_write=2170 bytes_read=13088 bytes_retransmit=9 bytes_invalid=0 send_seq=236 receive_seq=236 retransmit_seq=2 srtt=0.003 rttvar=0.000 rto=0.025 ready_bytes=0 upcoming_bytes=0 freq=72002323  heater_bed: target=70 temp=42.8 pwm=1.000 sysload=0.85 cputime=3.582 memavail=2535532 print_time=15.641 buffer_time=0.000 print_stall=0 extruder: target=210 temp=202.0 pwm=0.361
Stats 2566381.8: gcodein=0  mcu: mcu_awake=0.002 mcu_task_avg=0.000016 mcu_task_stddev=0.000010 bytes_write=2176 bytes_read=13220 bytes_retransmit=9 bytes_invalid=0 send_seq=237 receive_seq=237 retransmit_seq=2 srtt=0.003 rttvar=0.000 rto=0.025 ready_bytes=0 upcoming_bytes=0 freq=72002339  heater_bed: target=70 temp=43.2 pwm=1.000 sysload=0.85 cputime=3.601 memavail=2535508 print_time=15.641 buffer_time=0.000 print_stall=0 extruder: target=210 temp=203.9 pwm=0.361
Stats 2566382.8: gcodein=0  mcu: mcu_awake=0.002 mcu_task_avg=0.000016 mcu_task_stddev=0.000010 bytes_write=2198 bytes_read=13328 bytes_retransmit=9 bytes_invalid=0 send_seq=239 receive_seq=239 retransmit_seq=2 srtt=0.003 rttvar=0.000 rto=0.025 ready_bytes=0 upcoming_bytes=0 freq=72002334  heater_bed: target=70 temp=43.4 pwm=1.000 sysload=0.85 cputime=3.619 memavail=2527216 print_time=15.641 buffer_time=0.000 print_stall=0 extruder: target=210 temp=205.0 pwm=0.361
Heater extruder within range of 210.000
Stats 2566383.8: gcodein=0  mcu: mcu_awake=0.002 mcu_task_avg=0.000016 mcu_task_stddev=0.000010 bytes_write=2220 bytes_read=13436 bytes_retransmit=9 bytes_invalid=0 send_seq=241 receive_seq=241 retransmit_seq=2 srtt=0.003 rttvar=0.000 rto=0.025 ready_bytes=0 upcoming_bytes=0 freq=72002333  heater_bed: target=70 temp=43.7 pwm=1.000 sysload=0.86 cputime=3.642 memavail=2521040 print_time=15.641 buffer_time=0.000 print_stall=0 extruder: target=210 temp=206.0 pwm=0.384
Stats 2566384.8: gcodein=0  mcu: mcu_awake=0.001 mcu_task_avg=0.000015 mcu_task_stddev=0.000010 bytes_write=2226 bytes_read=13581 bytes_retransmit=9 bytes_invalid=0 send_seq=242 receive_seq=242 retransmit_seq=2 srtt=0.003 rttvar=0.000 rto=0.025 ready_bytes=0 upcoming_bytes=0 freq=72002330  heater_bed: target=70 temp=43.9 pwm=1.000 sysload=0.86 cputime=3.662 memavail=2522236 print_time=15.641 buffer_time=0.000 print_stall=0 extruder: target=210 temp=207.1 pwm=0.384
Stats 2566385.8: gcodein=0  mcu: mcu_awake=0.001 mcu_task_avg=0.000015 mcu_task_stddev=0.000010 bytes_write=2232 bytes_read=13684 bytes_retransmit=9 bytes_invalid=0 send_seq=243 receive_seq=243 retransmit_seq=2 srtt=0.003 rttvar=0.000 rto=0.025 ready_bytes=0 upcoming_bytes=0 freq=72002326  heater_bed: target=70 temp=44.1 pwm=1.000 sysload=0.86 cputime=3.681 memavail=2522084 print_time=15.641 buffer_time=0.000 print_stall=0 extruder: target=210 temp=207.8 pwm=0.384
Stats 2566386.8: gcodein=0  mcu: mcu_awake=0.001 mcu_task_avg=0.000015 mcu_task_stddev=0.000010 bytes_write=2254 bytes_read=13792 bytes_retransmit=9 bytes_invalid=0 send_seq=245 receive_seq=245 retransmit_seq=2 srtt=0.003 rttvar=0.000 rto=0.025 ready_bytes=0 upcoming_bytes=0 freq=72002325  heater_bed: target=70 temp=44.4 pwm=1.000 sysload=0.86 cputime=3.702 memavail=2535432 print_time=15.641 buffer_time=0.000 print_stall=0 extruder: target=210 temp=208.4 pwm=0.384
Stats 2566387.8: gcodein=0  mcu: mcu_awake=0.001 mcu_task_avg=0.000015 mcu_task_stddev=0.000010 bytes_write=2260 bytes_read=13924 bytes_retransmit=9 bytes_invalid=0 send_seq=246 receive_seq=246 retransmit_seq=2 srtt=0.003 rttvar=0.000 rto=0.025 ready_bytes=11 upcoming_bytes=0 freq=72002322  heater_bed: target=70 temp=44.7 pwm=1.000 sysload=0.86 cputime=3.724 memavail=2533076 print_time=15.641 buffer_time=0.000 print_stall=0 extruder: target=210 temp=209.1 pwm=0.412
Stats 2566388.8: gcodein=0  mcu: mcu_awake=0.001 mcu_task_avg=0.000015 mcu_task_stddev=0.000010 bytes_write=2282 bytes_read=14032 bytes_retransmit=9 bytes_invalid=0 send_seq=248 receive_seq=248 retransmit_seq=2 srtt=0.003 rttvar=0.000 rto=0.025 ready_bytes=0 upcoming_bytes=0 freq=72002320  heater_bed: target=70 temp=44.9 pwm=1.000 sysload=0.95 cputime=3.746 memavail=2533076 print_time=15.641 buffer_time=0.000 print_stall=0 extruder: target=210 temp=209.4 pwm=0.412
Stats 2566389.8: gcodein=0  mcu: mcu_awake=0.001 mcu_task_avg=0.000015 mcu_task_stddev=0.000010 bytes_write=2315 bytes_read=14140 bytes_retransmit=9 bytes_invalid=0 send_seq=250 receive_seq=250 retransmit_seq=2 srtt=0.003 rttvar=0.000 rto=0.025 ready_bytes=0 upcoming_bytes=0 freq=72002319  heater_bed: target=70 temp=45.1 pwm=1.000 sysload=0.95 cputime=3.767 memavail=2527280 print_time=15.641 buffer_time=0.000 print_stall=0 extruder: target=210 temp=209.6 pwm=0.467
Stats 2566390.8: gcodein=0  mcu: mcu_awake=0.001 mcu_task_avg=0.000015 mcu_task_stddev=0.000010 bytes_write=2337 bytes_read=14290 bytes_retransmit=9 bytes_invalid=0 send_seq=252 receive_seq=252 retransmit_seq=2 srtt=0.003 rttvar=0.000 rto=0.025 ready_bytes=0 upcoming_bytes=0 freq=72002318  heater_bed: target=70 temp=45.4 pwm=1.000 sysload=0.95 cputime=3.789 memavail=2518560 print_time=15.641 buffer_time=0.000 print_stall=0 extruder: target=210 temp=209.9 pwm=0.467
Stats 2566391.8: gcodein=0  mcu: mcu_awake=0.001 mcu_task_avg=0.000015 mcu_task_stddev=0.000010 bytes_write=2359 bytes_read=14398 bytes_retransmit=9 bytes_invalid=0 send_seq=254 receive_seq=254 retransmit_seq=2 srtt=0.003 rttvar=0.000 rto=0.025 ready_bytes=0 upcoming_bytes=0 freq=72002315  heater_bed: target=70 temp=45.7 pwm=1.000 sysload=0.95 cputime=3.803 memavail=2530028 print_time=15.641 buffer_time=0.000 print_stall=0 extruder: target=210 temp=210.0 pwm=0.519
Stats 2566392.8: gcodein=0  mcu: mcu_awake=0.001 mcu_task_avg=0.000015 mcu_task_stddev=0.000010 bytes_write=2381 bytes_read=14506 bytes_retransmit=9 bytes_invalid=0 send_seq=256 receive_seq=256 retransmit_seq=2 srtt=0.003 rttvar=0.000 rto=0.025 ready_bytes=0 upcoming_bytes=0 freq=72002311  heater_bed: target=70 temp=45.9 pwm=1.000 sysload=0.95 cputime=3.820 memavail=2528036 print_time=15.641 buffer_time=0.000 print_stall=0 extruder: target=210 temp=210.2 pwm=0.460
Stats 2566393.8: gcodein=0  mcu: mcu_awake=0.001 mcu_task_avg=0.000015 mcu_task_stddev=0.000010 bytes_write=2387 bytes_read=14638 bytes_retransmit=9 bytes_invalid=0 send_seq=257 receive_seq=257 retransmit_seq=2 srtt=0.003 rttvar=0.000 rto=0.025 ready_bytes=11 upcoming_bytes=0 freq=72002311  heater_bed: target=70 temp=46.2 pwm=1.000 sysload=0.96 cputime=3.837 memavail=2528268 print_time=15.641 buffer_time=0.000 print_stall=0 extruder: target=210 temp=210.6 pwm=0.389
Stats 2566394.8: gcodein=0  mcu: mcu_awake=0.001 mcu_task_avg=0.000015 mcu_task_stddev=0.000010 bytes_write=2425 bytes_read=14751 bytes_retransmit=9 bytes_invalid=0 send_seq=260 receive_seq=260 retransmit_seq=2 srtt=0.003 rttvar=0.000 rto=0.025 ready_bytes=0 upcoming_bytes=0 freq=72002310  heater_bed: target=70 temp=46.4 pwm=1.000 sysload=0.96 cputime=3.858 memavail=2528268 print_time=15.641 buffer_time=0.000 print_stall=0 extruder: target=210 temp=210.9 pwm=0.389
Stats 2566395.8: gcodein=0  mcu: mcu_awake=0.001 mcu_task_avg=0.000015 mcu_task_stddev=0.000010 bytes_write=2463 bytes_read=14877 bytes_retransmit=9 bytes_invalid=0 send_seq=263 receive_seq=263 retransmit_seq=2 srtt=0.003 rttvar=0.000 rto=0.025 ready_bytes=0 upcoming_bytes=0 freq=72002309  heater_bed: target=70 temp=46.7 pwm=1.000 sysload=0.96 cputime=3.878 memavail=2529060 print_time=15.641 buffer_time=0.000 print_stall=0 extruder: target=210 temp=211.3 pwm=0.267
Stats 2566396.8: gcodein=0  mcu: mcu_awake=0.001 mcu_task_avg=0.000015 mcu_task_stddev=0.000010 bytes_write=2469 bytes_read=15009 bytes_retransmit=9 bytes_invalid=0 send_seq=264 receive_seq=264 retransmit_seq=2 srtt=0.003 rttvar=0.000 rto=0.025 ready_bytes=10 upcoming_bytes=0 freq=72002308  heater_bed: target=70 temp=46.9 pwm=1.000 sysload=0.96 cputime=3.899 memavail=2531944 print_time=15.641 buffer_time=0.000 print_stall=0 extruder: target=210 temp=211.8 pwm=0.195
Stats 2566397.8: gcodein=0  mcu: mcu_awake=0.001 mcu_task_avg=0.000015 mcu_task_stddev=0.000010 bytes_write=2490 bytes_read=15117 bytes_retransmit=9 bytes_invalid=0 send_seq=266 receive_seq=266 retransmit_seq=2 srtt=0.003 rttvar=0.000 rto=0.025 ready_bytes=0 upcoming_bytes=0 freq=72002304  heater_bed: target=70 temp=47.2 pwm=1.000 sysload=0.96 cputime=3.910 memavail=2527580 print_time=15.641 buffer_time=0.000 print_stall=0 extruder: target=210 temp=212.1 pwm=0.195
Stats 2566398.8: gcodein=0  mcu: mcu_awake=0.001 mcu_task_avg=0.000015 mcu_task_stddev=0.000010 bytes_write=2511 bytes_read=15225 bytes_retransmit=9 bytes_invalid=0 send_seq=268 receive_seq=268 retransmit_seq=2 srtt=0.003 rttvar=0.000 rto=0.025 ready_bytes=0 upcoming_bytes=0 freq=72002303  heater_bed: target=70 temp=47.4 pwm=1.000 sysload=0.96 cputime=3.929 memavail=2524816 print_time=15.641 buffer_time=0.000 print_stall=0 extruder: target=210 temp=212.5 pwm=0.138
Stats 2566399.8: gcodein=0  mcu: mcu_awake=0.001 mcu_task_avg=0.000015 mcu_task_stddev=0.000010 bytes_write=2533 bytes_read=15362 bytes_retransmit=9 bytes_invalid=0 send_seq=270 receive_seq=270 retransmit_seq=2 srtt=0.003 rttvar=0.000 rto=0.025 ready_bytes=0 upcoming_bytes=0 freq=72002306  heater_bed: target=70 temp=47.7 pwm=1.000 sysload=0.96 cputime=3.958 memavail=2526692 print_time=15.641 buffer_time=0.000 print_stall=0 extruder: target=210 temp=212.8 pwm=0.138
Stats 2566400.9: gcodein=0  mcu: mcu_awake=0.001 mcu_task_avg=0.000015 mcu_task_stddev=0.000010 bytes_write=2539 bytes_read=15479 bytes_retransmit=9 bytes_invalid=0 send_seq=271 receive_seq=271 retransmit_seq=2 srtt=0.003 rttvar=0.000 rto=0.025 ready_bytes=0 upcoming_bytes=0 freq=72002314  heater_bed: target=70 temp=47.9 pwm=1.000 sysload=0.96 cputime=3.980 memavail=2525664 print_time=15.641 buffer_time=0.000 print_stall=0 extruder: target=210 temp=213.0 pwm=0.138
Stats 2566401.9: gcodein=0  mcu: mcu_awake=0.001 mcu_task_avg=0.000015 mcu_task_stddev=0.000010 bytes_write=2545 bytes_read=15582 bytes_retransmit=9 bytes_invalid=0 send_seq=272 receive_seq=272 retransmit_seq=2 srtt=0.003 rttvar=0.001 rto=0.025 ready_bytes=0 upcoming_bytes=0 freq=72002313  heater_bed: target=70 temp=48.1 pwm=1.000 sysload=0.96 cputime=4.001 memavail=2525664 print_time=15.641 buffer_time=0.000 print_stall=0 extruder: target=210 temp=213.1 pwm=0.138
Stats 2566402.9: gcodein=0  mcu: mcu_awake=0.001 mcu_task_avg=0.000015 mcu_task_stddev=0.000010 bytes_write=2566 bytes_read=15719 bytes_retransmit=9 bytes_invalid=0 send_seq=274 receive_seq=274 retransmit_seq=2 srtt=0.003 rttvar=0.000 rto=0.025 ready_bytes=0 upcoming_bytes=0 freq=72002313  heater_bed: target=70 temp=48.4 pwm=1.000 sysload=0.96 cputime=4.027 memavail=2523400 print_time=15.641 buffer_time=0.000 print_stall=0 extruder: target=210 temp=213.1 pwm=0.148
Stats 2566403.9: gcodein=0  mcu: mcu_awake=0.001 mcu_task_avg=0.000015 mcu_task_stddev=0.000010 bytes_write=2598 bytes_read=15827 bytes_retransmit=9 bytes_invalid=0 send_seq=276 receive_seq=276 retransmit_seq=2 srtt=0.003 rttvar=0.000 rto=0.025 ready_bytes=0 upcoming_bytes=0 freq=72002316  heater_bed: target=70 temp=48.6 pwm=1.000 sysload=0.88 cputime=4.051 memavail=2523160 print_time=15.641 buffer_time=0.000 print_stall=0 extruder: target=210 temp=213.0 pwm=0.200
Stats 2566404.9: gcodein=0  mcu: mcu_awake=0.001 mcu_task_avg=0.000015 mcu_task_stddev=0.000010 bytes_write=2620 bytes_read=15935 bytes_retransmit=9 bytes_invalid=0 send_seq=278 receive_seq=278 retransmit_seq=2 srtt=0.003 rttvar=0.000 rto=0.025 ready_bytes=0 upcoming_bytes=0 freq=72002323  heater_bed: target=70 temp=48.9 pwm=1.000 sysload=0.88 cputime=4.072 memavail=2523160 print_time=15.641 buffer_time=0.000 print_stall=0 extruder: target=210 temp=212.9 pwm=0.252
Stats 2566405.9: gcodein=0  mcu: mcu_awake=0.001 mcu_task_avg=0.000015 mcu_task_stddev=0.000010 bytes_write=2626 bytes_read=16080 bytes_retransmit=9 bytes_invalid=0 send_seq=279 receive_seq=279 retransmit_seq=2 srtt=0.003 rttvar=0.001 rto=0.025 ready_bytes=0 upcoming_bytes=0 freq=72002324  heater_bed: target=70 temp=49.1 pwm=1.000 sysload=0.88 cputime=4.095 memavail=2523160 print_time=15.641 buffer_time=0.000 print_stall=0 extruder: target=210 temp=212.7 pwm=0.252
Stats 2566406.9: gcodein=0  mcu: mcu_awake=0.001 mcu_task_avg=0.000015 mcu_task_stddev=0.000010 bytes_write=2632 bytes_read=16183 bytes_retransmit=9 bytes_invalid=0 send_seq=280 receive_seq=280 retransmit_seq=2 srtt=0.003 rttvar=0.001 rto=0.025 ready_bytes=0 upcoming_bytes=0 freq=72002322  heater_bed: target=70 temp=49.3 pwm=1.000 sysload=0.88 cputime=4.117 memavail=2524888 print_time=15.641 buffer_time=0.000 print_stall=0 extruder: target=210 temp=212.5 pwm=0.252
Stats 2566407.9: gcodein=0  mcu: mcu_awake=0.001 mcu_task_avg=0.000015 mcu_task_stddev=0.000010 bytes_write=2654 bytes_read=16291 bytes_retransmit=9 bytes_invalid=0 send_seq=282 receive_seq=282 retransmit_seq=2 srtt=0.003 rttvar=0.001 rto=0.025 ready_bytes=0 upcoming_bytes=0 freq=72002319  heater_bed: target=70 temp=49.5 pwm=1.000 sysload=0.88 cputime=4.138 memavail=2530796 print_time=15.641 buffer_time=0.000 print_stall=0 extruder: target=210 temp=212.3 pwm=0.252
Stats 2566408.9: gcodein=0  mcu: mcu_awake=0.001 mcu_task_avg=0.000015 mcu_task_stddev=0.000010 bytes_write=2660 bytes_read=16423 bytes_retransmit=9 bytes_invalid=0 send_seq=283 receive_seq=283 retransmit_seq=2 srtt=0.003 rttvar=0.000 rto=0.025 ready_bytes=11 upcoming_bytes=0 freq=72002317  heater_bed: target=70 temp=49.9 pwm=1.000 sysload=0.89 cputime=4.161 memavail=2530736 print_time=15.641 buffer_time=0.000 print_stall=0 extruder: target=210 temp=212.2 pwm=0.270
Stats 2566409.9: gcodein=0  mcu: mcu_awake=0.001 mcu_task_avg=0.000015 mcu_task_stddev=0.000010 bytes_write=2682 bytes_read=16531 bytes_retransmit=9 bytes_invalid=0 send_seq=285 receive_seq=285 retransmit_seq=2 srtt=0.003 rttvar=0.000 rto=0.025 ready_bytes=0 upcoming_bytes=0 freq=72002314  heater_bed: target=70 temp=50.0 pwm=1.000 sysload=0.89 cputime=4.181 memavail=2530512 print_time=15.641 buffer_time=0.000 print_stall=0 extruder: target=210 temp=212.0 pwm=0.270
Stats 2566410.9: gcodein=0  mcu: mcu_awake=0.001 mcu_task_avg=0.000015 mcu_task_stddev=0.000009 bytes_write=2688 bytes_read=16647 bytes_retransmit=9 bytes_invalid=0 send_seq=286 receive_seq=286 retransmit_seq=2 srtt=0.003 rttvar=0.000 rto=0.025 ready_bytes=0 upcoming_bytes=0 freq=72002311  heater_bed: target=70 temp=50.3 pwm=1.000 sysload=0.89 cputime=4.203 memavail=2528652 print_time=15.641 buffer_time=0.000 print_stall=0 extruder: target=210 temp=212.0 pwm=0.270
Stats 2566411.9: gcodein=0  mcu: mcu_awake=0.001 mcu_task_avg=0.000015 mcu_task_stddev=0.000009 bytes_write=2710 bytes_read=16784 bytes_retransmit=9 bytes_invalid=0 send_seq=288 receive_seq=288 retransmit_seq=2 srtt=0.003 rttvar=0.000 rto=0.025 ready_bytes=0 upcoming_bytes=0 freq=72002310  heater_bed: target=70 temp=50.5 pwm=1.000 sysload=0.89 cputime=4.225 memavail=2528652 print_time=15.641 buffer_time=0.000 print_stall=0 extruder: target=210 temp=211.8 pwm=0.270
Stats 2566412.9: gcodein=0  mcu: mcu_awake=0.001 mcu_task_avg=0.000015 mcu_task_stddev=0.000009 bytes_write=2716 bytes_read=16887 bytes_retransmit=9 bytes_invalid=0 send_seq=289 receive_seq=289 retransmit_seq=2 srtt=0.003 rttvar=0.000 rto=0.025 ready_bytes=0 upcoming_bytes=0 freq=72002308  heater_bed: target=70 temp=50.8 pwm=1.000 sysload=0.89 cputime=4.247 memavail=2528652 print_time=15.641 buffer_time=0.000 print_stall=0 extruder: target=210 temp=211.8 pwm=0.270
Stats 2566413.9: gcodein=0  mcu: mcu_awake=0.001 mcu_task_avg=0.000015 mcu_task_stddev=0.000009 bytes_write=2737 bytes_read=16995 bytes_retransmit=9 bytes_invalid=0 send_seq=291 receive_seq=291 retransmit_seq=2 srtt=0.003 rttvar=0.000 rto=0.025 ready_bytes=0 upcoming_bytes=0 freq=72002308  heater_bed: target=70 temp=51.0 pwm=1.000 sysload=0.98 cputime=4.268 memavail=2528652 print_time=15.641 buffer_time=0.000 print_stall=0 extruder: target=210 temp=211.8 pwm=0.214
Stats 2566414.9: gcodein=0  mcu: mcu_awake=0.001 mcu_task_avg=0.000015 mcu_task_stddev=0.000009 bytes_write=2743 bytes_read=17127 bytes_retransmit=9 bytes_invalid=0 send_seq=292 receive_seq=292 retransmit_seq=2 srtt=0.003 rttvar=0.000 rto=0.025 ready_bytes=0 upcoming_bytes=0 freq=72002308  heater_bed: target=70 temp=51.2 pwm=1.000 sysload=0.98 cputime=4.294 memavail=2528652 print_time=15.641 buffer_time=0.000 print_stall=0 extruder: target=210 temp=211.8 pwm=0.214
Stats 2566415.9: gcodein=0  mcu: mcu_awake=0.001 mcu_task_avg=0.000015 mcu_task_stddev=0.000009 bytes_write=2765 bytes_read=17248 bytes_retransmit=9 bytes_invalid=0 send_seq=294 receive_seq=294 retransmit_seq=2 srtt=0.003 rttvar=0.000 rto=0.025 ready_bytes=0 upcoming_bytes=0 freq=72002310  heater_bed: target=70 temp=51.5 pwm=1.000 sysload=0.98 cputime=4.317 memavail=2528652 print_time=15.641 buffer_time=0.000 print_stall=0 extruder: target=210 temp=211.7 pwm=0.214
Stats 2566416.9: gcodein=0  mcu: mcu_awake=0.001 mcu_task_avg=0.000015 mcu_task_stddev=0.000009 bytes_write=2771 bytes_read=17351 bytes_retransmit=9 bytes_invalid=0 send_seq=295 receive_seq=295 retransmit_seq=2 srtt=0.003 rttvar=0.000 rto=0.025 ready_bytes=0 upcoming_bytes=0 freq=72002312  heater_bed: target=70 temp=51.7 pwm=1.000 sysload=0.98 cputime=4.339 memavail=2533220 print_time=15.641 buffer_time=0.000 print_stall=0 extruder: target=210 temp=211.7 pwm=0.214
Stats 2566417.9: gcodein=0  mcu: mcu_awake=0.001 mcu_task_avg=0.000015 mcu_task_stddev=0.000009 bytes_write=2792 bytes_read=17488 bytes_retransmit=9 bytes_invalid=0 send_seq=297 receive_seq=297 retransmit_seq=2 srtt=0.003 rttvar=0.001 rto=0.025 ready_bytes=0 upcoming_bytes=0 freq=72002311  heater_bed: target=70 temp=51.9 pwm=1.000 sysload=0.98 cputime=4.364 memavail=2533316 print_time=15.641 buffer_time=0.000 print_stall=0 extruder: target=210 temp=211.6 pwm=0.206
Stats 2566418.9: gcodein=0  mcu: mcu_awake=0.001 mcu_task_avg=0.000015 mcu_task_stddev=0.000009 bytes_write=2798 bytes_read=17591 bytes_retransmit=9 bytes_invalid=0 send_seq=298 receive_seq=298 retransmit_seq=2 srtt=0.003 rttvar=0.000 rto=0.025 ready_bytes=0 upcoming_bytes=0 freq=72002318  heater_bed: target=70 temp=52.1 pwm=1.000 sysload=0.90 cputime=4.386 memavail=2533068 print_time=15.641 buffer_time=0.000 print_stall=0 extruder: target=210 temp=211.5 pwm=0.206
Stats 2566419.9: gcodein=0  mcu: mcu_awake=0.001 mcu_task_avg=0.000015 mcu_task_stddev=0.000009 bytes_write=2804 bytes_read=17694 bytes_retransmit=9 bytes_invalid=0 send_seq=299 receive_seq=299 retransmit_seq=2 srtt=0.003 rttvar=0.000 rto=0.025 ready_bytes=0 upcoming_bytes=0 freq=72002315  heater_bed: target=70 temp=52.3 pwm=1.000 sysload=0.90 cputime=4.408 memavail=2532844 print_time=15.641 buffer_time=0.000 print_stall=0 extruder: target=210 temp=211.5 pwm=0.206
Stats 2566420.9: gcodein=0  mcu: mcu_awake=0.001 mcu_task_avg=0.000015 mcu_task_stddev=0.000010 bytes_write=2821 bytes_read=17839 bytes_retransmit=9 bytes_invalid=0 send_seq=300 receive_seq=300 retransmit_seq=2 srtt=0.003 rttvar=0.000 rto=0.025 ready_bytes=0 upcoming_bytes=0 freq=72002315  heater_bed: target=70 temp=52.6 pwm=1.000 sysload=0.90 cputime=4.429 memavail=2531948 print_time=15.641 buffer_time=0.000 print_stall=0 extruder: target=210 temp=211.4 pwm=0.206
Stats 2566421.9: gcodein=0  mcu: mcu_awake=0.001 mcu_task_avg=0.000015 mcu_task_stddev=0.000010 bytes_write=2848 bytes_read=17947 bytes_retransmit=9 bytes_invalid=0 send_seq=303 receive_seq=302 retransmit_seq=2 srtt=0.003 rttvar=0.000 rto=0.025 ready_bytes=0 upcoming_bytes=0 freq=72002313  heater_bed: target=70 temp=52.8 pwm=1.000 sysload=0.90 cputime=4.453 memavail=2531956 print_time=15.641 buffer_time=0.000 print_stall=0 extruder: target=210 temp=211.3 pwm=0.192
Stats 2566422.9: gcodein=0  mcu: mcu_awake=0.001 mcu_task_avg=0.000015 mcu_task_stddev=0.000010 bytes_write=2870 bytes_read=18064 bytes_retransmit=9 bytes_invalid=0 send_seq=305 receive_seq=305 retransmit_seq=2 srtt=0.003 rttvar=0.000 rto=0.025 ready_bytes=0 upcoming_bytes=0 freq=72002315  heater_bed: target=70 temp=53.0 pwm=1.000 sysload=0.90 cputime=4.476 memavail=2531956 print_time=15.641 buffer_time=0.000 print_stall=0 extruder: target=210 temp=211.2 pwm=0.248
Stats 2566423.9: gcodein=0  mcu: mcu_awake=0.001 mcu_task_avg=0.000015 mcu_task_stddev=0.000010 bytes_write=2876 bytes_read=18187 bytes_retransmit=9 bytes_invalid=0 send_seq=306 receive_seq=306 retransmit_seq=2 srtt=0.003 rttvar=0.000 rto=0.025 ready_bytes=0 upcoming_bytes=0 freq=72002311  heater_bed: target=70 temp=53.3 pwm=1.000 sysload=0.91 cputime=4.497 memavail=2531956 print_time=15.641 buffer_time=0.000 print_stall=0 extruder: target=210 temp=211.0 pwm=0.248
Stats 2566424.9: gcodein=0  mcu: mcu_awake=0.001 mcu_task_avg=0.000015 mcu_task_stddev=0.000010 bytes_write=2898 bytes_read=18288 bytes_retransmit=9 bytes_invalid=0 send_seq=308 receive_seq=308 retransmit_seq=2 srtt=0.003 rttvar=0.000 rto=0.025 ready_bytes=0 upcoming_bytes=0 freq=72002310  heater_bed: target=70 temp=53.5 pwm=1.000 sysload=0.91 cputime=4.518 memavail=2531956 print_time=15.641 buffer_time=0.000 print_stall=0 extruder: target=210 temp=210.9 pwm=0.248
Stats 2566425.9: gcodein=0  mcu: mcu_awake=0.001 mcu_task_avg=0.000015 mcu_task_stddev=0.000009 bytes_write=2904 bytes_read=18400 bytes_retransmit=9 bytes_invalid=0 send_seq=309 receive_seq=309 retransmit_seq=2 srtt=0.003 rttvar=0.000 rto=0.025 ready_bytes=0 upcoming_bytes=0 freq=72002310  heater_bed: target=70 temp=53.7 pwm=1.000 sysload=0.91 cputime=4.539 memavail=2531956 print_time=15.641 buffer_time=0.000 print_stall=0 extruder: target=210 temp=210.8 pwm=0.248
Stats 2566426.9: gcodein=0  mcu: mcu_awake=0.001 mcu_task_avg=0.000015 mcu_task_stddev=0.000009 bytes_write=2926 bytes_read=18537 bytes_retransmit=9 bytes_invalid=0 send_seq=311 receive_seq=311 retransmit_seq=2 srtt=0.003 rttvar=0.000 rto=0.025 ready_bytes=0 upcoming_bytes=0 freq=72002306  heater_bed: target=70 temp=54.0 pwm=1.000 sysload=0.91 cputime=4.564 memavail=2531956 print_time=15.641 buffer_time=0.000 print_stall=0 extruder: target=210 temp=210.7 pwm=0.277
Stats 2566427.9: gcodein=0  mcu: mcu_awake=0.001 mcu_task_avg=0.000015 mcu_task_stddev=0.000009 bytes_write=2932 bytes_read=18640 bytes_retransmit=9 bytes_invalid=0 send_seq=312 receive_seq=312 retransmit_seq=2 srtt=0.003 rttvar=0.000 rto=0.025 ready_bytes=0 upcoming_bytes=0 freq=72002303  heater_bed: target=70 temp=54.2 pwm=1.000 sysload=0.91 cputime=4.585 memavail=2531956 print_time=15.641 buffer_time=0.000 print_stall=0 extruder: target=210 temp=210.6 pwm=0.277
Stats 2566428.9: gcodein=0  mcu: mcu_awake=0.001 mcu_task_avg=0.000015 mcu_task_stddev=0.000009 bytes_write=2970 bytes_read=18753 bytes_retransmit=9 bytes_invalid=0 send_seq=315 receive_seq=315 retransmit_seq=2 srtt=0.003 rttvar=0.000 rto=0.025 ready_bytes=0 upcoming_bytes=0 freq=72002306  heater_bed: target=70 temp=54.4 pwm=1.000 sysload=0.84 cputime=4.608 memavail=2531960 print_time=15.641 buffer_time=0.000 print_stall=0 extruder: target=210 temp=210.6 pwm=0.220
Stats 2566429.9: gcodein=0  mcu: mcu_awake=0.001 mcu_task_avg=0.000015 mcu_task_stddev=0.000009 bytes_write=2976 bytes_read=18885 bytes_retransmit=9 bytes_invalid=0 send_seq=316 receive_seq=316 retransmit_seq=2 srtt=0.003 rttvar=0.000 rto=0.025 ready_bytes=0 upcoming_bytes=0 freq=72002305  heater_bed: target=70 temp=54.6 pwm=1.000 sysload=0.84 cputime=4.628 memavail=2529720 print_time=15.641 buffer_time=0.000 print_stall=0 extruder: target=210 temp=210.5 pwm=0.220
Stats 2566430.9: gcodein=0  mcu: mcu_awake=0.001 mcu_task_avg=0.000015 mcu_task_stddev=0.000009 bytes_write=2982 bytes_read=19001 bytes_retransmit=9 bytes_invalid=0 send_seq=317 receive_seq=317 retransmit_seq=2 srtt=0.003 rttvar=0.000 rto=0.025 ready_bytes=0 upcoming_bytes=0 freq=72002302  heater_bed: target=70 temp=54.8 pwm=1.000 sysload=0.84 cputime=4.653 memavail=2529468 print_time=15.641 buffer_time=0.000 print_stall=0 extruder: target=210 temp=210.5 pwm=0.220
Stats 2566431.9: gcodein=0  mcu: mcu_awake=0.001 mcu_task_avg=0.000015 mcu_task_stddev=0.000009 bytes_write=2988 bytes_read=19119 bytes_retransmit=9 bytes_invalid=0 send_seq=318 receive_seq=318 retransmit_seq=2 srtt=0.003 rttvar=0.000 rto=0.025 ready_bytes=0 upcoming_bytes=0 freq=72002298  heater_bed: target=70 temp=55.1 pwm=1.000 sysload=0.84 cputime=4.673 memavail=2529468 print_time=15.641 buffer_time=0.000 print_stall=0 extruder: target=210 temp=210.5 pwm=0.220
Stats 2566432.9: gcodein=0  mcu: mcu_awake=0.001 mcu_task_avg=0.000015 mcu_task_stddev=0.000009 bytes_write=3058 bytes_read=19251 bytes_retransmit=9 bytes_invalid=0 send_seq=323 receive_seq=322 retransmit_seq=2 srtt=0.003 rttvar=0.000 rto=0.025 ready_bytes=0 upcoming_bytes=0 freq=72002296  heater_bed: target=70 temp=55.3 pwm=1.000 sysload=0.84 cputime=4.697 memavail=2529468 print_time=15.641 buffer_time=0.000 print_stall=0 extruder: target=210 temp=210.4 pwm=0.230
Stats 2566433.9: gcodein=0  mcu: mcu_awake=0.001 mcu_task_avg=0.000015 mcu_task_stddev=0.000009 bytes_write=3064 bytes_read=19359 bytes_retransmit=9 bytes_invalid=0 send_seq=324 receive_seq=324 retransmit_seq=2 srtt=0.003 rttvar=0.000 rto=0.025 ready_bytes=0 upcoming_bytes=0 freq=72002294  heater_bed: target=70 temp=55.5 pwm=1.000 sysload=0.77 cputime=4.719 memavail=2529468 print_time=15.641 buffer_time=0.000 print_stall=0 extruder: target=210 temp=210.4 pwm=0.230
Stats 2566434.9: gcodein=0  mcu: mcu_awake=0.001 mcu_task_avg=0.000015 mcu_task_stddev=0.000009 bytes_write=3070 bytes_read=19477 bytes_retransmit=9 bytes_invalid=0 send_seq=325 receive_seq=325 retransmit_seq=2 srtt=0.003 rttvar=0.000 rto=0.025 ready_bytes=0 upcoming_bytes=0 freq=72002294  heater_bed: target=70 temp=55.7 pwm=1.000 sysload=0.77 cputime=4.739 memavail=2529468 print_time=15.641 buffer_time=0.000 print_stall=0 extruder: target=210 temp=210.3 pwm=0.230
Stats 2566435.9: gcodein=0  mcu: mcu_awake=0.001 mcu_task_avg=0.000015 mcu_task_stddev=0.000009 bytes_write=3076 bytes_read=19607 bytes_retransmit=9 bytes_invalid=0 send_seq=326 receive_seq=326 retransmit_seq=2 srtt=0.003 rttvar=0.001 rto=0.025 ready_bytes=0 upcoming_bytes=0 freq=72002292  heater_bed: target=70 temp=55.9 pwm=1.000 sysload=0.77 cputime=4.760 memavail=2529468 print_time=15.641 buffer_time=0.000 print_stall=0 extruder: target=210 temp=210.2 pwm=0.230
Stats 2566436.9: gcodein=0  mcu: mcu_awake=0.001 mcu_task_avg=0.000015 mcu_task_stddev=0.000009 bytes_write=3114 bytes_read=19720 bytes_retransmit=9 bytes_invalid=0 send_seq=329 receive_seq=329 retransmit_seq=2 srtt=0.003 rttvar=0.000 rto=0.025 ready_bytes=0 upcoming_bytes=0 freq=72002289  heater_bed: target=70 temp=56.1 pwm=1.000 sysload=0.77 cputime=4.780 memavail=2529468 print_time=15.641 buffer_time=0.000 print_stall=0 extruder: target=210 temp=210.2 pwm=0.281
Stats 2566437.9: gcodein=0  mcu: mcu_awake=0.001 mcu_task_avg=0.000015 mcu_task_stddev=0.000009 bytes_write=3120 bytes_read=19838 bytes_retransmit=9 bytes_invalid=0 send_seq=330 receive_seq=330 retransmit_seq=2 srtt=0.003 rttvar=0.000 rto=0.025 ready_bytes=0 upcoming_bytes=0 freq=72002286  heater_bed: target=70 temp=56.4 pwm=1.000 sysload=0.77 cputime=4.802 memavail=2529468 print_time=15.641 buffer_time=0.000 print_stall=0 extruder: target=210 temp=210.1 pwm=0.281
Stats 2566438.9: gcodein=0  mcu: mcu_awake=0.001 mcu_task_avg=0.000015 mcu_task_stddev=0.000009 bytes_write=3142 bytes_read=19960 bytes_retransmit=9 bytes_invalid=0 send_seq=332 receive_seq=332 retransmit_seq=2 srtt=0.003 rttvar=0.000 rto=0.025 ready_bytes=0 upcoming_bytes=0 freq=72002284  heater_bed: target=70 temp=56.6 pwm=1.000 sysload=0.71 cputime=4.823 memavail=2533020 print_time=15.641 buffer_time=0.000 print_stall=0 extruder: target=210 temp=210.2 pwm=0.219
Stats 2566439.9: gcodein=0  mcu: mcu_awake=0.001 mcu_task_avg=0.000015 mcu_task_stddev=0.000009 bytes_write=3148 bytes_read=20063 bytes_retransmit=9 bytes_invalid=0 send_seq=333 receive_seq=333 retransmit_seq=2 srtt=0.003 rttvar=0.000 rto=0.025 ready_bytes=0 upcoming_bytes=0 freq=72002282  heater_bed: target=70 temp=56.8 pwm=1.000 sysload=0.71 cputime=4.844 memavail=2533088 print_time=15.641 buffer_time=0.000 print_stall=0 extruder: target=210 temp=210.1 pwm=0.219
Stats 2566440.9: gcodein=0  mcu: mcu_awake=0.001 mcu_task_avg=0.000015 mcu_task_stddev=0.000009 bytes_write=3154 bytes_read=20194 bytes_retransmit=9 bytes_invalid=0 send_seq=334 receive_seq=334 retransmit_seq=2 srtt=0.003 rttvar=0.000 rto=0.025 ready_bytes=11 upcoming_bytes=0 freq=72002279  heater_bed: target=70 temp=57.1 pwm=1.000 sysload=0.71 cputime=4.866 memavail=2532588 print_time=15.641 buffer_time=0.000 print_stall=0 extruder: target=210 temp=210.2 pwm=0.219
Stats 2566441.9: gcodein=0  mcu: mcu_awake=0.001 mcu_task_avg=0.000015 mcu_task_stddev=0.000009 bytes_write=3176 bytes_read=20316 bytes_retransmit=9 bytes_invalid=0 send_seq=336 receive_seq=336 retransmit_seq=2 srtt=0.003 rttvar=0.000 rto=0.025 ready_bytes=0 upcoming_bytes=0 freq=72002277  heater_bed: target=70 temp=57.2 pwm=1.000 sysload=0.71 cputime=4.888 memavail=2532140 print_time=15.641 buffer_time=0.000 print_stall=0 extruder: target=210 temp=210.2 pwm=0.219
Stats 2566442.9: gcodein=0  mcu: mcu_awake=0.001 mcu_task_avg=0.000015 mcu_task_stddev=0.000009 bytes_write=3182 bytes_read=20419 bytes_retransmit=9 bytes_invalid=0 send_seq=337 receive_seq=337 retransmit_seq=2 srtt=0.003 rttvar=0.000 rto=0.025 ready_bytes=0 upcoming_bytes=0 freq=72002277  heater_bed: target=70 temp=57.4 pwm=1.000 sysload=0.71 cputime=4.912 memavail=2532140 print_time=15.641 buffer_time=0.000 print_stall=0 extruder: target=210 temp=210.2 pwm=0.219
Stats 2566443.9: gcodein=0  mcu: mcu_awake=0.001 mcu_task_avg=0.000015 mcu_task_stddev=0.000009 bytes_write=3204 bytes_read=20542 bytes_retransmit=9 bytes_invalid=0 send_seq=339 receive_seq=339 retransmit_seq=2 srtt=0.003 rttvar=0.000 rto=0.025 ready_bytes=0 upcoming_bytes=0 freq=72002279  heater_bed: target=70 temp=57.6 pwm=1.000 sysload=0.73 cputime=4.937 memavail=2532140 print_time=15.641 buffer_time=0.000 print_stall=0 extruder: target=210 temp=210.2 pwm=0.245
Stats 2566444.9: gcodein=0  mcu: mcu_awake=0.001 mcu_task_avg=0.000015 mcu_task_stddev=0.000009 bytes_write=3210 bytes_read=20659 bytes_retransmit=9 bytes_invalid=0 send_seq=340 receive_seq=340 retransmit_seq=2 srtt=0.003 rttvar=0.000 rto=0.025 ready_bytes=0 upcoming_bytes=0 freq=72002279  heater_bed: target=70 temp=57.8 pwm=1.000 sysload=0.73 cputime=4.959 memavail=2532140 print_time=15.641 buffer_time=0.000 print_stall=0 extruder: target=210 temp=210.1 pwm=0.245
Stats 2566445.9: gcodein=0  mcu: mcu_awake=0.001 mcu_task_avg=0.000015 mcu_task_stddev=0.000009 bytes_write=3232 bytes_read=20780 bytes_retransmit=9 bytes_invalid=0 send_seq=342 receive_seq=342 retransmit_seq=2 srtt=0.003 rttvar=0.000 rto=0.025 ready_bytes=0 upcoming_bytes=0 freq=72002281  heater_bed: target=70 temp=58.0 pwm=1.000 sysload=0.73 cputime=4.981 memavail=2532140 print_time=15.641 buffer_time=0.000 print_stall=0 extruder: target=210 temp=210.0 pwm=0.245
Stats 2566446.9: gcodein=0  mcu: mcu_awake=0.001 mcu_task_avg=0.000015 mcu_task_stddev=0.000009 bytes_write=3238 bytes_read=20898 bytes_retransmit=9 bytes_invalid=0 send_seq=343 receive_seq=343 retransmit_seq=2 srtt=0.003 rttvar=0.000 rto=0.025 ready_bytes=0 upcoming_bytes=0 freq=72002278  heater_bed: target=70 temp=58.3 pwm=1.000 sysload=0.73 cputime=5.001 memavail=2532140 print_time=15.641 buffer_time=0.000 print_stall=0 extruder: target=210 temp=210.0 pwm=0.245
Stats 2566447.9: gcodein=0  mcu: mcu_awake=0.001 mcu_task_avg=0.000015 mcu_task_stddev=0.000009 bytes_write=3260 bytes_read=21020 bytes_retransmit=9 bytes_invalid=0 send_seq=345 receive_seq=345 retransmit_seq=2 srtt=0.003 rttvar=0.001 rto=0.025 ready_bytes=0 upcoming_bytes=0 freq=72002276  heater_bed: target=70 temp=58.4 pwm=1.000 sysload=0.73 cputime=5.024 memavail=2532140 print_time=15.641 buffer_time=0.000 print_stall=0 extruder: target=210 temp=210.0 pwm=0.251
Stats 2566448.9: gcodein=0  mcu: mcu_awake=0.001 mcu_task_avg=0.000015 mcu_task_stddev=0.000009 bytes_write=3266 bytes_read=21123 bytes_retransmit=9 bytes_invalid=0 send_seq=346 receive_seq=346 retransmit_seq=2 srtt=0.003 rttvar=0.001 rto=0.025 ready_bytes=0 upcoming_bytes=0 freq=72002274  heater_bed: target=70 temp=58.7 pwm=1.000 sysload=0.83 cputime=5.045 memavail=2532144 print_time=15.641 buffer_time=0.000 print_stall=0 extruder: target=210 temp=210.0 pwm=0.251
Stats 2566449.9: gcodein=0  mcu: mcu_awake=0.001 mcu_task_avg=0.000015 mcu_task_stddev=0.000009 bytes_write=3288 bytes_read=21246 bytes_retransmit=9 bytes_invalid=0 send_seq=348 receive_seq=348 retransmit_seq=2 srtt=0.003 rttvar=0.001 rto=0.025 ready_bytes=0 upcoming_bytes=0 freq=72002272  heater_bed: target=70 temp=58.9 pwm=1.000 sysload=0.83 cputime=5.063 memavail=2532144 print_time=15.641 buffer_time=0.000 print_stall=0 extruder: target=210 temp=210.0 pwm=0.251
Stats 2566450.9: gcodein=0  mcu: mcu_awake=0.001 mcu_task_avg=0.000015 mcu_task_stddev=0.000010 bytes_write=3294 bytes_read=21376 bytes_retransmit=9 bytes_invalid=0 send_seq=349 receive_seq=349 retransmit_seq=2 srtt=0.003 rttvar=0.000 rto=0.025 ready_bytes=0 upcoming_bytes=0 freq=72002271  heater_bed: target=70 temp=59.0 pwm=1.000 sysload=0.83 cputime=5.087 memavail=2532144 print_time=15.641 buffer_time=0.000 print_stall=0 extruder: target=210 temp=209.9 pwm=0.251
Stats 2566451.9: gcodein=0  mcu: mcu_awake=0.001 mcu_task_avg=0.000015 mcu_task_stddev=0.000010 bytes_write=3316 bytes_read=21484 bytes_retransmit=9 bytes_invalid=0 send_seq=351 receive_seq=351 retransmit_seq=2 srtt=0.003 rttvar=0.000 rto=0.025 ready_bytes=0 upcoming_bytes=0 freq=72002270  heater_bed: target=70 temp=59.2 pwm=1.000 sysload=0.83 cputime=5.114 memavail=2531892 print_time=15.641 buffer_time=0.000 print_stall=0 extruder: target=210 temp=210.0 pwm=0.245
Stats 2566452.9: gcodein=0  mcu: mcu_awake=0.001 mcu_task_avg=0.000015 mcu_task_stddev=0.000010 bytes_write=3322 bytes_read=21602 bytes_retransmit=9 bytes_invalid=0 send_seq=352 receive_seq=352 retransmit_seq=2 srtt=0.003 rttvar=0.000 rto=0.025 ready_bytes=0 upcoming_bytes=0 freq=72002272  heater_bed: target=70 temp=59.5 pwm=1.000 sysload=0.83 cputime=5.138 memavail=2531892 print_time=15.641 buffer_time=0.000 print_stall=0 extruder: target=210 temp=210.0 pwm=0.245
Stats 2566453.9: gcodein=0  mcu: mcu_awake=0.001 mcu_task_avg=0.000015 mcu_task_stddev=0.000010 bytes_write=3344 bytes_read=21724 bytes_retransmit=9 bytes_invalid=0 send_seq=354 receive_seq=354 retransmit_seq=2 srtt=0.003 rttvar=0.000 rto=0.025 ready_bytes=0 upcoming_bytes=0 freq=72002270  heater_bed: target=70 temp=59.7 pwm=1.000 sysload=0.85 cputime=5.161 memavail=2530996 print_time=15.641 buffer_time=0.000 print_stall=0 extruder: target=210 temp=210.0 pwm=0.245
Stats 2566454.9: gcodein=0  mcu: mcu_awake=0.001 mcu_task_avg=0.000015 mcu_task_stddev=0.000010 bytes_write=3350 bytes_read=21827 bytes_retransmit=9 bytes_invalid=0 send_seq=355 receive_seq=355 retransmit_seq=2 srtt=0.003 rttvar=0.000 rto=0.025 ready_bytes=0 upcoming_bytes=0 freq=72002269  heater_bed: target=70 temp=59.8 pwm=1.000 sysload=0.85 cputime=5.181 memavail=2530760 print_time=15.641 buffer_time=0.000 print_stall=0 extruder: target=210 temp=210.0 pwm=0.245
Stats 2566455.9: gcodein=0  mcu: mcu_awake=0.001 mcu_task_avg=0.000015 mcu_task_stddev=0.000010 bytes_write=3372 bytes_read=21963 bytes_retransmit=9 bytes_invalid=0 send_seq=357 receive_seq=357 retransmit_seq=2 srtt=0.003 rttvar=0.000 rto=0.025 ready_bytes=0 upcoming_bytes=0 freq=72002268  heater_bed: target=70 temp=60.1 pwm=1.000 sysload=0.85 cputime=5.203 memavail=2530760 print_time=15.641 buffer_time=0.000 print_stall=0 extruder: target=210 temp=210.0 pwm=0.230
Stats 2566456.9: gcodein=0  mcu: mcu_awake=0.001 mcu_task_avg=0.000015 mcu_task_stddev=0.000010 bytes_write=3378 bytes_read=22080 bytes_retransmit=9 bytes_invalid=0 send_seq=358 receive_seq=358 retransmit_seq=2 srtt=0.003 rttvar=0.000 rto=0.025 ready_bytes=0 upcoming_bytes=0 freq=72002267  heater_bed: target=70 temp=60.3 pwm=1.000 sysload=0.85 cputime=5.225 memavail=2530760 print_time=15.641 buffer_time=0.000 print_stall=0 extruder: target=210 temp=210.0 pwm=0.230
Stats 2566457.9: gcodein=0  mcu: mcu_awake=0.001 mcu_task_avg=0.000015 mcu_task_stddev=0.000010 bytes_write=3400 bytes_read=22188 bytes_retransmit=9 bytes_invalid=0 send_seq=360 receive_seq=360 retransmit_seq=2 srtt=0.003 rttvar=0.000 rto=0.025 ready_bytes=0 upcoming_bytes=0 freq=72002265  heater_bed: target=70 temp=60.5 pwm=1.000 sysload=0.85 cputime=5.246 memavail=2530760 print_time=15.641 buffer_time=0.000 print_stall=0 extruder: target=210 temp=210.0 pwm=0.230
Stats 2566458.9: gcodein=0  mcu: mcu_awake=0.001 mcu_task_avg=0.000015 mcu_task_stddev=0.000010 bytes_write=3406 bytes_read=22306 bytes_retransmit=9 bytes_invalid=0 send_seq=361 receive_seq=361 retransmit_seq=2 srtt=0.003 rttvar=0.000 rto=0.025 ready_bytes=0 upcoming_bytes=0 freq=72002264  heater_bed: target=70 temp=60.7 pwm=1.000 sysload=0.78 cputime=5.267 memavail=2529192 print_time=15.641 buffer_time=0.000 print_stall=0 extruder: target=210 temp=210.0 pwm=0.230
Stats 2566459.9: gcodein=0  mcu: mcu_awake=0.001 mcu_task_avg=0.000015 mcu_task_stddev=0.000010 bytes_write=3428 bytes_read=22428 bytes_retransmit=9 bytes_invalid=0 send_seq=363 receive_seq=363 retransmit_seq=2 srtt=0.003 rttvar=0.000 rto=0.025 ready_bytes=0 upcoming_bytes=0 freq=72002262  heater_bed: target=70 temp=60.8 pwm=1.000 sysload=0.78 cputime=5.288 memavail=2529192 print_time=15.641 buffer_time=0.000 print_stall=0 extruder: target=210 temp=210.0 pwm=0.253
Stats 2566460.9: gcodein=0  mcu: mcu_awake=0.001 mcu_task_avg=0.000015 mcu_task_stddev=0.000010 bytes_write=3434 bytes_read=22531 bytes_retransmit=9 bytes_invalid=0 send_seq=364 receive_seq=364 retransmit_seq=2 srtt=0.003 rttvar=0.000 rto=0.025 ready_bytes=0 upcoming_bytes=0 freq=72002261  heater_bed: target=70 temp=61.0 pwm=1.000 sysload=0.78 cputime=5.308 memavail=2529192 print_time=15.641 buffer_time=0.000 print_stall=0 extruder: target=210 temp=210.0 pwm=0.253
Stats 2566461.9: gcodein=0  mcu: mcu_awake=0.001 mcu_task_avg=0.000015 mcu_task_stddev=0.000010 bytes_write=3440 bytes_read=22662 bytes_retransmit=9 bytes_invalid=0 send_seq=365 receive_seq=365 retransmit_seq=2 srtt=0.003 rttvar=0.000 rto=0.025 ready_bytes=11 upcoming_bytes=0 freq=72002268  heater_bed: target=70 temp=61.3 pwm=1.000 sysload=0.78 cputime=5.334 memavail=2528940 print_time=15.641 buffer_time=0.000 print_stall=0 extruder: target=210 temp=210.0 pwm=0.253
Stats 2566462.9: gcodein=0  mcu: mcu_awake=0.001 mcu_task_avg=0.000015 mcu_task_stddev=0.000010 bytes_write=3462 bytes_read=22784 bytes_retransmit=9 bytes_invalid=0 send_seq=367 receive_seq=367 retransmit_seq=2 srtt=0.003 rttvar=0.000 rto=0.025 ready_bytes=0 upcoming_bytes=0 freq=72002266  heater_bed: target=70 temp=61.4 pwm=1.000 sysload=0.78 cputime=5.354 memavail=2528940 print_time=15.641 buffer_time=0.000 print_stall=0 extruder: target=210 temp=210.0 pwm=0.253
Stats 2566463.9: gcodein=0  mcu: mcu_awake=0.001 mcu_task_avg=0.000015 mcu_task_stddev=0.000010 bytes_write=3468 bytes_read=22887 bytes_retransmit=9 bytes_invalid=0 send_seq=368 receive_seq=368 retransmit_seq=2 srtt=0.003 rttvar=0.000 rto=0.025 ready_bytes=0 upcoming_bytes=0 freq=72002265  heater_bed: target=70 temp=61.6 pwm=1.000 sysload=0.80 cputime=5.375 memavail=2529720 print_time=15.641 buffer_time=0.000 print_stall=0 extruder: target=210 temp=210.0 pwm=0.253
Stats 2566464.9: gcodein=0  mcu: mcu_awake=0.001 mcu_task_avg=0.000015 mcu_task_stddev=0.000010 bytes_write=3522 bytes_read=23020 bytes_retransmit=9 bytes_invalid=0 send_seq=372 receive_seq=372 retransmit_seq=2 srtt=0.003 rttvar=0.000 rto=0.025 ready_bytes=0 upcoming_bytes=0 freq=72002267  heater_bed: target=70 temp=61.8 pwm=1.000 sysload=0.80 cputime=5.397 memavail=2529720 print_time=15.641 buffer_time=0.000 print_stall=0 extruder: target=210 temp=210.0 pwm=0.235
Stats 2566465.9: gcodein=0  mcu: mcu_awake=0.001 mcu_task_avg=0.000015 mcu_task_stddev=0.000010 bytes_write=3560 bytes_read=23147 bytes_retransmit=9 bytes_invalid=0 send_seq=375 receive_seq=375 retransmit_seq=2 srtt=0.003 rttvar=0.000 rto=0.025 ready_bytes=0 upcoming_bytes=0 freq=72002268  heater_bed: target=70 temp=62.0 pwm=1.000 sysload=0.80 cputime=5.419 memavail=2529720 print_time=15.641 buffer_time=0.000 print_stall=0 extruder: target=210 temp=210.0 pwm=0.235
Stats 2566466.9: gcodein=0  mcu: mcu_awake=0.001 mcu_task_avg=0.000015 mcu_task_stddev=0.000010 bytes_write=3598 bytes_read=23274 bytes_retransmit=9 bytes_invalid=0 send_seq=378 receive_seq=378 retransmit_seq=2 srtt=0.003 rttvar=0.000 rto=0.025 ready_bytes=0 upcoming_bytes=0 freq=72002269  heater_bed: target=70 temp=62.2 pwm=1.000 sysload=0.80 cputime=5.442 memavail=2529480 print_time=15.641 buffer_time=0.000 print_stall=0 extruder: target=210 temp=210.1 pwm=0.235
Stats 2566467.9: gcodein=0  mcu: mcu_awake=0.001 mcu_task_avg=0.000015 mcu_task_stddev=0.000010 bytes_write=3667 bytes_read=23412 bytes_retransmit=9 bytes_invalid=0 send_seq=383 receive_seq=383 retransmit_seq=2 srtt=0.003 rttvar=0.000 rto=0.025 ready_bytes=0 upcoming_bytes=0 freq=72002268  heater_bed: target=70 temp=62.4 pwm=0.978 sysload=0.80 cputime=5.466 memavail=2529480 print_time=15.641 buffer_time=0.000 print_stall=0 extruder: target=210 temp=210.1 pwm=0.240
Stats 2566468.9: gcodein=0  mcu: mcu_awake=0.001 mcu_task_avg=0.000015 mcu_task_stddev=0.000010 bytes_write=3673 bytes_read=23529 bytes_retransmit=9 bytes_invalid=0 send_seq=384 receive_seq=384 retransmit_seq=2 srtt=0.003 rttvar=0.000 rto=0.025 ready_bytes=0 upcoming_bytes=0 freq=72002267  heater_bed: target=70 temp=62.6 pwm=0.978 sysload=0.73 cputime=5.486 memavail=2529484 print_time=15.641 buffer_time=0.000 print_stall=0 extruder: target=210 temp=210.1 pwm=0.240
Stats 2566469.9: gcodein=0  mcu: mcu_awake=0.001 mcu_task_avg=0.000015 mcu_task_stddev=0.000010 bytes_write=3711 bytes_read=23642 bytes_retransmit=9 bytes_invalid=0 send_seq=387 receive_seq=387 retransmit_seq=2 srtt=0.003 rttvar=0.000 rto=0.025 ready_bytes=0 upcoming_bytes=0 freq=72002268  heater_bed: target=70 temp=62.7 pwm=0.981 sysload=0.73 cputime=5.510 memavail=2529484 print_time=15.641 buffer_time=0.000 print_stall=0 extruder: target=210 temp=210.1 pwm=0.240
Stats 2566470.9: gcodein=0  mcu: mcu_awake=0.001 mcu_task_avg=0.000015 mcu_task_stddev=0.000010 bytes_write=3780 bytes_read=23780 bytes_retransmit=9 bytes_invalid=0 send_seq=392 receive_seq=392 retransmit_seq=2 srtt=0.003 rttvar=0.000 rto=0.025 ready_bytes=0 upcoming_bytes=0 freq=72002267  heater_bed: target=70 temp=62.9 pwm=0.981 sysload=0.73 cputime=5.535 memavail=2529232 print_time=15.641 buffer_time=0.000 print_stall=0 extruder: target=210 temp=210.1 pwm=0.243
Stats 2566471.9: gcodein=0  mcu: mcu_awake=0.002 mcu_task_avg=0.000016 mcu_task_stddev=0.000010 bytes_write=3802 bytes_read=23916 bytes_retransmit=9 bytes_invalid=0 send_seq=394 receive_seq=394 retransmit_seq=2 srtt=0.003 rttvar=0.000 rto=0.025 ready_bytes=0 upcoming_bytes=0 freq=72002265  heater_bed: target=70 temp=63.1 pwm=0.920 sysload=0.73 cputime=5.556 memavail=2528476 print_time=15.641 buffer_time=0.000 print_stall=0 extruder: target=210 temp=210.1 pwm=0.243
Stats 2566472.9: gcodein=0  mcu: mcu_awake=0.002 mcu_task_avg=0.000016 mcu_task_stddev=0.000010 bytes_write=3835 bytes_read=24024 bytes_retransmit=9 bytes_invalid=0 send_seq=396 receive_seq=396 retransmit_seq=2 srtt=0.003 rttvar=0.000 rto=0.025 ready_bytes=0 upcoming_bytes=0 freq=72002265  heater_bed: target=70 temp=63.3 pwm=0.994 sysload=0.73 cputime=5.578 memavail=2528476 print_time=15.641 buffer_time=0.000 print_stall=0 extruder: target=210 temp=210.0 pwm=0.243
Stats 2566473.9: gcodein=0  mcu: mcu_awake=0.002 mcu_task_avg=0.000016 mcu_task_stddev=0.000010 bytes_write=3857 bytes_read=24147 bytes_retransmit=9 bytes_invalid=0 send_seq=398 receive_seq=398 retransmit_seq=2 srtt=0.003 rttvar=0.000 rto=0.025 ready_bytes=11 upcoming_bytes=0 freq=72002264  heater_bed: target=70 temp=63.5 pwm=0.914 sysload=0.83 cputime=5.602 memavail=2528476 print_time=15.641 buffer_time=0.000 print_stall=0 extruder: target=210 temp=210.0 pwm=0.243
Stats 2566474.9: gcodein=0  mcu: mcu_awake=0.002 mcu_task_avg=0.000016 mcu_task_stddev=0.000010 bytes_write=3894 bytes_read=24274 bytes_retransmit=9 bytes_invalid=0 send_seq=401 receive_seq=401 retransmit_seq=2 srtt=0.003 rttvar=0.000 rto=0.025 ready_bytes=0 upcoming_bytes=0 freq=72002271  heater_bed: target=70 temp=63.6 pwm=0.914 sysload=0.83 cputime=5.623 memavail=2528476 print_time=15.641 buffer_time=0.000 print_stall=0 extruder: target=210 temp=210.0 pwm=0.213
Stats 2566475.9: gcodein=0  mcu: mcu_awake=0.002 mcu_task_avg=0.000016 mcu_task_stddev=0.000010 bytes_write=3916 bytes_read=24382 bytes_retransmit=9 bytes_invalid=0 send_seq=403 receive_seq=403 retransmit_seq=2 srtt=0.003 rttvar=0.000 rto=0.025 ready_bytes=0 upcoming_bytes=0 freq=72002267  heater_bed: target=70 temp=63.8 pwm=0.805 sysload=0.83 cputime=5.645 memavail=2528476 print_time=15.641 buffer_time=0.000 print_stall=0 extruder: target=210 temp=210.0 pwm=0.213
Stats 2566476.9: gcodein=0  mcu: mcu_awake=0.001 mcu_task_avg=0.000015 mcu_task_stddev=0.000009 bytes_write=3954 bytes_read=24524 bytes_retransmit=9 bytes_invalid=0 send_seq=406 receive_seq=406 retransmit_seq=2 srtt=0.003 rttvar=0.000 rto=0.025 ready_bytes=11 upcoming_bytes=0 freq=72002265  heater_bed: target=70 temp=64.0 pwm=0.809 sysload=0.83 cputime=5.669 memavail=2528476 print_time=15.641 buffer_time=0.000 print_stall=0 extruder: target=210 temp=210.1 pwm=0.213
Stats 2566477.9: gcodein=0  mcu: mcu_awake=0.001 mcu_task_avg=0.000015 mcu_task_stddev=0.000009 bytes_write=3992 bytes_read=24651 bytes_retransmit=9 bytes_invalid=0 send_seq=409 receive_seq=409 retransmit_seq=2 srtt=0.003 rttvar=0.000 rto=0.025 ready_bytes=0 upcoming_bytes=0 freq=72002263  heater_bed: target=70 temp=64.1 pwm=0.932 sysload=0.83 cputime=5.691 memavail=2528476 print_time=15.641 buffer_time=0.000 print_stall=0 extruder: target=210 temp=210.1 pwm=0.213
Stats 2566478.9: gcodein=0  mcu: mcu_awake=0.001 mcu_task_avg=0.000015 mcu_task_stddev=0.000009 bytes_write=4046 bytes_read=24769 bytes_retransmit=9 bytes_invalid=0 send_seq=413 receive_seq=413 retransmit_seq=2 srtt=0.003 rttvar=0.000 rto=0.025 ready_bytes=0 upcoming_bytes=0 freq=72002261  heater_bed: target=70 temp=64.3 pwm=0.918 sysload=0.85 cputime=5.714 memavail=2528476 print_time=15.641 buffer_time=0.000 print_stall=0 extruder: target=210 temp=210.0 pwm=0.271
Stats 2566479.9: gcodein=0  mcu: mcu_awake=0.001 mcu_task_avg=0.000015 mcu_task_stddev=0.000009 bytes_write=4079 bytes_read=24892 bytes_retransmit=9 bytes_invalid=0 send_seq=415 receive_seq=415 retransmit_seq=2 srtt=0.003 rttvar=0.000 rto=0.025 ready_bytes=11 upcoming_bytes=0 freq=72002260  heater_bed: target=70 temp=64.4 pwm=0.955 sysload=0.85 cputime=5.738 memavail=2528724 print_time=15.641 buffer_time=0.000 print_stall=0 extruder: target=210 temp=210.0 pwm=0.271
Stats 2566480.9: gcodein=0  mcu: mcu_awake=0.001 mcu_task_avg=0.000015 mcu_task_stddev=0.000009 bytes_write=4117 bytes_read=25019 bytes_retransmit=9 bytes_invalid=0 send_seq=418 receive_seq=418 retransmit_seq=2 srtt=0.003 rttvar=0.000 rto=0.025 ready_bytes=0 upcoming_bytes=0 freq=72002257  heater_bed: target=70 temp=64.6 pwm=0.891 sysload=0.85 cputime=5.755 memavail=2519884 print_time=15.641 buffer_time=0.000 print_stall=0 extruder: target=210 temp=210.0 pwm=0.271
Stats 2566481.9: gcodein=0  mcu: mcu_awake=0.002 mcu_task_avg=0.000016 mcu_task_stddev=0.000009 bytes_write=4155 bytes_read=25143 bytes_retransmit=9 bytes_invalid=0 send_seq=421 receive_seq=421 retransmit_seq=2 srtt=0.003 rttvar=0.000 rto=0.025 ready_bytes=0 upcoming_bytes=0 freq=72002257  heater_bed: target=70 temp=64.8 pwm=0.812 sysload=0.85 cputime=5.776 memavail=2519416 print_time=15.641 buffer_time=0.000 print_stall=0 extruder: target=210 temp=209.9 pwm=0.271
Stats 2566482.9: gcodein=0  mcu: mcu_awake=0.002 mcu_task_avg=0.000016 mcu_task_stddev=0.000009 bytes_write=4177 bytes_read=25257 bytes_retransmit=9 bytes_invalid=0 send_seq=423 receive_seq=423 retransmit_seq=2 srtt=0.003 rttvar=0.000 rto=0.025 ready_bytes=11 upcoming_bytes=0 freq=72002253  heater_bed: target=70 temp=64.9 pwm=0.817 sysload=0.85 cputime=5.795 memavail=2519416 print_time=15.641 buffer_time=0.000 print_stall=0 extruder: target=210 temp=209.9 pwm=0.271
Stats 2566483.9: gcodein=0  mcu: mcu_awake=0.002 mcu_task_avg=0.000016 mcu_task_stddev=0.000009 bytes_write=4285 bytes_read=25411 bytes_retransmit=9 bytes_invalid=0 send_seq=431 receive_seq=431 retransmit_seq=2 srtt=0.003 rttvar=0.000 rto=0.025 ready_bytes=0 upcoming_bytes=0 freq=72002247  heater_bed: target=70 temp=65.1 pwm=0.828 sysload=0.94 cputime=5.814 memavail=2519612 print_time=15.641 buffer_time=0.000 print_stall=0 extruder: target=210 temp=210.0 pwm=0.222
Heater heater_bed within range of 70.000
Stats 2566484.9: gcodein=0  mcu: mcu_awake=0.002 mcu_task_avg=0.000016 mcu_task_stddev=0.000009 bytes_write=4323 bytes_read=25517 bytes_retransmit=9 bytes_invalid=0 send_seq=434 receive_seq=434 retransmit_seq=2 srtt=0.003 rttvar=0.000 rto=0.025 ready_bytes=0 upcoming_bytes=0 freq=72002246  heater_bed: target=70 temp=65.2 pwm=0.810 sysload=0.94 cputime=5.836 memavail=2516700 print_time=15.641 buffer_time=0.000 print_stall=0 extruder: target=210 temp=210.0 pwm=0.222
Stats 2566485.9: gcodein=0  mcu: mcu_awake=0.002 mcu_task_avg=0.000016 mcu_task_stddev=0.000009 bytes_write=4356 bytes_read=25638 bytes_retransmit=9 bytes_invalid=0 send_seq=436 receive_seq=436 retransmit_seq=2 srtt=0.003 rttvar=0.000 rto=0.025 ready_bytes=0 upcoming_bytes=0 freq=72002247  heater_bed: target=70 temp=65.4 pwm=0.821 sysload=0.94 cputime=5.856 memavail=2513344 print_time=15.641 buffer_time=0.000 print_stall=0 extruder: target=210 temp=210.0 pwm=0.222
Stats 2566486.9: gcodein=0  mcu: mcu_awake=0.002 mcu_task_avg=0.000016 mcu_task_stddev=0.000009 bytes_write=4394 bytes_read=25779 bytes_retransmit=9 bytes_invalid=0 send_seq=439 receive_seq=439 retransmit_seq=2 srtt=0.003 rttvar=0.000 rto=0.025 ready_bytes=0 upcoming_bytes=0 freq=72002244  heater_bed: target=70 temp=65.5 pwm=0.787 sysload=0.94 cputime=5.875 memavail=2511048 print_time=15.641 buffer_time=0.000 print_stall=0 extruder: target=210 temp=210.0 pwm=0.222
Stats 2566487.9: gcodein=0  mcu: mcu_awake=0.002 mcu_task_avg=0.000016 mcu_task_stddev=0.000009 bytes_write=4416 bytes_read=25887 bytes_retransmit=9 bytes_invalid=0 send_seq=441 receive_seq=441 retransmit_seq=2 srtt=0.003 rttvar=0.000 rto=0.025 ready_bytes=0 upcoming_bytes=0 freq=72002241  heater_bed: target=70 temp=65.6 pwm=0.863 sysload=0.94 cputime=5.888 memavail=2513520 print_time=15.641 buffer_time=0.000 print_stall=0 extruder: target=210 temp=210.0 pwm=0.222
Stats 2566488.9: gcodein=0  mcu: mcu_awake=0.002 mcu_task_avg=0.000016 mcu_task_stddev=0.000009 bytes_write=4453 bytes_read=26029 bytes_retransmit=9 bytes_invalid=0 send_seq=444 receive_seq=444 retransmit_seq=2 srtt=0.003 rttvar=0.000 rto=0.025 ready_bytes=0 upcoming_bytes=0 freq=72002239  heater_bed: target=70 temp=65.8 pwm=0.778 sysload=1.19 cputime=5.902 memavail=2500816 print_time=15.641 buffer_time=0.000 print_stall=0 extruder: target=210 temp=210.0 pwm=0.218
Stats 2566489.9: gcodein=0  mcu: mcu_awake=0.002 mcu_task_avg=0.000016 mcu_task_stddev=0.000009 bytes_write=4475 bytes_read=26137 bytes_retransmit=9 bytes_invalid=0 send_seq=446 receive_seq=446 retransmit_seq=2 srtt=0.003 rttvar=0.000 rto=0.025 ready_bytes=0 upcoming_bytes=0 freq=72002236  heater_bed: target=70 temp=65.9 pwm=0.869 sysload=1.19 cputime=5.915 memavail=2501248 print_time=15.641 buffer_time=0.000 print_stall=0 extruder: target=210 temp=210.0 pwm=0.218
Starting SD card print (position 0)
Stats 2566490.9: gcodein=0  mcu: mcu_awake=0.002 mcu_task_avg=0.000016 mcu_task_stddev=0.000009 bytes_write=4794 bytes_read=26275 bytes_retransmit=9 bytes_invalid=0 send_seq=454 receive_seq=454 retransmit_seq=2 srtt=0.003 rttvar=0.000 rto=0.025 ready_bytes=0 upcoming_bytes=0 freq=72002235 sd_pos=46745 heater_bed: target=70 temp=66.1 pwm=0.578 sysload=1.19 cputime=5.974 memavail=2514512 print_time=187.538 buffer_time=0.000 print_stall=0 extruder: target=210 temp=210.0 pwm=0.218
Stats 2566491.9: gcodein=0  mcu: mcu_awake=0.003 mcu_task_avg=0.000021 mcu_task_stddev=0.000017 bytes_write=5506 bytes_read=26733 bytes_retransmit=9 bytes_invalid=0 send_seq=486 receive_seq=486 retransmit_seq=2 srtt=0.003 rttvar=0.000 rto=0.025 ready_bytes=0 upcoming_bytes=0 freq=72002238 sd_pos=46745 heater_bed: target=70 temp=66.2 pwm=0.512 sysload=1.19 cputime=6.044 memavail=2514024 print_time=188.454 buffer_time=0.000 print_stall=0 extruder: target=210 temp=210.1 pwm=0.218
Stats 2566492.9: gcodein=0  mcu: mcu_awake=0.003 mcu_task_avg=0.000021 mcu_task_stddev=0.000017 bytes_write=6184 bytes_read=27152 bytes_retransmit=9 bytes_invalid=0 send_seq=519 receive_seq=519 retransmit_seq=2 srtt=0.003 rttvar=0.001 rto=0.025 ready_bytes=0 upcoming_bytes=0 freq=72002239 sd_pos=46745 heater_bed: target=70 temp=66.3 pwm=0.695 sysload=1.19 cputime=6.108 memavail=2512472 print_time=189.470 buffer_time=0.000 print_stall=0 extruder: target=210 temp=210.0 pwm=0.235
Stats 2566493.9: gcodein=0  mcu: mcu_awake=0.003 mcu_task_avg=0.000021 mcu_task_stddev=0.000017 bytes_write=6832 bytes_read=27426 bytes_retransmit=9 bytes_invalid=0 send_seq=537 receive_seq=537 retransmit_seq=2 srtt=0.003 rttvar=0.000 rto=0.025 ready_bytes=0 upcoming_bytes=26 freq=72002240 sd_pos=46745 heater_bed: target=70 temp=66.3 pwm=1.000 sysload=1.33 cputime=6.153 memavail=2509312 print_time=190.661 buffer_time=0.397 print_stall=0 extruder: target=210 temp=210.0 pwm=0.235
Stats 2566494.9: gcodein=0  mcu: mcu_awake=0.003 mcu_task_avg=0.000021 mcu_task_stddev=0.000017 bytes_write=6909 bytes_read=27578 bytes_retransmit=9 bytes_invalid=0 send_seq=542 receive_seq=542 retransmit_seq=2 srtt=0.003 rttvar=0.000 rto=0.025 ready_bytes=0 upcoming_bytes=8 freq=72002241 sd_pos=46745 heater_bed: target=70 temp=66.6 pwm=0.658 sysload=1.33 cputime=6.178 memavail=2508936 print_time=190.661 buffer_time=0.000 print_stall=0 extruder: target=210 temp=210.0 pwm=0.235
Stats 2566495.9: gcodein=0  mcu: mcu_awake=0.003 mcu_task_avg=0.000021 mcu_task_stddev=0.000017 bytes_write=7077 bytes_read=27807 bytes_retransmit=9 bytes_invalid=0 send_seq=554 receive_seq=554 retransmit_seq=2 srtt=0.003 rttvar=0.000 rto=0.025 ready_bytes=0 upcoming_bytes=0 freq=72002241 sd_pos=46745 heater_bed: target=70 temp=66.7 pwm=0.804 sysload=1.33 cputime=6.204 memavail=2501840 print_time=192.442 buffer_time=0.000 print_stall=0 extruder: target=210 temp=209.9 pwm=0.297
Stats 2566496.9: gcodein=0  mcu: mcu_awake=0.005 mcu_task_avg=0.000026 mcu_task_stddev=0.000019 bytes_write=7540 bytes_read=28248 bytes_retransmit=9 bytes_invalid=0 send_seq=586 receive_seq=586 retransmit_seq=2 srtt=0.003 rttvar=0.000 rto=0.025 ready_bytes=0 upcoming_bytes=0 freq=72002240 sd_pos=46745 heater_bed: target=70 temp=66.8 pwm=0.804 sysload=1.33 cputime=6.258 memavail=2493432 print_time=193.442 buffer_time=0.000 print_stall=0 extruder: target=210 temp=209.9 pwm=0.297
Stats 2566497.9: gcodein=0  mcu: mcu_awake=0.005 mcu_task_avg=0.000026 mcu_task_stddev=0.000019 bytes_write=7981 bytes_read=28722 bytes_retransmit=9 bytes_invalid=0 send_seq=619 receive_seq=619 retransmit_seq=2 srtt=0.003 rttvar=0.000 rto=0.025 ready_bytes=11 upcoming_bytes=0 freq=72002239 sd_pos=46745 heater_bed: target=70 temp=67.0 pwm=0.542 sysload=1.33 cputime=6.310 memavail=2491668 print_time=194.442 buffer_time=0.000 print_stall=0 extruder: target=210 temp=209.9 pwm=0.241
Stats 2566498.9: gcodein=0  mcu: mcu_awake=0.005 mcu_task_avg=0.000026 mcu_task_stddev=0.000019 bytes_write=8400 bytes_read=29167 bytes_retransmit=9 bytes_invalid=0 send_seq=652 receive_seq=652 retransmit_seq=2 srtt=0.003 rttvar=0.000 rto=0.025 ready_bytes=0 upcoming_bytes=0 freq=72002240 sd_pos=46745 heater_bed: target=70 temp=67.0 pwm=0.769 sysload=1.39 cputime=6.365 memavail=2490916 print_time=195.442 buffer_time=0.000 print_stall=0 extruder: target=210 temp=209.9 pwm=0.241
Stats 2566499.9: gcodein=0  mcu: mcu_awake=0.005 mcu_task_avg=0.000026 mcu_task_stddev=0.000019 bytes_write=8843 bytes_read=29631 bytes_retransmit=9 bytes_invalid=0 send_seq=687 receive_seq=686 retransmit_seq=2 srtt=0.003 rttvar=0.000 rto=0.025 ready_bytes=0 upcoming_bytes=0 freq=72002238 sd_pos=46745 heater_bed: target=70 temp=67.1 pwm=0.691 sysload=1.39 cputime=6.422 memavail=2490692 print_time=196.492 buffer_time=0.000 print_stall=0 extruder: target=210 temp=209.9 pwm=0.241
Stats 2566500.9: gcodein=0  mcu: mcu_awake=0.005 mcu_task_avg=0.000026 mcu_task_stddev=0.000019 bytes_write=9239 bytes_read=30105 bytes_retransmit=9 bytes_invalid=0 send_seq=719 receive_seq=719 retransmit_seq=2 srtt=0.003 rttvar=0.000 rto=0.025 ready_bytes=0 upcoming_bytes=7 freq=72002237 sd_pos=46745 heater_bed: target=70 temp=67.2 pwm=0.777 sysload=1.39 cputime=6.485 memavail=2490692 print_time=197.492 buffer_time=0.000 print_stall=0 extruder: target=210 temp=210.0 pwm=0.241
Stats 2566501.9: gcodein=0  mcu: mcu_awake=0.007 mcu_task_avg=0.000023 mcu_task_stddev=0.000008 bytes_write=9688 bytes_read=30579 bytes_retransmit=9 bytes_invalid=0 send_seq=753 receive_seq=752 retransmit_seq=2 srtt=0.003 rttvar=0.000 rto=0.025 ready_bytes=0 upcoming_bytes=0 freq=72002236 sd_pos=46745 heater_bed: target=70 temp=67.3 pwm=0.924 sysload=1.39 cputime=6.546 memavail=2490200 print_time=198.492 buffer_time=0.000 print_stall=0 extruder: target=210 temp=210.0 pwm=0.241
Stats 2566502.9: gcodein=0  mcu: mcu_awake=0.007 mcu_task_avg=0.000023 mcu_task_stddev=0.000008 bytes_write=10129 bytes_read=31024 bytes_retransmit=9 bytes_invalid=0 send_seq=786 receive_seq=785 retransmit_seq=2 srtt=0.003 rttvar=0.000 rto=0.025 ready_bytes=0 upcoming_bytes=0 freq=72002236 sd_pos=46745 heater_bed: target=70 temp=67.4 pwm=0.738 sysload=1.39 cputime=6.603 memavail=2490200 print_time=199.492 buffer_time=0.000 print_stall=0 extruder: target=210 temp=210.0 pwm=0.239
Stats 2566503.9: gcodein=0  mcu: mcu_awake=0.007 mcu_task_avg=0.000023 mcu_task_stddev=0.000008 bytes_write=10575 bytes_read=31503 bytes_retransmit=9 bytes_invalid=0 send_seq=820 receive_seq=819 retransmit_seq=2 srtt=0.003 rttvar=0.000 rto=0.025 ready_bytes=0 upcoming_bytes=0 freq=72002238 sd_pos=46745 heater_bed: target=70 temp=67.5 pwm=0.737 sysload=1.27 cputime=6.664 memavail=2494016 print_time=200.492 buffer_time=0.000 print_stall=0 extruder: target=210 temp=210.0 pwm=0.239
Stats 2566504.9: gcodein=0  mcu: mcu_awake=0.007 mcu_task_avg=0.000023 mcu_task_stddev=0.000008 bytes_write=11158 bytes_read=31955 bytes_retransmit=9 bytes_invalid=0 send_seq=853 receive_seq=853 retransmit_seq=2 srtt=0.003 rttvar=0.000 rto=0.025 ready_bytes=0 upcoming_bytes=0 freq=72002243 sd_pos=46745 heater_bed: target=70 temp=67.6 pwm=0.737 sysload=1.27 cputime=6.725 memavail=2500740 print_time=201.518 buffer_time=0.000 print_stall=0 extruder: target=210 temp=210.1 pwm=0.239
Stats 2566505.9: gcodein=0  mcu: mcu_awake=0.007 mcu_task_avg=0.000023 mcu_task_stddev=0.000008 bytes_write=11531 bytes_read=32352 bytes_retransmit=9 bytes_invalid=0 send_seq=882 receive_seq=882 retransmit_seq=2 srtt=0.003 rttvar=0.001 rto=0.025 ready_bytes=0 upcoming_bytes=0 freq=72002242 sd_pos=46745 heater_bed: target=70 temp=67.7 pwm=0.606 sysload=1.27 cputime=6.777 memavail=2500516 print_time=202.468 buffer_time=0.000 print_stall=0 extruder: target=210 temp=210.1 pwm=0.239
Stats 2566506.9: gcodein=0  mcu: mcu_awake=0.007 mcu_task_avg=0.000024 mcu_task_stddev=0.000010 bytes_write=11951 bytes_read=32821 bytes_retransmit=9 bytes_invalid=0 send_seq=911 receive_seq=911 retransmit_seq=2 srtt=0.003 rttvar=0.000 rto=0.025 ready_bytes=0 upcoming_bytes=0 freq=72002241 sd_pos=46745 heater_bed: target=70 temp=67.8 pwm=0.637 sysload=1.27 cputime=6.836 memavail=2500292 print_time=203.468 buffer_time=0.000 print_stall=0 extruder: target=210 temp=210.1 pwm=0.218
Stats 2566507.9: gcodein=0  mcu: mcu_awake=0.007 mcu_task_avg=0.000024 mcu_task_stddev=0.000010 bytes_write=12176 bytes_read=33094 bytes_retransmit=9 bytes_invalid=0 send_seq=926 receive_seq=926 retransmit_seq=2 srtt=0.004 rttvar=0.001 rto=0.025 ready_bytes=0 upcoming_bytes=0 freq=72002242 sd_pos=46745 heater_bed: target=70 temp=67.9 pwm=0.694 sysload=1.27 cputime=6.879 memavail=2500948 print_time=203.768 buffer_time=0.000 print_stall=0 extruder: target=210 temp=210.2 pwm=0.218
Stats 2566508.9: gcodein=0  mcu: mcu_awake=0.007 mcu_task_avg=0.000024 mcu_task_stddev=0.000010 bytes_write=12482 bytes_read=33324 bytes_retransmit=9 bytes_invalid=0 send_seq=938 receive_seq=938 retransmit_seq=2 srtt=0.003 rttvar=0.000 rto=0.025 ready_bytes=0 upcoming_bytes=0 freq=72002243 sd_pos=46975 heater_bed: target=70 temp=68.0 pwm=0.772 sysload=1.17 cputime=6.919 memavail=2500948 print_time=205.257 buffer_time=0.000 print_stall=0 extruder: target=150 temp=210.2 pwm=0.000
Stats 2566509.9: gcodein=0  mcu: mcu_awake=0.007 mcu_task_avg=0.000024 mcu_task_stddev=0.000010 bytes_write=12536 bytes_read=33471 bytes_retransmit=9 bytes_invalid=0 send_seq=942 receive_seq=942 retransmit_seq=2 srtt=0.003 rttvar=0.000 rto=0.025 ready_bytes=0 upcoming_bytes=0 freq=72002244 sd_pos=46975 heater_bed: target=70 temp=68.1 pwm=0.678 sysload=1.17 cputime=6.946 memavail=2500948 print_time=205.729 buffer_time=0.000 print_stall=0 extruder: target=150 temp=210.2 pwm=0.000
Stats 2566510.9: gcodein=0  mcu: mcu_awake=0.007 mcu_task_avg=0.000024 mcu_task_stddev=0.000010 bytes_write=12569 bytes_read=33579 bytes_retransmit=9 bytes_invalid=0 send_seq=944 receive_seq=944 retransmit_seq=2 srtt=0.003 rttvar=0.000 rto=0.025 ready_bytes=0 upcoming_bytes=0 freq=72002247 sd_pos=46975 heater_bed: target=70 temp=68.2 pwm=0.644 sysload=1.17 cputime=6.971 memavail=2500948 print_time=206.730 buffer_time=0.000 print_stall=0 extruder: target=150 temp=210.1 pwm=0.000
Stats 2566511.9: gcodein=0  mcu: mcu_awake=0.003 mcu_task_avg=0.000021 mcu_task_stddev=0.000014 bytes_write=12591 bytes_read=33702 bytes_retransmit=9 bytes_invalid=0 send_seq=946 receive_seq=946 retransmit_seq=2 srtt=0.003 rttvar=0.000 rto=0.025 ready_bytes=0 upcoming_bytes=0 freq=72002245 sd_pos=46975 heater_bed: target=70 temp=68.2 pwm=0.703 sysload=1.17 cputime=6.997 memavail=2499940 print_time=207.731 buffer_time=0.000 print_stall=0 extruder: target=150 temp=210.0 pwm=0.000
Stats 2566512.9: gcodein=0  mcu: mcu_awake=0.003 mcu_task_avg=0.000021 mcu_task_stddev=0.000014 bytes_write=12629 bytes_read=33844 bytes_retransmit=9 bytes_invalid=0 send_seq=949 receive_seq=949 retransmit_seq=2 srtt=0.003 rttvar=0.000 rto=0.025 ready_bytes=0 upcoming_bytes=0 freq=72002247 sd_pos=46975 heater_bed: target=70 temp=68.3 pwm=0.690 sysload=1.17 cputime=7.025 memavail=2499944 print_time=208.732 buffer_time=0.000 print_stall=0 extruder: target=150 temp=209.6 pwm=0.000
Stats 2566514.0: gcodein=0  mcu: mcu_awake=0.003 mcu_task_avg=0.000021 mcu_task_stddev=0.000014 bytes_write=12635 bytes_read=33947 bytes_retransmit=9 bytes_invalid=0 send_seq=950 receive_seq=950 retransmit_seq=2 srtt=0.003 rttvar=0.000 rto=0.025 ready_bytes=0 upcoming_bytes=0 freq=72002246 sd_pos=46975 heater_bed: target=70 temp=68.4 pwm=0.690 sysload=1.16 cputime=7.049 memavail=2499944 print_time=209.733 buffer_time=0.000 print_stall=0 extruder: target=150 temp=209.3 pwm=0.000
Stats 2566515.0: gcodein=0  mcu: mcu_awake=0.003 mcu_task_avg=0.000021 mcu_task_stddev=0.000014 bytes_write=12657 bytes_read=34055 bytes_retransmit=9 bytes_invalid=0 send_seq=952 receive_seq=952 retransmit_seq=2 srtt=0.003 rttvar=0.000 rto=0.025 ready_bytes=0 upcoming_bytes=0 freq=72002244 sd_pos=46975 heater_bed: target=70 temp=68.5 pwm=0.594 sysload=1.16 cputime=7.073 memavail=2501752 print_time=210.735 buffer_time=0.000 print_stall=0 extruder: target=150 temp=208.9 pwm=0.000
Stats 2566516.0: gcodein=0  mcu: mcu_awake=0.003 mcu_task_avg=0.000021 mcu_task_stddev=0.000014 bytes_write=12663 bytes_read=34187 bytes_retransmit=9 bytes_invalid=0 send_seq=953 receive_seq=953 retransmit_seq=2 srtt=0.003 rttvar=0.000 rto=0.025 ready_bytes=0 upcoming_bytes=0 freq=72002244 sd_pos=46975 heater_bed: target=70 temp=68.6 pwm=0.594 sysload=1.16 cputime=7.100 memavail=2501752 print_time=211.737 buffer_time=0.000 print_stall=0 extruder: target=150 temp=208.4 pwm=0.000
Stats 2566517.0: gcodein=0  mcu: mcu_awake=0.001 mcu_task_avg=0.000015 mcu_task_stddev=0.000010 bytes_write=12717 bytes_read=34318 bytes_retransmit=9 bytes_invalid=0 send_seq=957 receive_seq=957 retransmit_seq=2 srtt=0.003 rttvar=0.000 rto=0.025 ready_bytes=0 upcoming_bytes=0 freq=72002243 sd_pos=46975 heater_bed: target=70 temp=68.7 pwm=0.571 sysload=1.16 cputime=7.124 memavail=2501752 print_time=212.738 buffer_time=0.000 print_stall=0 extruder: target=150 temp=207.9 pwm=0.000
Stats 2566518.0: gcodein=0  mcu: mcu_awake=0.001 mcu_task_avg=0.000015 mcu_task_stddev=0.000010 bytes_write=12734 bytes_read=34421 bytes_retransmit=9 bytes_invalid=0 send_seq=958 receive_seq=958 retransmit_seq=2 srtt=0.003 rttvar=0.000 rto=0.025 ready_bytes=0 upcoming_bytes=0 freq=72002243 sd_pos=46975 heater_bed: target=70 temp=68.7 pwm=0.661 sysload=1.16 cputime=7.149 memavail=2501752 print_time=213.739 buffer_time=0.000 print_stall=0 extruder: target=150 temp=207.3 pwm=0.000
Stats 2566519.0: gcodein=0  mcu: mcu_awake=0.001 mcu_task_avg=0.000015 mcu_task_stddev=0.000010 bytes_write=12772 bytes_read=34563 bytes_retransmit=9 bytes_invalid=0 send_seq=961 receive_seq=961 retransmit_seq=2 srtt=0.003 rttvar=0.000 rto=0.025 ready_bytes=0 upcoming_bytes=0 freq=72002240 sd_pos=46975 heater_bed: target=70 temp=68.8 pwm=0.639 sysload=1.23 cputime=7.175 memavail=2501500 print_time=214.740 buffer_time=0.000 print_stall=0 extruder: target=150 temp=206.6 pwm=0.000
Stats 2566520.0: gcodein=0  mcu: mcu_awake=0.001 mcu_task_avg=0.000015 mcu_task_stddev=0.000010 bytes_write=12826 bytes_read=34681 bytes_retransmit=9 bytes_invalid=0 send_seq=965 receive_seq=965 retransmit_seq=2 srtt=0.003 rttvar=0.001 rto=0.025 ready_bytes=0 upcoming_bytes=0 freq=72002238 sd_pos=46975 heater_bed: target=70 temp=68.9 pwm=0.598 sysload=1.23 cputime=7.197 memavail=2501312 print_time=215.741 buffer_time=0.000 print_stall=0 extruder: target=150 temp=206.0 pwm=0.000
Stats 2566521.0: gcodein=0  mcu: mcu_awake=0.001 mcu_task_avg=0.000015 mcu_task_stddev=0.000010 bytes_write=12864 bytes_read=34794 bytes_retransmit=9 bytes_invalid=0 send_seq=968 receive_seq=968 retransmit_seq=2 srtt=0.003 rttvar=0.001 rto=0.025 ready_bytes=0 upcoming_bytes=0 freq=72002236 sd_pos=46975 heater_bed: target=70 temp=68.9 pwm=0.670 sysload=1.23 cputime=7.222 memavail=2501312 print_time=216.742 buffer_time=0.000 print_stall=0 extruder: target=150 temp=205.3 pwm=0.000
Stats 2566522.0: gcodein=0  mcu: mcu_awake=0.002 mcu_task_avg=0.000016 mcu_task_stddev=0.000010 bytes_write=12886 bytes_read=34945 bytes_retransmit=9 bytes_invalid=0 send_seq=970 receive_seq=970 retransmit_seq=2 srtt=0.003 rttvar=0.001 rto=0.025 ready_bytes=0 upcoming_bytes=0 freq=72002234 sd_pos=46975 heater_bed: target=70 temp=69.0 pwm=0.546 sysload=1.23 cputime=7.247 memavail=2500320 print_time=217.743 buffer_time=0.000 print_stall=0 extruder: target=150 temp=204.5 pwm=0.000
Stats 2566523.0: gcodein=0  mcu: mcu_awake=0.002 mcu_task_avg=0.000016 mcu_task_stddev=0.000010 bytes_write=12892 bytes_read=35048 bytes_retransmit=9 bytes_invalid=0 send_seq=971 receive_seq=971 retransmit_seq=2 srtt=0.003 rttvar=0.000 rto=0.025 ready_bytes=0 upcoming_bytes=0 freq=72002235 sd_pos=46975 heater_bed: target=70 temp=69.1 pwm=0.546 sysload=1.23 cputime=7.263 memavail=2500216 print_time=218.744 buffer_time=0.000 print_stall=0 extruder: target=150 temp=203.8 pwm=0.000
Algorithm: bicubic.
Default probe count: 15,15.
Adapted probe count: 6,8.
Default mesh bounds: (20.0, 20.0), (185.0, 185.0).
Mesh margin is 0, margin not increased.
Fuzz amount is 0, mesh points not fuzzed.
Adapted mesh bounds: (85.786, 68.969), (134.211, 151.035).
KAMP adjustments successful. Happy KAMPing!
Generating new points...
bed_mesh: generated points
Index |  Tool Adjusted  |   Probe
  0   | (126.8, 73.0)   | (85.8, 69.0)
  1   | (136.5, 73.0)   | (95.5, 69.0)
  2   | (146.1, 73.0)   | (105.1, 69.0)
  3   | (155.8, 73.0)   | (114.8, 69.0)
  4   | (165.5, 73.0)   | (124.5, 69.0)
  5   | (175.2, 73.0)   | (134.2, 69.0)
  6   | (175.2, 84.7)   | (134.2, 80.7)
  7   | (165.5, 84.7)   | (124.5, 80.7)
  8   | (155.8, 84.7)   | (114.8, 80.7)
  9   | (146.1, 84.7)   | (105.1, 80.7)
  10  | (136.5, 84.7)   | (95.5, 80.7)
  11  | (126.8, 84.7)   | (85.8, 80.7)
  12  | (126.8, 96.4)   | (85.8, 92.4)
  13  | (136.5, 96.4)   | (95.5, 92.4)
  14  | (146.1, 96.4)   | (105.1, 92.4)
  15  | (155.8, 96.4)   | (114.8, 92.4)
  16  | (165.5, 96.4)   | (124.5, 92.4)
  17  | (175.2, 96.4)   | (134.2, 92.4)
  18  | (175.2, 108.1)  | (134.2, 104.1)
  19  | (165.5, 108.1)  | (124.5, 104.1)
  20  | (155.8, 108.1)  | (114.8, 104.1)
  21  | (146.1, 108.1)  | (105.1, 104.1)
  22  | (136.5, 108.1)  | (95.5, 104.1)
  23  | (126.8, 108.1)  | (85.8, 104.1)
  24  | (126.8, 119.8)  | (85.8, 115.8)
  25  | (136.5, 119.8)  | (95.5, 115.8)
  26  | (146.1, 119.8)  | (105.1, 115.8)
  27  | (155.8, 119.8)  | (114.8, 115.8)
  28  | (165.5, 119.8)  | (124.5, 115.8)
  29  | (175.2, 119.8)  | (134.2, 115.8)
  30  | (175.2, 131.6)  | (134.2, 127.6)
  31  | (165.5, 131.6)  | (124.5, 127.6)
  32  | (155.8, 131.6)  | (114.8, 127.6)
  33  | (146.1, 131.6)  | (105.1, 127.6)
  34  | (136.5, 131.6)  | (95.5, 127.6)
  35  | (126.8, 131.6)  | (85.8, 127.6)
  36  | (126.8, 143.3)  | (85.8, 139.3)
  37  | (136.5, 143.3)  | (95.5, 139.3)
  38  | (146.1, 143.3)  | (105.1, 139.3)
  39  | (155.8, 143.3)  | (114.8, 139.3)
  40  | (165.5, 143.3)  | (124.5, 139.3)
  41  | (175.2, 143.3)  | (134.2, 139.3)
  42  | (175.2, 155.0)  | (134.2, 151.0)
  43  | (165.5, 155.0)  | (124.5, 151.0)
  44  | (155.8, 155.0)  | (114.8, 151.0)
  45  | (146.1, 155.0)  | (105.1, 151.0)
  46  | (136.5, 155.0)  | (95.5, 151.0)
  47  | (126.8, 155.0)  | (85.8, 151.0)
Updated Mesh Configuration:
x_count: 6
y_count: 8
mesh_x_pps: 2
mesh_y_pps: 2
algo: bicubic
tension: 0.2
Stats 2566524.0: gcodein=0  mcu: mcu_awake=0.002 mcu_task_avg=0.000016 mcu_task_stddev=0.000010 bytes_write=13580 bytes_read=35216 bytes_retransmit=9 bytes_invalid=0 send_seq=985 receive_seq=985 retransmit_seq=2 srtt=0.003 rttvar=0.000 rto=0.025 ready_bytes=0 upcoming_bytes=8 freq=72002236 sd_pos=47017 heater_bed: target=70 temp=69.0 pwm=0.952 sysload=1.29 cputime=7.352 memavail=2500216 print_time=221.144 buffer_time=0.000 print_stall=0 extruder: target=150 temp=203.2 pwm=0.000
Stats 2566525.0: gcodein=0  mcu: mcu_awake=0.002 mcu_task_avg=0.000016 mcu_task_stddev=0.000010 bytes_write=13826 bytes_read=35445 bytes_retransmit=9 bytes_invalid=0 send_seq=997 receive_seq=997 retransmit_seq=2 srtt=0.003 rttvar=0.000 rto=0.025 ready_bytes=0 upcoming_bytes=0 freq=72002238 sd_pos=47017 heater_bed: target=70 temp=69.3 pwm=0.345 sysload=1.29 cputime=7.389 memavail=2500216 print_time=221.494 buffer_time=0.000 print_stall=0 extruder: target=150 temp=202.3 pwm=0.000
probe at 126.782,72.973 is z=1.297500
Stats 2566526.0: gcodein=0  mcu: mcu_awake=0.002 mcu_task_avg=0.000016 mcu_task_stddev=0.000010 bytes_write=14619 bytes_read=35802 bytes_retransmit=9 bytes_invalid=0 send_seq=1027 receive_seq=1026 retransmit_seq=2 srtt=0.003 rttvar=0.000 rto=0.025 ready_bytes=0 upcoming_bytes=0 freq=72002237 sd_pos=47017 heater_bed: target=70 temp=69.2 pwm=0.718 sysload=1.29 cputime=7.448 memavail=2500216 print_time=222.511 buffer_time=0.000 print_stall=0 extruder: target=150 temp=201.7 pwm=0.000
probe at 136.463,72.973 is z=1.222500
Stats 2566527.0: gcodein=0  mcu: mcu_awake=0.005 mcu_task_avg=0.000026 mcu_task_stddev=0.000022 bytes_write=15412 bytes_read=36198 bytes_retransmit=9 bytes_invalid=0 send_seq=1057 receive_seq=1057 retransmit_seq=2 srtt=0.003 rttvar=0.000 rto=0.025 ready_bytes=0 upcoming_bytes=0 freq=72002234 sd_pos=47017 heater_bed: target=70 temp=69.3 pwm=0.602 sysload=1.29 cputime=7.503 memavail=2500216 print_time=223.481 buffer_time=0.000 print_stall=0 extruder: target=150 temp=201.0 pwm=0.000
probe at 146.144,72.973 is z=1.212500
Stats 2566528.0: gcodein=0  mcu: mcu_awake=0.005 mcu_task_avg=0.000026 mcu_task_stddev=0.000022 bytes_write=16195 bytes_read=36579 bytes_retransmit=9 bytes_invalid=0 send_seq=1085 receive_seq=1085 retransmit_seq=2 srtt=0.003 rttvar=0.001 rto=0.025 ready_bytes=0 upcoming_bytes=0 freq=72002232 sd_pos=47017 heater_bed: target=70 temp=69.4 pwm=0.432 sysload=1.29 cputime=7.563 memavail=2499096 print_time=224.502 buffer_time=0.000 print_stall=0 extruder: target=150 temp=200.0 pwm=0.000
probe at 155.825,72.973 is z=1.180000
probe at 165.506,72.973 is z=1.152500
Stats 2566529.0: gcodein=0  mcu: mcu_awake=0.005 mcu_task_avg=0.000026 mcu_task_stddev=0.000022 bytes_write=17199 bytes_read=37014 bytes_retransmit=9 bytes_invalid=0 send_seq=1121 receive_seq=1118 retransmit_seq=2 srtt=0.003 rttvar=0.000 rto=0.025 ready_bytes=90 upcoming_bytes=144 freq=72002233 sd_pos=47017 heater_bed: target=70 temp=69.5 pwm=0.295 sysload=1.18 cputime=7.639 memavail=2499568 print_time=225.999 buffer_time=0.000 print_stall=0 extruder: target=150 temp=199.4 pwm=0.000
probe at 175.187,72.973 is z=1.092500
Stats 2566530.0: gcodein=0  mcu: mcu_awake=0.005 mcu_task_avg=0.000026 mcu_task_stddev=0.000022 bytes_write=18200 bytes_read=37396 bytes_retransmit=9 bytes_invalid=0 send_seq=1152 receive_seq=1152 retransmit_seq=2 srtt=0.003 rttvar=0.000 rto=0.025 ready_bytes=15 upcoming_bytes=0 freq=72002233 sd_pos=47017 heater_bed: target=70 temp=69.5 pwm=0.529 sysload=1.18 cputime=7.697 memavail=2500092 print_time=226.984 buffer_time=0.000 print_stall=0 extruder: target=150 temp=198.8 pwm=0.000
probe at 175.187,84.690 is z=1.087500
Stats 2566531.0: gcodein=0  mcu: mcu_awake=0.005 mcu_task_avg=0.000026 mcu_task_stddev=0.000022 bytes_write=18990 bytes_read=37777 bytes_retransmit=9 bytes_invalid=0 send_seq=1180 receive_seq=1180 retransmit_seq=2 srtt=0.004 rttvar=0.000 rto=0.025 ready_bytes=15 upcoming_bytes=0 freq=72002234 sd_pos=47017 heater_bed: target=70 temp=69.6 pwm=0.558 sysload=1.18 cputime=7.759 memavail=2499840 print_time=227.962 buffer_time=0.000 print_stall=0 extruder: target=150 temp=197.8 pwm=0.000
probe at 165.506,84.690 is z=1.127500
Stats 2566532.0: gcodein=0  mcu: mcu_awake=0.008 mcu_task_avg=0.000029 mcu_task_stddev=0.000022 bytes_write=19745 bytes_read=38134 bytes_retransmit=9 bytes_invalid=0 send_seq=1206 receive_seq=1206 retransmit_seq=2 srtt=0.003 rttvar=0.000 rto=0.025 ready_bytes=15 upcoming_bytes=0 freq=72002236 sd_pos=47017 heater_bed: target=70 temp=69.6 pwm=0.664 sysload=1.18 cputime=7.827 memavail=2498852 print_time=228.937 buffer_time=0.000 print_stall=0 extruder: target=150 temp=197.1 pwm=0.000
probe at 155.825,84.690 is z=1.177500
Stats 2566533.0: gcodein=0  mcu: mcu_awake=0.008 mcu_task_avg=0.000029 mcu_task_stddev=0.000022 bytes_write=20510 bytes_read=38486 bytes_retransmit=9 bytes_invalid=0 send_seq=1234 receive_seq=1234 retransmit_seq=2 srtt=0.003 rttvar=0.001 rto=0.025 ready_bytes=15 upcoming_bytes=0 freq=72002236 sd_pos=47017 heater_bed: target=70 temp=69.7 pwm=0.454 sysload=1.18 cputime=7.885 memavail=2498852 print_time=229.910 buffer_time=0.000 print_stall=0 extruder: target=150 temp=196.5 pwm=0.000
probe at 146.144,84.690 is z=1.212500
Stats 2566534.0: gcodein=0  mcu: mcu_awake=0.008 mcu_task_avg=0.000029 mcu_task_stddev=0.000022 bytes_write=21270 bytes_read=38862 bytes_retransmit=9 bytes_invalid=0 send_seq=1261 receive_seq=1261 retransmit_seq=2 srtt=0.003 rttvar=0.000 rto=0.025 ready_bytes=22 upcoming_bytes=0 freq=72002236 sd_pos=47017 heater_bed: target=70 temp=69.7 pwm=0.564 sysload=1.17 cputime=7.948 memavail=2498852 print_time=230.881 buffer_time=0.000 print_stall=0 extruder: target=150 temp=195.6 pwm=0.000
probe at 136.463,84.690 is z=1.230000
Stats 2566535.0: gcodein=0  mcu: mcu_awake=0.008 mcu_task_avg=0.000029 mcu_task_stddev=0.000022 bytes_write=22022 bytes_read=39204 bytes_retransmit=9 bytes_invalid=0 send_seq=1287 receive_seq=1287 retransmit_seq=2 srtt=0.004 rttvar=0.001 rto=0.025 ready_bytes=22 upcoming_bytes=0 freq=72002238 sd_pos=47017 heater_bed: target=70 temp=69.7 pwm=0.730 sysload=1.17 cputime=8.004 memavail=2498852 print_time=231.851 buffer_time=0.000 print_stall=0 extruder: target=150 temp=194.8 pwm=0.000
probe at 126.782,84.690 is z=1.282500
Stats 2566536.0: gcodein=0  mcu: mcu_awake=0.008 mcu_task_avg=0.000029 mcu_task_stddev=0.000022 bytes_write=22800 bytes_read=39571 bytes_retransmit=9 bytes_invalid=0 send_seq=1315 receive_seq=1315 retransmit_seq=2 srtt=0.003 rttvar=0.000 rto=0.025 ready_bytes=37 upcoming_bytes=0 freq=72002239 sd_pos=47017 heater_bed: target=70 temp=69.8 pwm=0.596 sysload=1.17 cputime=8.063 memavail=2498856 print_time=232.827 buffer_time=0.000 print_stall=0 extruder: target=150 temp=194.3 pwm=0.000
probe at 126.782,96.408 is z=1.260000
Stats 2566537.0: gcodein=0  mcu: mcu_awake=0.008 mcu_task_avg=0.000029 mcu_task_stddev=0.000022 bytes_write=23637 bytes_read=39957 bytes_retransmit=9 bytes_invalid=0 send_seq=1344 receive_seq=1344 retransmit_seq=2 srtt=0.003 rttvar=0.000 rto=0.025 ready_bytes=0 upcoming_bytes=0 freq=72002238 sd_pos=47017 heater_bed: target=70 temp=69.9 pwm=0.618 sysload=1.17 cputime=8.124 memavail=2498856 print_time=233.795 buffer_time=0.000 print_stall=0 extruder: target=150 temp=193.4 pwm=0.000
probe at 136.463,96.408 is z=1.230000
Stats 2566538.0: gcodein=0  mcu: mcu_awake=0.008 mcu_task_avg=0.000029 mcu_task_stddev=0.000022 bytes_write=24418 bytes_read=40314 bytes_retransmit=9 bytes_invalid=0 send_seq=1373 receive_seq=1373 retransmit_seq=2 srtt=0.003 rttvar=0.000 rto=0.025 ready_bytes=0 upcoming_bytes=0 freq=72002238 sd_pos=47017 heater_bed: target=70 temp=69.9 pwm=0.554 sysload=1.17 cputime=8.183 memavail=2499112 print_time=234.765 buffer_time=0.000 print_stall=0 extruder: target=150 temp=192.8 pwm=0.000
probe at 146.144,96.408 is z=1.207500
Stats 2566539.0: gcodein=0  mcu: mcu_awake=0.008 mcu_task_avg=0.000029 mcu_task_stddev=0.000022 bytes_write=25163 bytes_read=40676 bytes_retransmit=9 bytes_invalid=0 send_seq=1400 receive_seq=1400 retransmit_seq=2 srtt=0.003 rttvar=0.001 rto=0.025 ready_bytes=26 upcoming_bytes=0 freq=72002237 sd_pos=47017 heater_bed: target=70 temp=70.0 pwm=0.363 sysload=1.08 cputime=8.245 memavail=2499112 print_time=235.737 buffer_time=0.000 print_stall=0 extruder: target=150 temp=192.0 pwm=0.000
probe at 155.825,96.408 is z=1.165000
Stats 2566540.0: gcodein=0  mcu: mcu_awake=0.008 mcu_task_avg=0.000029 mcu_task_stddev=0.000022 bytes_write=25977 bytes_read=41047 bytes_retransmit=9 bytes_invalid=0 send_seq=1429 receive_seq=1429 retransmit_seq=2 srtt=0.003 rttvar=0.000 rto=0.025 ready_bytes=0 upcoming_bytes=0 freq=72002233 sd_pos=47017 heater_bed: target=70 temp=70.0 pwm=0.490 sysload=1.08 cputime=8.307 memavail=2499128 print_time=236.710 buffer_time=0.000 print_stall=0 extruder: target=150 temp=191.2 pwm=0.000
probe at 165.506,96.408 is z=1.130000
Stats 2566541.0: gcodein=0  mcu: mcu_awake=0.008 mcu_task_avg=0.000029 mcu_task_stddev=0.000022 bytes_write=26712 bytes_read=41384 bytes_retransmit=9 bytes_invalid=0 send_seq=1454 receive_seq=1454 retransmit_seq=2 srtt=0.003 rttvar=0.000 rto=0.025 ready_bytes=15 upcoming_bytes=0 freq=72002230 sd_pos=47017 heater_bed: target=70 temp=70.0 pwm=0.452 sysload=1.08 cputime=8.368 memavail=2499128 print_time=237.685 buffer_time=0.000 print_stall=0 extruder: target=150 temp=190.6 pwm=0.000
probe at 175.187,96.408 is z=1.087500
Stats 2566542.0: gcodein=0  mcu: mcu_awake=0.009 mcu_task_avg=0.000028 mcu_task_stddev=0.000021 bytes_write=27503 bytes_read=41759 bytes_retransmit=9 bytes_invalid=0 send_seq=1483 receive_seq=1483 retransmit_seq=2 srtt=0.003 rttvar=0.000 rto=0.025 ready_bytes=11 upcoming_bytes=0 freq=72002231 sd_pos=47017 heater_bed: target=70 temp=70.0 pwm=0.583 sysload=1.08 cputime=8.428 memavail=2500572 print_time=238.671 buffer_time=0.000 print_stall=0 extruder: target=150 temp=189.9 pwm=0.000
probe at 175.187,108.126 is z=1.115000
Stats 2566543.0: gcodein=0  mcu: mcu_awake=0.009 mcu_task_avg=0.000028 mcu_task_stddev=0.000021 bytes_write=28299 bytes_read=42111 bytes_retransmit=9 bytes_invalid=0 send_seq=1511 receive_seq=1511 retransmit_seq=2 srtt=0.003 rttvar=0.000 rto=0.025 ready_bytes=0 upcoming_bytes=0 freq=72002231 sd_pos=47017 heater_bed: target=70 temp=70.1 pwm=0.471 sysload=1.08 cputime=8.484 memavail=2500668 print_time=239.647 buffer_time=0.000 print_stall=0 extruder: target=150 temp=189.0 pwm=0.000
probe at 165.506,108.126 is z=1.170000
Stats 2566544.0: gcodein=0  mcu: mcu_awake=0.009 mcu_task_avg=0.000028 mcu_task_stddev=0.000021 bytes_write=29066 bytes_read=42445 bytes_retransmit=9 bytes_invalid=0 send_seq=1538 receive_seq=1538 retransmit_seq=2 srtt=0.003 rttvar=0.000 rto=0.025 ready_bytes=0 upcoming_bytes=0 freq=72002231 sd_pos=47017 heater_bed: target=70 temp=70.1 pwm=0.490 sysload=0.99 cputime=8.543 memavail=2500668 print_time=240.620 buffer_time=0.000 print_stall=0 extruder: target=150 temp=188.4 pwm=0.000
probe at 155.825,108.126 is z=1.172500
Stats 2566545.0: gcodein=0  mcu: mcu_awake=0.009 mcu_task_avg=0.000028 mcu_task_stddev=0.000021 bytes_write=29851 bytes_read=42814 bytes_retransmit=9 bytes_invalid=0 send_seq=1567 receive_seq=1567 retransmit_seq=2 srtt=0.003 rttvar=0.000 rto=0.025 ready_bytes=0 upcoming_bytes=0 freq=72002229 sd_pos=47017 heater_bed: target=70 temp=70.2 pwm=0.461 sysload=0.99 cputime=8.605 memavail=2500668 print_time=241.593 buffer_time=0.000 print_stall=0 extruder: target=150 temp=187.8 pwm=0.000
probe at 146.144,108.126 is z=1.202500
Stats 2566546.0: gcodein=0  mcu: mcu_awake=0.009 mcu_task_avg=0.000028 mcu_task_stddev=0.000021 bytes_write=30612 bytes_read=43180 bytes_retransmit=9 bytes_invalid=0 send_seq=1595 receive_seq=1595 retransmit_seq=2 srtt=0.003 rttvar=0.000 rto=0.025 ready_bytes=0 upcoming_bytes=0 freq=72002225 sd_pos=47017 heater_bed: target=70 temp=70.2 pwm=0.562 sysload=0.99 cputime=8.663 memavail=2500668 print_time=242.564 buffer_time=0.000 print_stall=0 extruder: target=150 temp=186.9 pwm=0.000
probe at 136.463,108.126 is z=1.232500
Stats 2566547.0: gcodein=0  mcu: mcu_awake=0.009 mcu_task_avg=0.000029 mcu_task_stddev=0.000023 bytes_write=31406 bytes_read=43547 bytes_retransmit=9 bytes_invalid=0 send_seq=1623 receive_seq=1623 retransmit_seq=2 srtt=0.003 rttvar=0.000 rto=0.025 ready_bytes=0 upcoming_bytes=0 freq=72002222 sd_pos=47017 heater_bed: target=70 temp=70.2 pwm=0.419 sysload=0.99 cputime=8.724 memavail=2500668 print_time=243.534 buffer_time=0.000 print_stall=0 extruder: target=150 temp=186.3 pwm=0.000
probe at 126.782,108.126 is z=1.290000
Stats 2566548.0: gcodein=0  mcu: mcu_awake=0.009 mcu_task_avg=0.000029 mcu_task_stddev=0.000023 bytes_write=32168 bytes_read=43914 bytes_retransmit=9 bytes_invalid=0 send_seq=1651 receive_seq=1651 retransmit_seq=2 srtt=0.003 rttvar=0.000 rto=0.025 ready_bytes=11 upcoming_bytes=0 freq=72002218 sd_pos=47017 heater_bed: target=70 temp=70.3 pwm=0.565 sysload=0.99 cputime=8.783 memavail=2500668 print_time=244.510 buffer_time=0.000 print_stall=0 extruder: target=150 temp=185.7 pwm=0.000
probe at 126.782,119.844 is z=1.295000
Stats 2566549.0: gcodein=0  mcu: mcu_awake=0.009 mcu_task_avg=0.000029 mcu_task_stddev=0.000023 bytes_write=32962 bytes_read=44285 bytes_retransmit=9 bytes_invalid=0 send_seq=1680 receive_seq=1680 retransmit_seq=2 srtt=0.003 rttvar=0.000 rto=0.025 ready_bytes=0 upcoming_bytes=0 freq=72002232 sd_pos=47017 heater_bed: target=70 temp=70.3 pwm=0.608 sysload=0.91 cputime=8.844 memavail=2501964 print_time=245.527 buffer_time=0.000 print_stall=0 extruder: target=150 temp=184.9 pwm=0.000
probe at 136.463,119.844 is z=1.247500
Stats 2566550.0: gcodein=0  mcu: mcu_awake=0.009 mcu_task_avg=0.000029 mcu_task_stddev=0.000023 bytes_write=33762 bytes_read=44637 bytes_retransmit=9 bytes_invalid=0 send_seq=1709 receive_seq=1708 retransmit_seq=2 srtt=0.003 rttvar=0.000 rto=0.025 ready_bytes=0 upcoming_bytes=0 freq=72002231 sd_pos=47017 heater_bed: target=70 temp=70.3 pwm=0.486 sysload=0.91 cputime=8.904 memavail=2502000 print_time=246.546 buffer_time=0.000 print_stall=0 extruder: target=150 temp=184.3 pwm=0.000
probe at 146.144,119.844 is z=1.212500
Stats 2566551.0: gcodein=0  mcu: mcu_awake=0.009 mcu_task_avg=0.000029 mcu_task_stddev=0.000023 bytes_write=34533 bytes_read=45004 bytes_retransmit=9 bytes_invalid=0 send_seq=1736 receive_seq=1736 retransmit_seq=2 srtt=0.003 rttvar=0.000 rto=0.025 ready_bytes=11 upcoming_bytes=0 freq=72002228 sd_pos=47017 heater_bed: target=70 temp=70.3 pwm=0.753 sysload=0.91 cputime=8.965 memavail=2501776 print_time=247.517 buffer_time=0.000 print_stall=0 extruder: target=150 temp=183.7 pwm=0.000
probe at 155.825,119.844 is z=1.187500
Stats 2566552.0: gcodein=0  mcu: mcu_awake=0.008 mcu_task_avg=0.000028 mcu_task_stddev=0.000022 bytes_write=35360 bytes_read=45390 bytes_retransmit=9 bytes_invalid=0 send_seq=1765 receive_seq=1765 retransmit_seq=2 srtt=0.003 rttvar=0.000 rto=0.025 ready_bytes=0 upcoming_bytes=0 freq=72002225 sd_pos=47017 heater_bed: target=70 temp=70.4 pwm=0.336 sysload=0.91 cputime=9.026 memavail=2502040 print_time=248.539 buffer_time=0.000 print_stall=0 extruder: target=150 temp=182.9 pwm=0.000
probe at 165.506,119.844 is z=1.172500
Stats 2566553.0: gcodein=0  mcu: mcu_awake=0.008 mcu_task_avg=0.000028 mcu_task_stddev=0.000022 bytes_write=36138 bytes_read=45737 bytes_retransmit=9 bytes_invalid=0 send_seq=1792 receive_seq=1792 retransmit_seq=2 srtt=0.003 rttvar=0.000 rto=0.025 ready_bytes=0 upcoming_bytes=0 freq=72002227 sd_pos=47017 heater_bed: target=70 temp=70.4 pwm=0.553 sysload=0.91 cputime=9.083 memavail=2501820 print_time=249.512 buffer_time=0.000 print_stall=0 extruder: target=150 temp=182.2 pwm=0.000
probe at 175.187,119.844 is z=1.100000
Stats 2566554.0: gcodein=0  mcu: mcu_awake=0.008 mcu_task_avg=0.000028 mcu_task_stddev=0.000022 bytes_write=36964 bytes_read=46128 bytes_retransmit=9 bytes_invalid=0 send_seq=1822 receive_seq=1822 retransmit_seq=2 srtt=0.003 rttvar=0.001 rto=0.025 ready_bytes=0 upcoming_bytes=0 freq=72002224 sd_pos=47017 heater_bed: target=70 temp=70.5 pwm=0.367 sysload=0.84 cputime=9.140 memavail=2501968 print_time=250.547 buffer_time=0.000 print_stall=0 extruder: target=150 temp=181.6 pwm=0.000
probe at 175.187,131.574 is z=1.137500
Stats 2566555.0: gcodein=0  mcu: mcu_awake=0.008 mcu_task_avg=0.000028 mcu_task_stddev=0.000022 bytes_write=37743 bytes_read=46494 bytes_retransmit=9 bytes_invalid=0 send_seq=1850 receive_seq=1850 retransmit_seq=2 srtt=0.003 rttvar=0.000 rto=0.025 ready_bytes=0 upcoming_bytes=0 freq=72002225 sd_pos=47017 heater_bed: target=70 temp=70.4 pwm=0.588 sysload=0.84 cputime=9.198 memavail=2502072 print_time=251.522 buffer_time=0.000 print_stall=0 extruder: target=150 temp=180.9 pwm=0.000
probe at 165.506,131.574 is z=1.172500
Stats 2566556.0: gcodein=0  mcu: mcu_awake=0.008 mcu_task_avg=0.000028 mcu_task_stddev=0.000022 bytes_write=38523 bytes_read=46836 bytes_retransmit=9 bytes_invalid=0 send_seq=1876 receive_seq=1876 retransmit_seq=2 srtt=0.003 rttvar=0.000 rto=0.025 ready_bytes=0 upcoming_bytes=0 freq=72002224 sd_pos=47017 heater_bed: target=70 temp=70.5 pwm=0.423 sysload=0.84 cputime=9.257 memavail=2502072 print_time=252.545 buffer_time=0.000 print_stall=0 extruder: target=150 temp=180.3 pwm=0.000
probe at 155.825,131.574 is z=1.195000
Stats 2566557.0: gcodein=0  mcu: mcu_awake=0.008 mcu_task_avg=0.000029 mcu_task_stddev=0.000022 bytes_write=39300 bytes_read=47237 bytes_retransmit=9 bytes_invalid=0 send_seq=1905 receive_seq=1905 retransmit_seq=2 srtt=0.003 rttvar=0.001 rto=0.025 ready_bytes=0 upcoming_bytes=0 freq=72002222 sd_pos=47017 heater_bed: target=70 temp=70.5 pwm=0.390 sysload=0.84 cputime=9.317 memavail=2502072 print_time=253.517 buffer_time=0.000 print_stall=0 extruder: target=150 temp=179.7 pwm=0.000
probe at 146.144,131.574 is z=1.232500
Stats 2566558.0: gcodein=0  mcu: mcu_awake=0.008 mcu_task_avg=0.000029 mcu_task_stddev=0.000022 bytes_write=40058 bytes_read=47593 bytes_retransmit=9 bytes_invalid=0 send_seq=1931 receive_seq=1931 retransmit_seq=2 srtt=0.003 rttvar=0.000 rto=0.025 ready_bytes=0 upcoming_bytes=0 freq=72002223 sd_pos=47017 heater_bed: target=70 temp=70.5 pwm=0.505 sysload=0.84 cputime=9.377 memavail=2502072 print_time=254.537 buffer_time=0.000 print_stall=0 extruder: target=150 temp=178.9 pwm=0.000
probe at 136.463,131.574 is z=1.250000
Stats 2566559.0: gcodein=0  mcu: mcu_awake=0.008 mcu_task_avg=0.000029 mcu_task_stddev=0.000022 bytes_write=40866 bytes_read=47959 bytes_retransmit=9 bytes_invalid=0 send_seq=1961 receive_seq=1959 retransmit_seq=2 srtt=0.003 rttvar=0.001 rto=0.025 ready_bytes=0 upcoming_bytes=0 freq=72002221 sd_pos=47017 heater_bed: target=70 temp=70.5 pwm=0.584 sysload=0.77 cputime=9.438 memavail=2503860 print_time=255.556 buffer_time=0.000 print_stall=0 extruder: target=150 temp=178.3 pwm=0.000
probe at 126.782,131.574 is z=1.320000
Stats 2566560.0: gcodein=0  mcu: mcu_awake=0.008 mcu_task_avg=0.000029 mcu_task_stddev=0.000022 bytes_write=41630 bytes_read=48336 bytes_retransmit=9 bytes_invalid=0 send_seq=1989 receive_seq=1989 retransmit_seq=2 srtt=0.003 rttvar=0.000 rto=0.025 ready_bytes=0 upcoming_bytes=0 freq=72002220 sd_pos=47017 heater_bed: target=70 temp=70.6 pwm=0.398 sysload=0.77 cputime=9.494 memavail=2503860 print_time=256.530 buffer_time=0.000 print_stall=0 extruder: target=150 temp=177.8 pwm=0.000
probe at 126.782,143.291 is z=1.340000
Stats 2566561.0: gcodein=0  mcu: mcu_awake=0.008 mcu_task_avg=0.000029 mcu_task_stddev=0.000022 bytes_write=42421 bytes_read=48707 bytes_retransmit=9 bytes_invalid=0 send_seq=2018 receive_seq=2018 retransmit_seq=2 srtt=0.003 rttvar=0.000 rto=0.025 ready_bytes=0 upcoming_bytes=0 freq=72002217 sd_pos=47017 heater_bed: target=70 temp=70.6 pwm=0.518 sysload=0.77 cputime=9.552 memavail=2503864 print_time=257.545 buffer_time=0.000 print_stall=0 extruder: target=150 temp=177.0 pwm=0.000
probe at 136.463,143.291 is z=1.282500
Stats 2566562.0: gcodein=0  mcu: mcu_awake=0.008 mcu_task_avg=0.000029 mcu_task_stddev=0.000022 bytes_write=43214 bytes_read=49098 bytes_retransmit=9 bytes_invalid=0 send_seq=2049 receive_seq=2048 retransmit_seq=2 srtt=0.003 rttvar=0.000 rto=0.025 ready_bytes=0 upcoming_bytes=0 freq=72002214 sd_pos=47017 heater_bed: target=70 temp=70.6 pwm=0.483 sysload=0.77 cputime=9.615 memavail=2502872 print_time=258.562 buffer_time=0.000 print_stall=0 extruder: target=150 temp=176.4 pwm=0.000
probe at 146.144,143.291 is z=1.247500
Stats 2566563.0: gcodein=0  mcu: mcu_awake=0.008 mcu_task_avg=0.000029 mcu_task_stddev=0.000022 bytes_write=44063 bytes_read=49539 bytes_retransmit=9 bytes_invalid=0 send_seq=2083 receive_seq=2082 retransmit_seq=2 srtt=0.004 rttvar=0.001 rto=0.025 ready_bytes=0 upcoming_bytes=0 freq=72002214 sd_pos=47017 heater_bed: target=70 temp=70.6 pwm=0.435 sysload=0.77 cputime=9.680 memavail=2502872 print_time=259.581 buffer_time=0.241 print_stall=0 extruder: target=150 temp=175.8 pwm=0.000
probe at 155.825,143.291 is z=1.212500
probe at 165.506,143.291 is z=1.177500
Stats 2566564.0: gcodein=0  mcu: mcu_awake=0.008 mcu_task_avg=0.000029 mcu_task_stddev=0.000022 bytes_write=45253 bytes_read=49964 bytes_retransmit=9 bytes_invalid=0 send_seq=2119 receive_seq=2119 retransmit_seq=2 srtt=0.003 rttvar=0.000 rto=0.025 ready_bytes=15 upcoming_bytes=0 freq=72002211 sd_pos=47017 heater_bed: target=70 temp=70.6 pwm=0.586 sysload=0.71 cputime=9.747 memavail=2502872 print_time=261.025 buffer_time=0.000 print_stall=0 extruder: target=150 temp=175.1 pwm=0.000
probe at 175.187,143.291 is z=1.150000
Stats 2566565.0: gcodein=0  mcu: mcu_awake=0.008 mcu_task_avg=0.000029 mcu_task_stddev=0.000022 bytes_write=46035 bytes_read=50316 bytes_retransmit=9 bytes_invalid=0 send_seq=2147 receive_seq=2147 retransmit_seq=2 srtt=0.003 rttvar=0.000 rto=0.025 ready_bytes=15 upcoming_bytes=0 freq=72002207 sd_pos=47017 heater_bed: target=70 temp=70.6 pwm=0.563 sysload=0.71 cputime=9.806 memavail=2502872 print_time=262.008 buffer_time=0.000 print_stall=0 extruder: target=150 temp=174.5 pwm=0.000
probe at 175.187,155.009 is z=1.185000
Stats 2566566.0: gcodein=0  mcu: mcu_awake=0.008 mcu_task_avg=0.000029 mcu_task_stddev=0.000022 bytes_write=46819 bytes_read=50688 bytes_retransmit=9 bytes_invalid=0 send_seq=2176 receive_seq=2176 retransmit_seq=2 srtt=0.003 rttvar=0.000 rto=0.025 ready_bytes=22 upcoming_bytes=0 freq=72002206 sd_pos=47017 heater_bed: target=70 temp=70.7 pwm=0.435 sysload=0.71 cputime=9.866 memavail=2502872 print_time=262.980 buffer_time=0.000 print_stall=0 extruder: target=150 temp=174.0 pwm=0.000
probe at 165.506,155.009 is z=1.195000
Stats 2566567.0: gcodein=0  mcu: mcu_awake=0.008 mcu_task_avg=0.000028 mcu_task_stddev=0.000022 bytes_write=47592 bytes_read=51059 bytes_retransmit=9 bytes_invalid=0 send_seq=2202 receive_seq=2202 retransmit_seq=2 srtt=0.003 rttvar=0.000 rto=0.025 ready_bytes=15 upcoming_bytes=0 freq=72002204 sd_pos=47017 heater_bed: target=70 temp=70.6 pwm=0.698 sysload=0.71 cputime=9.926 memavail=2502872 print_time=263.952 buffer_time=0.000 print_stall=0 extruder: target=150 temp=173.2 pwm=0.000
probe at 155.825,155.009 is z=1.217500
Stats 2566568.0: gcodein=0  mcu: mcu_awake=0.008 mcu_task_avg=0.000028 mcu_task_stddev=0.000022 bytes_write=48368 bytes_read=51411 bytes_retransmit=9 bytes_invalid=0 send_seq=2230 receive_seq=2230 retransmit_seq=2 srtt=0.003 rttvar=0.000 rto=0.025 ready_bytes=15 upcoming_bytes=0 freq=72002200 sd_pos=47017 heater_bed: target=70 temp=70.6 pwm=0.613 sysload=0.71 cputime=9.985 memavail=2502872 print_time=264.922 buffer_time=0.000 print_stall=0 extruder: target=150 temp=172.7 pwm=0.000
probe at 146.144,155.009 is z=1.260000
Stats 2566569.0: gcodein=0  mcu: mcu_awake=0.008 mcu_task_avg=0.000028 mcu_task_stddev=0.000022 bytes_write=49117 bytes_read=51773 bytes_retransmit=9 bytes_invalid=0 send_seq=2257 receive_seq=2257 retransmit_seq=2 srtt=0.003 rttvar=0.000 rto=0.025 ready_bytes=33 upcoming_bytes=0 freq=72002199 sd_pos=47017 heater_bed: target=70 temp=70.7 pwm=0.257 sysload=0.65 cputime=10.042 memavail=2502872 print_time=265.891 buffer_time=0.000 print_stall=0 extruder: target=150 temp=172.2 pwm=0.000
probe at 136.463,155.009 is z=1.297500
Stats 2566570.0: gcodein=0  mcu: mcu_awake=0.008 mcu_task_avg=0.000028 mcu_task_stddev=0.000022 bytes_write=49944 bytes_read=52149 bytes_retransmit=9 bytes_invalid=0 send_seq=2287 receive_seq=2287 retransmit_seq=2 srtt=0.003 rttvar=0.001 rto=0.025 ready_bytes=0 upcoming_bytes=0 freq=72002197 sd_pos=47017 heater_bed: target=70 temp=70.7 pwm=0.387 sysload=0.65 cputime=10.103 memavail=2504584 print_time=266.858 buffer_time=0.000 print_stall=0 extruder: target=150 temp=171.4 pwm=0.000
probe at 126.782,155.009 is z=1.367500
Mesh Bed Leveling Complete
save_config: set [bed_mesh default] version = 1
save_config: set [bed_mesh default] points = 
  -0.082500, -0.157500, -0.167500, -0.200000, -0.227500, -0.287500
  -0.097500, -0.150000, -0.167500, -0.202500, -0.252500, -0.292500
  -0.120000, -0.150000, -0.172500, -0.215000, -0.250000, -0.292500
  -0.090000, -0.147500, -0.177500, -0.207500, -0.210000, -0.265000
  -0.085000, -0.132500, -0.167500, -0.192500, -0.207500, -0.280000
  -0.060000, -0.130000, -0.147500, -0.185000, -0.207500, -0.242500
  -0.040000, -0.097500, -0.132500, -0.167500, -0.202500, -0.230000
  -0.012500, -0.082500, -0.120000, -0.162500, -0.185000, -0.195000
save_config: set [bed_mesh default] x_count = 6
save_config: set [bed_mesh default] y_count = 8
save_config: set [bed_mesh default] mesh_x_pps = 2
save_config: set [bed_mesh default] mesh_y_pps = 2
save_config: set [bed_mesh default] algo = bicubic
save_config: set [bed_mesh default] tension = 0.2
save_config: set [bed_mesh default] min_x = 85.786
save_config: set [bed_mesh default] max_x = 134.186
save_config: set [bed_mesh default] min_y = 68.969
save_config: set [bed_mesh default] max_y = 151.009
Bed Mesh state has been saved to profile [default]
for the current session.  The SAVE_CONFIG command will
update the printer config file and restart the printer.
Stats 2566571.0: gcodein=0  mcu: mcu_awake=0.008 mcu_task_avg=0.000028 mcu_task_stddev=0.000022 bytes_write=50454 bytes_read=52476 bytes_retransmit=9 bytes_invalid=0 send_seq=2310 receive_seq=2310 retransmit_seq=2 srtt=0.003 rttvar=0.000 rto=0.025 ready_bytes=16 upcoming_bytes=8 freq=72002193 sd_pos=47017 heater_bed: target=70 temp=70.7 pwm=0.636 sysload=0.65 cputime=10.175 memavail=2503768 print_time=267.664 buffer_time=0.314 print_stall=0 extruder: target=150 temp=170.9 pwm=0.000
Stats 2566572.0: gcodein=0  mcu: mcu_awake=0.008 mcu_task_avg=0.000028 mcu_task_stddev=0.000022 bytes_write=50629 bytes_read=52657 bytes_retransmit=9 bytes_invalid=0 send_seq=2317 receive_seq=2315 retransmit_seq=2 srtt=0.003 rttvar=0.000 rto=0.025 ready_bytes=0 upcoming_bytes=0 freq=72002192 sd_pos=47017 heater_bed: target=70 temp=70.8 pwm=0.365 sysload=0.65 cputime=10.206 memavail=2503544 print_time=267.664 buffer_time=0.000 print_stall=0 extruder: target=150 temp=170.3 pwm=0.000
bed_mesh fade complete: Current Z: 50.0000 fade_target: 0.0000 
Heater extruder approaching new target of 225.000
Stats 2566573.0: gcodein=0  mcu: mcu_awake=0.008 mcu_task_avg=0.000028 mcu_task_stddev=0.000022 bytes_write=51267 bytes_read=52898 bytes_retransmit=9 bytes_invalid=0 send_seq=2332 receive_seq=2332 retransmit_seq=2 srtt=0.003 rttvar=0.000 rto=0.025 ready_bytes=0 upcoming_bytes=0 freq=72002190 sd_pos=47142 heater_bed: target=70 temp=70.8 pwm=0.435 sysload=0.65 cputime=10.258 memavail=2503548 print_time=283.720 buffer_time=14.368 print_stall=0 extruder: target=225 temp=169.6 pwm=1.000
Stats 2566574.0: gcodein=0  mcu: mcu_awake=0.008 mcu_task_avg=0.000028 mcu_task_stddev=0.000022 bytes_write=51305 bytes_read=53011 bytes_retransmit=9 bytes_invalid=0 send_seq=2335 receive_seq=2335 retransmit_seq=2 srtt=0.003 rttvar=0.000 rto=0.025 ready_bytes=0 upcoming_bytes=0 freq=72002187 sd_pos=47142 heater_bed: target=70 temp=70.8 pwm=0.525 sysload=0.60 cputime=10.285 memavail=2503548 print_time=283.720 buffer_time=13.367 print_stall=0 extruder: target=225 temp=169.1 pwm=1.000
Stats 2566575.0: gcodein=0  mcu: mcu_awake=0.008 mcu_task_avg=0.000028 mcu_task_stddev=0.000022 bytes_write=51343 bytes_read=53139 bytes_retransmit=9 bytes_invalid=0 send_seq=2338 receive_seq=2338 retransmit_seq=2 srtt=0.003 rttvar=0.000 rto=0.025 ready_bytes=0 upcoming_bytes=0 freq=72002185 sd_pos=47142 heater_bed: target=70 temp=70.8 pwm=0.335 sysload=0.60 cputime=10.313 memavail=2503324 print_time=283.720 buffer_time=12.365 print_stall=0 extruder: target=225 temp=168.8 pwm=1.000
Stats 2566576.0: gcodein=0  mcu: mcu_awake=0.008 mcu_task_avg=0.000028 mcu_task_stddev=0.000022 bytes_write=51365 bytes_read=53261 bytes_retransmit=9 bytes_invalid=0 send_seq=2340 receive_seq=2340 retransmit_seq=2 srtt=0.003 rttvar=0.000 rto=0.025 ready_bytes=0 upcoming_bytes=0 freq=72002181 sd_pos=47142 heater_bed: target=70 temp=70.8 pwm=0.401 sysload=0.60 cputime=10.339 memavail=2503324 print_time=283.720 buffer_time=11.364 print_stall=0 extruder: target=225 temp=169.0 pwm=1.000
Stats 2566577.0: gcodein=0  mcu: mcu_awake=0.003 mcu_task_avg=0.000020 mcu_task_stddev=0.000018 bytes_write=51430 bytes_read=53394 bytes_retransmit=9 bytes_invalid=0 send_seq=2344 receive_seq=2344 retransmit_seq=2 srtt=0.003 rttvar=0.000 rto=0.025 ready_bytes=0 upcoming_bytes=0 freq=72002180 sd_pos=47142 heater_bed: target=70 temp=70.9 pwm=0.285 sysload=0.60 cputime=10.366 memavail=2503328 print_time=283.720 buffer_time=10.363 print_stall=0 extruder: target=225 temp=169.7 pwm=1.000
Stats 2566578.0: gcodein=0  mcu: mcu_awake=0.003 mcu_task_avg=0.000020 mcu_task_stddev=0.000018 bytes_write=51452 bytes_read=53517 bytes_retransmit=9 bytes_invalid=0 send_seq=2346 receive_seq=2346 retransmit_seq=2 srtt=0.003 rttvar=0.000 rto=0.025 ready_bytes=0 upcoming_bytes=0 freq=72002177 sd_pos=47142 heater_bed: target=70 temp=70.9 pwm=0.368 sysload=0.60 cputime=10.392 memavail=2503104 print_time=283.720 buffer_time=9.362 print_stall=0 extruder: target=225 temp=170.7 pwm=1.000
Stats 2566579.0: gcodein=0  mcu: mcu_awake=0.003 mcu_task_avg=0.000020 mcu_task_stddev=0.000018 bytes_write=51490 bytes_read=53644 bytes_retransmit=9 bytes_invalid=0 send_seq=2349 receive_seq=2349 retransmit_seq=2 srtt=0.003 rttvar=0.000 rto=0.025 ready_bytes=0 upcoming_bytes=0 freq=72002176 sd_pos=47142 heater_bed: target=70 temp=70.9 pwm=0.376 sysload=0.55 cputime=10.418 memavail=2503104 print_time=283.720 buffer_time=8.361 print_stall=0 extruder: target=225 temp=172.5 pwm=1.000
Stats 2566580.0: gcodein=0  mcu: mcu_awake=0.003 mcu_task_avg=0.000020 mcu_task_stddev=0.000018 bytes_write=51496 bytes_read=53747 bytes_retransmit=9 bytes_invalid=0 send_seq=2350 receive_seq=2350 retransmit_seq=2 srtt=0.003 rttvar=0.000 rto=0.025 ready_bytes=0 upcoming_bytes=0 freq=72002176 sd_pos=47142 heater_bed: target=70 temp=70.9 pwm=0.376 sysload=0.55 cputime=10.441 memavail=2506840 print_time=283.720 buffer_time=7.360 print_stall=0 extruder: target=225 temp=174.1 pwm=1.000
Stats 2566581.0: gcodein=0  mcu: mcu_awake=0.003 mcu_task_avg=0.000020 mcu_task_stddev=0.000018 bytes_write=51566 bytes_read=53899 bytes_retransmit=9 bytes_invalid=0 send_seq=2355 receive_seq=2355 retransmit_seq=2 srtt=0.003 rttvar=0.000 rto=0.025 ready_bytes=0 upcoming_bytes=0 freq=72002174 sd_pos=47142 heater_bed: target=70 temp=70.9 pwm=0.297 sysload=0.55 cputime=10.469 memavail=2503772 print_time=283.720 buffer_time=6.358 print_stall=0 extruder: target=225 temp=176.6 pwm=1.000
Stats 2566582.0: gcodein=0  mcu: mcu_awake=0.003 mcu_task_avg=0.000020 mcu_task_stddev=0.000018 bytes_write=51588 bytes_read=54007 bytes_retransmit=9 bytes_invalid=0 send_seq=2357 receive_seq=2357 retransmit_seq=2 srtt=0.003 rttvar=0.000 rto=0.025 ready_bytes=0 upcoming_bytes=0 freq=72002176 sd_pos=47142 heater_bed: target=70 temp=70.9 pwm=0.359 sysload=0.55 cputime=10.494 memavail=2501952 print_time=283.720 buffer_time=5.357 print_stall=0 extruder: target=225 temp=178.6 pwm=1.000
Stats 2566583.0: gcodein=0  mcu: mcu_awake=0.001 mcu_task_avg=0.000015 mcu_task_stddev=0.000009 bytes_write=51594 bytes_read=54124 bytes_retransmit=9 bytes_invalid=0 send_seq=2358 receive_seq=2358 retransmit_seq=2 srtt=0.004 rttvar=0.001 rto=0.025 ready_bytes=0 upcoming_bytes=0 freq=72002175 sd_pos=47142 heater_bed: target=70 temp=70.9 pwm=0.359 sysload=0.55 cputime=10.521 memavail=2501952 print_time=283.720 buffer_time=4.356 print_stall=0 extruder: target=225 temp=180.8 pwm=1.000
Stats 2566584.0: gcodein=0  mcu: mcu_awake=0.001 mcu_task_avg=0.000015 mcu_task_stddev=0.000009 bytes_write=51648 bytes_read=54271 bytes_retransmit=9 bytes_invalid=0 send_seq=2362 receive_seq=2362 retransmit_seq=2 srtt=0.003 rttvar=0.000 rto=0.025 ready_bytes=0 upcoming_bytes=0 freq=72002172 sd_pos=47142 heater_bed: target=70 temp=70.8 pwm=0.629 sysload=0.59 cputime=10.550 memavail=2501728 print_time=283.720 buffer_time=3.356 print_stall=0 extruder: target=225 temp=183.8 pwm=1.000
Stats 2566585.0: gcodein=0  mcu: mcu_awake=0.001 mcu_task_avg=0.000015 mcu_task_stddev=0.000009 bytes_write=51716 bytes_read=54394 bytes_retransmit=9 bytes_invalid=0 send_seq=2367 receive_seq=2367 retransmit_seq=2 srtt=0.003 rttvar=0.000 rto=0.025 ready_bytes=0 upcoming_bytes=0 freq=72002173 sd_pos=47142 heater_bed: target=70 temp=70.9 pwm=0.311 sysload=0.59 cputime=10.575 memavail=2501504 print_time=283.720 buffer_time=2.355 print_stall=0 extruder: target=225 temp=186.1 pwm=1.000
Stats 2566586.0: gcodein=0  mcu: mcu_awake=0.001 mcu_task_avg=0.000015 mcu_task_stddev=0.000009 bytes_write=51754 bytes_read=54507 bytes_retransmit=9 bytes_invalid=0 send_seq=2370 receive_seq=2370 retransmit_seq=2 srtt=0.003 rttvar=0.000 rto=0.025 ready_bytes=0 upcoming_bytes=0 freq=72002173 sd_pos=47142 heater_bed: target=70 temp=70.9 pwm=0.259 sysload=0.59 cputime=10.604 memavail=2501280 print_time=283.720 buffer_time=1.354 print_stall=0 extruder: target=225 temp=188.5 pwm=1.000
Stats 2566587.0: gcodein=0  mcu: mcu_awake=0.001 mcu_task_avg=0.000015 mcu_task_stddev=0.000009 bytes_write=51789 bytes_read=54649 bytes_retransmit=9 bytes_invalid=0 send_seq=2373 receive_seq=2373 retransmit_seq=2 srtt=0.003 rttvar=0.000 rto=0.025 ready_bytes=0 upcoming_bytes=0 freq=72002169 sd_pos=47142 heater_bed: target=70 temp=71.0 pwm=0.000 sysload=0.59 cputime=10.629 memavail=2501280 print_time=283.720 buffer_time=0.353 print_stall=0 extruder: target=225 temp=191.7 pwm=1.000
Stats 2566588.0: gcodein=0  mcu: mcu_awake=0.002 mcu_task_avg=0.000016 mcu_task_stddev=0.000010 bytes_write=51942 bytes_read=54786 bytes_retransmit=9 bytes_invalid=0 send_seq=2378 receive_seq=2378 retransmit_seq=2 srtt=0.003 rttvar=0.000 rto=0.025 ready_bytes=0 upcoming_bytes=0 freq=72002167 sd_pos=47142 heater_bed: target=70 temp=71.0 pwm=0.268 sysload=0.59 cputime=10.658 memavail=2501284 print_time=283.720 buffer_time=0.000 print_stall=0 extruder: target=225 temp=194.1 pwm=1.000
Stats 2566589.0: gcodein=0  mcu: mcu_awake=0.002 mcu_task_avg=0.000016 mcu_task_stddev=0.000010 bytes_write=51964 bytes_read=54894 bytes_retransmit=9 bytes_invalid=0 send_seq=2380 receive_seq=2380 retransmit_seq=2 srtt=0.003 rttvar=0.000 rto=0.025 ready_bytes=0 upcoming_bytes=0 freq=72002170 sd_pos=47142 heater_bed: target=70 temp=71.0 pwm=0.368 sysload=0.62 cputime=10.684 memavail=2501284 print_time=284.637 buffer_time=0.000 print_stall=0 extruder: target=225 temp=196.5 pwm=1.000
Stats 2566590.0: gcodein=0  mcu: mcu_awake=0.002 mcu_task_avg=0.000016 mcu_task_stddev=0.000010 bytes_write=52050 bytes_read=55051 bytes_retransmit=9 bytes_invalid=0 send_seq=2386 receive_seq=2386 retransmit_seq=2 srtt=0.003 rttvar=0.000 rto=0.025 ready_bytes=0 upcoming_bytes=0 freq=72002165 sd_pos=47142 heater_bed: target=70 temp=71.0 pwm=0.297 sysload=0.62 cputime=10.714 memavail=2509132 print_time=285.638 buffer_time=0.000 print_stall=0 extruder: target=225 temp=199.8 pwm=1.000
Stats 2566591.0: gcodein=0  mcu: mcu_awake=0.002 mcu_task_avg=0.000016 mcu_task_stddev=0.000010 bytes_write=52083 bytes_read=55159 bytes_retransmit=9 bytes_invalid=0 send_seq=2388 receive_seq=2388 retransmit_seq=2 srtt=0.003 rttvar=0.000 rto=0.025 ready_bytes=0 upcoming_bytes=0 freq=72002163 sd_pos=47142 heater_bed: target=70 temp=70.9 pwm=0.420 sysload=0.62 cputime=10.739 memavail=2508460 print_time=286.639 buffer_time=0.000 print_stall=0 extruder: target=225 temp=202.3 pwm=1.000
Stats 2566592.0: gcodein=0  mcu: mcu_awake=0.002 mcu_task_avg=0.000016 mcu_task_stddev=0.000010 bytes_write=52137 bytes_read=55277 bytes_retransmit=9 bytes_invalid=0 send_seq=2392 receive_seq=2392 retransmit_seq=2 srtt=0.003 rttvar=0.000 rto=0.025 ready_bytes=0 upcoming_bytes=0 freq=72002157 sd_pos=47142 heater_bed: target=70 temp=71.0 pwm=0.339 sysload=0.62 cputime=10.763 memavail=2508236 print_time=287.640 buffer_time=0.000 print_stall=0 extruder: target=225 temp=204.7 pwm=1.000
Stats 2566593.0: gcodein=0  mcu: mcu_awake=0.002 mcu_task_avg=0.000017 mcu_task_stddev=0.000013 bytes_write=52223 bytes_read=55448 bytes_retransmit=9 bytes_invalid=0 send_seq=2398 receive_seq=2398 retransmit_seq=2 srtt=0.003 rttvar=0.000 rto=0.025 ready_bytes=11 upcoming_bytes=0 freq=72002155 sd_pos=47142 heater_bed: target=70 temp=71.0 pwm=0.298 sysload=0.62 cputime=10.790 memavail=2508236 print_time=288.641 buffer_time=0.000 print_stall=0 extruder: target=225 temp=208.0 pwm=0.746
Stats 2566594.0: gcodein=0  mcu: mcu_awake=0.002 mcu_task_avg=0.000017 mcu_task_stddev=0.000013 bytes_write=52325 bytes_read=55581 bytes_retransmit=9 bytes_invalid=0 send_seq=2405 receive_seq=2405 retransmit_seq=2 srtt=0.003 rttvar=0.000 rto=0.025 ready_bytes=0 upcoming_bytes=0 freq=72002152 sd_pos=47142 heater_bed: target=70 temp=71.0 pwm=0.374 sysload=0.57 cputime=10.819 memavail=2513824 print_time=289.642 buffer_time=0.000 print_stall=0 extruder: target=225 temp=210.3 pwm=0.630
Stats 2566595.0: gcodein=0  mcu: mcu_awake=0.002 mcu_task_avg=0.000017 mcu_task_stddev=0.000013 bytes_write=52358 bytes_read=55689 bytes_retransmit=9 bytes_invalid=0 send_seq=2407 receive_seq=2407 retransmit_seq=2 srtt=0.003 rttvar=0.000 rto=0.025 ready_bytes=0 upcoming_bytes=0 freq=72002149 sd_pos=47142 heater_bed: target=70 temp=71.0 pwm=0.264 sysload=0.57 cputime=10.843 memavail=2513824 print_time=290.643 buffer_time=0.000 print_stall=0 extruder: target=225 temp=212.7 pwm=0.547
Stats 2566596.0: gcodein=0  mcu: mcu_awake=0.002 mcu_task_avg=0.000017 mcu_task_stddev=0.000013 bytes_write=52412 bytes_read=55836 bytes_retransmit=9 bytes_invalid=0 send_seq=2411 receive_seq=2411 retransmit_seq=2 srtt=0.003 rttvar=0.000 rto=0.025 ready_bytes=0 upcoming_bytes=0 freq=72002146 sd_pos=47142 heater_bed: target=70 temp=71.0 pwm=0.341 sysload=0.57 cputime=10.871 memavail=2513824 print_time=291.644 buffer_time=0.000 print_stall=0 extruder: target=225 temp=215.6 pwm=0.345
Stats 2566597.0: gcodein=0  mcu: mcu_awake=0.002 mcu_task_avg=0.000017 mcu_task_stddev=0.000013 bytes_write=52450 bytes_read=55949 bytes_retransmit=9 bytes_invalid=0 send_seq=2414 receive_seq=2414 retransmit_seq=2 srtt=0.003 rttvar=0.000 rto=0.025 ready_bytes=0 upcoming_bytes=0 freq=72002142 sd_pos=47142 heater_bed: target=70 temp=71.0 pwm=0.452 sysload=0.57 cputime=10.898 memavail=2513824 print_time=292.645 buffer_time=0.000 print_stall=0 extruder: target=225 temp=217.7 pwm=0.266
Stats 2566598.0: gcodein=0  mcu: mcu_awake=0.002 mcu_task_avg=0.000016 mcu_task_stddev=0.000009 bytes_write=52467 bytes_read=56066 bytes_retransmit=9 bytes_invalid=0 send_seq=2415 receive_seq=2415 retransmit_seq=2 srtt=0.003 rttvar=0.000 rto=0.025 ready_bytes=0 upcoming_bytes=0 freq=72002141 sd_pos=47142 heater_bed: target=70 temp=71.0 pwm=0.303 sysload=0.57 cputime=10.924 memavail=2513824 print_time=293.646 buffer_time=0.000 print_stall=0 extruder: target=225 temp=219.4 pwm=0.266
Stats 2566599.0: gcodein=0  mcu: mcu_awake=0.002 mcu_task_avg=0.000016 mcu_task_stddev=0.000009 bytes_write=52489 bytes_read=56203 bytes_retransmit=9 bytes_invalid=0 send_seq=2417 receive_seq=2417 retransmit_seq=2 srtt=0.003 rttvar=0.000 rto=0.025 ready_bytes=0 upcoming_bytes=0 freq=72002138 sd_pos=47142 heater_bed: target=70 temp=71.0 pwm=0.407 sysload=0.60 cputime=10.950 memavail=2512704 print_time=294.647 buffer_time=0.000 print_stall=0 extruder: target=225 temp=221.3 pwm=0.266
Heater extruder within range of 225.000
Stats 2566600.0: gcodein=0  mcu: mcu_awake=0.002 mcu_task_avg=0.000016 mcu_task_stddev=0.000009 bytes_write=52543 bytes_read=56321 bytes_retransmit=9 bytes_invalid=0 send_seq=2421 receive_seq=2421 retransmit_seq=2 srtt=0.003 rttvar=0.000 rto=0.025 ready_bytes=0 upcoming_bytes=0 freq=72002135 sd_pos=47142 heater_bed: target=70 temp=71.0 pwm=0.320 sysload=0.60 cputime=10.974 memavail=2512256 print_time=295.647 buffer_time=0.000 print_stall=0 extruder: target=225 temp=222.5 pwm=0.266
Stats 2566601.0: gcodein=0  mcu: mcu_awake=0.002 mcu_task_avg=0.000016 mcu_task_stddev=0.000009 bytes_write=52565 bytes_read=56427 bytes_retransmit=9 bytes_invalid=0 send_seq=2423 receive_seq=2423 retransmit_seq=2 srtt=0.003 rttvar=0.000 rto=0.025 ready_bytes=0 upcoming_bytes=0 freq=72002133 sd_pos=47142 heater_bed: target=70 temp=71.0 pwm=0.320 sysload=0.60 cputime=11.001 memavail=2512256 print_time=296.648 buffer_time=0.000 print_stall=0 extruder: target=225 temp=223.3 pwm=0.349
Stats 2566602.0: gcodein=0  mcu: mcu_awake=0.002 mcu_task_avg=0.000016 mcu_task_stddev=0.000009 bytes_write=52571 bytes_read=56550 bytes_retransmit=9 bytes_invalid=0 send_seq=2424 receive_seq=2424 retransmit_seq=2 srtt=0.003 rttvar=0.001 rto=0.025 ready_bytes=0 upcoming_bytes=0 freq=72002130 sd_pos=47142 heater_bed: target=70 temp=71.0 pwm=0.320 sysload=0.60 cputime=11.027 memavail=2511756 print_time=297.650 buffer_time=0.000 print_stall=0 extruder: target=225 temp=224.3 pwm=0.349
Stats 2566603.0: gcodein=0  mcu: mcu_awake=0.001 mcu_task_avg=0.000015 mcu_task_stddev=0.000010 bytes_write=52609 bytes_read=56670 bytes_retransmit=9 bytes_invalid=0 send_seq=2427 receive_seq=2427 retransmit_seq=2 srtt=0.003 rttvar=0.001 rto=0.025 ready_bytes=0 upcoming_bytes=0 freq=72002130 sd_pos=47142 heater_bed: target=70 temp=71.0 pwm=0.328 sysload=0.60 cputime=11.051 memavail=2536240 print_time=298.651 buffer_time=0.000 print_stall=0 extruder: target=225 temp=224.9 pwm=0.349
Stats 2566604.1: gcodein=0  mcu: mcu_awake=0.001 mcu_task_avg=0.000015 mcu_task_stddev=0.000010 bytes_write=52646 bytes_read=56776 bytes_retransmit=9 bytes_invalid=0 send_seq=2430 receive_seq=2430 retransmit_seq=2 srtt=0.003 rttvar=0.001 rto=0.025 ready_bytes=0 upcoming_bytes=0 freq=72002129 sd_pos=47142 heater_bed: target=70 temp=71.0 pwm=0.385 sysload=0.64 cputime=11.076 memavail=2531852 print_time=299.652 buffer_time=0.000 print_stall=0 extruder: target=225 temp=225.4 pwm=0.349
Stats 2566605.1: gcodein=0  mcu: mcu_awake=0.001 mcu_task_avg=0.000015 mcu_task_stddev=0.000010 bytes_write=52668 bytes_read=56908 bytes_retransmit=9 bytes_invalid=0 send_seq=2432 receive_seq=2432 retransmit_seq=2 srtt=0.003 rttvar=0.000 rto=0.025 ready_bytes=11 upcoming_bytes=0 freq=72002124 sd_pos=47142 heater_bed: target=70 temp=71.0 pwm=0.333 sysload=0.64 cputime=11.101 memavail=2531964 print_time=300.652 buffer_time=0.000 print_stall=0 extruder: target=225 temp=226.0 pwm=0.348
Stats 2566606.1: gcodein=0  mcu: mcu_awake=0.001 mcu_task_avg=0.000015 mcu_task_stddev=0.000010 bytes_write=52755 bytes_read=57047 bytes_retransmit=9 bytes_invalid=0 send_seq=2438 receive_seq=2438 retransmit_seq=2 srtt=0.003 rttvar=0.000 rto=0.025 ready_bytes=0 upcoming_bytes=0 freq=72002120 sd_pos=47142 heater_bed: target=70 temp=71.0 pwm=0.250 sysload=0.64 cputime=11.129 memavail=2531964 print_time=301.654 buffer_time=0.000 print_stall=0 extruder: target=225 temp=226.5 pwm=0.285
Stats 2566607.1: gcodein=0  mcu: mcu_awake=0.001 mcu_task_avg=0.000015 mcu_task_stddev=0.000010 bytes_write=52809 bytes_read=57165 bytes_retransmit=9 bytes_invalid=0 send_seq=2442 receive_seq=2442 retransmit_seq=2 srtt=0.003 rttvar=0.000 rto=0.025 ready_bytes=0 upcoming_bytes=0 freq=72002117 sd_pos=47142 heater_bed: target=70 temp=71.0 pwm=0.288 sysload=0.64 cputime=11.156 memavail=2536944 print_time=302.657 buffer_time=0.000 print_stall=0 extruder: target=225 temp=226.9 pwm=0.285
Stats 2566608.1: gcodein=0  mcu: mcu_awake=0.002 mcu_task_avg=0.000016 mcu_task_stddev=0.000010 bytes_write=52847 bytes_read=57321 bytes_retransmit=9 bytes_invalid=0 send_seq=2445 receive_seq=2445 retransmit_seq=2 srtt=0.003 rttvar=0.000 rto=0.025 ready_bytes=0 upcoming_bytes=0 freq=72002114 sd_pos=47142 heater_bed: target=70 temp=71.0 pwm=0.268 sysload=0.64 cputime=11.181 memavail=2531528 print_time=303.655 buffer_time=0.000 print_stall=0 extruder: target=225 temp=227.4 pwm=0.285
Stats 2566609.1: gcodein=0  mcu: mcu_awake=0.002 mcu_task_avg=0.000016 mcu_task_stddev=0.000010 bytes_write=52868 bytes_read=57429 bytes_retransmit=9 bytes_invalid=0 send_seq=2447 receive_seq=2447 retransmit_seq=2 srtt=0.003 rttvar=0.000 rto=0.025 ready_bytes=0 upcoming_bytes=0 freq=72002110 sd_pos=47142 heater_bed: target=70 temp=71.0 pwm=0.268 sysload=0.75 cputime=11.199 memavail=2528796 print_time=304.656 buffer_time=0.000 print_stall=0 extruder: target=225 temp=227.7 pwm=0.195
Stats 2566610.1: gcodein=0  mcu: mcu_awake=0.002 mcu_task_avg=0.000016 mcu_task_stddev=0.000010 bytes_write=52890 bytes_read=57537 bytes_retransmit=9 bytes_invalid=0 send_seq=2449 receive_seq=2449 retransmit_seq=2 srtt=0.003 rttvar=0.001 rto=0.025 ready_bytes=0 upcoming_bytes=0 freq=72002108 sd_pos=47142 heater_bed: target=70 temp=71.0 pwm=0.341 sysload=0.75 cputime=11.215 memavail=2527360 print_time=305.656 buffer_time=0.000 print_stall=0 extruder: target=225 temp=228.0 pwm=0.195
Stats 2566611.1: gcodein=0  mcu: mcu_awake=0.002 mcu_task_avg=0.000016 mcu_task_stddev=0.000010 bytes_write=52896 bytes_read=57669 bytes_retransmit=9 bytes_invalid=0 send_seq=2450 receive_seq=2450 retransmit_seq=2 srtt=0.003 rttvar=0.000 rto=0.025 ready_bytes=0 upcoming_bytes=0 freq=72002105 sd_pos=47142 heater_bed: target=70 temp=71.0 pwm=0.341 sysload=0.75 cputime=11.240 memavail=2527372 print_time=306.658 buffer_time=0.000 print_stall=0 extruder: target=225 temp=228.3 pwm=0.195
Stats 2566612.1: gcodein=0  mcu: mcu_awake=0.002 mcu_task_avg=0.000016 mcu_task_stddev=0.000010 bytes_write=52902 bytes_read=57772 bytes_retransmit=9 bytes_invalid=0 send_seq=2451 receive_seq=2451 retransmit_seq=2 srtt=0.003 rttvar=0.000 rto=0.025 ready_bytes=0 upcoming_bytes=0 freq=72002104 sd_pos=47142 heater_bed: target=70 temp=71.0 pwm=0.341 sysload=0.75 cputime=11.261 memavail=2528168 print_time=307.659 buffer_time=0.000 print_stall=0 extruder: target=225 temp=228.4 pwm=0.195
Stats 2566613.1: gcodein=0  mcu: mcu_awake=0.001 mcu_task_avg=0.000015 mcu_task_stddev=0.000010 bytes_write=52923 bytes_read=57893 bytes_retransmit=9 bytes_invalid=0 send_seq=2453 receive_seq=2453 retransmit_seq=2 srtt=0.003 rttvar=0.000 rto=0.025 ready_bytes=0 upcoming_bytes=0 freq=72002101 sd_pos=47142 heater_bed: target=70 temp=71.0 pwm=0.341 sysload=0.75 cputime=11.285 memavail=2528156 print_time=308.660 buffer_time=0.000 print_stall=0 extruder: target=225 temp=228.4 pwm=0.198
Stats 2566614.1: gcodein=0  mcu: mcu_awake=0.001 mcu_task_avg=0.000015 mcu_task_stddev=0.000010 bytes_write=52961 bytes_read=58035 bytes_retransmit=9 bytes_invalid=0 send_seq=2456 receive_seq=2456 retransmit_seq=2 srtt=0.003 rttvar=0.000 rto=0.025 ready_bytes=0 upcoming_bytes=0 freq=72002098 sd_pos=47142 heater_bed: target=70 temp=71.0 pwm=0.284 sysload=0.77 cputime=11.310 memavail=2527408 print_time=309.663 buffer_time=0.000 print_stall=0 extruder: target=225 temp=228.5 pwm=0.198
Stats 2566615.1: gcodein=0  mcu: mcu_awake=0.001 mcu_task_avg=0.000015 mcu_task_stddev=0.000010 bytes_write=52983 bytes_read=58143 bytes_retransmit=9 bytes_invalid=0 send_seq=2458 receive_seq=2458 retransmit_seq=2 srtt=0.003 rttvar=0.000 rto=0.025 ready_bytes=0 upcoming_bytes=0 freq=72002095 sd_pos=47142 heater_bed: target=70 temp=71.0 pwm=0.338 sysload=0.77 cputime=11.333 memavail=2527472 print_time=310.663 buffer_time=0.000 print_stall=0 extruder: target=225 temp=228.5 pwm=0.198
Stats 2566616.1: gcodein=0  mcu: mcu_awake=0.001 mcu_task_avg=0.000015 mcu_task_stddev=0.000010 bytes_write=53005 bytes_read=58251 bytes_retransmit=9 bytes_invalid=0 send_seq=2460 receive_seq=2460 retransmit_seq=2 srtt=0.003 rttvar=0.000 rto=0.025 ready_bytes=0 upcoming_bytes=0 freq=72002092 sd_pos=47142 heater_bed: target=70 temp=71.0 pwm=0.280 sysload=0.77 cputime=11.357 memavail=2518120 print_time=311.664 buffer_time=0.000 print_stall=0 extruder: target=225 temp=228.4 pwm=0.198
Stats 2566617.1: gcodein=0  mcu: mcu_awake=0.001 mcu_task_avg=0.000015 mcu_task_stddev=0.000010 bytes_write=53027 bytes_read=58388 bytes_retransmit=9 bytes_invalid=0 send_seq=2462 receive_seq=2462 retransmit_seq=2 srtt=0.003 rttvar=0.000 rto=0.025 ready_bytes=11 upcoming_bytes=0 freq=72002089 sd_pos=47142 heater_bed: target=70 temp=71.0 pwm=0.334 sysload=0.77 cputime=11.382 memavail=2527104 print_time=312.665 buffer_time=0.000 print_stall=0 extruder: target=225 temp=228.3 pwm=0.245
Stats 2566618.1: gcodein=0  mcu: mcu_awake=0.002 mcu_task_avg=0.000015 mcu_task_stddev=0.000010 bytes_write=53097 bytes_read=58525 bytes_retransmit=9 bytes_invalid=0 send_seq=2467 receive_seq=2467 retransmit_seq=2 srtt=0.003 rttvar=0.000 rto=0.025 ready_bytes=0 upcoming_bytes=0 freq=72002089 sd_pos=47142 heater_bed: target=70 temp=71.0 pwm=0.281 sysload=0.77 cputime=11.412 memavail=2526492 print_time=313.666 buffer_time=0.000 print_stall=0 extruder: target=225 temp=228.2 pwm=0.245
Stats 2566619.1: gcodein=0  mcu: mcu_awake=0.002 mcu_task_avg=0.000015 mcu_task_stddev=0.000010 bytes_write=53103 bytes_read=58628 bytes_retransmit=9 bytes_invalid=0 send_seq=2468 receive_seq=2468 retransmit_seq=2 srtt=0.003 rttvar=0.000 rto=0.025 ready_bytes=0 upcoming_bytes=0 freq=72002087 sd_pos=47142 heater_bed: target=70 temp=71.0 pwm=0.281 sysload=0.78 cputime=11.430 memavail=2522292 print_time=314.667 buffer_time=0.000 print_stall=0 extruder: target=225 temp=228.1 pwm=0.245
Stats 2566620.1: gcodein=0  mcu: mcu_awake=0.002 mcu_task_avg=0.000015 mcu_task_stddev=0.000010 bytes_write=53141 bytes_read=58770 bytes_retransmit=9 bytes_invalid=0 send_seq=2471 receive_seq=2471 retransmit_seq=2 srtt=0.003 rttvar=0.000 rto=0.025 ready_bytes=11 upcoming_bytes=0 freq=72002087 sd_pos=47142 heater_bed: target=70 temp=70.9 pwm=0.351 sysload=0.78 cputime=11.457 memavail=2524048 print_time=315.668 buffer_time=0.000 print_stall=0 extruder: target=225 temp=227.9 pwm=0.305
Stats 2566621.1: gcodein=0  mcu: mcu_awake=0.002 mcu_task_avg=0.000015 mcu_task_stddev=0.000010 bytes_write=53211 bytes_read=58893 bytes_retransmit=9 bytes_invalid=0 send_seq=2476 receive_seq=2476 retransmit_seq=2 srtt=0.003 rttvar=0.000 rto=0.025 ready_bytes=0 upcoming_bytes=0 freq=72002090 sd_pos=47142 heater_bed: target=70 temp=70.9 pwm=0.345 sysload=0.78 cputime=11.483 memavail=2524104 print_time=316.669 buffer_time=0.000 print_stall=0 extruder: target=225 temp=227.9 pwm=0.251
Stats 2566622.1: gcodein=0  mcu: mcu_awake=0.002 mcu_task_avg=0.000015 mcu_task_stddev=0.000010 bytes_write=53264 bytes_read=59011 bytes_retransmit=9 bytes_invalid=0 send_seq=2480 receive_seq=2480 retransmit_seq=2 srtt=0.003 rttvar=0.000 rto=0.025 ready_bytes=0 upcoming_bytes=0 freq=72002091 sd_pos=47142 heater_bed: target=70 temp=70.9 pwm=0.257 sysload=0.78 cputime=11.505 memavail=2527716 print_time=317.670 buffer_time=0.000 print_stall=0 extruder: target=225 temp=227.7 pwm=0.245
Stats 2566623.1: gcodein=0  mcu: mcu_awake=0.002 mcu_task_avg=0.000016 mcu_task_stddev=0.000010 bytes_write=53286 bytes_read=59162 bytes_retransmit=9 bytes_invalid=0 send_seq=2482 receive_seq=2482 retransmit_seq=2 srtt=0.003 rttvar=0.000 rto=0.025 ready_bytes=0 upcoming_bytes=0 freq=72002089 sd_pos=47142 heater_bed: target=70 temp=70.9 pwm=0.309 sysload=0.78 cputime=11.527 memavail=2524836 print_time=318.671 buffer_time=0.000 print_stall=0 extruder: target=225 temp=227.6 pwm=0.245
Stats 2566624.1: gcodein=0  mcu: mcu_awake=0.002 mcu_task_avg=0.000016 mcu_task_stddev=0.000010 bytes_write=53292 bytes_read=59265 bytes_retransmit=9 bytes_invalid=0 send_seq=2483 receive_seq=2483 retransmit_seq=2 srtt=0.003 rttvar=0.000 rto=0.025 ready_bytes=0 upcoming_bytes=0 freq=72002085 sd_pos=47142 heater_bed: target=70 temp=70.9 pwm=0.309 sysload=0.88 cputime=11.542 memavail=2531652 print_time=319.672 buffer_time=0.000 print_stall=0 extruder: target=225 temp=227.5 pwm=0.245
Stats 2566625.1: gcodein=0  mcu: mcu_awake=0.002 mcu_task_avg=0.000016 mcu_task_stddev=0.000010 bytes_write=53330 bytes_read=59378 bytes_retransmit=9 bytes_invalid=0 send_seq=2486 receive_seq=2486 retransmit_seq=2 srtt=0.003 rttvar=0.000 rto=0.025 ready_bytes=0 upcoming_bytes=0 freq=72002084 sd_pos=47142 heater_bed: target=70 temp=70.9 pwm=0.312 sysload=0.88 cputime=11.561 memavail=2536336 print_time=320.672 buffer_time=0.000 print_stall=0 extruder: target=225 temp=227.4 pwm=0.245
Stats 2566626.1: gcodein=0  mcu: mcu_awake=0.002 mcu_task_avg=0.000016 mcu_task_stddev=0.000010 bytes_write=53352 bytes_read=59515 bytes_retransmit=9 bytes_invalid=0 send_seq=2488 receive_seq=2488 retransmit_seq=2 srtt=0.003 rttvar=0.000 rto=0.025 ready_bytes=11 upcoming_bytes=0 freq=72002081 sd_pos=47142 heater_bed: target=70 temp=70.9 pwm=0.365 sysload=0.88 cputime=11.584 memavail=2536340 print_time=321.673 buffer_time=0.000 print_stall=0 extruder: target=225 temp=227.3 pwm=0.221
Stats 2566627.1: gcodein=0  mcu: mcu_awake=0.002 mcu_task_avg=0.000016 mcu_task_stddev=0.000010 bytes_write=53390 bytes_read=59628 bytes_retransmit=9 bytes_invalid=0 send_seq=2491 receive_seq=2491 retransmit_seq=2 srtt=0.003 rttvar=0.000 rto=0.025 ready_bytes=0 upcoming_bytes=0 freq=72002080 sd_pos=47142 heater_bed: target=70 temp=70.9 pwm=0.280 sysload=0.88 cputime=11.606 memavail=2535864 print_time=322.675 buffer_time=0.000 print_stall=0 extruder: target=225 temp=227.2 pwm=0.221
Stats 2566628.1: gcodein=0  mcu: mcu_awake=0.002 mcu_task_avg=0.000016 mcu_task_stddev=0.000010 bytes_write=53428 bytes_read=59755 bytes_retransmit=9 bytes_invalid=0 send_seq=2494 receive_seq=2494 retransmit_seq=2 srtt=0.003 rttvar=0.000 rto=0.025 ready_bytes=0 upcoming_bytes=0 freq=72002079 sd_pos=47142 heater_bed: target=70 temp=70.9 pwm=0.380 sysload=0.88 cputime=11.623 memavail=2535864 print_time=323.676 buffer_time=0.000 print_stall=0 extruder: target=225 temp=227.2 pwm=0.221
Stats 2566629.1: gcodein=0  mcu: mcu_awake=0.002 mcu_task_avg=0.000016 mcu_task_stddev=0.000010 bytes_write=53465 bytes_read=59897 bytes_retransmit=9 bytes_invalid=0 send_seq=2497 receive_seq=2497 retransmit_seq=2 srtt=0.003 rttvar=0.000 rto=0.025 ready_bytes=11 upcoming_bytes=0 freq=72002076 sd_pos=47142 heater_bed: target=70 temp=70.9 pwm=0.290 sysload=0.89 cputime=11.645 memavail=2535840 print_time=324.677 buffer_time=0.000 print_stall=0 extruder: target=225 temp=227.0 pwm=0.235
Stats 2566630.1: gcodein=0  mcu: mcu_awake=0.002 mcu_task_avg=0.000016 mcu_task_stddev=0.000010 bytes_write=53535 bytes_read=60020 bytes_retransmit=9 bytes_invalid=0 send_seq=2502 receive_seq=2502 retransmit_seq=2 srtt=0.003 rttvar=0.000 rto=0.025 ready_bytes=0 upcoming_bytes=0 freq=72002073 sd_pos=47142 heater_bed: target=70 temp=70.9 pwm=0.335 sysload=0.89 cputime=11.667 memavail=2534164 print_time=325.678 buffer_time=0.000 print_stall=0 extruder: target=225 temp=227.0 pwm=0.235
Stats 2566631.1: gcodein=0  mcu: mcu_awake=0.002 mcu_task_avg=0.000016 mcu_task_stddev=0.000010 bytes_write=53604 bytes_read=60158 bytes_retransmit=9 bytes_invalid=0 send_seq=2507 receive_seq=2507 retransmit_seq=2 srtt=0.003 rttvar=0.000 rto=0.025 ready_bytes=0 upcoming_bytes=0 freq=72002079 sd_pos=47142 heater_bed: target=70 temp=70.9 pwm=0.246 sysload=0.89 cputime=11.694 memavail=2518588 print_time=326.679 buffer_time=0.000 print_stall=0 extruder: target=225 temp=226.9 pwm=0.176
Stats 2566632.1: gcodein=0  mcu: mcu_awake=0.002 mcu_task_avg=0.000016 mcu_task_stddev=0.000010 bytes_write=53641 bytes_read=60285 bytes_retransmit=9 bytes_invalid=0 send_seq=2510 receive_seq=2510 retransmit_seq=2 srtt=0.003 rttvar=0.000 rto=0.025 ready_bytes=0 upcoming_bytes=0 freq=72002077 sd_pos=47142 heater_bed: target=70 temp=70.9 pwm=0.246 sysload=0.89 cputime=11.718 memavail=2519560 print_time=327.680 buffer_time=0.000 print_stall=0 extruder: target=225 temp=226.7 pwm=0.163
Stats 2566633.1: gcodein=0  mcu: mcu_awake=0.002 mcu_task_avg=0.000016 mcu_task_stddev=0.000009 bytes_write=53695 bytes_read=60417 bytes_retransmit=9 bytes_invalid=0 send_seq=2514 receive_seq=2514 retransmit_seq=2 srtt=0.003 rttvar=0.000 rto=0.025 ready_bytes=0 upcoming_bytes=0 freq=72002074 sd_pos=47142 heater_bed: target=70 temp=70.8 pwm=0.365 sysload=0.89 cputime=11.742 memavail=2523720 print_time=328.681 buffer_time=0.000 print_stall=0 extruder: target=225 temp=226.6 pwm=0.219
Stats 2566634.1: gcodein=0  mcu: mcu_awake=0.002 mcu_task_avg=0.000016 mcu_task_stddev=0.000009 bytes_write=53717 bytes_read=60540 bytes_retransmit=9 bytes_invalid=0 send_seq=2516 receive_seq=2516 retransmit_seq=2 srtt=0.003 rttvar=0.000 rto=0.025 ready_bytes=0 upcoming_bytes=0 freq=72002073 sd_pos=47142 heater_bed: target=70 temp=70.8 pwm=0.293 sysload=0.82 cputime=11.768 memavail=2523496 print_time=329.682 buffer_time=0.000 print_stall=0 extruder: target=225 temp=226.5 pwm=0.219
Stats 2566635.1: gcodein=0  mcu: mcu_awake=0.002 mcu_task_avg=0.000016 mcu_task_stddev=0.000009 bytes_write=53738 bytes_read=60662 bytes_retransmit=9 bytes_invalid=0 send_seq=2518 receive_seq=2518 retransmit_seq=2 srtt=0.003 rttvar=0.000 rto=0.025 ready_bytes=0 upcoming_bytes=0 freq=72002070 sd_pos=47142 heater_bed: target=70 temp=70.8 pwm=0.208 sysload=0.82 cputime=11.788 memavail=2533104 print_time=330.683 buffer_time=0.000 print_stall=0 extruder: target=225 temp=226.3 pwm=0.219
Stats 2566636.1: gcodein=0  mcu: mcu_awake=0.002 mcu_task_avg=0.000016 mcu_task_stddev=0.000009 bytes_write=53786 bytes_read=60775 bytes_retransmit=9 bytes_invalid=0 send_seq=2521 receive_seq=2521 retransmit_seq=2 srtt=0.003 rttvar=0.000 rto=0.025 ready_bytes=0 upcoming_bytes=0 freq=72002068 sd_pos=47142 heater_bed: target=70 temp=70.9 pwm=0.207 sysload=0.82 cputime=11.807 memavail=2528160 print_time=331.684 buffer_time=0.000 print_stall=0 extruder: target=225 temp=226.1 pwm=0.294
Stats 2566637.1: gcodein=0  mcu: mcu_awake=0.002 mcu_task_avg=0.000016 mcu_task_stddev=0.000009 bytes_write=53840 bytes_read=60908 bytes_retransmit=9 bytes_invalid=0 send_seq=2525 receive_seq=2525 retransmit_seq=2 srtt=0.003 rttvar=0.000 rto=0.025 ready_bytes=11 upcoming_bytes=0 freq=72002066 sd_pos=47142 heater_bed: target=70 temp=70.8 pwm=0.311 sysload=0.82 cputime=11.829 memavail=2528444 print_time=332.684 buffer_time=0.000 print_stall=0 extruder: target=225 temp=226.0 pwm=0.294
Stats 2566638.1: gcodein=0  mcu: mcu_awake=0.002 mcu_task_avg=0.000016 mcu_task_stddev=0.000009 bytes_write=53894 bytes_read=61054 bytes_retransmit=9 bytes_invalid=0 send_seq=2529 receive_seq=2529 retransmit_seq=2 srtt=0.003 rttvar=0.000 rto=0.025 ready_bytes=0 upcoming_bytes=0 freq=72002068 sd_pos=47142 heater_bed: target=70 temp=70.8 pwm=0.310 sysload=0.82 cputime=11.854 memavail=2525288 print_time=333.684 buffer_time=0.000 print_stall=0 extruder: target=225 temp=225.8 pwm=0.294
Stats 2566639.1: gcodein=0  mcu: mcu_awake=0.002 mcu_task_avg=0.000016 mcu_task_stddev=0.000009 bytes_write=53932 bytes_read=61167 bytes_retransmit=9 bytes_invalid=0 send_seq=2532 receive_seq=2532 retransmit_seq=2 srtt=0.003 rttvar=0.000 rto=0.025 ready_bytes=0 upcoming_bytes=0 freq=72002068 sd_pos=47142 heater_bed: target=70 temp=70.8 pwm=0.272 sysload=0.83 cputime=11.869 memavail=2522824 print_time=334.685 buffer_time=0.000 print_stall=0 extruder: target=225 temp=225.6 pwm=0.294
Stats 2566640.1: gcodein=0  mcu: mcu_awake=0.002 mcu_task_avg=0.000016 mcu_task_stddev=0.000009 bytes_write=53969 bytes_read=61295 bytes_retransmit=9 bytes_invalid=0 send_seq=2535 receive_seq=2535 retransmit_seq=2 srtt=0.003 rttvar=0.000 rto=0.025 ready_bytes=11 upcoming_bytes=0 freq=72002079 sd_pos=47142 heater_bed: target=70 temp=70.8 pwm=0.291 sysload=0.83 cputime=11.885 memavail=2523104 print_time=335.686 buffer_time=0.000 print_stall=0 extruder: target=225 temp=225.6 pwm=0.294
Moving filament tip 0.0mms
KAMP purge is using firmware retraction.
KAMP purge starting at 94.9985, 58.968999999999994 and purging 30.0mm of filament, requested flow rate is 12.0mm3/s.
Stats 2566641.1: gcodein=0  mcu: mcu_awake=0.002 mcu_task_avg=0.000016 mcu_task_stddev=0.000009 bytes_write=54875 bytes_read=61497 bytes_retransmit=9 bytes_invalid=0 send_seq=2553 receive_seq=2553 retransmit_seq=2 srtt=0.003 rttvar=0.000 rto=0.025 ready_bytes=0 upcoming_bytes=0 freq=72002076 sd_pos=47215 heater_bed: target=70 temp=70.8 pwm=0.357 sysload=0.83 cputime=11.939 memavail=2523092 print_time=349.456 buffer_time=12.038 print_stall=0 extruder: target=225 temp=225.6 pwm=0.247
Stats 2566642.1: gcodein=0  mcu: mcu_awake=0.002 mcu_task_avg=0.000016 mcu_task_stddev=0.000009 bytes_write=54913 bytes_read=61610 bytes_retransmit=9 bytes_invalid=0 send_seq=2556 receive_seq=2556 retransmit_seq=2 srtt=0.003 rttvar=0.000 rto=0.025 ready_bytes=0 upcoming_bytes=0 freq=72002075 sd_pos=47215 heater_bed: target=70 temp=70.8 pwm=0.328 sysload=0.83 cputime=11.960 memavail=2515684 print_time=349.456 buffer_time=11.037 print_stall=0 extruder: target=225 temp=225.6 pwm=0.247
Stats 2566643.1: gcodein=0  mcu: mcu_awake=0.003 mcu_task_avg=0.000021 mcu_task_stddev=0.000021 bytes_write=54930 bytes_read=61743 bytes_retransmit=9 bytes_invalid=0 send_seq=2557 receive_seq=2557 retransmit_seq=2 srtt=0.003 rttvar=0.000 rto=0.025 ready_bytes=0 upcoming_bytes=0 freq=72002074 sd_pos=47215 heater_bed: target=70 temp=70.8 pwm=0.270 sysload=0.83 cputime=11.985 memavail=2511284 print_time=349.456 buffer_time=10.036 print_stall=0 extruder: target=225 temp=225.6 pwm=0.247
Stats 2566644.1: gcodein=0  mcu: mcu_awake=0.003 mcu_task_avg=0.000021 mcu_task_stddev=0.000021 bytes_write=54967 bytes_read=61870 bytes_retransmit=9 bytes_invalid=0 send_seq=2560 receive_seq=2560 retransmit_seq=2 srtt=0.003 rttvar=0.000 rto=0.025 ready_bytes=0 upcoming_bytes=0 freq=72002070 sd_pos=47215 heater_bed: target=70 temp=70.8 pwm=0.292 sysload=0.93 cputime=12.005 memavail=2522836 print_time=349.456 buffer_time=9.035 print_stall=0 extruder: target=225 temp=225.6 pwm=0.247
Stats 2566645.1: gcodein=0  mcu: mcu_awake=0.003 mcu_task_avg=0.000021 mcu_task_stddev=0.000021 bytes_write=55020 bytes_read=61988 bytes_retransmit=9 bytes_invalid=0 send_seq=2564 receive_seq=2564 retransmit_seq=2 srtt=0.003 rttvar=0.000 rto=0.025 ready_bytes=0 upcoming_bytes=0 freq=72002068 sd_pos=47215 heater_bed: target=70 temp=70.8 pwm=0.298 sysload=0.93 cputime=12.027 memavail=2525056 print_time=349.456 buffer_time=8.034 print_stall=0 extruder: target=225 temp=225.6 pwm=0.200
Stats 2566646.1: gcodein=0  mcu: mcu_awake=0.003 mcu_task_avg=0.000021 mcu_task_stddev=0.000021 bytes_write=55026 bytes_read=62106 bytes_retransmit=9 bytes_invalid=0 send_seq=2565 receive_seq=2565 retransmit_seq=2 srtt=0.003 rttvar=0.000 rto=0.025 ready_bytes=11 upcoming_bytes=0 freq=72002064 sd_pos=47215 heater_bed: target=70 temp=70.8 pwm=0.221 sysload=0.93 cputime=12.043 memavail=2524764 print_time=349.456 buffer_time=7.033 print_stall=0 extruder: target=225 temp=225.6 pwm=0.200
Stats 2566647.1: gcodein=0  mcu: mcu_awake=0.003 mcu_task_avg=0.000021 mcu_task_stddev=0.000021 bytes_write=55064 bytes_read=62233 bytes_retransmit=9 bytes_invalid=0 send_seq=2568 receive_seq=2568 retransmit_seq=2 srtt=0.003 rttvar=0.000 rto=0.025 ready_bytes=0 upcoming_bytes=0 freq=72002066 sd_pos=47215 heater_bed: target=70 temp=70.7 pwm=0.292 sysload=0.93 cputime=12.060 memavail=2526772 print_time=349.456 buffer_time=6.033 print_stall=0 extruder: target=225 temp=225.6 pwm=0.200
Stats 2566648.1: gcodein=0  mcu: mcu_awake=0.001 mcu_task_avg=0.000015 mcu_task_stddev=0.000009 bytes_write=55102 bytes_read=62360 bytes_retransmit=9 bytes_invalid=0 send_seq=2571 receive_seq=2571 retransmit_seq=2 srtt=0.003 rttvar=0.000 rto=0.025 ready_bytes=0 upcoming_bytes=0 freq=72002064 sd_pos=47215 heater_bed: target=70 temp=70.7 pwm=0.306 sysload=0.93 cputime=12.087 memavail=2526772 print_time=349.456 buffer_time=5.032 print_stall=0 extruder: target=225 temp=225.5 pwm=0.200
Stats 2566649.1: gcodein=0  mcu: mcu_awake=0.001 mcu_task_avg=0.000015 mcu_task_stddev=0.000009 bytes_write=55124 bytes_read=62483 bytes_retransmit=9 bytes_invalid=0 send_seq=2573 receive_seq=2573 retransmit_seq=2 srtt=0.003 rttvar=0.000 rto=0.025 ready_bytes=0 upcoming_bytes=0 freq=72002060 sd_pos=47215 heater_bed: target=70 temp=70.7 pwm=0.306 sysload=0.93 cputime=12.110 memavail=2526772 print_time=349.456 buffer_time=4.031 print_stall=0 extruder: target=225 temp=225.4 pwm=0.267
Stats 2566650.1: gcodein=0  mcu: mcu_awake=0.001 mcu_task_avg=0.000015 mcu_task_stddev=0.000009 bytes_write=55146 bytes_read=62605 bytes_retransmit=9 bytes_invalid=0 send_seq=2575 receive_seq=2575 retransmit_seq=2 srtt=0.003 rttvar=0.000 rto=0.025 ready_bytes=0 upcoming_bytes=0 freq=72002058 sd_pos=47215 heater_bed: target=70 temp=70.7 pwm=0.240 sysload=0.93 cputime=12.131 memavail=2526772 print_time=349.456 buffer_time=3.030 print_stall=0 extruder: target=225 temp=225.4 pwm=0.267
Stats 2566651.1: gcodein=0  mcu: mcu_awake=0.001 mcu_task_avg=0.000015 mcu_task_stddev=0.000009 bytes_write=55168 bytes_read=62713 bytes_retransmit=9 bytes_invalid=0 send_seq=2577 receive_seq=2577 retransmit_seq=2 srtt=0.003 rttvar=0.000 rto=0.025 ready_bytes=0 upcoming_bytes=0 freq=72002055 sd_pos=47215 heater_bed: target=70 temp=70.7 pwm=0.305 sysload=0.93 cputime=12.147 memavail=2526524 print_time=349.456 buffer_time=2.030 print_stall=0 extruder: target=225 temp=225.3 pwm=0.267
Stats 2566652.1: gcodein=0  mcu: mcu_awake=0.001 mcu_task_avg=0.000015 mcu_task_stddev=0.000009 bytes_write=56020 bytes_read=62896 bytes_retransmit=9 bytes_invalid=0 send_seq=2591 receive_seq=2591 retransmit_seq=2 srtt=0.003 rttvar=0.000 rto=0.025 ready_bytes=11 upcoming_bytes=0 freq=72002054 sd_pos=47215 heater_bed: target=70 temp=70.7 pwm=0.242 sysload=0.93 cputime=12.166 memavail=2525312 print_time=355.800 buffer_time=7.372 print_stall=0 extruder: target=225 temp=225.2 pwm=0.267
Stats 2566653.1: gcodein=0  mcu: mcu_awake=0.003 mcu_task_avg=0.000020 mcu_task_stddev=0.000021 bytes_write=56090 bytes_read=63048 bytes_retransmit=9 bytes_invalid=0 send_seq=2596 receive_seq=2596 retransmit_seq=2 srtt=0.003 rttvar=0.000 rto=0.025 ready_bytes=0 upcoming_bytes=0 freq=72002050 sd_pos=47215 heater_bed: target=70 temp=70.6 pwm=0.553 sysload=0.93 cputime=12.189 memavail=2511308 print_time=355.800 buffer_time=6.371 print_stall=0 extruder: target=225 temp=225.1 pwm=0.264
Stats 2566654.1: gcodein=0  mcu: mcu_awake=0.003 mcu_task_avg=0.000020 mcu_task_stddev=0.000021 bytes_write=56138 bytes_read=63161 bytes_retransmit=9 bytes_invalid=0 send_seq=2599 receive_seq=2599 retransmit_seq=2 srtt=0.003 rttvar=0.001 rto=0.025 ready_bytes=0 upcoming_bytes=0 freq=72002050 sd_pos=47215 heater_bed: target=70 temp=70.7 pwm=0.235 sysload=0.86 cputime=12.216 memavail=2510044 print_time=355.800 buffer_time=5.370 print_stall=0 extruder: target=225 temp=225.1 pwm=0.264
Stats 2566655.1: gcodein=0  mcu: mcu_awake=0.003 mcu_task_avg=0.000020 mcu_task_stddev=0.000021 bytes_write=56144 bytes_read=63279 bytes_retransmit=9 bytes_invalid=0 send_seq=2600 receive_seq=2600 retransmit_seq=2 srtt=0.003 rttvar=0.001 rto=0.025 ready_bytes=0 upcoming_bytes=0 freq=72002048 sd_pos=47215 heater_bed: target=70 temp=70.7 pwm=0.235 sysload=0.86 cputime=12.232 memavail=2524676 print_time=355.800 buffer_time=4.369 print_stall=0 extruder: target=225 temp=225.0 pwm=0.264
Stats 2566656.1: gcodein=0  mcu: mcu_awake=0.003 mcu_task_avg=0.000020 mcu_task_stddev=0.000021 bytes_write=56197 bytes_read=63411 bytes_retransmit=9 bytes_invalid=0 send_seq=2604 receive_seq=2604 retransmit_seq=2 srtt=0.003 rttvar=0.000 rto=0.025 ready_bytes=0 upcoming_bytes=0 freq=72002046 sd_pos=47215 heater_bed: target=70 temp=70.7 pwm=0.156 sysload=0.86 cputime=12.253 memavail=2533888 print_time=355.800 buffer_time=3.369 print_stall=0 extruder: target=225 temp=225.0 pwm=0.264
Stats 2566657.1: gcodein=0  mcu: mcu_awake=0.003 mcu_task_avg=0.000020 mcu_task_stddev=0.000021 bytes_write=56251 bytes_read=63529 bytes_retransmit=9 bytes_invalid=0 send_seq=2608 receive_seq=2608 retransmit_seq=2 srtt=0.003 rttvar=0.000 rto=0.025 ready_bytes=0 upcoming_bytes=0 freq=72002045 sd_pos=47215 heater_bed: target=70 temp=70.7 pwm=0.243 sysload=0.86 cputime=12.271 memavail=2530508 print_time=355.800 buffer_time=2.369 print_stall=0 extruder: target=225 temp=224.9 pwm=0.259
extruder: pressure_advance: 0.024000
pressure_advance_smooth_time: 0.050000
toolhead: max_velocity: 800.000000
max_accel: 5000.000000
minimum_cruise_ratio: 0.500000
square_corner_velocity: 5.000000
Stats 2566658.1: gcodein=0  mcu: mcu_awake=0.003 mcu_task_avg=0.000023 mcu_task_stddev=0.000023 bytes_write=57450 bytes_read=63762 bytes_retransmit=9 bytes_invalid=0 send_seq=2629 receive_seq=2629 retransmit_seq=2 srtt=0.003 rttvar=0.000 rto=0.025 ready_bytes=11 upcoming_bytes=0 freq=72002043 sd_pos=47661 heater_bed: target=70 temp=70.7 pwm=0.251 sysload=0.86 cputime=12.303 memavail=2541556 print_time=362.448 buffer_time=8.016 print_stall=0 extruder: target=225 temp=224.9 pwm=0.259
Stats 2566659.1: gcodein=0  mcu: mcu_awake=0.003 mcu_task_avg=0.000023 mcu_task_stddev=0.000023 bytes_write=57520 bytes_read=63899 bytes_retransmit=9 bytes_invalid=0 send_seq=2634 receive_seq=2634 retransmit_seq=2 srtt=0.003 rttvar=0.000 rto=0.025 ready_bytes=0 upcoming_bytes=0 freq=72002039 sd_pos=47661 heater_bed: target=70 temp=70.7 pwm=0.249 sysload=0.87 cputime=12.323 memavail=2540120 print_time=362.448 buffer_time=7.015 print_stall=0 extruder: target=225 temp=224.7 pwm=0.340
Stats 2566660.1: gcodein=0  mcu: mcu_awake=0.003 mcu_task_avg=0.000023 mcu_task_stddev=0.000023 bytes_write=57542 bytes_read=64007 bytes_retransmit=9 bytes_invalid=0 send_seq=2636 receive_seq=2636 retransmit_seq=2 srtt=0.003 rttvar=0.000 rto=0.025 ready_bytes=0 upcoming_bytes=0 freq=72002038 sd_pos=47661 heater_bed: target=70 temp=70.6 pwm=0.349 sysload=0.87 cputime=12.345 memavail=2539896 print_time=362.448 buffer_time=6.015 print_stall=0 extruder: target=225 temp=224.5 pwm=0.340
Stats 2566661.1: gcodein=0  mcu: mcu_awake=0.003 mcu_task_avg=0.000023 mcu_task_stddev=0.000023 bytes_write=57590 bytes_read=64130 bytes_retransmit=9 bytes_invalid=0 send_seq=2639 receive_seq=2639 retransmit_seq=2 srtt=0.003 rttvar=0.000 rto=0.025 ready_bytes=0 upcoming_bytes=0 freq=72002038 sd_pos=47661 heater_bed: target=70 temp=70.6 pwm=0.292 sysload=0.87 cputime=12.369 memavail=2539672 print_time=362.448 buffer_time=5.014 print_stall=0 extruder: target=225 temp=224.3 pwm=0.421
Stats 2566662.1: gcodein=0  mcu: mcu_awake=0.003 mcu_task_avg=0.000023 mcu_task_stddev=0.000023 bytes_write=57660 bytes_read=64259 bytes_retransmit=9 bytes_invalid=0 send_seq=2644 receive_seq=2644 retransmit_seq=2 srtt=0.003 rttvar=0.000 rto=0.025 ready_bytes=0 upcoming_bytes=0 freq=72002034 sd_pos=47661 heater_bed: target=70 temp=70.6 pwm=0.322 sysload=0.87 cputime=12.393 memavail=2539172 print_time=362.448 buffer_time=4.013 print_stall=0 extruder: target=225 temp=224.2 pwm=0.422
Stats 2566663.1: gcodein=0  mcu: mcu_awake=0.003 mcu_task_avg=0.000023 mcu_task_stddev=0.000023 bytes_write=57698 bytes_read=64365 bytes_retransmit=9 bytes_invalid=0 send_seq=2647 receive_seq=2647 retransmit_seq=2 srtt=0.003 rttvar=0.000 rto=0.025 ready_bytes=0 upcoming_bytes=0 freq=72002034 sd_pos=47661 heater_bed: target=70 temp=70.6 pwm=0.261 sysload=0.87 cputime=12.417 memavail=2538896 print_time=362.448 buffer_time=3.012 print_stall=0 extruder: target=225 temp=224.2 pwm=0.354
Stats 2566664.1: gcodein=0  mcu: mcu_awake=0.002 mcu_task_avg=0.000016 mcu_task_stddev=0.000010 bytes_write=57752 bytes_read=64504 bytes_retransmit=9 bytes_invalid=0 send_seq=2651 receive_seq=2651 retransmit_seq=2 srtt=0.003 rttvar=0.000 rto=0.025 ready_bytes=0 upcoming_bytes=0 freq=72002035 sd_pos=47661 heater_bed: target=70 temp=70.6 pwm=0.394 sysload=0.88 cputime=12.442 memavail=2535280 print_time=362.448 buffer_time=2.011 print_stall=0 extruder: target=225 temp=224.2 pwm=0.354
Stats 2566665.1: gcodein=0  mcu: mcu_awake=0.002 mcu_task_avg=0.000016 mcu_task_stddev=0.000010 bytes_write=59456 bytes_read=64765 bytes_retransmit=9 bytes_invalid=0 send_seq=2681 receive_seq=2681 retransmit_seq=2 srtt=0.003 rttvar=0.000 rto=0.025 ready_bytes=0 upcoming_bytes=0 freq=72002034 sd_pos=48255 heater_bed: target=70 temp=70.6 pwm=0.254 sysload=0.88 cputime=12.493 memavail=2540064 print_time=363.436 buffer_time=1.999 print_stall=0 extruder: target=225 temp=224.2 pwm=0.354
Stats 2566666.1: gcodein=0  mcu: mcu_awake=0.002 mcu_task_avg=0.000016 mcu_task_stddev=0.000010 bytes_write=61504 bytes_read=65033 bytes_retransmit=9 bytes_invalid=0 send_seq=2715 receive_seq=2715 retransmit_seq=2 srtt=0.003 rttvar=0.000 rto=0.025 ready_bytes=7 upcoming_bytes=0 freq=72002034 sd_pos=49360 heater_bed: target=70 temp=70.6 pwm=0.443 sysload=0.88 cputime=12.556 memavail=2539048 print_time=364.602 buffer_time=2.165 print_stall=0 extruder: target=225 temp=224.3 pwm=0.303
Stats 2566667.1: gcodein=0  mcu: mcu_awake=0.002 mcu_task_avg=0.000016 mcu_task_stddev=0.000010 bytes_write=62991 bytes_read=65261 bytes_retransmit=9 bytes_invalid=0 send_seq=2741 receive_seq=2738 retransmit_seq=2 srtt=0.003 rttvar=0.000 rto=0.025 ready_bytes=94 upcoming_bytes=0 freq=72002033 sd_pos=50229 heater_bed: target=70 temp=70.6 pwm=0.248 sysload=0.88 cputime=12.597 memavail=2538300 print_time=365.751 buffer_time=2.313 print_stall=0 extruder: target=225 temp=224.4 pwm=0.303
Stats 2566668.1: gcodein=0  mcu: mcu_awake=0.002 mcu_task_avg=0.000016 mcu_task_stddev=0.000010 bytes_write=64541 bytes_read=65544 bytes_retransmit=9 bytes_invalid=0 send_seq=2770 receive_seq=2770 retransmit_seq=2 srtt=0.003 rttvar=0.000 rto=0.025 ready_bytes=0 upcoming_bytes=0 freq=72002031 sd_pos=50950 heater_bed: target=70 temp=70.6 pwm=0.333 sysload=0.88 cputime=12.638 memavail=2539492 print_time=366.580 buffer_time=2.141 print_stall=0 extruder: target=225 temp=224.6 pwm=0.251
Stats 2566669.1: gcodein=0  mcu: mcu_awake=0.011 mcu_task_avg=0.000035 mcu_task_stddev=0.000032 bytes_write=66317 bytes_read=65792 bytes_retransmit=9 bytes_invalid=0 send_seq=2800 receive_seq=2797 retransmit_seq=2 srtt=0.003 rttvar=0.001 rto=0.025 ready_bytes=824 upcoming_bytes=0 freq=72002035 sd_pos=51947 heater_bed: target=70 temp=70.6 pwm=0.168 sysload=1.05 cputime=12.691 memavail=2537568 print_time=367.908 buffer_time=2.468 print_stall=0 extruder: target=225 temp=224.7 pwm=0.251
Stats 2566670.1: gcodein=0  mcu: mcu_awake=0.011 mcu_task_avg=0.000035 mcu_task_stddev=0.000032 bytes_write=69092 bytes_read=66155 bytes_retransmit=9 bytes_invalid=0 send_seq=2847 receive_seq=2847 retransmit_seq=2 srtt=0.003 rttvar=0.000 rto=0.025 ready_bytes=15 upcoming_bytes=0 freq=72002031 sd_pos=52169 heater_bed: target=70 temp=70.6 pwm=0.398 sysload=1.05 cputime=12.726 memavail=2537120 print_time=368.710 buffer_time=2.269 print_stall=0 extruder: target=225 temp=224.8 pwm=0.251
Stats 2566671.1: gcodein=0  mcu: mcu_awake=0.011 mcu_task_avg=0.000035 mcu_task_stddev=0.000032 bytes_write=70367 bytes_read=66372 bytes_retransmit=9 bytes_invalid=0 send_seq=2868 receive_seq=2868 retransmit_seq=2 srtt=0.003 rttvar=0.000 rto=0.025 ready_bytes=40 upcoming_bytes=0 freq=72002031 sd_pos=52367 heater_bed: target=70 temp=70.6 pwm=0.225 sysload=1.05 cputime=12.758 memavail=2537120 print_time=369.808 buffer_time=2.366 print_stall=0 extruder: target=225 temp=225.0 pwm=0.251
Stats 2566672.1: gcodein=0  mcu: mcu_awake=0.011 mcu_task_avg=0.000035 mcu_task_stddev=0.000032 bytes_write=71310 bytes_read=66555 bytes_retransmit=9 bytes_invalid=0 send_seq=2885 receive_seq=2885 retransmit_seq=2 srtt=0.003 rttvar=0.000 rto=0.025 ready_bytes=0 upcoming_bytes=0 freq=72002032 sd_pos=52491 heater_bed: target=70 temp=70.6 pwm=0.239 sysload=1.05 cputime=12.779 memavail=2535612 print_time=370.680 buffer_time=2.237 print_stall=0 extruder: target=225 temp=225.1 pwm=0.188
Stats 2566673.1: gcodein=0  mcu: mcu_awake=0.011 mcu_task_avg=0.000035 mcu_task_stddev=0.000032 bytes_write=72142 bytes_read=66743 bytes_retransmit=9 bytes_invalid=0 send_seq=2900 receive_seq=2900 retransmit_seq=2 srtt=0.003 rttvar=0.000 rto=0.025 ready_bytes=10 upcoming_bytes=0 freq=72002034 sd_pos=52616 heater_bed: target=70 temp=70.6 pwm=0.192 sysload=1.05 cputime=12.813 memavail=2535616 print_time=371.555 buffer_time=2.111 print_stall=0 extruder: target=225 temp=225.2 pwm=0.253
Stats 2566674.1: gcodein=0  mcu: mcu_awake=0.012 mcu_task_avg=0.000036 mcu_task_stddev=0.000033 bytes_write=73331 bytes_read=66960 bytes_retransmit=9 bytes_invalid=0 send_seq=2921 receive_seq=2918 retransmit_seq=2 srtt=0.003 rttvar=0.000 rto=0.025 ready_bytes=72 upcoming_bytes=0 freq=72002037 sd_pos=52802 heater_bed: target=70 temp=70.6 pwm=0.088 sysload=1.05 cputime=12.858 memavail=2535172 print_time=372.858 buffer_time=2.413 print_stall=0 extruder: target=225 temp=225.2 pwm=0.253
Stats 2566675.1: gcodein=0  mcu: mcu_awake=0.012 mcu_task_avg=0.000036 mcu_task_stddev=0.000033 bytes_write=74246 bytes_read=67153 bytes_retransmit=9 bytes_invalid=0 send_seq=2937 receive_seq=2937 retransmit_seq=2 srtt=0.003 rttvar=0.000 rto=0.025 ready_bytes=0 upcoming_bytes=0 freq=72002044 sd_pos=52925 heater_bed: target=70 temp=70.6 pwm=0.051 sysload=1.05 cputime=12.896 memavail=2534968 print_time=373.679 buffer_time=2.233 print_stall=0 extruder: target=225 temp=225.3 pwm=0.253
Stats 2566676.1: gcodein=0  mcu: mcu_awake=0.012 mcu_task_avg=0.000036 mcu_task_stddev=0.000033 bytes_write=76073 bytes_read=67426 bytes_retransmit=9 bytes_invalid=0 send_seq=2969 receive_seq=2969 retransmit_seq=2 srtt=0.003 rttvar=0.000 rto=0.025 ready_bytes=11 upcoming_bytes=0 freq=72002041 sd_pos=53149 heater_bed: target=70 temp=70.5 pwm=0.635 sysload=1.05 cputime=12.942 memavail=2534968 print_time=374.623 buffer_time=2.176 print_stall=0 extruder: target=225 temp=225.3 pwm=0.253
Stats 2566677.1: gcodein=0  mcu: mcu_awake=0.012 mcu_task_avg=0.000036 mcu_task_stddev=0.000033 bytes_write=78263 bytes_read=67733 bytes_retransmit=9 bytes_invalid=0 send_seq=3008 receive_seq=3008 retransmit_seq=2 srtt=0.003 rttvar=0.000 rto=0.025 ready_bytes=0 upcoming_bytes=0 freq=72002041 sd_pos=53546 heater_bed: target=70 temp=70.6 pwm=0.170 sysload=1.05 cputime=12.996 memavail=2534968 print_time=375.631 buffer_time=2.182 print_stall=0 extruder: target=225 temp=225.3 pwm=0.264
Stats 2566678.1: gcodein=0  mcu: mcu_awake=0.012 mcu_task_avg=0.000036 mcu_task_stddev=0.000033 bytes_write=79660 bytes_read=67946 bytes_retransmit=9 bytes_invalid=0 send_seq=3031 receive_seq=3031 retransmit_seq=2 srtt=0.003 rttvar=0.001 rto=0.025 ready_bytes=0 upcoming_bytes=0 freq=72002040 sd_pos=54239 heater_bed: target=70 temp=70.6 pwm=0.280 sysload=1.05 cputime=13.042 memavail=2537652 print_time=376.460 buffer_time=2.011 print_stall=0 extruder: target=225 temp=225.3 pwm=0.264
Stats 2566679.1: gcodein=0  mcu: mcu_awake=0.012 mcu_task_avg=0.000036 mcu_task_stddev=0.000032 bytes_write=81732 bytes_read=68249 bytes_retransmit=9 bytes_invalid=0 send_seq=3066 receive_seq=3066 retransmit_seq=2 srtt=0.003 rttvar=0.000 rto=0.025 ready_bytes=0 upcoming_bytes=0 freq=72002042 sd_pos=55538 heater_bed: target=70 temp=70.5 pwm=0.476 sysload=0.96 cputime=13.110 memavail=2531668 print_time=377.470 buffer_time=2.019 print_stall=0 extruder: target=225 temp=225.1 pwm=0.264
Stats 2566680.1: gcodein=0  mcu: mcu_awake=0.012 mcu_task_avg=0.000036 mcu_task_stddev=0.000032 bytes_write=83383 bytes_read=68506 bytes_retransmit=9 bytes_invalid=0 send_seq=3095 receive_seq=3095 retransmit_seq=2 srtt=0.003 rttvar=0.000 rto=0.025 ready_bytes=55 upcoming_bytes=0 freq=72002040 sd_pos=56519 heater_bed: target=70 temp=70.6 pwm=0.140 sysload=0.96 cputime=13.154 memavail=2532500 print_time=378.556 buffer_time=2.106 print_stall=0 extruder: target=225 temp=225.2 pwm=0.253
Stats 2566681.1: gcodein=0  mcu: mcu_awake=0.012 mcu_task_avg=0.000036 mcu_task_stddev=0.000032 bytes_write=85502 bytes_read=68784 bytes_retransmit=9 bytes_invalid=0 send_seq=3131 receive_seq=3131 retransmit_seq=2 srtt=0.003 rttvar=0.000 rto=0.025 ready_bytes=7 upcoming_bytes=0 freq=72002038 sd_pos=57554 heater_bed: target=70 temp=70.5 pwm=0.453 sysload=0.96 cputime=13.197 memavail=2541648 print_time=379.642 buffer_time=2.191 print_stall=0 extruder: target=225 temp=225.2 pwm=0.253
Stats 2566682.1: gcodein=0  mcu: mcu_awake=0.012 mcu_task_avg=0.000036 mcu_task_stddev=0.000032 bytes_write=87517 bytes_read=69072 bytes_retransmit=9 bytes_invalid=0 send_seq=3166 receive_seq=3166 retransmit_seq=2 srtt=0.003 rttvar=0.000 rto=0.025 ready_bytes=47 upcoming_bytes=0 freq=72002039 sd_pos=58778 heater_bed: target=70 temp=70.5 pwm=0.179 sysload=0.96 cputime=13.252 memavail=2546708 print_time=380.649 buffer_time=2.197 print_stall=0 extruder: target=225 temp=225.1 pwm=0.253
Stats 2566683.1: gcodein=0  mcu: mcu_awake=0.012 mcu_task_avg=0.000036 mcu_task_stddev=0.000032 bytes_write=88905 bytes_read=69314 bytes_retransmit=9 bytes_invalid=0 send_seq=3192 receive_seq=3192 retransmit_seq=2 srtt=0.003 rttvar=0.000 rto=0.025 ready_bytes=15 upcoming_bytes=0 freq=72002035 sd_pos=59523 heater_bed: target=70 temp=70.5 pwm=0.278 sysload=0.96 cputime=13.296 memavail=2541116 print_time=381.587 buffer_time=2.135 print_stall=0 extruder: target=225 temp=225.0 pwm=0.272
Stats 2566684.1: gcodein=0  mcu: mcu_awake=0.014 mcu_task_avg=0.000037 mcu_task_stddev=0.000032 bytes_write=90937 bytes_read=69602 bytes_retransmit=9 bytes_invalid=0 send_seq=3227 receive_seq=3227 retransmit_seq=2 srtt=0.003 rttvar=0.000 rto=0.025 ready_bytes=15 upcoming_bytes=0 freq=72002035 sd_pos=60522 heater_bed: target=70 temp=70.6 pwm=0.083 sysload=0.97 cputime=13.335 memavail=2534976 print_time=382.653 buffer_time=2.200 print_stall=0 extruder: target=225 temp=225.0 pwm=0.272
Stats 2566685.1: gcodein=0  mcu: mcu_awake=0.014 mcu_task_avg=0.000037 mcu_task_stddev=0.000032 bytes_write=92448 bytes_read=69850 bytes_retransmit=9 bytes_invalid=0 send_seq=3254 receive_seq=3254 retransmit_seq=2 srtt=0.003 rttvar=0.000 rto=0.025 ready_bytes=18 upcoming_bytes=0 freq=72002032 sd_pos=61463 heater_bed: target=70 temp=70.5 pwm=0.284 sysload=0.97 cputime=13.374 memavail=2535208 print_time=383.462 buffer_time=2.009 print_stall=0 extruder: target=225 temp=225.0 pwm=0.272
Stats 2566686.1: gcodein=0  mcu: mcu_awake=0.014 mcu_task_avg=0.000037 mcu_task_stddev=0.000032 bytes_write=94490 bytes_read=70142 bytes_retransmit=9 bytes_invalid=0 send_seq=3290 receive_seq=3290 retransmit_seq=2 srtt=0.003 rttvar=0.000 rto=0.025 ready_bytes=0 upcoming_bytes=0 freq=72002027 sd_pos=62467 heater_bed: target=70 temp=70.5 pwm=0.243 sysload=0.97 cputime=13.409 memavail=2535208 print_time=384.701 buffer_time=2.247 print_stall=0 extruder: target=225 temp=225.0 pwm=0.272
Stats 2566687.1: gcodein=0  mcu: mcu_awake=0.014 mcu_task_avg=0.000037 mcu_task_stddev=0.000032 bytes_write=97573 bytes_read=70495 bytes_retransmit=9 bytes_invalid=0 send_seq=3343 receive_seq=3341 retransmit_seq=2 srtt=0.003 rttvar=0.000 rto=0.025 ready_bytes=47 upcoming_bytes=0 freq=72002032 sd_pos=62949 heater_bed: target=70 temp=70.5 pwm=0.224 sysload=0.97 cputime=13.446 memavail=2535208 print_time=385.825 buffer_time=2.371 print_stall=0 extruder: target=225 temp=225.1 pwm=0.222
Stats 2566688.1: gcodein=0  mcu: mcu_awake=0.014 mcu_task_avg=0.000037 mcu_task_stddev=0.000032 bytes_write=98861 bytes_read=70733 bytes_retransmit=9 bytes_invalid=0 send_seq=3366 receive_seq=3366 retransmit_seq=2 srtt=0.003 rttvar=0.000 rto=0.025 ready_bytes=39 upcoming_bytes=0 freq=72002028 sd_pos=63135 heater_bed: target=70 temp=70.6 pwm=0.000 sysload=0.97 cputime=13.474 memavail=2543828 print_time=386.573 buffer_time=2.117 print_stall=0 extruder: target=225 temp=225.0 pwm=0.294
Stats 2566689.1: gcodein=0  mcu: mcu_awake=0.016 mcu_task_avg=0.000037 mcu_task_stddev=0.000033 bytes_write=100518 bytes_read=71000 bytes_retransmit=9 bytes_invalid=0 send_seq=3395 receive_seq=3394 retransmit_seq=2 srtt=0.003 rttvar=0.000 rto=0.025 ready_bytes=55 upcoming_bytes=0 freq=72002025 sd_pos=63386 heater_bed: target=70 temp=70.5 pwm=0.308 sysload=1.05 cputime=13.518 memavail=2543332 print_time=387.741 buffer_time=2.284 print_stall=0 extruder: target=225 temp=225.0 pwm=0.223
Stats 2566690.1: gcodein=0  mcu: mcu_awake=0.016 mcu_task_avg=0.000037 mcu_task_stddev=0.000033 bytes_write=102569 bytes_read=71283 bytes_retransmit=9 bytes_invalid=0 send_seq=3431 receive_seq=3431 retransmit_seq=2 srtt=0.003 rttvar=0.001 rto=0.025 ready_bytes=31 upcoming_bytes=0 freq=72002022 sd_pos=63697 heater_bed: target=70 temp=70.5 pwm=0.357 sysload=1.05 cputime=13.552 memavail=2535432 print_time=388.576 buffer_time=2.119 print_stall=0 extruder: target=225 temp=225.0 pwm=0.281
Stats 2566691.1: gcodein=0  mcu: mcu_awake=0.016 mcu_task_avg=0.000037 mcu_task_stddev=0.000033 bytes_write=105447 bytes_read=71651 bytes_retransmit=9 bytes_invalid=0 send_seq=3482 receive_seq=3482 retransmit_seq=2 srtt=0.003 rttvar=0.000 rto=0.025 ready_bytes=17 upcoming_bytes=0 freq=72002026 sd_pos=64131 heater_bed: target=70 temp=70.5 pwm=0.091 sysload=1.05 cputime=13.605 memavail=2536028 print_time=389.622 buffer_time=2.165 print_stall=0 extruder: target=225 temp=225.1 pwm=0.259
Stats 2566692.1: gcodein=0  mcu: mcu_awake=0.016 mcu_task_avg=0.000037 mcu_task_stddev=0.000033 bytes_write=108143 bytes_read=71998 bytes_retransmit=9 bytes_invalid=0 send_seq=3529 receive_seq=3529 retransmit_seq=2 srtt=0.003 rttvar=0.001 rto=0.025 ready_bytes=0 upcoming_bytes=0 freq=72002023 sd_pos=64569 heater_bed: target=70 temp=70.5 pwm=0.164 sysload=1.05 cputime=13.655 memavail=2530740 print_time=390.647 buffer_time=2.189 print_stall=0 extruder: target=225 temp=224.9 pwm=0.349
Stats 2566693.1: gcodein=0  mcu: mcu_awake=0.016 mcu_task_avg=0.000037 mcu_task_stddev=0.000033 bytes_write=111522 bytes_read=72381 bytes_retransmit=9 bytes_invalid=0 send_seq=3586 receive_seq=3586 retransmit_seq=2 srtt=0.003 rttvar=0.000 rto=0.025 ready_bytes=0 upcoming_bytes=0 freq=72002021 sd_pos=65044 heater_bed: target=70 temp=70.5 pwm=0.142 sysload=1.05 cputime=13.707 memavail=2520020 print_time=391.536 buffer_time=2.076 print_stall=0 extruder: target=225 temp=225.1 pwm=0.239
Stats 2566694.1: gcodein=0  mcu: mcu_awake=0.020 mcu_task_avg=0.000038 mcu_task_stddev=0.000033 bytes_write=114047 bytes_read=72738 bytes_retransmit=9 bytes_invalid=0 send_seq=3630 receive_seq=3629 retransmit_seq=2 srtt=0.003 rttvar=0.000 rto=0.025 ready_bytes=0 upcoming_bytes=0 freq=72002018 sd_pos=65420 heater_bed: target=70 temp=70.5 pwm=0.084 sysload=1.13 cputime=13.747 memavail=2517064 print_time=392.737 buffer_time=2.277 print_stall=0 extruder: target=225 temp=225.0 pwm=0.294
Stats 2566695.1: gcodein=0  mcu: mcu_awake=0.020 mcu_task_avg=0.000038 mcu_task_stddev=0.000033 bytes_write=116609 bytes_read=73036 bytes_retransmit=9 bytes_invalid=0 send_seq=3672 receive_seq=3669 retransmit_seq=2 srtt=0.003 rttvar=0.000 rto=0.025 ready_bytes=163 upcoming_bytes=0 freq=72002015 sd_pos=65860 heater_bed: target=70 temp=70.5 pwm=0.137 sysload=1.13 cputime=13.779 memavail=2518044 print_time=393.856 buffer_time=2.394 print_stall=0 extruder: target=225 temp=225.0 pwm=0.294
Stats 2566696.1: gcodein=0  mcu: mcu_awake=0.020 mcu_task_avg=0.000038 mcu_task_stddev=0.000033 bytes_write=118705 bytes_read=73329 bytes_retransmit=9 bytes_invalid=0 send_seq=3708 receive_seq=3708 retransmit_seq=2 srtt=0.003 rttvar=0.000 rto=0.025 ready_bytes=39 upcoming_bytes=0 freq=72002012 sd_pos=66170 heater_bed: target=70 temp=70.6 pwm=0.000 sysload=1.13 cputime=13.813 memavail=2518044 print_time=394.560 buffer_time=2.097 print_stall=0 extruder: target=225 temp=225.1 pwm=0.222
Stats 2566697.1: gcodein=0  mcu: mcu_awake=0.020 mcu_task_avg=0.000038 mcu_task_stddev=0.000033 bytes_write=121156 bytes_read=73661 bytes_retransmit=9 bytes_invalid=0 send_seq=3750 receive_seq=3749 retransmit_seq=2 srtt=0.003 rttvar=0.000 rto=0.025 ready_bytes=0 upcoming_bytes=0 freq=72002010 sd_pos=66542 heater_bed: target=70 temp=70.5 pwm=0.264 sysload=1.13 cputime=13.869 memavail=2517820 print_time=395.513 buffer_time=2.049 print_stall=0 extruder: target=225 temp=225.0 pwm=0.278
Stats 2566698.1: gcodein=0  mcu: mcu_awake=0.020 mcu_task_avg=0.000038 mcu_task_stddev=0.000033 bytes_write=124632 bytes_read=74054 bytes_retransmit=9 bytes_invalid=0 send_seq=3808 receive_seq=3808 retransmit_seq=2 srtt=0.003 rttvar=0.000 rto=0.025 ready_bytes=15 upcoming_bytes=0 freq=72002009 sd_pos=67105 heater_bed: target=70 temp=70.5 pwm=0.232 sysload=1.13 cputime=13.924 memavail=2517596 print_time=396.684 buffer_time=2.220 print_stall=0 extruder: target=225 temp=225.0 pwm=0.278
Stats 2566699.1: gcodein=0  mcu: mcu_awake=0.020 mcu_task_avg=0.000038 mcu_task_stddev=0.000034 bytes_write=127284 bytes_read=74392 bytes_retransmit=9 bytes_invalid=0 send_seq=3853 receive_seq=3853 retransmit_seq=2 srtt=0.003 rttvar=0.000 rto=0.025 ready_bytes=39 upcoming_bytes=0 freq=72002005 sd_pos=67539 heater_bed: target=70 temp=70.5 pwm=0.121 sysload=1.20 cputime=13.971 memavail=2516628 print_time=397.712 buffer_time=2.248 print_stall=0 extruder: target=225 temp=225.0 pwm=0.278
Stats 2566700.1: gcodein=0  mcu: mcu_awake=0.020 mcu_task_avg=0.000038 mcu_task_stddev=0.000034 bytes_write=130103 bytes_read=74754 bytes_retransmit=9 bytes_invalid=0 send_seq=3900 receive_seq=3900 retransmit_seq=2 srtt=0.003 rttvar=0.000 rto=0.025 ready_bytes=8 upcoming_bytes=0 freq=72002001 sd_pos=67951 heater_bed: target=70 temp=70.4 pwm=0.446 sysload=1.20 cputime=14.017 memavail=2515432 print_time=398.584 buffer_time=2.119 print_stall=0 extruder: target=225 temp=225.0 pwm=0.278
Stats 2566701.1: gcodein=0  mcu: mcu_awake=0.020 mcu_task_avg=0.000038 mcu_task_stddev=0.000034 bytes_write=131884 bytes_read=75002 bytes_retransmit=9 bytes_invalid=0 send_seq=3930 receive_seq=3930 retransmit_seq=2 srtt=0.003 rttvar=0.000 rto=0.025 ready_bytes=0 upcoming_bytes=0 freq=72002000 sd_pos=68646 heater_bed: target=70 temp=70.4 pwm=0.601 sysload=1.20 cputime=14.064 memavail=2512704 print_time=399.529 buffer_time=2.064 print_stall=0 extruder: target=225 temp=225.0 pwm=0.253
Stats 2566702.1: gcodein=0  mcu: mcu_awake=0.020 mcu_task_avg=0.000038 mcu_task_stddev=0.000034 bytes_write=134564 bytes_read=75325 bytes_retransmit=9 bytes_invalid=0 send_seq=3975 receive_seq=3975 retransmit_seq=2 srtt=0.003 rttvar=0.000 rto=0.025 ready_bytes=58 upcoming_bytes=0 freq=72002036 sd_pos=69724 heater_bed: target=70 temp=70.5 pwm=0.000 sysload=1.20 cputime=14.122 memavail=2533400 print_time=400.750 buffer_time=2.284 print_stall=0 extruder: target=225 temp=225.0 pwm=0.253
Stats 2566703.1: gcodein=0  mcu: mcu_awake=0.020 mcu_task_avg=0.000038 mcu_task_stddev=0.000034 bytes_write=138282 bytes_read=75767 bytes_retransmit=9 bytes_invalid=0 send_seq=4038 receive_seq=4038 retransmit_seq=2 srtt=0.003 rttvar=0.001 rto=0.025 ready_bytes=15 upcoming_bytes=0 freq=72002033 sd_pos=70279 heater_bed: target=70 temp=70.4 pwm=0.288 sysload=1.20 cputime=14.175 memavail=2535640 print_time=401.750 buffer_time=2.283 print_stall=0 extruder: target=225 temp=225.1 pwm=0.253
Stats 2566704.1: gcodein=0  mcu: mcu_awake=0.021 mcu_task_avg=0.000039 mcu_task_stddev=0.000033 bytes_write=140932 bytes_read=76105 bytes_retransmit=9 bytes_invalid=0 send_seq=4083 receive_seq=4083 retransmit_seq=2 srtt=0.003 rttvar=0.000 rto=0.025 ready_bytes=0 upcoming_bytes=0 freq=72002030 sd_pos=70743 heater_bed: target=70 temp=70.5 pwm=0.276 sysload=1.42 cputime=14.221 memavail=2537788 print_time=402.667 buffer_time=2.199 print_stall=0 extruder: target=225 temp=225.1 pwm=0.253
Stats 2566705.1: gcodein=0  mcu: mcu_awake=0.021 mcu_task_avg=0.000039 mcu_task_stddev=0.000033 bytes_write=142118 bytes_read=76303 bytes_retransmit=9 bytes_invalid=0 send_seq=4103 receive_seq=4103 retransmit_seq=2 srtt=0.003 rttvar=0.000 rto=0.025 ready_bytes=7 upcoming_bytes=0 freq=72002028 sd_pos=71662 heater_bed: target=70 temp=70.5 pwm=0.177 sysload=1.42 cputime=14.263 memavail=2534280 print_time=403.549 buffer_time=2.080 print_stall=0 extruder: target=225 temp=225.1 pwm=0.208
Stats 2566706.1: gcodein=0  mcu: mcu_awake=0.021 mcu_task_avg=0.000039 mcu_task_stddev=0.000033 bytes_write=143609 bytes_read=76560 bytes_retransmit=9 bytes_invalid=0 send_seq=4129 receive_seq=4129 retransmit_seq=2 srtt=0.003 rttvar=0.000 rto=0.025 ready_bytes=23 upcoming_bytes=0 freq=72002023 sd_pos=72660 heater_bed: target=70 temp=70.5 pwm=0.115 sysload=1.42 cputime=14.324 memavail=2534508 print_time=404.598 buffer_time=2.129 print_stall=0 extruder: target=225 temp=225.1 pwm=0.243
Stats 2566707.1: gcodein=0  mcu: mcu_awake=0.021 mcu_task_avg=0.000039 mcu_task_stddev=0.000033 bytes_write=145352 bytes_read=76808 bytes_retransmit=9 bytes_invalid=0 send_seq=4159 receive_seq=4159 retransmit_seq=2 srtt=0.003 rttvar=0.000 rto=0.025 ready_bytes=52 upcoming_bytes=0 freq=72002018 sd_pos=73759 heater_bed: target=70 temp=70.5 pwm=0.102 sysload=1.42 cputime=14.384 memavail=2534508 print_time=405.669 buffer_time=2.198 print_stall=0 extruder: target=225 temp=225.1 pwm=0.243
Stats 2566708.1: gcodein=0  mcu: mcu_awake=0.021 mcu_task_avg=0.000039 mcu_task_stddev=0.000033 bytes_write=146937 bytes_read=77041 bytes_retransmit=9 bytes_invalid=0 send_seq=4186 receive_seq=4186 retransmit_seq=2 srtt=0.003 rttvar=0.000 rto=0.025 ready_bytes=36 upcoming_bytes=0 freq=72002012 sd_pos=74823 heater_bed: target=70 temp=70.4 pwm=0.411 sysload=1.42 cputime=14.429 memavail=2542380 print_time=406.720 buffer_time=2.249 print_stall=0 extruder: target=225 temp=225.1 pwm=0.313
Stats 2566709.1: gcodein=0  mcu: mcu_awake=0.013 mcu_task_avg=0.000037 mcu_task_stddev=0.000033 bytes_write=148717 bytes_read=77318 bytes_retransmit=9 bytes_invalid=0 send_seq=4216 receive_seq=4213 retransmit_seq=2 srtt=0.003 rttvar=0.000 rto=0.025 ready_bytes=188 upcoming_bytes=0 freq=72002011 sd_pos=75900 heater_bed: target=70 temp=70.4 pwm=0.319 sysload=1.55 cputime=14.475 memavail=2542160 print_time=407.752 buffer_time=2.280 print_stall=0 extruder: target=225 temp=225.0 pwm=0.313
Stats 2566710.1: gcodein=0  mcu: mcu_awake=0.013 mcu_task_avg=0.000037 mcu_task_stddev=0.000033 bytes_write=150119 bytes_read=77556 bytes_retransmit=9 bytes_invalid=0 send_seq=4241 receive_seq=4241 retransmit_seq=2 srtt=0.003 rttvar=0.000 rto=0.025 ready_bytes=44 upcoming_bytes=0 freq=72002006 sd_pos=76731 heater_bed: target=70 temp=70.4 pwm=0.210 sysload=1.55 cputime=14.523 memavail=2542136 print_time=408.611 buffer_time=2.138 print_stall=0 extruder: target=225 temp=225.0 pwm=0.313
Stats 2566711.1: gcodein=0  mcu: mcu_awake=0.013 mcu_task_avg=0.000037 mcu_task_stddev=0.000033 bytes_write=152441 bytes_read=77839 bytes_retransmit=9 bytes_invalid=0 send_seq=4281 receive_seq=4278 retransmit_seq=2 srtt=0.003 rttvar=0.000 rto=0.025 ready_bytes=488 upcoming_bytes=0 freq=72002005 sd_pos=77864 heater_bed: target=70 temp=70.5 pwm=0.000 sysload=1.55 cputime=14.588 memavail=2527108 print_time=409.908 buffer_time=2.435 print_stall=0 extruder: target=225 temp=225.0 pwm=0.262
Stats 2566712.1: gcodein=0  mcu: mcu_awake=0.013 mcu_task_avg=0.000037 mcu_task_stddev=0.000033 bytes_write=154854 bytes_read=78191 bytes_retransmit=9 bytes_invalid=0 send_seq=4323 receive_seq=4323 retransmit_seq=2 srtt=0.003 rttvar=0.000 rto=0.025 ready_bytes=0 upcoming_bytes=0 freq=72002004 sd_pos=78122 heater_bed: target=70 temp=70.4 pwm=0.056 sysload=1.55 cputime=14.633 memavail=2530740 print_time=410.697 buffer_time=2.222 print_stall=0 extruder: target=225 temp=225.0 pwm=0.262
Stats 2566713.1: gcodein=0  mcu: mcu_awake=0.013 mcu_task_avg=0.000037 mcu_task_stddev=0.000033 bytes_write=156175 bytes_read=78404 bytes_retransmit=9 bytes_invalid=0 send_seq=4346 receive_seq=4346 retransmit_seq=2 srtt=0.003 rttvar=0.000 rto=0.025 ready_bytes=0 upcoming_bytes=0 freq=72002001 sd_pos=78315 heater_bed: target=70 temp=70.4 pwm=0.171 sysload=1.55 cputime=14.671 memavail=2522680 print_time=411.563 buffer_time=2.088 print_stall=0 extruder: target=225 temp=225.1 pwm=0.262
Stats 2566714.1: gcodein=0  mcu: mcu_awake=0.014 mcu_task_avg=0.000037 mcu_task_stddev=0.000033 bytes_write=157482 bytes_read=78632 bytes_retransmit=9 bytes_invalid=0 send_seq=4369 receive_seq=4369 retransmit_seq=2 srtt=0.003 rttvar=0.000 rto=0.025 ready_bytes=8 upcoming_bytes=0 freq=72001996 sd_pos=78510 heater_bed: target=70 temp=70.4 pwm=0.052 sysload=1.42 cputime=14.710 memavail=2520472 print_time=412.682 buffer_time=2.206 print_stall=0 extruder: target=225 temp=225.1 pwm=0.262
Stats 2566715.1: gcodein=0  mcu: mcu_awake=0.014 mcu_task_avg=0.000037 mcu_task_stddev=0.000033 bytes_write=158344 bytes_read=78839 bytes_retransmit=9 bytes_invalid=0 send_seq=4385 receive_seq=4385 retransmit_seq=2 srtt=0.003 rttvar=0.001 rto=0.025 ready_bytes=18 upcoming_bytes=0 freq=72001995 sd_pos=78640 heater_bed: target=70 temp=70.4 pwm=0.338 sysload=1.42 cputime=14.735 memavail=2522348 print_time=413.525 buffer_time=2.048 print_stall=0 extruder: target=225 temp=225.2 pwm=0.215
Stats 2566716.1: gcodein=0  mcu: mcu_awake=0.014 mcu_task_avg=0.000037 mcu_task_stddev=0.000033 bytes_write=159580 bytes_read=79047 bytes_retransmit=9 bytes_invalid=0 send_seq=4407 receive_seq=4407 retransmit_seq=2 srtt=0.003 rttvar=0.000 rto=0.025 ready_bytes=8 upcoming_bytes=0 freq=72001992 sd_pos=78834 heater_bed: target=70 temp=70.4 pwm=0.209 sysload=1.42 cputime=14.772 memavail=2533644 print_time=414.852 buffer_time=2.376 print_stall=0 extruder: target=225 temp=225.2 pwm=0.215
Stats 2566717.1: gcodein=0  mcu: mcu_awake=0.014 mcu_task_avg=0.000037 mcu_task_stddev=0.000033 bytes_write=160361 bytes_read=79215 bytes_retransmit=9 bytes_invalid=0 send_seq=4421 receive_seq=4421 retransmit_seq=2 srtt=0.003 rttvar=0.000 rto=0.025 ready_bytes=16 upcoming_bytes=0 freq=72001990 sd_pos=78963 heater_bed: target=70 temp=70.4 pwm=0.344 sysload=1.42 cputime=14.806 memavail=2533340 print_time=415.762 buffer_time=2.284 print_stall=0 extruder: target=225 temp=225.2 pwm=0.215
Stats 2566718.1: gcodein=0  mcu: mcu_awake=0.014 mcu_task_avg=0.000037 mcu_task_stddev=0.000033 bytes_write=161210 bytes_read=79432 bytes_retransmit=9 bytes_invalid=0 send_seq=4439 receive_seq=4439 retransmit_seq=2 srtt=0.003 rttvar=0.000 rto=0.025 ready_bytes=51 upcoming_bytes=0 freq=72001986 sd_pos=79093 heater_bed: target=70 temp=70.4 pwm=0.225 sysload=1.42 cputime=14.843 memavail=2533448 print_time=416.676 buffer_time=2.198 print_stall=0 extruder: target=225 temp=225.1 pwm=0.319
Stats 2566719.1: gcodein=0  mcu: mcu_awake=0.008 mcu_task_avg=0.000034 mcu_task_stddev=0.000031 bytes_write=162100 bytes_read=79630 bytes_retransmit=9 bytes_invalid=0 send_seq=4456 receive_seq=4456 retransmit_seq=2 srtt=0.003 rttvar=0.001 rto=0.025 ready_bytes=0 upcoming_bytes=0 freq=72001983 sd_pos=79220 heater_bed: target=70 temp=70.4 pwm=0.178 sysload=1.39 cputime=14.883 memavail=2537296 print_time=417.589 buffer_time=2.111 print_stall=0 extruder: target=225 temp=225.1 pwm=0.296
Stats 2566720.1: gcodein=0  mcu: mcu_awake=0.008 mcu_task_avg=0.000034 mcu_task_stddev=0.000031 bytes_write=162930 bytes_read=79803 bytes_retransmit=9 bytes_invalid=0 send_seq=4471 receive_seq=4471 retransmit_seq=2 srtt=0.003 rttvar=0.001 rto=0.025 ready_bytes=0 upcoming_bytes=0 freq=72001982 sd_pos=79345 heater_bed: target=70 temp=70.4 pwm=0.348 sysload=1.39 cputime=14.920 memavail=2537300 print_time=418.496 buffer_time=2.016 print_stall=0 extruder: target=225 temp=225.1 pwm=0.296
Stats 2566721.1: gcodein=0  mcu: mcu_awake=0.008 mcu_task_avg=0.000034 mcu_task_stddev=0.000031 bytes_write=164174 bytes_read=80031 bytes_retransmit=9 bytes_invalid=0 send_seq=4493 receive_seq=4493 retransmit_seq=2 srtt=0.003 rttvar=0.001 rto=0.025 ready_bytes=7 upcoming_bytes=0 freq=72001981 sd_pos=79538 heater_bed: target=70 temp=70.5 pwm=0.000 sysload=1.39 cputime=14.963 memavail=2537276 print_time=419.845 buffer_time=2.364 print_stall=0 extruder: target=225 temp=225.0 pwm=0.296
Stats 2566722.1: gcodein=0  mcu: mcu_awake=0.008 mcu_task_avg=0.000034 mcu_task_stddev=0.000031 bytes_write=165014 bytes_read=80202 bytes_retransmit=9 bytes_invalid=0 send_seq=4509 receive_seq=4509 retransmit_seq=2 srtt=0.003 rttvar=0.001 rto=0.025 ready_bytes=0 upcoming_bytes=0 freq=72001980 sd_pos=79666 heater_bed: target=70 temp=70.2 pwm=0.839 sysload=1.39 cputime=15.000 memavail=2535596 print_time=420.737 buffer_time=2.256 print_stall=0 extruder: target=225 temp=225.0 pwm=0.296
Stats 2566723.1: gcodein=0  mcu: mcu_awake=0.008 mcu_task_avg=0.000034 mcu_task_stddev=0.000031 bytes_write=165884 bytes_read=80383 bytes_retransmit=9 bytes_invalid=0 send_seq=4527 receive_seq=4527 retransmit_seq=2 srtt=0.003 rttvar=0.001 rto=0.025 ready_bytes=0 upcoming_bytes=0 freq=72001977 sd_pos=79796 heater_bed: target=70 temp=70.4 pwm=0.146 sysload=1.39 cputime=15.041 memavail=2535344 print_time=421.628 buffer_time=2.145 print_stall=0 extruder: target=225 temp=224.9 pwm=0.315
Stats 2566724.1: gcodein=0  mcu: mcu_awake=0.008 mcu_task_avg=0.000034 mcu_task_stddev=0.000031 bytes_write=166684 bytes_read=80595 bytes_retransmit=9 bytes_invalid=0 send_seq=4542 receive_seq=4542 retransmit_seq=2 srtt=0.003 rttvar=0.000 rto=0.025 ready_bytes=0 upcoming_bytes=0 freq=72001975 sd_pos=79923 heater_bed: target=70 temp=70.3 pwm=0.231 sysload=1.28 cputime=15.080 memavail=2530304 print_time=422.517 buffer_time=2.033 print_stall=0 extruder: target=225 temp=224.8 pwm=0.315
Stats 2566725.2: gcodein=0  mcu: mcu_awake=0.008 mcu_task_avg=0.000034 mcu_task_stddev=0.000031 bytes_write=167869 bytes_read=80798 bytes_retransmit=9 bytes_invalid=0 send_seq=4563 receive_seq=4563 retransmit_seq=2 srtt=0.003 rttvar=0.000 rto=0.025 ready_bytes=7 upcoming_bytes=0 freq=72001975 sd_pos=80122 heater_bed: target=70 temp=70.4 pwm=0.000 sysload=1.28 cputime=15.122 memavail=2524032 print_time=423.852 buffer_time=2.366 print_stall=0 extruder: target=225 temp=224.8 pwm=0.315
Stats 2566726.2: gcodein=0  mcu: mcu_awake=0.008 mcu_task_avg=0.000034 mcu_task_stddev=0.000031 bytes_write=168703 bytes_read=80981 bytes_retransmit=9 bytes_invalid=0 send_seq=4580 receive_seq=4580 retransmit_seq=2 srtt=0.003 rttvar=0.000 rto=0.025 ready_bytes=23 upcoming_bytes=0 freq=72001973 sd_pos=80252 heater_bed: target=70 temp=70.4 pwm=0.171 sysload=1.28 cputime=15.158 memavail=2515844 print_time=424.741 buffer_time=2.255 print_stall=0 extruder: target=225 temp=224.9 pwm=0.271
Stats 2566727.2: gcodein=0  mcu: mcu_awake=0.008 mcu_task_avg=0.000034 mcu_task_stddev=0.000031 bytes_write=169542 bytes_read=81188 bytes_retransmit=9 bytes_invalid=0 send_seq=4596 receive_seq=4596 retransmit_seq=2 srtt=0.003 rttvar=0.000 rto=0.025 ready_bytes=40 upcoming_bytes=0 freq=72001974 sd_pos=80382 heater_bed: target=70 temp=70.4 pwm=0.181 sysload=1.28 cputime=15.196 memavail=2521664 print_time=425.630 buffer_time=2.143 print_stall=0 extruder: target=225 temp=224.9 pwm=0.256
Stats 2566728.2: gcodein=0  mcu: mcu_awake=0.008 mcu_task_avg=0.000034 mcu_task_stddev=0.000031 bytes_write=170417 bytes_read=81366 bytes_retransmit=9 bytes_invalid=0 send_seq=4612 receive_seq=4612 retransmit_seq=2 srtt=0.003 rttvar=0.000 rto=0.025 ready_bytes=0 upcoming_bytes=0 freq=72001975 sd_pos=80509 heater_bed: target=70 temp=70.4 pwm=0.000 sysload=1.28 cputime=15.225 memavail=2517840 print_time=426.514 buffer_time=2.026 print_stall=0 extruder: target=225 temp=225.0 pwm=0.256
Stats 2566729.2: gcodein=0  mcu: mcu_awake=0.008 mcu_task_avg=0.000033 mcu_task_stddev=0.000031 bytes_write=171609 bytes_read=81584 bytes_retransmit=9 bytes_invalid=0 send_seq=4633 receive_seq=4633 retransmit_seq=2 srtt=0.003 rttvar=0.000 rto=0.025 ready_bytes=31 upcoming_bytes=0 freq=72001971 sd_pos=80700 heater_bed: target=70 temp=70.4 pwm=0.336 sysload=1.34 cputime=15.255 memavail=2514276 print_time=427.812 buffer_time=2.323 print_stall=0 extruder: target=225 temp=224.9 pwm=0.256
Stats 2566730.2: gcodein=0  mcu: mcu_awake=0.008 mcu_task_avg=0.000033 mcu_task_stddev=0.000031 bytes_write=172475 bytes_read=81802 bytes_retransmit=9 bytes_invalid=0 send_seq=4649 receive_seq=4649 retransmit_seq=2 srtt=0.003 rttvar=0.000 rto=0.025 ready_bytes=0 upcoming_bytes=0 freq=72001964 sd_pos=80828 heater_bed: target=70 temp=70.3 pwm=0.423 sysload=1.34 cputime=15.278 memavail=2504980 print_time=428.642 buffer_time=2.153 print_stall=0 extruder: target=225 temp=225.0 pwm=0.256
Stats 2566731.2: gcodein=0  mcu: mcu_awake=0.008 mcu_task_avg=0.000033 mcu_task_stddev=0.000031 bytes_write=173734 bytes_read=82010 bytes_retransmit=9 bytes_invalid=0 send_seq=4671 receive_seq=4671 retransmit_seq=2 srtt=0.003 rttvar=0.000 rto=0.025 ready_bytes=0 upcoming_bytes=0 freq=72001962 sd_pos=81023 heater_bed: target=70 temp=70.4 pwm=0.165 sysload=1.34 cputime=15.302 memavail=2495272 print_time=429.795 buffer_time=2.305 print_stall=0 extruder: target=225 temp=225.0 pwm=0.282
Stats 2566732.2: gcodein=0  mcu: mcu_awake=0.008 mcu_task_avg=0.000033 mcu_task_stddev=0.000031 bytes_write=175034 bytes_read=82218 bytes_retransmit=9 bytes_invalid=0 send_seq=4693 receive_seq=4693 retransmit_seq=2 srtt=0.003 rttvar=0.000 rto=0.025 ready_bytes=0 upcoming_bytes=0 freq=72001959 sd_pos=81229 heater_bed: target=70 temp=70.4 pwm=0.332 sysload=1.34 cputime=15.323 memavail=2495024 print_time=430.704 buffer_time=2.214 print_stall=0 extruder: target=225 temp=225.0 pwm=0.282
Stats 2566733.2: gcodein=0  mcu: mcu_awake=0.008 mcu_task_avg=0.000033 mcu_task_stddev=0.000031 bytes_write=177269 bytes_read=82535 bytes_retransmit=9 bytes_invalid=0 send_seq=4731 receive_seq=4731 retransmit_seq=2 srtt=0.003 rttvar=0.000 rto=0.025 ready_bytes=0 upcoming_bytes=0 freq=72001956 sd_pos=81535 heater_bed: target=70 temp=70.4 pwm=0.248 sysload=1.34 cputime=15.346 memavail=2494684 print_time=431.501 buffer_time=2.009 print_stall=0 extruder: target=225 temp=225.0 pwm=0.282
Stats 2566734.2: gcodein=0  mcu: mcu_awake=0.012 mcu_task_avg=0.000036 mcu_task_stddev=0.000032 bytes_write=179067 bytes_read=82808 bytes_retransmit=9 bytes_invalid=0 send_seq=4763 receive_seq=4763 retransmit_seq=2 srtt=0.003 rttvar=0.000 rto=0.025 ready_bytes=0 upcoming_bytes=0 freq=72001952 sd_pos=82286 heater_bed: target=70 temp=70.4 pwm=0.030 sysload=1.39 cputime=15.376 memavail=2494688 print_time=432.532 buffer_time=2.040 print_stall=0 extruder: target=225 temp=225.0 pwm=0.282
Stats 2566735.2: gcodein=0  mcu: mcu_awake=0.012 mcu_task_avg=0.000036 mcu_task_stddev=0.000032 bytes_write=180868 bytes_read=83061 bytes_retransmit=9 bytes_invalid=0 send_seq=4794 receive_seq=4794 retransmit_seq=2 srtt=0.003 rttvar=0.000 rto=0.025 ready_bytes=0 upcoming_bytes=0 freq=72001949 sd_pos=83094 heater_bed: target=70 temp=70.4 pwm=0.212 sysload=1.39 cputime=15.405 memavail=2494016 print_time=433.525 buffer_time=2.033 print_stall=0 extruder: target=225 temp=225.0 pwm=0.282
Stats 2566736.2: gcodein=0  mcu: mcu_awake=0.012 mcu_task_avg=0.000036 mcu_task_stddev=0.000032 bytes_write=182597 bytes_read=83343 bytes_retransmit=9 bytes_invalid=0 send_seq=4825 receive_seq=4825 retransmit_seq=2 srtt=0.003 rttvar=0.000 rto=0.025 ready_bytes=24 upcoming_bytes=0 freq=72001946 sd_pos=84247 heater_bed: target=70 temp=70.3 pwm=0.505 sysload=1.39 cputime=15.441 memavail=2493992 print_time=434.720 buffer_time=2.227 print_stall=0 extruder: target=225 temp=225.0 pwm=0.246
Stats 2566737.2: gcodein=0  mcu: mcu_awake=0.012 mcu_task_avg=0.000036 mcu_task_stddev=0.000032 bytes_write=184118 bytes_read=83571 bytes_retransmit=9 bytes_invalid=0 send_seq=4851 receive_seq=4851 retransmit_seq=2 srtt=0.003 rttvar=0.000 rto=0.025 ready_bytes=0 upcoming_bytes=0 freq=72001946 sd_pos=84911 heater_bed: target=70 temp=70.3 pwm=0.233 sysload=1.39 cputime=15.472 memavail=2486572 print_time=435.537 buffer_time=2.043 print_stall=0 extruder: target=225 temp=224.9 pwm=0.296
Stats 2566738.2: gcodein=0  mcu: mcu_awake=0.012 mcu_task_avg=0.000036 mcu_task_stddev=0.000032 bytes_write=186259 bytes_read=83844 bytes_retransmit=9 bytes_invalid=0 send_seq=4886 receive_seq=4886 retransmit_seq=2 srtt=0.003 rttvar=0.000 rto=0.025 ready_bytes=0 upcoming_bytes=0 freq=72001949 sd_pos=85661 heater_bed: target=70 temp=70.4 pwm=0.247 sysload=1.39 cputime=15.525 memavail=2480812 print_time=436.627 buffer_time=2.132 print_stall=0 extruder: target=225 temp=225.0 pwm=0.231
Stats 2566739.2: gcodein=0  mcu: mcu_awake=0.015 mcu_task_avg=0.000038 mcu_task_stddev=0.000034 bytes_write=189100 bytes_read=84231 bytes_retransmit=9 bytes_invalid=0 send_seq=4935 receive_seq=4935 retransmit_seq=2 srtt=0.003 rttvar=0.000 rto=0.025 ready_bytes=7 upcoming_bytes=0 freq=72001950 sd_pos=86096 heater_bed: target=70 temp=70.3 pwm=0.265 sysload=1.60 cputime=15.563 memavail=2484296 print_time=437.635 buffer_time=2.139 print_stall=0 extruder: target=225 temp=225.0 pwm=0.283
Stats 2566740.2: gcodein=0  mcu: mcu_awake=0.015 mcu_task_avg=0.000038 mcu_task_stddev=0.000034 bytes_write=191465 bytes_read=84534 bytes_retransmit=9 bytes_invalid=0 send_seq=4976 receive_seq=4976 retransmit_seq=2 srtt=0.003 rttvar=0.000 rto=0.025 ready_bytes=0 upcoming_bytes=0 freq=72001949 sd_pos=86470 heater_bed: target=70 temp=70.3 pwm=0.445 sysload=1.60 cputime=15.593 memavail=2485596 print_time=438.609 buffer_time=2.113 print_stall=0 extruder: target=225 temp=225.0 pwm=0.276
Stats 2566741.2: gcodein=0  mcu: mcu_awake=0.015 mcu_task_avg=0.000038 mcu_task_stddev=0.000034 bytes_write=193723 bytes_read=84817 bytes_retransmit=9 bytes_invalid=0 send_seq=5013 receive_seq=5013 retransmit_seq=2 srtt=0.003 rttvar=0.000 rto=0.025 ready_bytes=0 upcoming_bytes=0 freq=72001953 sd_pos=86852 heater_bed: target=70 temp=70.4 pwm=0.108 sysload=1.60 cputime=15.627 memavail=2494536 print_time=439.616 buffer_time=2.119 print_stall=0 extruder: target=225 temp=225.1 pwm=0.276
Stats 2566742.2: gcodein=0  mcu: mcu_awake=0.015 mcu_task_avg=0.000038 mcu_task_stddev=0.000034 bytes_write=195952 bytes_read=85129 bytes_retransmit=9 bytes_invalid=0 send_seq=5050 receive_seq=5050 retransmit_seq=2 srtt=0.003 rttvar=0.000 rto=0.025 ready_bytes=0 upcoming_bytes=0 freq=72001952 sd_pos=87231 heater_bed: target=70 temp=70.3 pwm=0.508 sysload=1.60 cputime=15.656 memavail=2494960 print_time=440.637 buffer_time=2.139 print_stall=0 extruder: target=225 temp=225.0 pwm=0.276
Stats 2566743.2: gcodein=0  mcu: mcu_awake=0.015 mcu_task_avg=0.000038 mcu_task_stddev=0.000034 bytes_write=198096 bytes_read=85412 bytes_retransmit=9 bytes_invalid=0 send_seq=5087 receive_seq=5087 retransmit_seq=2 srtt=0.003 rttvar=0.000 rto=0.025 ready_bytes=39 upcoming_bytes=0 freq=72001949 sd_pos=87615 heater_bed: target=70 temp=70.3 pwm=0.290 sysload=1.60 cputime=15.682 memavail=2495212 print_time=441.647 buffer_time=2.148 print_stall=0 extruder: target=225 temp=225.1 pwm=0.211
Stats 2566744.2: gcodein=0  mcu: mcu_awake=0.017 mcu_task_avg=0.000039 mcu_task_stddev=0.000034 bytes_write=200391 bytes_read=85720 bytes_retransmit=9 bytes_invalid=0 send_seq=5126 receive_seq=5126 retransmit_seq=2 srtt=0.003 rttvar=0.000 rto=0.025 ready_bytes=31 upcoming_bytes=0 freq=72001945 sd_pos=88003 heater_bed: target=70 temp=70.4 pwm=0.087 sysload=1.63 cputime=15.708 memavail=2495212 print_time=442.614 buffer_time=2.114 print_stall=0 extruder: target=225 temp=225.0 pwm=0.262
Stats 2566745.2: gcodein=0  mcu: mcu_awake=0.017 mcu_task_avg=0.000039 mcu_task_stddev=0.000034 bytes_write=202934 bytes_read=86057 bytes_retransmit=9 bytes_invalid=0 send_seq=5168 receive_seq=5168 retransmit_seq=2 srtt=0.003 rttvar=0.000 rto=0.025 ready_bytes=0 upcoming_bytes=0 freq=72001948 sd_pos=88455 heater_bed: target=70 temp=70.3 pwm=0.277 sysload=1.63 cputime=15.736 memavail=2495084 print_time=443.645 buffer_time=2.144 print_stall=0 extruder: target=225 temp=225.0 pwm=0.262
Stats 2566746.2: gcodein=0  mcu: mcu_awake=0.017 mcu_task_avg=0.000039 mcu_task_stddev=0.000034 bytes_write=205427 bytes_read=86365 bytes_retransmit=9 bytes_invalid=0 send_seq=5210 receive_seq=5210 retransmit_seq=2 srtt=0.003 rttvar=0.000 rto=0.025 ready_bytes=0 upcoming_bytes=0 freq=72001947 sd_pos=89005 heater_bed: target=70 temp=70.3 pwm=0.316 sysload=1.63 cputime=15.765 memavail=2493660 print_time=444.511 buffer_time=2.009 print_stall=0 extruder: target=225 temp=225.0 pwm=0.262
Stats 2566747.2: gcodein=0  mcu: mcu_awake=0.017 mcu_task_avg=0.000039 mcu_task_stddev=0.000034 bytes_write=207073 bytes_read=86603 bytes_retransmit=9 bytes_invalid=0 send_seq=5238 receive_seq=5238 retransmit_seq=2 srtt=0.003 rttvar=0.000 rto=0.025 ready_bytes=23 upcoming_bytes=0 freq=72001944 sd_pos=89981 heater_bed: target=70 temp=70.3 pwm=0.181 sysload=1.63 cputime=15.798 memavail=2493532 print_time=445.568 buffer_time=2.066 print_stall=0 extruder: target=225 temp=225.1 pwm=0.262
Stats 2566748.2: gcodein=0  mcu: mcu_awake=0.017 mcu_task_avg=0.000039 mcu_task_stddev=0.000034 bytes_write=208910 bytes_read=86895 bytes_retransmit=9 bytes_invalid=0 send_seq=5271 receive_seq=5271 retransmit_seq=2 srtt=0.003 rttvar=0.000 rto=0.025 ready_bytes=0 upcoming_bytes=0 freq=72001944 sd_pos=90962 heater_bed: target=70 temp=70.3 pwm=0.030 sysload=1.63 cputime=15.839 memavail=2466188 print_time=446.697 buffer_time=2.194 print_stall=0 extruder: target=225 temp=225.0 pwm=0.244
Stats 2566749.2: gcodein=0  mcu: mcu_awake=0.016 mcu_task_avg=0.000038 mcu_task_stddev=0.000033 bytes_write=210528 bytes_read=87153 bytes_retransmit=9 bytes_invalid=0 send_seq=5300 receive_seq=5300 retransmit_seq=2 srtt=0.003 rttvar=0.000 rto=0.025 ready_bytes=44 upcoming_bytes=0 freq=72001942 sd_pos=92015 heater_bed: target=70 temp=70.3 pwm=0.082 sysload=1.58 cputime=15.879 memavail=2469096 print_time=447.902 buffer_time=2.398 print_stall=0 extruder: target=225 temp=225.0 pwm=0.244
Stats 2566750.2: gcodein=0  mcu: mcu_awake=0.016 mcu_task_avg=0.000038 mcu_task_stddev=0.000033 bytes_write=211956 bytes_read=87376 bytes_retransmit=9 bytes_invalid=0 send_seq=5325 receive_seq=5325 retransmit_seq=2 srtt=0.003 rttvar=0.000 rto=0.025 ready_bytes=15 upcoming_bytes=0 freq=72001944 sd_pos=92728 heater_bed: target=70 temp=70.3 pwm=0.200 sysload=1.58 cputime=15.915 memavail=2472424 print_time=448.592 buffer_time=2.087 print_stall=0 extruder: target=225 temp=225.0 pwm=0.242
Stats 2566751.2: gcodein=0  mcu: mcu_awake=0.016 mcu_task_avg=0.000038 mcu_task_stddev=0.000033 bytes_write=213611 bytes_read=87648 bytes_retransmit=9 bytes_invalid=0 send_seq=5354 receive_seq=5354 retransmit_seq=2 srtt=0.003 rttvar=0.000 rto=0.025 ready_bytes=8 upcoming_bytes=0 freq=72001940 sd_pos=93789 heater_bed: target=70 temp=70.2 pwm=0.466 sysload=1.58 cputime=15.959 memavail=2461252 print_time=449.839 buffer_time=2.332 print_stall=0 extruder: target=225 temp=224.9 pwm=0.307
Stats 2566752.2: gcodein=0  mcu: mcu_awake=0.016 mcu_task_avg=0.000038 mcu_task_stddev=0.000033 bytes_write=216104 bytes_read=87961 bytes_retransmit=9 bytes_invalid=0 send_seq=5397 receive_seq=5397 retransmit_seq=2 srtt=0.003 rttvar=0.000 rto=0.025 ready_bytes=15 upcoming_bytes=0 freq=72001940 sd_pos=94363 heater_bed: target=70 temp=70.3 pwm=0.294 sysload=1.58 cputime=15.990 memavail=2434364 print_time=450.587 buffer_time=2.080 print_stall=0 extruder: target=225 temp=224.9 pwm=0.314
Stats 2566753.2: gcodein=0  mcu: mcu_awake=0.016 mcu_task_avg=0.000038 mcu_task_stddev=0.000033 bytes_write=218186 bytes_read=88239 bytes_retransmit=9 bytes_invalid=0 send_seq=5433 receive_seq=5433 retransmit_seq=2 srtt=0.003 rttvar=0.000 rto=0.025 ready_bytes=31 upcoming_bytes=0 freq=72001936 sd_pos=94657 heater_bed: target=70 temp=70.2 pwm=0.352 sysload=1.58 cputime=16.018 memavail=2462276 print_time=451.608 buffer_time=2.101 print_stall=0 extruder: target=225 temp=225.0 pwm=0.259
Stats 2566754.2: gcodein=0  mcu: mcu_awake=0.015 mcu_task_avg=0.000037 mcu_task_stddev=0.000033 bytes_write=219557 bytes_read=88501 bytes_retransmit=9 bytes_invalid=0 send_seq=5457 receive_seq=5457 retransmit_seq=2 srtt=0.003 rttvar=0.000 rto=0.025 ready_bytes=0 upcoming_bytes=0 freq=72001937 sd_pos=94849 heater_bed: target=70 temp=70.2 pwm=0.136 sysload=1.69 cputime=16.043 memavail=2456608 print_time=452.567 buffer_time=2.059 print_stall=0 extruder: target=225 temp=224.9 pwm=0.259
Stats 2566755.2: gcodein=0  mcu: mcu_awake=0.015 mcu_task_avg=0.000037 mcu_task_stddev=0.000033 bytes_write=220836 bytes_read=88709 bytes_retransmit=9 bytes_invalid=0 send_seq=5479 receive_seq=5479 retransmit_seq=2 srtt=0.003 rttvar=0.000 rto=0.025 ready_bytes=8 upcoming_bytes=0 freq=72001933 sd_pos=95044 heater_bed: target=70 temp=70.2 pwm=0.191 sysload=1.69 cputime=16.065 memavail=2452880 print_time=453.717 buffer_time=2.209 print_stall=0 extruder: target=225 temp=225.0 pwm=0.259
Stats 2566756.2: gcodein=0  mcu: mcu_awake=0.015 mcu_task_avg=0.000037 mcu_task_stddev=0.000033 bytes_write=221777 bytes_read=88907 bytes_retransmit=9 bytes_invalid=0 send_seq=5496 receive_seq=5496 retransmit_seq=2 srtt=0.003 rttvar=0.000 rto=0.025 ready_bytes=0 upcoming_bytes=0 freq=72001933 sd_pos=95174 heater_bed: target=70 temp=70.2 pwm=0.194 sysload=1.69 cputime=16.086 memavail=2477304 print_time=454.546 buffer_time=2.037 print_stall=0 extruder: target=225 temp=225.0 pwm=0.259
Stats 2566757.2: gcodein=0  mcu: mcu_awake=0.015 mcu_task_avg=0.000037 mcu_task_stddev=0.000033 bytes_write=223113 bytes_read=89134 bytes_retransmit=9 bytes_invalid=0 send_seq=5519 receive_seq=5519 retransmit_seq=2 srtt=0.003 rttvar=0.000 rto=0.025 ready_bytes=0 upcoming_bytes=0 freq=72001932 sd_pos=95368 heater_bed: target=70 temp=70.3 pwm=0.038 sysload=1.69 cputime=16.110 memavail=2479512 print_time=455.741 buffer_time=2.231 print_stall=0 extruder: target=225 temp=225.0 pwm=0.259
Stats 2566758.2: gcodein=0  mcu: mcu_awake=0.015 mcu_task_avg=0.000037 mcu_task_stddev=0.000033 bytes_write=224340 bytes_read=89342 bytes_retransmit=9 bytes_invalid=0 send_seq=5541 receive_seq=5541 retransmit_seq=2 srtt=0.003 rttvar=0.000 rto=0.025 ready_bytes=48 upcoming_bytes=0 freq=72001933 sd_pos=95563 heater_bed: target=70 temp=70.2 pwm=0.262 sysload=1.69 cputime=16.132 memavail=2476384 print_time=456.829 buffer_time=2.318 print_stall=0 extruder: target=225 temp=225.0 pwm=0.266
Stats 2566759.2: gcodein=0  mcu: mcu_awake=0.009 mcu_task_avg=0.000035 mcu_task_stddev=0.000032 bytes_write=225377 bytes_read=89545 bytes_retransmit=9 bytes_invalid=0 send_seq=5559 receive_seq=5556 retransmit_seq=2 srtt=0.003 rttvar=0.000 rto=0.025 ready_bytes=214 upcoming_bytes=11 freq=72001930 sd_pos=95756 heater_bed: target=70 temp=70.2 pwm=0.323 sysload=1.72 cputime=16.156 memavail=2477704 print_time=457.828 buffer_time=2.316 print_stall=0 extruder: target=225 temp=225.0 pwm=0.266
Stats 2566760.2: gcodein=0  mcu: mcu_awake=0.009 mcu_task_avg=0.000035 mcu_task_stddev=0.000032 bytes_write=226849 bytes_read=89797 bytes_retransmit=9 bytes_invalid=0 send_seq=5584 receive_seq=5584 retransmit_seq=2 srtt=0.003 rttvar=0.000 rto=0.025 ready_bytes=7 upcoming_bytes=0 freq=72001928 sd_pos=95980 heater_bed: target=70 temp=70.2 pwm=0.221 sysload=1.72 cputime=16.187 memavail=2470904 print_time=458.737 buffer_time=2.225 print_stall=0 extruder: target=225 temp=225.0 pwm=0.265
Stats 2566761.2: gcodein=0  mcu: mcu_awake=0.009 mcu_task_avg=0.000035 mcu_task_stddev=0.000032 bytes_write=228388 bytes_read=90025 bytes_retransmit=9 bytes_invalid=0 send_seq=5610 receive_seq=5610 retransmit_seq=2 srtt=0.003 rttvar=0.000 rto=0.025 ready_bytes=0 upcoming_bytes=0 freq=72001927 sd_pos=96210 heater_bed: target=70 temp=70.3 pwm=0.000 sysload=1.72 cputime=16.211 memavail=2469196 print_time=459.703 buffer_time=2.190 print_stall=0 extruder: target=225 temp=225.0 pwm=0.265
Stats 2566762.2: gcodein=0  mcu: mcu_awake=0.009 mcu_task_avg=0.000035 mcu_task_stddev=0.000032 bytes_write=230440 bytes_read=90298 bytes_retransmit=9 bytes_invalid=0 send_seq=5645 receive_seq=5642 retransmit_seq=2 srtt=0.003 rttvar=0.000 rto=0.025 ready_bytes=969 upcoming_bytes=0 freq=72001925 sd_pos=96669 heater_bed: target=70 temp=70.1 pwm=0.413 sysload=1.72 cputime=16.243 memavail=2468548 print_time=460.851 buffer_time=2.334 print_stall=0 extruder: target=225 temp=225.0 pwm=0.265
Stats 2566763.2: gcodein=0  mcu: mcu_awake=0.009 mcu_task_avg=0.000035 mcu_task_stddev=0.000032 bytes_write=232994 bytes_read=90645 bytes_retransmit=9 bytes_invalid=0 send_seq=5689 receive_seq=5689 retransmit_seq=2 srtt=0.003 rttvar=0.000 rto=0.025 ready_bytes=53 upcoming_bytes=0 freq=72001925 sd_pos=97429 heater_bed: target=70 temp=70.1 pwm=0.395 sysload=1.72 cputime=16.277 memavail=2468724 print_time=461.844 buffer_time=2.327 print_stall=0 extruder: target=225 temp=225.0 pwm=0.265
Stats 2566764.2: gcodein=0  mcu: mcu_awake=0.009 mcu_task_avg=0.000035 mcu_task_stddev=0.000032 bytes_write=234315 bytes_read=90863 bytes_retransmit=9 bytes_invalid=0 send_seq=5713 receive_seq=5713 retransmit_seq=2 srtt=0.003 rttvar=0.000 rto=0.025 ready_bytes=0 upcoming_bytes=0 freq=72001926 sd_pos=98040 heater_bed: target=70 temp=70.3 pwm=0.000 sysload=1.90 cputime=16.306 memavail=2462724 print_time=462.646 buffer_time=2.129 print_stall=0 extruder: target=225 temp=225.0 pwm=0.295
Stats 2566765.2: gcodein=0  mcu: mcu_awake=0.014 mcu_task_avg=0.000037 mcu_task_stddev=0.000033 bytes_write=236303 bytes_read=91161 bytes_retransmit=9 bytes_invalid=0 send_seq=5747 receive_seq=5747 retransmit_seq=2 srtt=0.003 rttvar=0.001 rto=0.025 ready_bytes=54 upcoming_bytes=0 freq=72001928 sd_pos=99162 heater_bed: target=70 temp=70.1 pwm=0.389 sysload=1.90 cputime=16.342 memavail=2460748 print_time=463.755 buffer_time=2.236 print_stall=0 extruder: target=225 temp=224.9 pwm=0.295
Stats 2566766.2: gcodein=0  mcu: mcu_awake=0.014 mcu_task_avg=0.000037 mcu_task_stddev=0.000033 bytes_write=237505 bytes_read=91383 bytes_retransmit=9 bytes_invalid=0 send_seq=5769 receive_seq=5769 retransmit_seq=2 srtt=0.003 rttvar=0.000 rto=0.025 ready_bytes=0 upcoming_bytes=0 freq=72001927 sd_pos=99830 heater_bed: target=70 temp=70.2 pwm=0.101 sysload=1.90 cputime=16.370 memavail=2461780 print_time=464.590 buffer_time=2.070 print_stall=0 extruder: target=225 temp=225.0 pwm=0.295
Stats 2566767.2: gcodein=0  mcu: mcu_awake=0.014 mcu_task_avg=0.000037 mcu_task_stddev=0.000033 bytes_write=239446 bytes_read=91646 bytes_retransmit=9 bytes_invalid=0 send_seq=5802 receive_seq=5802 retransmit_seq=2 srtt=0.003 rttvar=0.000 rto=0.025 ready_bytes=48 upcoming_bytes=0 freq=72001925 sd_pos=100891 heater_bed: target=70 temp=70.1 pwm=0.476 sysload=1.90 cputime=16.404 memavail=2459316 print_time=465.634 buffer_time=2.113 print_stall=0 extruder: target=225 temp=224.9 pwm=0.295
Stats 2566768.2: gcodein=0  mcu: mcu_awake=0.014 mcu_task_avg=0.000037 mcu_task_stddev=0.000033 bytes_write=240894 bytes_read=91869 bytes_retransmit=9 bytes_invalid=0 send_seq=5827 receive_seq=5824 retransmit_seq=2 srtt=0.003 rttvar=0.000 rto=0.025 ready_bytes=822 upcoming_bytes=0 freq=72001925 sd_pos=101943 heater_bed: target=70 temp=70.1 pwm=0.121 sysload=1.90 cputime=16.440 memavail=2459052 print_time=466.903 buffer_time=2.382 print_stall=0 extruder: target=225 temp=225.0 pwm=0.238
Stats 2566769.2: gcodein=0  mcu: mcu_awake=0.014 mcu_task_avg=0.000037 mcu_task_stddev=0.000033 bytes_write=244071 bytes_read=92266 bytes_retransmit=9 bytes_invalid=0 send_seq=5881 receive_seq=5881 retransmit_seq=2 srtt=0.003 rttvar=0.000 rto=0.025 ready_bytes=0 upcoming_bytes=0 freq=72001922 sd_pos=102319 heater_bed: target=70 temp=70.1 pwm=0.073 sysload=1.91 cputime=16.468 memavail=2466700 print_time=467.602 buffer_time=2.079 print_stall=0 extruder: target=225 temp=225.0 pwm=0.238
Stats 2566770.2: gcodein=0  mcu: mcu_awake=0.015 mcu_task_avg=0.000037 mcu_task_stddev=0.000033 bytes_write=246249 bytes_read=92569 bytes_retransmit=9 bytes_invalid=0 send_seq=5919 receive_seq=5919 retransmit_seq=2 srtt=0.003 rttvar=0.000 rto=0.025 ready_bytes=0 upcoming_bytes=0 freq=72001921 sd_pos=102701 heater_bed: target=70 temp=70.0 pwm=0.519 sysload=1.91 cputime=16.496 memavail=2457276 print_time=468.601 buffer_time=2.078 print_stall=0 extruder: target=225 temp=225.0 pwm=0.241
Stats 2566771.2: gcodein=0  mcu: mcu_awake=0.015 mcu_task_avg=0.000037 mcu_task_stddev=0.000033 bytes_write=248411 bytes_read=92862 bytes_retransmit=9 bytes_invalid=0 send_seq=5955 receive_seq=5955 retransmit_seq=2 srtt=0.003 rttvar=0.000 rto=0.025 ready_bytes=18 upcoming_bytes=0 freq=72001924 sd_pos=103078 heater_bed: target=70 temp=70.0 pwm=0.329 sysload=1.91 cputime=16.534 memavail=2434552 print_time=469.615 buffer_time=2.091 print_stall=0 extruder: target=225 temp=225.0 pwm=0.241
Stats 2566772.2: gcodein=0  mcu: mcu_awake=0.015 mcu_task_avg=0.000037 mcu_task_stddev=0.000033 bytes_write=250595 bytes_read=93159 bytes_retransmit=9 bytes_invalid=0 send_seq=5992 receive_seq=5992 retransmit_seq=2 srtt=0.003 rttvar=0.000 rto=0.025 ready_bytes=0 upcoming_bytes=0 freq=72001924 sd_pos=103451 heater_bed: target=70 temp=70.0 pwm=0.197 sysload=1.91 cputime=16.575 memavail=2487652 print_time=470.649 buffer_time=2.124 print_stall=0 extruder: target=225 temp=225.1 pwm=0.241
Stats 2566773.2: gcodein=0  mcu: mcu_awake=0.015 mcu_task_avg=0.000037 mcu_task_stddev=0.000033 bytes_write=252829 bytes_read=93447 bytes_retransmit=9 bytes_invalid=0 send_seq=6030 receive_seq=6030 retransmit_seq=2 srtt=0.003 rttvar=0.000 rto=0.025 ready_bytes=39 upcoming_bytes=0 freq=72001921 sd_pos=103826 heater_bed: target=70 temp=70.0 pwm=0.540 sysload=1.91 cputime=16.618 memavail=2477324 print_time=471.775 buffer_time=2.249 print_stall=0 extruder: target=225 temp=225.0 pwm=0.241
Stats 2566774.2: gcodein=0  mcu: mcu_awake=0.015 mcu_task_avg=0.000037 mcu_task_stddev=0.000033 bytes_write=254421 bytes_read=93700 bytes_retransmit=9 bytes_invalid=0 send_seq=6058 receive_seq=6058 retransmit_seq=2 srtt=0.003 rttvar=0.000 rto=0.025 ready_bytes=10 upcoming_bytes=0 freq=72001920 sd_pos=104075 heater_bed: target=70 temp=70.0 pwm=0.024 sysload=1.92 cputime=16.658 memavail=2475144 print_time=472.590 buffer_time=2.063 print_stall=0 extruder: target=225 temp=225.1 pwm=0.241
Stats 2566775.2: gcodein=0  mcu: mcu_awake=0.016 mcu_task_avg=0.000038 mcu_task_stddev=0.000033 bytes_write=256741 bytes_read=94032 bytes_retransmit=9 bytes_invalid=0 send_seq=6099 receive_seq=6099 retransmit_seq=2 srtt=0.003 rttvar=0.000 rto=0.025 ready_bytes=15 upcoming_bytes=0 freq=72001925 sd_pos=104447 heater_bed: target=70 temp=70.0 pwm=0.245 sysload=1.92 cputime=16.699 memavail=2475192 print_time=473.912 buffer_time=2.385 print_stall=0 extruder: target=225 temp=225.1 pwm=0.273
Stats 2566776.2: gcodein=0  mcu: mcu_awake=0.016 mcu_task_avg=0.000038 mcu_task_stddev=0.000033 bytes_write=258319 bytes_read=94265 bytes_retransmit=9 bytes_invalid=0 send_seq=6126 receive_seq=6126 retransmit_seq=2 srtt=0.003 rttvar=0.000 rto=0.025 ready_bytes=15 upcoming_bytes=0 freq=72001922 sd_pos=104698 heater_bed: target=70 temp=70.0 pwm=0.261 sysload=1.92 cputime=16.741 memavail=2461372 print_time=474.842 buffer_time=2.314 print_stall=0 extruder: target=225 temp=225.0 pwm=0.273
Stats 2566777.2: gcodein=0  mcu: mcu_awake=0.016 mcu_task_avg=0.000038 mcu_task_stddev=0.000033 bytes_write=259760 bytes_read=94498 bytes_retransmit=9 bytes_invalid=0 send_seq=6150 receive_seq=6150 retransmit_seq=2 srtt=0.003 rttvar=0.000 rto=0.025 ready_bytes=56 upcoming_bytes=0 freq=72001921 sd_pos=104950 heater_bed: target=70 temp=70.0 pwm=0.137 sysload=1.92 cputime=16.784 memavail=2450404 print_time=475.784 buffer_time=2.255 print_stall=0 extruder: target=225 temp=225.0 pwm=0.273
Stats 2566778.2: gcodein=0  mcu: mcu_awake=0.016 mcu_task_avg=0.000038 mcu_task_stddev=0.000033 bytes_write=261383 bytes_read=94750 bytes_retransmit=9 bytes_invalid=0 send_seq=6178 receive_seq=6178 retransmit_seq=2 srtt=0.003 rttvar=0.000 rto=0.025 ready_bytes=0 upcoming_bytes=0 freq=72001918 sd_pos=105199 heater_bed: target=70 temp=69.9 pwm=0.407 sysload=1.92 cputime=16.816 memavail=2442428 print_time=476.675 buffer_time=2.145 print_stall=0 extruder: target=225 temp=225.0 pwm=0.273
Stats 2566779.2: gcodein=0  mcu: mcu_awake=0.016 mcu_task_avg=0.000038 mcu_task_stddev=0.000033 bytes_write=264339 bytes_read=95098 bytes_retransmit=9 bytes_invalid=0 send_seq=6228 receive_seq=6228 retransmit_seq=2 srtt=0.003 rttvar=0.000 rto=0.025 ready_bytes=17 upcoming_bytes=0 freq=72001927 sd_pos=106068 heater_bed: target=65 temp=70.0 pwm=0.130 sysload=1.84 cputime=16.857 memavail=2440688 print_time=477.834 buffer_time=2.303 print_stall=0 extruder: target=220 temp=224.9 pwm=0.307
Stats 2566780.2: gcodein=0  mcu: mcu_awake=0.015 mcu_task_avg=0.000037 mcu_task_stddev=0.000033 bytes_write=267111 bytes_read=95463 bytes_retransmit=9 bytes_invalid=0 send_seq=6276 receive_seq=6276 retransmit_seq=2 srtt=0.003 rttvar=0.000 rto=0.025 ready_bytes=8 upcoming_bytes=0 freq=72001923 sd_pos=107135 heater_bed: target=65 temp=70.0 pwm=0.000 sysload=1.84 cputime=16.915 memavail=2438896 print_time=478.763 buffer_time=2.231 print_stall=0 extruder: target=220 temp=224.9 pwm=0.000
Stats 2566781.2: gcodein=0  mcu: mcu_awake=0.015 mcu_task_avg=0.000037 mcu_task_stddev=0.000033 bytes_write=270199 bytes_read=95827 bytes_retransmit=9 bytes_invalid=0 send_seq=6328 receive_seq=6328 retransmit_seq=2 srtt=0.003 rttvar=0.000 rto=0.025 ready_bytes=56 upcoming_bytes=0 freq=72001930 sd_pos=108782 heater_bed: target=65 temp=69.9 pwm=0.000 sysload=1.84 cputime=16.992 memavail=2476856 print_time=479.589 buffer_time=2.056 print_stall=0 extruder: target=220 temp=224.7 pwm=0.000
Stats 2566782.2: gcodein=0  mcu: mcu_awake=0.015 mcu_task_avg=0.000037 mcu_task_stddev=0.000033 bytes_write=275061 bytes_read=96313 bytes_retransmit=9 bytes_invalid=0 send_seq=6408 receive_seq=6407 retransmit_seq=2 srtt=0.003 rttvar=0.000 rto=0.025 ready_bytes=7 upcoming_bytes=1918 freq=72001931 sd_pos=110969 heater_bed: target=65 temp=69.9 pwm=0.000 sysload=1.84 cputime=17.069 memavail=2470272 print_time=481.009 buffer_time=2.476 print_stall=0 extruder: target=220 temp=224.7 pwm=0.000
Stats 2566783.2: gcodein=0  mcu: mcu_awake=0.015 mcu_task_avg=0.000037 mcu_task_stddev=0.000033 bytes_write=278971 bytes_read=96743 bytes_retransmit=9 bytes_invalid=0 send_seq=6472 receive_seq=6472 retransmit_seq=2 srtt=0.003 rttvar=0.000 rto=0.025 ready_bytes=57 upcoming_bytes=3933 freq=72001930 sd_pos=111629 heater_bed: target=65 temp=69.8 pwm=0.000 sysload=1.84 cputime=17.152 memavail=2466728 print_time=482.039 buffer_time=2.505 print_stall=0 extruder: target=220 temp=224.4 pwm=0.000
Stats 2566784.2: gcodein=0  mcu: mcu_awake=0.015 mcu_task_avg=0.000037 mcu_task_stddev=0.000033 bytes_write=283480 bytes_read=97218 bytes_retransmit=9 bytes_invalid=0 send_seq=6546 receive_seq=6545 retransmit_seq=2 srtt=0.003 rttvar=0.000 rto=0.025 ready_bytes=33 upcoming_bytes=2709 freq=72001931 sd_pos=111957 heater_bed: target=65 temp=69.8 pwm=0.000 sysload=1.78 cputime=17.224 memavail=2476052 print_time=482.563 buffer_time=2.028 print_stall=0 extruder: target=220 temp=223.8 pwm=0.127
Stats 2566785.2: gcodein=0  mcu: mcu_awake=0.029 mcu_task_avg=0.000046 mcu_task_stddev=0.000035 bytes_write=289558 bytes_read=97827 bytes_retransmit=9 bytes_invalid=0 send_seq=6645 receive_seq=6644 retransmit_seq=2 srtt=0.003 rttvar=0.000 rto=0.025 ready_bytes=16 upcoming_bytes=2933 freq=72001932 sd_pos=112604 heater_bed: target=65 temp=69.7 pwm=0.000 sysload=1.78 cputime=17.312 memavail=2470136 print_time=483.600 buffer_time=2.064 print_stall=0 extruder: target=220 temp=223.0 pwm=0.281
Stats 2566786.2: gcodein=0  mcu: mcu_awake=0.029 mcu_task_avg=0.000046 mcu_task_stddev=0.000035 bytes_write=295467 bytes_read=98430 bytes_retransmit=9 bytes_invalid=0 send_seq=6742 receive_seq=6742 retransmit_seq=2 srtt=0.003 rttvar=0.000 rto=0.025 ready_bytes=49 upcoming_bytes=2600 freq=72001935 sd_pos=113461 heater_bed: target=65 temp=69.7 pwm=0.000 sysload=1.78 cputime=17.399 memavail=2467032 print_time=484.720 buffer_time=2.184 print_stall=0 extruder: target=220 temp=222.1 pwm=0.463
Stats 2566787.2: gcodein=0  mcu: mcu_awake=0.029 mcu_task_avg=0.000046 mcu_task_stddev=0.000035 bytes_write=301592 bytes_read=99042 bytes_retransmit=9 bytes_invalid=0 send_seq=6843 receive_seq=6842 retransmit_seq=2 srtt=0.003 rttvar=0.000 rto=0.025 ready_bytes=24 upcoming_bytes=852 freq=72001936 sd_pos=116090 heater_bed: target=65 temp=69.7 pwm=0.000 sysload=1.78 cputime=17.514 memavail=2466292 print_time=485.561 buffer_time=2.025 print_stall=0 extruder: target=220 temp=220.7 pwm=0.616
Stats 2566788.2: gcodein=0  mcu: mcu_awake=0.029 mcu_task_avg=0.000046 mcu_task_stddev=0.000035 bytes_write=306204 bytes_read=99510 bytes_retransmit=9 bytes_invalid=0 send_seq=6919 receive_seq=6916 retransmit_seq=2 srtt=0.003 rttvar=0.000 rto=0.025 ready_bytes=386 upcoming_bytes=0 freq=72001935 sd_pos=118022 heater_bed: target=65 temp=69.6 pwm=0.000 sysload=1.78 cputime=17.601 memavail=2473464 print_time=486.763 buffer_time=2.226 print_stall=0 extruder: target=220 temp=219.6 pwm=0.770
Stats 2566789.2: gcodein=0  mcu: mcu_awake=0.029 mcu_task_avg=0.000046 mcu_task_stddev=0.000035 bytes_write=308710 bytes_read=99853 bytes_retransmit=9 bytes_invalid=0 send_seq=6962 receive_seq=6962 retransmit_seq=2 srtt=0.003 rttvar=0.000 rto=0.025 ready_bytes=14 upcoming_bytes=0 freq=72001932 sd_pos=119436 heater_bed: target=65 temp=69.5 pwm=0.000 sysload=2.11 cputime=17.645 memavail=2460772 print_time=487.581 buffer_time=2.043 print_stall=0 extruder: target=220 temp=218.6 pwm=0.826
Stats 2566790.2: gcodein=0  mcu: mcu_awake=0.035 mcu_task_avg=0.000057 mcu_task_stddev=0.000032 bytes_write=314032 bytes_read=100426 bytes_retransmit=9 bytes_invalid=0 send_seq=7051 receive_seq=7051 retransmit_seq=2 srtt=0.003 rttvar=0.001 rto=0.025 ready_bytes=55 upcoming_bytes=0 freq=72001929 sd_pos=122623 heater_bed: target=65 temp=69.4 pwm=0.000 sysload=2.11 cputime=17.724 memavail=2439396 print_time=488.720 buffer_time=2.182 print_stall=0 extruder: target=220 temp=217.7 pwm=0.889
Stats 2566791.2: gcodein=0  mcu: mcu_awake=0.035 mcu_task_avg=0.000057 mcu_task_stddev=0.000032 bytes_write=317591 bytes_read=100814 bytes_retransmit=9 bytes_invalid=0 send_seq=7110 receive_seq=7109 retransmit_seq=2 srtt=0.003 rttvar=0.000 rto=0.025 ready_bytes=0 upcoming_bytes=2971 freq=72001929 sd_pos=123944 heater_bed: target=65 temp=69.4 pwm=0.000 sysload=2.11 cputime=17.805 memavail=2438472 print_time=490.123 buffer_time=2.584 print_stall=0 extruder: target=220 temp=217.2 pwm=0.814
Stats 2566792.2: gcodein=0  mcu: mcu_awake=0.035 mcu_task_avg=0.000057 mcu_task_stddev=0.000032 bytes_write=322421 bytes_read=101333 bytes_retransmit=9 bytes_invalid=0 send_seq=7189 receive_seq=7188 retransmit_seq=2 srtt=0.003 rttvar=0.000 rto=0.025 ready_bytes=16 upcoming_bytes=1687 freq=72001928 sd_pos=124361 heater_bed: target=65 temp=69.3 pwm=0.000 sysload=2.11 cputime=17.880 memavail=2434984 print_time=490.703 buffer_time=2.163 print_stall=0 extruder: target=220 temp=217.0 pwm=0.739
Stats 2566793.2: gcodein=0  mcu: mcu_awake=0.035 mcu_task_avg=0.000057 mcu_task_stddev=0.000032 bytes_write=327160 bytes_read=101835 bytes_retransmit=9 bytes_invalid=0 send_seq=7267 receive_seq=7266 retransmit_seq=2 srtt=0.003 rttvar=0.000 rto=0.025 ready_bytes=16 upcoming_bytes=3704 freq=72001929 sd_pos=125320 heater_bed: target=65 temp=69.3 pwm=0.000 sysload=2.11 cputime=17.961 memavail=2434004 print_time=491.895 buffer_time=2.355 print_stall=0 extruder: target=220 temp=217.1 pwm=0.568
Stats 2566794.2: gcodein=0  mcu: mcu_awake=0.035 mcu_task_avg=0.000057 mcu_task_stddev=0.000032 bytes_write=332712 bytes_read=102398 bytes_retransmit=9 bytes_invalid=0 send_seq=7359 receive_seq=7359 retransmit_seq=2 srtt=0.003 rttvar=0.000 rto=0.025 ready_bytes=32 upcoming_bytes=4905 freq=72001926 sd_pos=126209 heater_bed: target=65 temp=69.2 pwm=0.000 sysload=2.10 cputime=18.049 memavail=2421964 print_time=493.046 buffer_time=2.504 print_stall=0 extruder: target=220 temp=217.2 pwm=0.516
Stats 2566795.2: gcodein=0  mcu: mcu_awake=0.033 mcu_task_avg=0.000054 mcu_task_stddev=0.000032 bytes_write=338399 bytes_read=102997 bytes_retransmit=9 bytes_invalid=0 send_seq=7453 receive_seq=7453 retransmit_seq=2 srtt=0.003 rttvar=0.000 rto=0.025 ready_bytes=41 upcoming_bytes=2042 freq=72001923 sd_pos=126517 heater_bed: target=65 temp=69.1 pwm=0.000 sysload=2.10 cputime=18.128 memavail=2408936 print_time=493.543 buffer_time=2.000 print_stall=0 extruder: target=220 temp=217.6 pwm=0.400
Stats 2566796.2: gcodein=0  mcu: mcu_awake=0.033 mcu_task_avg=0.000054 mcu_task_stddev=0.000032 bytes_write=344496 bytes_read=103604 bytes_retransmit=9 bytes_invalid=0 send_seq=7553 receive_seq=7552 retransmit_seq=2 srtt=0.003 rttvar=0.000 rto=0.025 ready_bytes=15 upcoming_bytes=2562 freq=72001925 sd_pos=127346 heater_bed: target=65 temp=69.0 pwm=0.000 sysload=2.10 cputime=18.211 memavail=2398840 print_time=494.687 buffer_time=2.144 print_stall=0 extruder: target=220 temp=217.9 pwm=0.400
Stats 2566797.2: gcodein=0  mcu: mcu_awake=0.033 mcu_task_avg=0.000054 mcu_task_stddev=0.000032 bytes_write=350002 bytes_read=104162 bytes_retransmit=9 bytes_invalid=0 send_seq=7644 receive_seq=7644 retransmit_seq=2 srtt=0.003 rttvar=0.000 rto=0.025 ready_bytes=28 upcoming_bytes=2044 freq=72001945 sd_pos=127910 heater_bed: target=65 temp=68.9 pwm=0.000 sysload=2.10 cputime=18.296 memavail=2396812 print_time=495.642 buffer_time=2.098 print_stall=0 extruder: target=220 temp=218.0 pwm=0.400
Stats 2566798.2: gcodein=0  mcu: mcu_awake=0.033 mcu_task_avg=0.000054 mcu_task_stddev=0.000032 bytes_write=355628 bytes_read=104735 bytes_retransmit=9 bytes_invalid=0 send_seq=7736 receive_seq=7736 retransmit_seq=2 srtt=0.003 rttvar=0.000 rto=0.025 ready_bytes=54 upcoming_bytes=1687 freq=72001945 sd_pos=128767 heater_bed: target=65 temp=68.9 pwm=0.000 sysload=2.10 cputime=18.384 memavail=2396380 print_time=496.771 buffer_time=2.226 print_stall=0 extruder: target=220 temp=218.2 pwm=0.400
Stats 2566799.2: gcodein=0  mcu: mcu_awake=0.033 mcu_task_avg=0.000054 mcu_task_stddev=0.000032 bytes_write=360841 bytes_read=105272 bytes_retransmit=9 bytes_invalid=0 send_seq=7822 receive_seq=7821 retransmit_seq=2 srtt=0.003 rttvar=0.000 rto=0.025 ready_bytes=32 upcoming_bytes=348 freq=72001944 sd_pos=130394 heater_bed: target=65 temp=68.8 pwm=0.000 sysload=2.02 cputime=18.473 memavail=2445820 print_time=497.563 buffer_time=2.017 print_stall=0 extruder: target=220 temp=218.3 pwm=0.453
Stats 2566800.2: gcodein=0  mcu: mcu_awake=0.037 mcu_task_avg=0.000063 mcu_task_stddev=0.000028 bytes_write=365959 bytes_read=105816 bytes_retransmit=9 bytes_invalid=0 send_seq=7907 receive_seq=7907 retransmit_seq=2 srtt=0.003 rttvar=0.000 rto=0.025 ready_bytes=24 upcoming_bytes=1636 freq=72001941 sd_pos=132085 heater_bed: target=65 temp=68.6 pwm=0.000 sysload=2.02 cputime=18.580 memavail=2453104 print_time=499.208 buffer_time=2.661 print_stall=0 extruder: target=220 temp=218.1 pwm=0.537
Stats 2566801.2: gcodein=0  mcu: mcu_awake=0.037 mcu_task_avg=0.000063 mcu_task_stddev=0.000028 bytes_write=369420 bytes_read=106214 bytes_retransmit=9 bytes_invalid=0 send_seq=7964 receive_seq=7964 retransmit_seq=2 srtt=0.003 rttvar=0.000 rto=0.025 ready_bytes=8 upcoming_bytes=0 freq=72001940 sd_pos=133197 heater_bed: target=65 temp=68.6 pwm=0.000 sysload=2.02 cputime=18.646 memavail=2452348 print_time=499.603 buffer_time=2.056 print_stall=0 extruder: target=220 temp=217.9 pwm=0.617
toolhead: max_velocity: 800.000000
max_accel: 2500.000000
minimum_cruise_ratio: 0.500000
square_corner_velocity: 5.000000
Stats 2566802.2: gcodein=0  mcu: mcu_awake=0.037 mcu_task_avg=0.000063 mcu_task_stddev=0.000028 bytes_write=372590 bytes_read=106591 bytes_retransmit=9 bytes_invalid=0 send_seq=8017 receive_seq=8017 retransmit_seq=2 srtt=0.003 rttvar=0.000 rto=0.025 ready_bytes=39 upcoming_bytes=0 freq=72001938 sd_pos=135198 heater_bed: target=65 temp=68.4 pwm=0.000 sysload=2.02 cputime=18.721 memavail=2438036 print_time=500.729 buffer_time=2.181 print_stall=0 extruder: target=220 temp=217.8 pwm=0.617
toolhead: max_velocity: 800.000000
max_accel: 5000.000000
minimum_cruise_ratio: 0.500000
square_corner_velocity: 5.000000
Stats 2566803.2: gcodein=0  mcu: mcu_awake=0.037 mcu_task_avg=0.000063 mcu_task_stddev=0.000028 bytes_write=374615 bytes_read=106859 bytes_retransmit=9 bytes_invalid=0 send_seq=8051 receive_seq=8051 retransmit_seq=2 srtt=0.003 rttvar=0.000 rto=0.025 ready_bytes=0 upcoming_bytes=0 freq=72001935 sd_pos=136736 heater_bed: target=65 temp=68.4 pwm=0.000 sysload=2.02 cputime=18.787 memavail=2449112 print_time=501.556 buffer_time=2.007 print_stall=0 extruder: target=220 temp=217.7 pwm=0.617
Stats 2566804.2: gcodein=0  mcu: mcu_awake=0.037 mcu_task_avg=0.000063 mcu_task_stddev=0.000028 bytes_write=378755 bytes_read=107317 bytes_retransmit=9 bytes_invalid=0 send_seq=8120 receive_seq=8120 retransmit_seq=2 srtt=0.003 rttvar=0.000 rto=0.025 ready_bytes=0 upcoming_bytes=0 freq=72001934 sd_pos=139949 heater_bed: target=65 temp=68.3 pwm=0.000 sysload=2.01 cputime=18.871 memavail=2444200 print_time=502.560 buffer_time=2.011 print_stall=0 extruder: target=220 temp=217.7 pwm=0.617
Stats 2566805.2: gcodein=0  mcu: mcu_awake=0.028 mcu_task_avg=0.000045 mcu_task_stddev=0.000034 bytes_write=383362 bytes_read=107825 bytes_retransmit=9 bytes_invalid=0 send_seq=8196 receive_seq=8196 retransmit_seq=2 srtt=0.003 rttvar=0.000 rto=0.025 ready_bytes=56 upcoming_bytes=1045 freq=72001934 sd_pos=140603 heater_bed: target=65 temp=68.2 pwm=0.000 sysload=2.01 cputime=18.943 memavail=2427140 print_time=503.780 buffer_time=2.230 print_stall=0 extruder: target=220 temp=217.8 pwm=0.574
Stats 2566806.2: gcodein=0  mcu: mcu_awake=0.028 mcu_task_avg=0.000045 mcu_task_stddev=0.000034 bytes_write=387441 bytes_read=108258 bytes_retransmit=9 bytes_invalid=0 send_seq=8263 receive_seq=8263 retransmit_seq=2 srtt=0.003 rttvar=0.000 rto=0.025 ready_bytes=22 upcoming_bytes=0 freq=72001932 sd_pos=140889 heater_bed: target=65 temp=68.0 pwm=0.223 sysload=2.01 cputime=19.017 memavail=2451472 print_time=504.563 buffer_time=2.012 print_stall=0 extruder: target=220 temp=217.8 pwm=0.630
Stats 2566807.2: gcodein=0  mcu: mcu_awake=0.028 mcu_task_avg=0.000045 mcu_task_stddev=0.000034 bytes_write=392017 bytes_read=108751 bytes_retransmit=9 bytes_invalid=0 send_seq=8339 receive_seq=8339 retransmit_seq=2 srtt=0.003 rttvar=0.000 rto=0.025 ready_bytes=35 upcoming_bytes=0 freq=72001937 sd_pos=141346 heater_bed: target=65 temp=68.0 pwm=0.000 sysload=2.01 cputime=19.076 memavail=2394616 print_time=505.862 buffer_time=2.310 print_stall=0 extruder: target=220 temp=218.0 pwm=0.563
Stats 2566808.2: gcodein=0  mcu: mcu_awake=0.028 mcu_task_avg=0.000045 mcu_task_stddev=0.000034 bytes_write=394975 bytes_read=109113 bytes_retransmit=9 bytes_invalid=0 send_seq=8389 receive_seq=8389 retransmit_seq=2 srtt=0.003 rttvar=0.000 rto=0.025 ready_bytes=0 upcoming_bytes=0 freq=72001933 sd_pos=141630 heater_bed: target=65 temp=67.9 pwm=0.000 sysload=2.01 cputime=19.121 memavail=2453588 print_time=506.670 buffer_time=2.118 print_stall=0 extruder: target=220 temp=218.1 pwm=0.563
Stats 2566809.2: gcodein=0  mcu: mcu_awake=0.028 mcu_task_avg=0.000045 mcu_task_stddev=0.000034 bytes_write=398879 bytes_read=109536 bytes_retransmit=9 bytes_invalid=0 send_seq=8454 receive_seq=8454 retransmit_seq=2 srtt=0.003 rttvar=0.000 rto=0.025 ready_bytes=40 upcoming_bytes=0 freq=72001932 sd_pos=142003 heater_bed: target=65 temp=67.8 pwm=0.000 sysload=2.01 cputime=19.176 memavail=2441128 print_time=507.750 buffer_time=2.196 print_stall=0 extruder: target=220 temp=218.2 pwm=0.563
Stats 2566810.2: gcodein=0  mcu: mcu_awake=0.026 mcu_task_avg=0.000046 mcu_task_stddev=0.000035 bytes_write=401890 bytes_read=109915 bytes_retransmit=9 bytes_invalid=0 send_seq=8504 receive_seq=8504 retransmit_seq=2 srtt=0.003 rttvar=0.000 rto=0.025 ready_bytes=57 upcoming_bytes=0 freq=72001930 sd_pos=142343 heater_bed: target=65 temp=67.7 pwm=0.000 sysload=2.01 cputime=19.237 memavail=2438124 print_time=508.669 buffer_time=2.113 print_stall=0 extruder: target=220 temp=218.4 pwm=0.563
Stats 2566811.2: gcodein=0  mcu: mcu_awake=0.026 mcu_task_avg=0.000046 mcu_task_stddev=0.000035 bytes_write=406055 bytes_read=110372 bytes_retransmit=9 bytes_invalid=0 send_seq=8573 receive_seq=8573 retransmit_seq=2 srtt=0.003 rttvar=0.000 rto=0.025 ready_bytes=21 upcoming_bytes=0 freq=72001928 sd_pos=142778 heater_bed: target=65 temp=67.6 pwm=0.321 sysload=2.01 cputime=19.292 memavail=2435632 print_time=509.790 buffer_time=2.233 print_stall=0 extruder: target=220 temp=218.5 pwm=0.571
Stats 2566812.2: gcodein=0  mcu: mcu_awake=0.026 mcu_task_avg=0.000046 mcu_task_stddev=0.000035 bytes_write=409897 bytes_read=110790 bytes_retransmit=9 bytes_invalid=0 send_seq=8637 receive_seq=8637 retransmit_seq=2 srtt=0.003 rttvar=0.000 rto=0.025 ready_bytes=24 upcoming_bytes=0 freq=72001927 sd_pos=143209 heater_bed: target=65 temp=67.5 pwm=0.045 sysload=2.01 cputime=19.339 memavail=2421680 print_time=510.633 buffer_time=2.076 print_stall=0 extruder: target=220 temp=218.5 pwm=0.571
Stats 2566813.2: gcodein=0  mcu: mcu_awake=0.026 mcu_task_avg=0.000046 mcu_task_stddev=0.000035 bytes_write=414228 bytes_read=111263 bytes_retransmit=9 bytes_invalid=0 send_seq=8709 receive_seq=8709 retransmit_seq=2 srtt=0.003 rttvar=0.000 rto=0.025 ready_bytes=8 upcoming_bytes=505 freq=72001924 sd_pos=144621 heater_bed: target=65 temp=67.5 pwm=0.045 sysload=2.01 cputime=19.420 memavail=2413148 print_time=511.730 buffer_time=2.171 print_stall=0 extruder: target=220 temp=218.5 pwm=0.642
Stats 2566814.2: gcodein=0  mcu: mcu_awake=0.026 mcu_task_avg=0.000046 mcu_task_stddev=0.000035 bytes_write=417702 bytes_read=111660 bytes_retransmit=9 bytes_invalid=0 send_seq=8766 receive_seq=8766 retransmit_seq=2 srtt=0.003 rttvar=0.000 rto=0.025 ready_bytes=0 upcoming_bytes=0 freq=72001922 sd_pos=146176 heater_bed: target=65 temp=67.4 pwm=0.204 sysload=2.01 cputime=19.497 memavail=2406596 print_time=512.655 buffer_time=2.095 print_stall=0 extruder: target=220 temp=218.5 pwm=0.642
Stats 2566815.2: gcodein=0  mcu: mcu_awake=0.031 mcu_task_avg=0.000046 mcu_task_stddev=0.000036 bytes_write=422906 bytes_read=112209 bytes_retransmit=9 bytes_invalid=0 send_seq=8853 receive_seq=8853 retransmit_seq=2 srtt=0.003 rttvar=0.000 rto=0.025 ready_bytes=57 upcoming_bytes=225 freq=72001920 sd_pos=148264 heater_bed: target=65 temp=67.2 pwm=0.303 sysload=2.01 cputime=19.564 memavail=2400812 print_time=513.813 buffer_time=2.254 print_stall=0 extruder: target=220 temp=218.5 pwm=0.642
Stats 2566816.2: gcodein=0  mcu: mcu_awake=0.031 mcu_task_avg=0.000046 mcu_task_stddev=0.000036 bytes_write=426286 bytes_read=112616 bytes_retransmit=9 bytes_invalid=0 send_seq=8909 receive_seq=8909 retransmit_seq=2 srtt=0.003 rttvar=0.000 rto=0.025 ready_bytes=50 upcoming_bytes=0 freq=72001918 sd_pos=148576 heater_bed: target=65 temp=67.3 pwm=0.000 sysload=2.01 cputime=19.622 memavail=2394532 print_time=514.592 buffer_time=2.032 print_stall=0 extruder: target=220 temp=218.7 pwm=0.588
Stats 2566817.2: gcodein=0  mcu: mcu_awake=0.031 mcu_task_avg=0.000046 mcu_task_stddev=0.000036 bytes_write=430702 bytes_read=113079 bytes_retransmit=9 bytes_invalid=0 send_seq=8982 receive_seq=8982 retransmit_seq=2 srtt=0.003 rttvar=0.000 rto=0.025 ready_bytes=26 upcoming_bytes=0 freq=72001916 sd_pos=149057 heater_bed: target=65 temp=67.2 pwm=0.000 sysload=2.01 cputime=19.698 memavail=2414372 print_time=515.725 buffer_time=2.163 print_stall=0 extruder: target=220 temp=218.9 pwm=0.588
Stats 2566818.2: gcodein=0  mcu: mcu_awake=0.031 mcu_task_avg=0.000046 mcu_task_stddev=0.000036 bytes_write=434240 bytes_read=113472 bytes_retransmit=9 bytes_invalid=0 send_seq=9041 receive_seq=9041 retransmit_seq=2 srtt=0.003 rttvar=0.000 rto=0.025 ready_bytes=0 upcoming_bytes=0 freq=72001923 sd_pos=149706 heater_bed: target=65 temp=67.2 pwm=0.000 sysload=2.01 cputime=19.749 memavail=2438632 print_time=516.684 buffer_time=2.122 print_stall=0 extruder: target=220 temp=219.1 pwm=0.497
Stats 2566819.2: gcodein=0  mcu: mcu_awake=0.031 mcu_task_avg=0.000046 mcu_task_stddev=0.000036 bytes_write=438232 bytes_read=113939 bytes_retransmit=9 bytes_invalid=0 send_seq=9109 receive_seq=9109 retransmit_seq=2 srtt=0.003 rttvar=0.000 rto=0.025 ready_bytes=19 upcoming_bytes=0 freq=72001919 sd_pos=152147 heater_bed: target=65 temp=67.0 pwm=0.000 sysload=1.93 cputime=19.828 memavail=2445972 print_time=517.668 buffer_time=2.104 print_stall=0 extruder: target=220 temp=219.2 pwm=0.494
Stats 2566820.2: gcodein=0  mcu: mcu_awake=0.030 mcu_task_avg=0.000044 mcu_task_stddev=0.000035 bytes_write=442340 bytes_read=114403 bytes_retransmit=9 bytes_invalid=0 send_seq=9179 receive_seq=9179 retransmit_seq=2 srtt=0.003 rttvar=0.000 rto=0.025 ready_bytes=0 upcoming_bytes=0 freq=72001918 sd_pos=155107 heater_bed: target=65 temp=67.0 pwm=0.000 sysload=1.93 cputime=19.915 memavail=2464456 print_time=518.662 buffer_time=2.098 print_stall=0 extruder: target=220 temp=219.3 pwm=0.494
Stats 2566821.2: gcodein=0  mcu: mcu_awake=0.030 mcu_task_avg=0.000044 mcu_task_stddev=0.000035 bytes_write=446899 bytes_read=114871 bytes_retransmit=9 bytes_invalid=0 send_seq=9254 receive_seq=9253 retransmit_seq=2 srtt=0.003 rttvar=0.000 rto=0.025 ready_bytes=8 upcoming_bytes=2059 freq=72001922 sd_pos=156076 heater_bed: target=65 temp=66.9 pwm=0.000 sysload=1.93 cputime=19.988 memavail=2463308 print_time=520.010 buffer_time=2.446 print_stall=0 extruder: target=220 temp=219.4 pwm=0.494
Stats 2566822.2: gcodein=0  mcu: mcu_awake=0.030 mcu_task_avg=0.000044 mcu_task_stddev=0.000035 bytes_write=451027 bytes_read=115338 bytes_retransmit=9 bytes_invalid=0 send_seq=9322 receive_seq=9321 retransmit_seq=2 srtt=0.003 rttvar=0.000 rto=0.025 ready_bytes=6 upcoming_bytes=2872 freq=72001919 sd_pos=156587 heater_bed: target=65 temp=66.8 pwm=0.154 sysload=1.93 cputime=20.063 memavail=2462060 print_time=520.920 buffer_time=2.355 print_stall=0 extruder: target=220 temp=219.4 pwm=0.610
Stats 2566823.2: gcodein=0  mcu: mcu_awake=0.030 mcu_task_avg=0.000044 mcu_task_stddev=0.000035 bytes_write=455810 bytes_read=115836 bytes_retransmit=9 bytes_invalid=0 send_seq=9401 receive_seq=9401 retransmit_seq=2 srtt=0.003 rttvar=0.000 rto=0.025 ready_bytes=51 upcoming_bytes=3407 freq=72001919 sd_pos=157159 heater_bed: target=65 temp=66.7 pwm=0.221 sysload=1.93 cputime=20.138 memavail=2461940 print_time=521.877 buffer_time=2.312 print_stall=0 extruder: target=220 temp=219.5 pwm=0.512
Stats 2566824.2: gcodein=0  mcu: mcu_awake=0.030 mcu_task_avg=0.000044 mcu_task_stddev=0.000035 bytes_write=461440 bytes_read=116394 bytes_retransmit=9 bytes_invalid=0 send_seq=9493 receive_seq=9493 retransmit_seq=2 srtt=0.003 rttvar=0.000 rto=0.025 ready_bytes=24 upcoming_bytes=3904 freq=72001918 sd_pos=157850 heater_bed: target=65 temp=66.8 pwm=0.000 sysload=1.94 cputime=20.217 memavail=2461684 print_time=522.940 buffer_time=2.374 print_stall=0 extruder: target=220 temp=219.5 pwm=0.592
Stats 2566825.2: gcodein=0  mcu: mcu_awake=0.033 mcu_task_avg=0.000054 mcu_task_stddev=0.000034 bytes_write=466961 bytes_read=116987 bytes_retransmit=9 bytes_invalid=0 send_seq=9583 receive_seq=9583 retransmit_seq=2 srtt=0.003 rttvar=0.000 rto=0.025 ready_bytes=20 upcoming_bytes=4782 freq=72001917 sd_pos=158737 heater_bed: target=65 temp=66.6 pwm=0.000 sysload=1.94 cputime=20.310 memavail=2523208 print_time=524.035 buffer_time=2.468 print_stall=0 extruder: target=220 temp=219.5 pwm=0.592
Stats 2566826.2: gcodein=0  mcu: mcu_awake=0.033 mcu_task_avg=0.000054 mcu_task_stddev=0.000034 bytes_write=472873 bytes_read=117570 bytes_retransmit=9 bytes_invalid=0 send_seq=9680 receive_seq=9680 retransmit_seq=2 srtt=0.003 rttvar=0.000 rto=0.025 ready_bytes=44 upcoming_bytes=2626 freq=72001915 sd_pos=160161 heater_bed: target=65 temp=66.6 pwm=0.082 sysload=1.94 cputime=20.393 memavail=2513864 print_time=524.919 buffer_time=2.337 print_stall=0 extruder: target=220 temp=219.5 pwm=0.592
Stats 2566827.2: gcodein=0  mcu: mcu_awake=0.033 mcu_task_avg=0.000054 mcu_task_stddev=0.000034 bytes_write=478644 bytes_read=118148 bytes_retransmit=9 bytes_invalid=0 send_seq=9776 receive_seq=9776 retransmit_seq=2 srtt=0.003 rttvar=0.000 rto=0.025 ready_bytes=31 upcoming_bytes=0 freq=72001913 sd_pos=162047 heater_bed: target=65 temp=66.5 pwm=0.000 sysload=1.94 cputime=20.487 memavail=2521724 print_time=525.618 buffer_time=2.035 print_stall=0 extruder: target=220 temp=219.6 pwm=0.592
Stats 2566828.3: gcodein=0  mcu: mcu_awake=0.033 mcu_task_avg=0.000054 mcu_task_stddev=0.000034 bytes_write=482672 bytes_read=118595 bytes_retransmit=9 bytes_invalid=0 send_seq=9843 receive_seq=9840 retransmit_seq=2 srtt=0.003 rttvar=0.000 rto=0.025 ready_bytes=470 upcoming_bytes=1148 freq=72001917 sd_pos=164866 heater_bed: target=65 temp=66.5 pwm=0.000 sysload=1.94 cputime=20.586 memavail=2507584 print_time=526.999 buffer_time=2.406 print_stall=0 extruder: target=220 temp=219.6 pwm=0.609
Stats 2566829.3: gcodein=0  mcu: mcu_awake=0.033 mcu_task_avg=0.000054 mcu_task_stddev=0.000034 bytes_write=487554 bytes_read=119113 bytes_retransmit=9 bytes_invalid=0 send_seq=9924 receive_seq=9924 retransmit_seq=2 srtt=0.003 rttvar=0.000 rto=0.025 ready_bytes=54 upcoming_bytes=1413 freq=72001917 sd_pos=165365 heater_bed: target=65 temp=66.3 pwm=0.395 sysload=1.78 cputime=20.672 memavail=2518712 print_time=527.809 buffer_time=2.215 print_stall=0 extruder: target=220 temp=219.6 pwm=0.609
Stats 2566830.3: gcodein=0  mcu: mcu_awake=0.035 mcu_task_avg=0.000056 mcu_task_stddev=0.000032 bytes_write=491713 bytes_read=119567 bytes_retransmit=9 bytes_invalid=0 send_seq=9993 receive_seq=9992 retransmit_seq=2 srtt=0.003 rttvar=0.000 rto=0.025 ready_bytes=21 upcoming_bytes=2691 freq=72001915 sd_pos=165916 heater_bed: target=65 temp=66.5 pwm=0.000 sysload=1.78 cputime=20.770 memavail=2517164 print_time=529.013 buffer_time=2.418 print_stall=0 extruder: target=220 temp=219.7 pwm=0.507
Stats 2566831.3: gcodein=0  mcu: mcu_awake=0.035 mcu_task_avg=0.000056 mcu_task_stddev=0.000032 bytes_write=497098 bytes_read=120139 bytes_retransmit=9 bytes_invalid=0 send_seq=10082 receive_seq=10081 retransmit_seq=2 srtt=0.003 rttvar=0.000 rto=0.025 ready_bytes=14 upcoming_bytes=585 freq=72001916 sd_pos=166255 heater_bed: target=65 temp=66.3 pwm=0.207 sysload=1.78 cputime=20.868 memavail=2516692 print_time=529.784 buffer_time=2.188 print_stall=0 extruder: target=220 temp=219.8 pwm=0.507
Stats 2566832.3: gcodein=0  mcu: mcu_awake=0.035 mcu_task_avg=0.000056 mcu_task_stddev=0.000032 bytes_write=501311 bytes_read=120592 bytes_retransmit=9 bytes_invalid=0 send_seq=10152 receive_seq=10152 retransmit_seq=2 srtt=0.003 rttvar=0.001 rto=0.025 ready_bytes=7 upcoming_bytes=0 freq=72001916 sd_pos=166623 heater_bed: target=65 temp=66.2 pwm=0.024 sysload=1.78 cputime=20.948 memavail=2516452 print_time=530.596 buffer_time=1.998 print_stall=0 extruder: target=220 temp=219.8 pwm=0.507
Stats 2566833.3: gcodein=0  mcu: mcu_awake=0.035 mcu_task_avg=0.000056 mcu_task_stddev=0.000032 bytes_write=505924 bytes_read=121070 bytes_retransmit=9 bytes_invalid=0 send_seq=10228 receive_seq=10228 retransmit_seq=2 srtt=0.003 rttvar=0.000 rto=0.025 ready_bytes=56 upcoming_bytes=277 freq=72001919 sd_pos=167575 heater_bed: target=65 temp=66.2 pwm=0.167 sysload=1.78 cputime=21.040 memavail=2516452 print_time=531.620 buffer_time=2.021 print_stall=0 extruder: target=220 temp=219.9 pwm=0.507
Stats 2566834.3: gcodein=0  mcu: mcu_awake=0.035 mcu_task_avg=0.000056 mcu_task_stddev=0.000032 bytes_write=510390 bytes_read=121562 bytes_retransmit=9 bytes_invalid=0 send_seq=10302 receive_seq=10301 retransmit_seq=2 srtt=0.003 rttvar=0.000 rto=0.025 ready_bytes=15 upcoming_bytes=350 freq=72001921 sd_pos=170318 heater_bed: target=65 temp=66.1 pwm=0.193 sysload=1.64 cputime=21.172 memavail=2516452 print_time=532.761 buffer_time=2.161 print_stall=0 extruder: target=220 temp=220.0 pwm=0.529
Stats 2566835.3: gcodein=0  mcu: mcu_awake=0.032 mcu_task_avg=0.000059 mcu_task_stddev=0.000031 bytes_write=514945 bytes_read=122056 bytes_retransmit=9 bytes_invalid=0 send_seq=10377 receive_seq=10377 retransmit_seq=2 srtt=0.003 rttvar=0.000 rto=0.025 ready_bytes=16 upcoming_bytes=0 freq=72001919 sd_pos=172435 heater_bed: target=65 temp=66.1 pwm=0.196 sysload=1.64 cputime=21.267 memavail=2516452 print_time=533.741 buffer_time=2.140 print_stall=0 extruder: target=220 temp=219.9 pwm=0.545
Stats 2566836.3: gcodein=0  mcu: mcu_awake=0.032 mcu_task_avg=0.000059 mcu_task_stddev=0.000031 bytes_write=518895 bytes_read=122464 bytes_retransmit=9 bytes_invalid=0 send_seq=10442 receive_seq=10439 retransmit_seq=2 srtt=0.003 rttvar=0.000 rto=0.025 ready_bytes=241 upcoming_bytes=650 freq=72001922 sd_pos=172877 heater_bed: target=65 temp=66.0 pwm=0.515 sysload=1.64 cputime=21.351 memavail=2516452 print_time=534.922 buffer_time=2.316 print_stall=0 extruder: target=220 temp=219.9 pwm=0.610
Stats 2566837.3: gcodein=0  mcu: mcu_awake=0.032 mcu_task_avg=0.000059 mcu_task_stddev=0.000031 bytes_write=522817 bytes_read=122931 bytes_retransmit=9 bytes_invalid=0 send_seq=10507 receive_seq=10507 retransmit_seq=2 srtt=0.003 rttvar=0.000 rto=0.025 ready_bytes=7 upcoming_bytes=0 freq=72001923 sd_pos=173203 heater_bed: target=65 temp=66.0 pwm=0.274 sysload=1.64 cputime=21.425 memavail=2516452 print_time=535.746 buffer_time=2.139 print_stall=0 extruder: target=220 temp=219.8 pwm=0.610
Stats 2566838.3: gcodein=0  mcu: mcu_awake=0.032 mcu_task_avg=0.000059 mcu_task_stddev=0.000031 bytes_write=527414 bytes_read=123394 bytes_retransmit=9 bytes_invalid=0 send_seq=10583 receive_seq=10580 retransmit_seq=2 srtt=0.003 rttvar=0.000 rto=0.025 ready_bytes=397 upcoming_bytes=504 freq=72001921 sd_pos=174394 heater_bed: target=65 temp=66.0 pwm=0.154 sysload=1.64 cputime=21.506 memavail=2516452 print_time=537.238 buffer_time=2.629 print_stall=0 extruder: target=220 temp=219.7 pwm=0.610
Stats 2566839.3: gcodein=0  mcu: mcu_awake=0.032 mcu_task_avg=0.000059 mcu_task_stddev=0.000031 bytes_write=530450 bytes_read=123767 bytes_retransmit=9 bytes_invalid=0 send_seq=10635 receive_seq=10635 retransmit_seq=2 srtt=0.003 rttvar=0.000 rto=0.025 ready_bytes=0 upcoming_bytes=0 freq=72001921 sd_pos=175805 heater_bed: target=65 temp=66.0 pwm=0.000 sysload=1.51 cputime=21.569 memavail=2518016 print_time=537.627 buffer_time=2.018 print_stall=0 extruder: target=220 temp=219.8 pwm=0.550
Stats 2566840.3: gcodein=0  mcu: mcu_awake=0.031 mcu_task_avg=0.000045 mcu_task_stddev=0.000036 bytes_write=534684 bytes_read=124258 bytes_retransmit=9 bytes_invalid=0 send_seq=10706 receive_seq=10706 retransmit_seq=2 srtt=0.003 rttvar=0.000 rto=0.025 ready_bytes=0 upcoming_bytes=0 freq=72001924 sd_pos=177825 heater_bed: target=65 temp=65.9 pwm=0.000 sysload=1.51 cputime=21.661 memavail=2517320 print_time=538.635 buffer_time=2.025 print_stall=0 extruder: target=220 temp=219.7 pwm=0.612
Stats 2566841.3: gcodein=0  mcu: mcu_awake=0.031 mcu_task_avg=0.000045 mcu_task_stddev=0.000036 bytes_write=537571 bytes_read=124594 bytes_retransmit=9 bytes_invalid=0 send_seq=10755 receive_seq=10755 retransmit_seq=2 srtt=0.003 rttvar=0.001 rto=0.025 ready_bytes=37 upcoming_bytes=0 freq=72001925 sd_pos=179651 heater_bed: target=65 temp=65.8 pwm=0.037 sysload=1.51 cputime=21.740 memavail=2517152 print_time=539.687 buffer_time=2.076 print_stall=0 extruder: target=220 temp=219.8 pwm=0.528
Stats 2566842.3: gcodein=0  mcu: mcu_awake=0.031 mcu_task_avg=0.000045 mcu_task_stddev=0.000036 bytes_write=542541 bytes_read=125114 bytes_retransmit=9 bytes_invalid=0 send_seq=10838 receive_seq=10838 retransmit_seq=2 srtt=0.003 rttvar=0.000 rto=0.025 ready_bytes=16 upcoming_bytes=0 freq=72001926 sd_pos=182519 heater_bed: target=65 temp=65.8 pwm=0.000 sysload=1.51 cputime=21.845 memavail=2516728 print_time=540.839 buffer_time=2.225 print_stall=0 extruder: target=220 temp=219.9 pwm=0.528
Stats 2566843.3: gcodein=0  mcu: mcu_awake=0.031 mcu_task_avg=0.000045 mcu_task_stddev=0.000036 bytes_write=546285 bytes_read=125535 bytes_retransmit=9 bytes_invalid=0 send_seq=10901 receive_seq=10901 retransmit_seq=2 srtt=0.003 rttvar=0.000 rto=0.025 ready_bytes=41 upcoming_bytes=1079 freq=72001923 sd_pos=183742 heater_bed: target=65 temp=65.7 pwm=0.205 sysload=1.51 cputime=21.923 memavail=2516788 print_time=541.759 buffer_time=2.143 print_stall=0 extruder: target=220 temp=219.9 pwm=0.528
Stats 2566844.3: gcodein=0  mcu: mcu_awake=0.031 mcu_task_avg=0.000045 mcu_task_stddev=0.000036 bytes_write=550587 bytes_read=125983 bytes_retransmit=9 bytes_invalid=0 send_seq=10972 receive_seq=10971 retransmit_seq=2 srtt=0.003 rttvar=0.000 rto=0.025 ready_bytes=7 upcoming_bytes=1468 freq=72001923 sd_pos=184354 heater_bed: target=65 temp=65.7 pwm=0.000 sysload=1.47 cputime=22.015 memavail=2516788 print_time=542.701 buffer_time=2.084 print_stall=0 extruder: target=220 temp=220.0 pwm=0.528
Stats 2566845.3: gcodein=0  mcu: mcu_awake=0.029 mcu_task_avg=0.000046 mcu_task_stddev=0.000034 bytes_write=555916 bytes_read=126552 bytes_retransmit=9 bytes_invalid=0 send_seq=11060 receive_seq=11059 retransmit_seq=2 srtt=0.003 rttvar=0.000 rto=0.025 ready_bytes=10 upcoming_bytes=2775 freq=72001921 sd_pos=185287 heater_bed: target=65 temp=65.6 pwm=0.370 sysload=1.47 cputime=22.109 memavail=2518664 print_time=543.832 buffer_time=2.214 print_stall=0 extruder: target=220 temp=220.1 pwm=0.528
Stats 2566846.3: gcodein=0  mcu: mcu_awake=0.029 mcu_task_avg=0.000046 mcu_task_stddev=0.000034 bytes_write=561011 bytes_read=127089 bytes_retransmit=9 bytes_invalid=0 send_seq=11144 receive_seq=11144 retransmit_seq=2 srtt=0.003 rttvar=0.000 rto=0.025 ready_bytes=49 upcoming_bytes=3389 freq=72001919 sd_pos=185901 heater_bed: target=65 temp=65.7 pwm=0.000 sysload=1.47 cputime=22.205 memavail=2518588 print_time=544.887 buffer_time=2.267 print_stall=0 extruder: target=220 temp=220.2 pwm=0.548
Stats 2566847.3: gcodein=0  mcu: mcu_awake=0.029 mcu_task_avg=0.000046 mcu_task_stddev=0.000034 bytes_write=566966 bytes_read=127677 bytes_retransmit=9 bytes_invalid=0 send_seq=11242 receive_seq=11242 retransmit_seq=2 srtt=0.003 rttvar=0.000 rto=0.025 ready_bytes=38 upcoming_bytes=4108 freq=72001919 sd_pos=186753 heater_bed: target=65 temp=65.6 pwm=0.174 sysload=1.47 cputime=22.300 memavail=2518696 print_time=546.016 buffer_time=2.396 print_stall=0 extruder: target=220 temp=220.1 pwm=0.548
Stats 2566848.3: gcodein=0  mcu: mcu_awake=0.029 mcu_task_avg=0.000046 mcu_task_stddev=0.000034 bytes_write=572517 bytes_read=128245 bytes_retransmit=9 bytes_invalid=0 send_seq=11333 receive_seq=11333 retransmit_seq=2 srtt=0.003 rttvar=0.000 rto=0.025 ready_bytes=49 upcoming_bytes=5017 freq=72001919 sd_pos=187580 heater_bed: target=65 temp=65.5 pwm=0.242 sysload=1.47 cputime=22.402 memavail=2518472 print_time=547.153 buffer_time=2.531 print_stall=0 extruder: target=220 temp=220.2 pwm=0.548
Stats 2566849.3: gcodein=0  mcu: mcu_awake=0.029 mcu_task_avg=0.000046 mcu_task_stddev=0.000034 bytes_write=578529 bytes_read=128847 bytes_retransmit=9 bytes_invalid=0 send_seq=11432 receive_seq=11431 retransmit_seq=2 srtt=0.003 rttvar=0.000 rto=0.025 ready_bytes=49 upcoming_bytes=2720 freq=72001921 sd_pos=187988 heater_bed: target=65 temp=65.5 pwm=0.107 sysload=1.35 cputime=22.490 memavail=2518248 print_time=547.745 buffer_time=2.122 print_stall=0 extruder: target=220 temp=220.1 pwm=0.548
Stats 2566850.3: gcodein=0  mcu: mcu_awake=0.037 mcu_task_avg=0.000063 mcu_task_stddev=0.000028 bytes_write=584224 bytes_read=129431 bytes_retransmit=9 bytes_invalid=0 send_seq=11525 receive_seq=11525 retransmit_seq=2 srtt=0.003 rttvar=0.000 rto=0.025 ready_bytes=56 upcoming_bytes=3765 freq=72001922 sd_pos=189271 heater_bed: target=65 temp=65.4 pwm=0.361 sysload=1.35 cputime=22.600 memavail=2518156 print_time=549.063 buffer_time=2.439 print_stall=0 extruder: target=220 temp=220.1 pwm=0.573
Stats 2566851.3: gcodein=0  mcu: mcu_awake=0.037 mcu_task_avg=0.000063 mcu_task_stddev=0.000028 bytes_write=590174 bytes_read=130045 bytes_retransmit=9 bytes_invalid=0 send_seq=11623 receive_seq=11623 retransmit_seq=2 srtt=0.003 rttvar=0.000 rto=0.025 ready_bytes=17 upcoming_bytes=519 freq=72001929 sd_pos=190008 heater_bed: target=65 temp=65.4 pwm=0.195 sysload=1.35 cputime=22.695 memavail=2518252 print_time=549.644 buffer_time=2.020 print_stall=0 extruder: target=220 temp=220.1 pwm=0.573
Stats 2566852.3: gcodein=0  mcu: mcu_awake=0.037 mcu_task_avg=0.000063 mcu_task_stddev=0.000028 bytes_write=595078 bytes_read=130562 bytes_retransmit=9 bytes_invalid=0 send_seq=11704 receive_seq=11704 retransmit_seq=2 srtt=0.003 rttvar=0.000 rto=0.025 ready_bytes=26 upcoming_bytes=2645 freq=72001925 sd_pos=191933 heater_bed: target=65 temp=65.4 pwm=0.257 sysload=1.35 cputime=22.807 memavail=2518048 print_time=551.077 buffer_time=2.451 print_stall=0 extruder: target=220 temp=220.0 pwm=0.573
Stats 2566853.3: gcodein=0  mcu: mcu_awake=0.037 mcu_task_avg=0.000063 mcu_task_stddev=0.000028 bytes_write=599621 bytes_read=131035 bytes_retransmit=9 bytes_invalid=0 send_seq=11779 receive_seq=11779 retransmit_seq=2 srtt=0.003 rttvar=0.000 rto=0.025 ready_bytes=0 upcoming_bytes=0 freq=72001924 sd_pos=192821 heater_bed: target=65 temp=65.4 pwm=0.008 sysload=1.35 cputime=22.895 memavail=2518048 print_time=551.769 buffer_time=2.142 print_stall=0 extruder: target=220 temp=220.0 pwm=0.573
Stats 2566854.3: gcodein=0  mcu: mcu_awake=0.037 mcu_task_avg=0.000063 mcu_task_stddev=0.000028 bytes_write=603831 bytes_read=131503 bytes_retransmit=9 bytes_invalid=0 send_seq=11850 receive_seq=11850 retransmit_seq=2 srtt=0.003 rttvar=0.000 rto=0.025 ready_bytes=0 upcoming_bytes=0 freq=72001923 sd_pos=195773 heater_bed: target=65 temp=65.3 pwm=0.161 sysload=1.40 cputime=22.993 memavail=2518048 print_time=552.753 buffer_time=2.124 print_stall=0 extruder: target=220 temp=220.1 pwm=0.528
toolhead: max_velocity: 800.000000
max_accel: 2500.000000
minimum_cruise_ratio: 0.500000
square_corner_velocity: 5.000000
toolhead: max_velocity: 800.000000
max_accel: 5000.000000
minimum_cruise_ratio: 0.500000
square_corner_velocity: 5.000000
Stats 2566855.3: gcodein=0  mcu: mcu_awake=0.033 mcu_task_avg=0.000057 mcu_task_stddev=0.000031 bytes_write=605621 bytes_read=131771 bytes_retransmit=9 bytes_invalid=0 send_seq=11881 receive_seq=11878 retransmit_seq=2 srtt=0.003 rttvar=0.000 rto=0.025 ready_bytes=632 upcoming_bytes=0 freq=72001921 sd_pos=197812 heater_bed: target=65 temp=65.3 pwm=0.231 sysload=1.40 cputime=23.078 memavail=2518048 print_time=553.884 buffer_time=2.254 print_stall=0 extruder: target=220 temp=220.2 pwm=0.528
Stats 2566856.3: gcodein=0  mcu: mcu_awake=0.033 mcu_task_avg=0.000057 mcu_task_stddev=0.000031 bytes_write=610219 bytes_read=132274 bytes_retransmit=9 bytes_invalid=0 send_seq=11959 receive_seq=11959 retransmit_seq=2 srtt=0.003 rttvar=0.000 rto=0.025 ready_bytes=53 upcoming_bytes=0 freq=72001919 sd_pos=200838 heater_bed: target=65 temp=65.3 pwm=0.049 sysload=1.40 cputime=23.172 memavail=2518048 print_time=554.836 buffer_time=2.205 print_stall=0 extruder: target=220 temp=220.3 pwm=0.475
Stats 2566857.3: gcodein=0  mcu: mcu_awake=0.033 mcu_task_avg=0.000057 mcu_task_stddev=0.000031 bytes_write=614391 bytes_read=132737 bytes_retransmit=9 bytes_invalid=0 send_seq=12029 receive_seq=12029 retransmit_seq=2 srtt=0.003 rttvar=0.000 rto=0.025 ready_bytes=27 upcoming_bytes=867 freq=72001918 sd_pos=201549 heater_bed: target=65 temp=65.2 pwm=0.313 sysload=1.40 cputime=23.251 memavail=2518048 print_time=555.863 buffer_time=2.232 print_stall=0 extruder: target=220 temp=220.3 pwm=0.475
Stats 2566858.3: gcodein=0  mcu: mcu_awake=0.033 mcu_task_avg=0.000057 mcu_task_stddev=0.000031 bytes_write=618380 bytes_read=133179 bytes_retransmit=9 bytes_invalid=0 send_seq=12095 receive_seq=12095 retransmit_seq=2 srtt=0.003 rttvar=0.000 rto=0.025 ready_bytes=47 upcoming_bytes=799 freq=72001917 sd_pos=202011 heater_bed: target=65 temp=65.1 pwm=0.674 sysload=1.40 cputime=23.346 memavail=2518048 print_time=556.929 buffer_time=2.298 print_stall=0 extruder: target=220 temp=220.4 pwm=0.477
Stats 2566859.3: gcodein=0  mcu: mcu_awake=0.033 mcu_task_avg=0.000057 mcu_task_stddev=0.000031 bytes_write=621788 bytes_read=133552 bytes_retransmit=9 bytes_invalid=0 send_seq=12153 receive_seq=12150 retransmit_seq=2 srtt=0.003 rttvar=0.000 rto=0.025 ready_bytes=789 upcoming_bytes=0 freq=72001913 sd_pos=202415 heater_bed: target=65 temp=65.2 pwm=0.207 sysload=1.37 cputime=23.421 memavail=2518048 print_time=557.958 buffer_time=2.325 print_stall=0 extruder: target=220 temp=220.4 pwm=0.477
Stats 2566860.3: gcodein=0  mcu: mcu_awake=0.027 mcu_task_avg=0.000045 mcu_task_stddev=0.000035 bytes_write=624906 bytes_read=133956 bytes_retransmit=9 bytes_invalid=0 send_seq=12205 receive_seq=12205 retransmit_seq=2 srtt=0.003 rttvar=0.000 rto=0.025 ready_bytes=11 upcoming_bytes=1033 freq=72001912 sd_pos=202789 heater_bed: target=65 temp=65.1 pwm=0.349 sysload=1.37 cputime=23.482 memavail=2519140 print_time=558.973 buffer_time=2.335 print_stall=0 extruder: target=220 temp=220.3 pwm=0.584
Stats 2566861.3: gcodein=0  mcu: mcu_awake=0.027 mcu_task_avg=0.000045 mcu_task_stddev=0.000035 bytes_write=629285 bytes_read=134428 bytes_retransmit=9 bytes_invalid=0 send_seq=12277 receive_seq=12277 retransmit_seq=2 srtt=0.003 rttvar=0.000 rto=0.025 ready_bytes=48 upcoming_bytes=0 freq=72001912 sd_pos=203102 heater_bed: target=65 temp=65.1 pwm=0.423 sysload=1.37 cputime=23.541 memavail=2518916 print_time=559.930 buffer_time=2.290 print_stall=0 extruder: target=220 temp=220.2 pwm=0.584
Stats 2566862.3: gcodein=0  mcu: mcu_awake=0.027 mcu_task_avg=0.000045 mcu_task_stddev=0.000035 bytes_write=632697 bytes_read=134806 bytes_retransmit=9 bytes_invalid=0 send_seq=12333 receive_seq=12333 retransmit_seq=2 srtt=0.003 rttvar=0.000 rto=0.025 ready_bytes=14 upcoming_bytes=0 freq=72001914 sd_pos=203447 heater_bed: target=65 temp=65.2 pwm=0.078 sysload=1.37 cputime=23.603 memavail=2518692 print_time=560.904 buffer_time=2.263 print_stall=0 extruder: target=220 temp=220.0 pwm=0.584
Stats 2566863.3: gcodein=0  mcu: mcu_awake=0.027 mcu_task_avg=0.000045 mcu_task_stddev=0.000035 bytes_write=635501 bytes_read=135159 bytes_retransmit=9 bytes_invalid=0 send_seq=12381 receive_seq=12381 retransmit_seq=2 srtt=0.003 rttvar=0.000 rto=0.025 ready_bytes=10 upcoming_bytes=0 freq=72001913 sd_pos=203735 heater_bed: target=65 temp=65.1 pwm=0.145 sysload=1.37 cputime=23.668 memavail=2518488 print_time=561.726 buffer_time=2.082 print_stall=0 extruder: target=220 temp=219.9 pwm=0.584
Stats 2566864.3: gcodein=0  mcu: mcu_awake=0.027 mcu_task_avg=0.000045 mcu_task_stddev=0.000035 bytes_write=638857 bytes_read=135561 bytes_retransmit=9 bytes_invalid=0 send_seq=12439 receive_seq=12439 retransmit_seq=2 srtt=0.003 rttvar=0.000 rto=0.025 ready_bytes=0 upcoming_bytes=0 freq=72001912 sd_pos=204140 heater_bed: target=65 temp=65.1 pwm=0.296 sysload=1.42 cputime=23.728 memavail=2518488 print_time=562.702 buffer_time=2.057 print_stall=0 extruder: target=220 temp=219.7 pwm=0.638
Stats 2566865.3: gcodein=0  mcu: mcu_awake=0.028 mcu_task_avg=0.000041 mcu_task_stddev=0.000036 bytes_write=643072 bytes_read=136030 bytes_retransmit=9 bytes_invalid=0 send_seq=12510 receive_seq=12510 retransmit_seq=2 srtt=0.003 rttvar=0.000 rto=0.025 ready_bytes=0 upcoming_bytes=0 freq=72001913 sd_pos=204795 heater_bed: target=65 temp=65.1 pwm=0.192 sysload=1.42 cputime=23.789 memavail=2513448 print_time=563.654 buffer_time=2.010 print_stall=0 extruder: target=220 temp=219.7 pwm=0.579
Stats 2566866.3: gcodein=0  mcu: mcu_awake=0.028 mcu_task_avg=0.000041 mcu_task_stddev=0.000036 bytes_write=647668 bytes_read=136528 bytes_retransmit=9 bytes_invalid=0 send_seq=12587 receive_seq=12587 retransmit_seq=2 srtt=0.003 rttvar=0.000 rto=0.025 ready_bytes=22 upcoming_bytes=325 freq=72001910 sd_pos=206802 heater_bed: target=65 temp=65.0 pwm=0.430 sysload=1.42 cputime=23.865 memavail=2513448 print_time=564.902 buffer_time=2.256 print_stall=0 extruder: target=220 temp=219.6 pwm=0.635
Stats 2566867.3: gcodein=0  mcu: mcu_awake=0.028 mcu_task_avg=0.000041 mcu_task_stddev=0.000036 bytes_write=652022 bytes_read=137005 bytes_retransmit=9 bytes_invalid=0 send_seq=12660 receive_seq=12660 retransmit_seq=2 srtt=0.003 rttvar=0.000 rto=0.025 ready_bytes=57 upcoming_bytes=0 freq=72001910 sd_pos=209593 heater_bed: target=65 temp=65.0 pwm=0.458 sysload=1.42 cputime=23.960 memavail=2511684 print_time=565.930 buffer_time=2.284 print_stall=0 extruder: target=220 temp=219.7 pwm=0.583
Stats 2566868.3: gcodein=0  mcu: mcu_awake=0.028 mcu_task_avg=0.000041 mcu_task_stddev=0.000036 bytes_write=655971 bytes_read=137423 bytes_retransmit=9 bytes_invalid=0 send_seq=12725 receive_seq=12724 retransmit_seq=2 srtt=0.003 rttvar=0.000 rto=0.025 ready_bytes=30 upcoming_bytes=1252 freq=72001909 sd_pos=210311 heater_bed: target=65 temp=65.1 pwm=0.000 sysload=1.42 cputime=24.026 memavail=2505280 print_time=566.897 buffer_time=2.250 print_stall=0 extruder: target=220 temp=219.6 pwm=0.583
Stats 2566869.3: gcodein=0  mcu: mcu_awake=0.028 mcu_task_avg=0.000041 mcu_task_stddev=0.000036 bytes_write=659881 bytes_read=137856 bytes_retransmit=9 bytes_invalid=0 send_seq=12789 receive_seq=12788 retransmit_seq=2 srtt=0.003 rttvar=0.000 rto=0.025 ready_bytes=16 upcoming_bytes=3284 freq=72001912 sd_pos=210987 heater_bed: target=65 temp=65.0 pwm=0.131 sysload=1.39 cputime=24.103 memavail=2501980 print_time=567.963 buffer_time=2.314 print_stall=0 extruder: target=220 temp=219.6 pwm=0.583
Stats 2566870.3: gcodein=0  mcu: mcu_awake=0.031 mcu_task_avg=0.000048 mcu_task_stddev=0.000036 bytes_write=665168 bytes_read=138419 bytes_retransmit=9 bytes_invalid=0 send_seq=12876 receive_seq=12875 retransmit_seq=2 srtt=0.003 rttvar=0.000 rto=0.025 ready_bytes=26 upcoming_bytes=3880 freq=72001910 sd_pos=211672 heater_bed: target=65 temp=65.0 pwm=0.067 sysload=1.39 cputime=24.189 memavail=2488952 print_time=569.028 buffer_time=2.379 print_stall=0 extruder: target=220 temp=219.6 pwm=0.605
Stats 2566871.3: gcodein=0  mcu: mcu_awake=0.031 mcu_task_avg=0.000048 mcu_task_stddev=0.000036 bytes_write=670966 bytes_read=138997 bytes_retransmit=9 bytes_invalid=0 send_seq=12971 receive_seq=12971 retransmit_seq=2 srtt=0.003 rttvar=0.000 rto=0.025 ready_bytes=48 upcoming_bytes=3830 freq=72001915 sd_pos=212519 heater_bed: target=65 temp=65.0 pwm=0.042 sysload=1.39 cputime=24.279 memavail=2481340 print_time=570.056 buffer_time=2.405 print_stall=0 extruder: target=220 temp=219.8 pwm=0.538
Stats 2566872.3: gcodein=0  mcu: mcu_awake=0.031 mcu_task_avg=0.000048 mcu_task_stddev=0.000036 bytes_write=676517 bytes_read=139565 bytes_retransmit=9 bytes_invalid=0 send_seq=13062 receive_seq=13062 retransmit_seq=2 srtt=0.003 rttvar=0.000 rto=0.025 ready_bytes=56 upcoming_bytes=1889 freq=72001914 sd_pos=213852 heater_bed: target=65 temp=64.9 pwm=0.364 sysload=1.39 cputime=24.376 memavail=2473036 print_time=571.128 buffer_time=2.477 print_stall=0 extruder: target=220 temp=219.9 pwm=0.538
Stats 2566873.3: gcodein=0  mcu: mcu_awake=0.031 mcu_task_avg=0.000048 mcu_task_stddev=0.000036 bytes_write=681408 bytes_read=140087 bytes_retransmit=9 bytes_invalid=0 send_seq=13144 receive_seq=13144 retransmit_seq=2 srtt=0.003 rttvar=0.000 rto=0.025 ready_bytes=44 upcoming_bytes=0 freq=72001914 sd_pos=215768 heater_bed: target=65 temp=65.0 pwm=0.000 sysload=1.39 cputime=24.468 memavail=2471556 print_time=571.759 buffer_time=2.106 print_stall=0 extruder: target=220 temp=220.0 pwm=0.538
Stats 2566874.3: gcodein=0  mcu: mcu_awake=0.031 mcu_task_avg=0.000048 mcu_task_stddev=0.000036 bytes_write=685815 bytes_read=140550 bytes_retransmit=9 bytes_invalid=0 send_seq=13217 receive_seq=13217 retransmit_seq=2 srtt=0.003 rttvar=0.000 rto=0.025 ready_bytes=8 upcoming_bytes=0 freq=72001913 sd_pos=219079 heater_bed: target=65 temp=64.9 pwm=0.433 sysload=1.35 cputime=24.548 memavail=2516716 print_time=572.824 buffer_time=2.171 print_stall=0 extruder: target=220 temp=220.1 pwm=0.538
Stats 2566875.3: gcodein=0  mcu: mcu_awake=0.036 mcu_task_avg=0.000054 mcu_task_stddev=0.000033 bytes_write=690091 bytes_read=141039 bytes_retransmit=9 bytes_invalid=0 send_seq=13289 receive_seq=13289 retransmit_seq=2 srtt=0.003 rttvar=0.000 rto=0.025 ready_bytes=55 upcoming_bytes=440 freq=72001912 sd_pos=219788 heater_bed: target=65 temp=64.8 pwm=0.454 sysload=1.35 cputime=24.621 memavail=2514728 print_time=573.689 buffer_time=2.036 print_stall=0 extruder: target=220 temp=220.0 pwm=0.538
Stats 2566876.3: gcodein=0  mcu: mcu_awake=0.036 mcu_task_avg=0.000054 mcu_task_stddev=0.000033 bytes_write=694311 bytes_read=141501 bytes_retransmit=9 bytes_invalid=0 send_seq=13359 receive_seq=13359 retransmit_seq=2 srtt=0.003 rttvar=0.000 rto=0.025 ready_bytes=35 upcoming_bytes=1294 freq=72001916 sd_pos=220420 heater_bed: target=65 temp=64.9 pwm=0.000 sysload=1.35 cputime=24.727 memavail=2514504 print_time=575.029 buffer_time=2.374 print_stall=0 extruder: target=220 temp=220.2 pwm=0.491
Stats 2566877.3: gcodein=0  mcu: mcu_awake=0.036 mcu_task_avg=0.000054 mcu_task_stddev=0.000033 bytes_write=699003 bytes_read=141984 bytes_retransmit=9 bytes_invalid=0 send_seq=13436 receive_seq=13436 retransmit_seq=2 srtt=0.003 rttvar=0.000 rto=0.025 ready_bytes=54 upcoming_bytes=0 freq=72001916 sd_pos=220761 heater_bed: target=65 temp=64.8 pwm=0.404 sysload=1.35 cputime=24.804 memavail=2514504 print_time=575.906 buffer_time=2.250 print_stall=0 extruder: target=220 temp=220.3 pwm=0.491
Stats 2566878.3: gcodein=0  mcu: mcu_awake=0.036 mcu_task_avg=0.000054 mcu_task_stddev=0.000033 bytes_write=702791 bytes_read=142417 bytes_retransmit=9 bytes_invalid=0 send_seq=13500 receive_seq=13500 retransmit_seq=2 srtt=0.003 rttvar=0.000 rto=0.025 ready_bytes=27 upcoming_bytes=0 freq=72001917 sd_pos=221159 heater_bed: target=65 temp=64.8 pwm=0.375 sysload=1.35 cputime=24.864 memavail=2514504 print_time=576.778 buffer_time=2.121 print_stall=0 extruder: target=220 temp=220.2 pwm=0.550
Stats 2566879.3: gcodein=0  mcu: mcu_awake=0.036 mcu_task_avg=0.000054 mcu_task_stddev=0.000033 bytes_write=707254 bytes_read=142899 bytes_retransmit=9 bytes_invalid=0 send_seq=13574 receive_seq=13574 retransmit_seq=2 srtt=0.003 rttvar=0.000 rto=0.025 ready_bytes=9 upcoming_bytes=0 freq=72001918 sd_pos=221730 heater_bed: target=65 temp=64.8 pwm=0.143 sysload=1.25 cputime=24.943 memavail=2514504 print_time=577.666 buffer_time=2.008 print_stall=0 extruder: target=220 temp=220.2 pwm=0.550
Stats 2566880.3: gcodein=0  mcu: mcu_awake=0.031 mcu_task_avg=0.000051 mcu_task_stddev=0.000034 bytes_write=710851 bytes_read=143313 bytes_retransmit=9 bytes_invalid=0 send_seq=13634 receive_seq=13634 retransmit_seq=2 srtt=0.003 rttvar=0.000 rto=0.025 ready_bytes=7 upcoming_bytes=0 freq=72001919 sd_pos=223947 heater_bed: target=65 temp=64.7 pwm=0.604 sysload=1.25 cputime=25.036 memavail=2514504 print_time=578.676 buffer_time=2.017 print_stall=0 extruder: target=220 temp=220.0 pwm=0.624
Stats 2566881.3: gcodein=0  mcu: mcu_awake=0.031 mcu_task_avg=0.000051 mcu_task_stddev=0.000034 bytes_write=716042 bytes_read=143875 bytes_retransmit=9 bytes_invalid=0 send_seq=13721 receive_seq=13721 retransmit_seq=2 srtt=0.003 rttvar=0.000 rto=0.025 ready_bytes=21 upcoming_bytes=219 freq=72001921 sd_pos=228128 heater_bed: target=65 temp=64.8 pwm=0.277 sysload=1.25 cputime=25.163 memavail=2512040 print_time=579.962 buffer_time=2.302 print_stall=0 extruder: target=220 temp=219.9 pwm=0.629
Stats 2566882.3: gcodein=0  mcu: mcu_awake=0.031 mcu_task_avg=0.000051 mcu_task_stddev=0.000034 bytes_write=719920 bytes_read=144293 bytes_retransmit=9 bytes_invalid=0 send_seq=13786 receive_seq=13785 retransmit_seq=2 srtt=0.003 rttvar=0.000 rto=0.025 ready_bytes=8 upcoming_bytes=2161 freq=72001920 sd_pos=229025 heater_bed: target=65 temp=64.8 pwm=0.162 sysload=1.25 cputime=25.253 memavail=2511388 print_time=581.031 buffer_time=2.371 print_stall=0 extruder: target=220 temp=220.0 pwm=0.555
Stats 2566883.3: gcodein=0  mcu: mcu_awake=0.031 mcu_task_avg=0.000051 mcu_task_stddev=0.000034 bytes_write=724150 bytes_read=144741 bytes_retransmit=9 bytes_invalid=0 send_seq=13856 receive_seq=13855 retransmit_seq=2 srtt=0.003 rttvar=0.000 rto=0.025 ready_bytes=17 upcoming_bytes=3745 freq=72001921 sd_pos=229688 heater_bed: target=65 temp=64.7 pwm=0.338 sysload=1.25 cputime=25.343 memavail=2511668 print_time=582.110 buffer_time=2.448 print_stall=0 extruder: target=220 temp=219.8 pwm=0.637
Stats 2566884.3: gcodein=0  mcu: mcu_awake=0.031 mcu_task_avg=0.000051 mcu_task_stddev=0.000034 bytes_write=729436 bytes_read=145308 bytes_retransmit=9 bytes_invalid=0 send_seq=13943 receive_seq=13943 retransmit_seq=2 srtt=0.003 rttvar=0.000 rto=0.025 ready_bytes=48 upcoming_bytes=3741 freq=72001920 sd_pos=230245 heater_bed: target=65 temp=64.8 pwm=0.104 sysload=1.14 cputime=25.445 memavail=2511668 print_time=583.072 buffer_time=2.411 print_stall=0 extruder: target=220 temp=219.9 pwm=0.585
Stats 2566885.3: gcodein=0  mcu: mcu_awake=0.032 mcu_task_avg=0.000054 mcu_task_stddev=0.000033 bytes_write=734913 bytes_read=145867 bytes_retransmit=9 bytes_invalid=0 send_seq=14033 receive_seq=14032 retransmit_seq=2 srtt=0.003 rttvar=0.000 rto=0.025 ready_bytes=41 upcoming_bytes=2834 freq=72001918 sd_pos=230717 heater_bed: target=65 temp=64.8 pwm=0.000 sysload=1.14 cputime=25.540 memavail=2511688 print_time=583.899 buffer_time=2.237 print_stall=0 extruder: target=220 temp=219.9 pwm=0.527
Stats 2566886.3: gcodein=0  mcu: mcu_awake=0.032 mcu_task_avg=0.000054 mcu_task_stddev=0.000033 bytes_write=740444 bytes_read=146420 bytes_retransmit=9 bytes_invalid=0 send_seq=14124 receive_seq=14123 retransmit_seq=2 srtt=0.003 rttvar=0.000 rto=0.025 ready_bytes=24 upcoming_bytes=2424 freq=72001918 sd_pos=231267 heater_bed: target=65 temp=64.8 pwm=0.000 sysload=1.14 cputime=25.632 memavail=2511464 print_time=584.823 buffer_time=2.160 print_stall=0 extruder: target=220 temp=219.9 pwm=0.578
Stats 2566887.3: gcodein=0  mcu: mcu_awake=0.032 mcu_task_avg=0.000054 mcu_task_stddev=0.000033 bytes_write=745818 bytes_read=146992 bytes_retransmit=9 bytes_invalid=0 send_seq=14212 receive_seq=14212 retransmit_seq=2 srtt=0.003 rttvar=0.001 rto=0.025 ready_bytes=40 upcoming_bytes=1655 freq=72001918 sd_pos=232302 heater_bed: target=65 temp=64.7 pwm=0.168 sysload=1.14 cputime=25.727 memavail=2511464 print_time=585.677 buffer_time=2.013 print_stall=0 extruder: target=220 temp=220.0 pwm=0.517
Stats 2566888.3: gcodein=0  mcu: mcu_awake=0.032 mcu_task_avg=0.000054 mcu_task_stddev=0.000033 bytes_write=751350 bytes_read=147545 bytes_retransmit=9 bytes_invalid=0 send_seq=14303 receive_seq=14303 retransmit_seq=2 srtt=0.003 rttvar=0.000 rto=0.025 ready_bytes=41 upcoming_bytes=275 freq=72001918 sd_pos=234326 heater_bed: target=65 temp=64.6 pwm=0.875 sysload=1.14 cputime=25.845 memavail=2511464 print_time=586.741 buffer_time=2.077 print_stall=0 extruder: target=220 temp=220.0 pwm=0.517
Stats 2566889.3: gcodein=0  mcu: mcu_awake=0.032 mcu_task_avg=0.000054 mcu_task_stddev=0.000033 bytes_write=755744 bytes_read=148008 bytes_retransmit=9 bytes_invalid=0 send_seq=14376 receive_seq=14376 retransmit_seq=2 srtt=0.003 rttvar=0.000 rto=0.025 ready_bytes=57 upcoming_bytes=0 freq=72001918 sd_pos=237103 heater_bed: target=65 temp=64.8 pwm=0.000 sysload=1.05 cputime=25.946 memavail=2511500 print_time=587.715 buffer_time=2.050 print_stall=0 extruder: target=220 temp=220.0 pwm=0.517
Stats 2566890.3: gcodein=0  mcu: mcu_awake=0.036 mcu_task_avg=0.000056 mcu_task_stddev=0.000033 bytes_write=760322 bytes_read=148531 bytes_retransmit=9 bytes_invalid=0 send_seq=14452 receive_seq=14452 retransmit_seq=2 srtt=0.003 rttvar=0.000 rto=0.025 ready_bytes=40 upcoming_bytes=460 freq=72001919 sd_pos=238944 heater_bed: target=65 temp=64.7 pwm=0.294 sysload=1.05 cputime=26.047 memavail=2512056 print_time=588.983 buffer_time=2.317 print_stall=0 extruder: target=220 temp=220.2 pwm=0.517
Stats 2566891.3: gcodein=0  mcu: mcu_awake=0.036 mcu_task_avg=0.000056 mcu_task_stddev=0.000033 bytes_write=763288 bytes_read=148879 bytes_retransmit=9 bytes_invalid=0 send_seq=14502 receive_seq=14502 retransmit_seq=2 srtt=0.003 rttvar=0.000 rto=0.025 ready_bytes=0 upcoming_bytes=0 freq=72001918 sd_pos=239911 heater_bed: target=65 temp=64.7 pwm=0.011 sysload=1.05 cputime=26.114 memavail=2511384 print_time=589.738 buffer_time=2.071 print_stall=0 extruder: target=220 temp=220.1 pwm=0.563
Stats 2566892.3: gcodein=0  mcu: mcu_awake=0.036 mcu_task_avg=0.000056 mcu_task_stddev=0.000033 bytes_write=768483 bytes_read=149402 bytes_retransmit=9 bytes_invalid=0 send_seq=14587 receive_seq=14587 retransmit_seq=2 srtt=0.003 rttvar=0.000 rto=0.025 ready_bytes=31 upcoming_bytes=225 freq=72001921 sd_pos=242968 heater_bed: target=65 temp=64.6 pwm=0.499 sysload=1.05 cputime=26.212 memavail=2511424 print_time=590.903 buffer_time=2.234 print_stall=0 extruder: target=220 temp=220.1 pwm=0.563
Stats 2566893.3: gcodein=0  mcu: mcu_awake=0.036 mcu_task_avg=0.000056 mcu_task_stddev=0.000033 bytes_write=770706 bytes_read=149719 bytes_retransmit=9 bytes_invalid=0 send_seq=14625 receive_seq=14625 retransmit_seq=2 srtt=0.003 rttvar=0.000 rto=0.025 ready_bytes=22 upcoming_bytes=0 freq=72001924 sd_pos=244316 heater_bed: target=65 temp=64.8 pwm=0.000 sysload=1.05 cputime=26.282 memavail=2511428 print_time=591.676 buffer_time=2.006 print_stall=0 extruder: target=220 temp=220.1 pwm=0.563
Stats 2566894.3: gcodein=0  mcu: mcu_awake=0.036 mcu_task_avg=0.000056 mcu_task_stddev=0.000033 bytes_write=775884 bytes_read=150247 bytes_retransmit=9 bytes_invalid=0 send_seq=14711 receive_seq=14711 retransmit_seq=2 srtt=0.003 rttvar=0.000 rto=0.025 ready_bytes=46 upcoming_bytes=0 freq=72001931 sd_pos=247472 heater_bed: target=65 temp=64.7 pwm=0.000 sysload=0.97 cputime=26.391 memavail=2511692 print_time=593.038 buffer_time=2.366 print_stall=0 extruder: target=220 temp=220.1 pwm=0.563
Stats 2566895.3: gcodein=0  mcu: mcu_awake=0.028 mcu_task_avg=0.000044 mcu_task_stddev=0.000035 bytes_write=779574 bytes_read=150671 bytes_retransmit=9 bytes_invalid=0 send_seq=14773 receive_seq=14773 retransmit_seq=2 srtt=0.003 rttvar=0.000 rto=0.025 ready_bytes=40 upcoming_bytes=793 freq=72001928 sd_pos=250149 heater_bed: target=65 temp=64.7 pwm=0.021 sysload=0.97 cputime=26.484 memavail=2511692 print_time=593.952 buffer_time=2.279 print_stall=0 extruder: target=220 temp=220.1 pwm=0.545
Stats 2566896.3: gcodein=0  mcu: mcu_awake=0.028 mcu_task_avg=0.000044 mcu_task_stddev=0.000035 bytes_write=783091 bytes_read=151088 bytes_retransmit=9 bytes_invalid=0 send_seq=14832 receive_seq=14831 retransmit_seq=2 srtt=0.003 rttvar=0.000 rto=0.025 ready_bytes=35 upcoming_bytes=2909 freq=72001932 sd_pos=252078 heater_bed: target=65 temp=64.7 pwm=0.137 sysload=0.97 cputime=26.594 memavail=2511468 print_time=594.987 buffer_time=2.314 print_stall=0 extruder: target=220 temp=220.1 pwm=0.545
Stats 2566897.3: gcodein=0  mcu: mcu_awake=0.028 mcu_task_avg=0.000044 mcu_task_stddev=0.000035 bytes_write=788251 bytes_read=151611 bytes_retransmit=9 bytes_invalid=0 send_seq=14917 receive_seq=14916 retransmit_seq=2 srtt=0.003 rttvar=0.000 rto=0.025 ready_bytes=14 upcoming_bytes=3873 freq=72001934 sd_pos=253842 heater_bed: target=65 temp=64.7 pwm=0.043 sysload=0.97 cputime=26.709 memavail=2511468 print_time=596.120 buffer_time=2.446 print_stall=0 extruder: target=220 temp=220.1 pwm=0.545
Stats 2566898.3: gcodein=0  mcu: mcu_awake=0.028 mcu_task_avg=0.000044 mcu_task_stddev=0.000035 bytes_write=793788 bytes_read=152169 bytes_retransmit=9 bytes_invalid=0 send_seq=15008 receive_seq=15008 retransmit_seq=2 srtt=0.003 rttvar=0.000 rto=0.025 ready_bytes=49 upcoming_bytes=2490 freq=72001935 sd_pos=254911 heater_bed: target=65 temp=64.6 pwm=0.461 sysload=0.97 cputime=26.818 memavail=2511468 print_time=597.243 buffer_time=2.568 print_stall=0 extruder: target=220 temp=220.1 pwm=0.545
Stats 2566899.3: gcodein=0  mcu: mcu_awake=0.028 mcu_task_avg=0.000044 mcu_task_stddev=0.000035 bytes_write=799455 bytes_read=152752 bytes_retransmit=9 bytes_invalid=0 send_seq=15101 receive_seq=15100 retransmit_seq=2 srtt=0.003 rttvar=0.000 rto=0.025 ready_bytes=24 upcoming_bytes=1535 freq=72001936 sd_pos=256582 heater_bed: target=65 temp=64.6 pwm=0.335 sysload=0.89 cputime=26.922 memavail=2511468 print_time=598.122 buffer_time=2.446 print_stall=0 extruder: target=220 temp=220.1 pwm=0.538
Stats 2566900.3: gcodein=0  mcu: mcu_awake=0.034 mcu_task_avg=0.000055 mcu_task_stddev=0.000032 bytes_write=803634 bytes_read=153204 bytes_retransmit=9 bytes_invalid=0 send_seq=15169 receive_seq=15169 retransmit_seq=2 srtt=0.003 rttvar=0.000 rto=0.025 ready_bytes=53 upcoming_bytes=812 freq=72001937 sd_pos=257777 heater_bed: target=65 temp=64.6 pwm=0.110 sysload=0.89 cputime=27.014 memavail=2511468 print_time=599.136 buffer_time=2.459 print_stall=0 extruder: target=220 temp=220.1 pwm=0.538
Stats 2566901.3: gcodein=0  mcu: mcu_awake=0.034 mcu_task_avg=0.000055 mcu_task_stddev=0.000032 bytes_write=807686 bytes_read=153625 bytes_retransmit=9 bytes_invalid=0 send_seq=15236 receive_seq=15235 retransmit_seq=2 srtt=0.003 rttvar=0.000 rto=0.025 ready_bytes=15 upcoming_bytes=247 freq=72001936 sd_pos=260054 heater_bed: target=65 temp=64.6 pwm=0.400 sysload=0.89 cputime=27.104 memavail=2510796 print_time=599.844 buffer_time=2.166 print_stall=0 extruder: target=220 temp=220.1 pwm=0.538
Stats 2566902.3: gcodein=0  mcu: mcu_awake=0.034 mcu_task_avg=0.000055 mcu_task_stddev=0.000032 bytes_write=810392 bytes_read=153973 bytes_retransmit=9 bytes_invalid=0 send_seq=15281 receive_seq=15281 retransmit_seq=2 srtt=0.003 rttvar=0.001 rto=0.025 ready_bytes=14 upcoming_bytes=0 freq=72001937 sd_pos=261616 heater_bed: target=65 temp=64.6 pwm=0.369 sysload=0.89 cputime=27.189 memavail=2510064 print_time=600.902 buffer_time=2.224 print_stall=0 extruder: target=220 temp=220.1 pwm=0.538
Stats 2566903.3: gcodein=0  mcu: mcu_awake=0.034 mcu_task_avg=0.000055 mcu_task_stddev=0.000032 bytes_write=814371 bytes_read=154398 bytes_retransmit=9 bytes_invalid=0 send_seq=15347 receive_seq=15347 retransmit_seq=2 srtt=0.003 rttvar=0.001 rto=0.025 ready_bytes=30 upcoming_bytes=0 freq=72001936 sd_pos=264756 heater_bed: target=65 temp=64.6 pwm=0.110 sysload=0.89 cputime=27.278 memavail=2509168 print_time=601.842 buffer_time=2.164 print_stall=0 extruder: target=220 temp=220.1 pwm=0.538
Stats 2566904.3: gcodein=0  mcu: mcu_awake=0.034 mcu_task_avg=0.000055 mcu_task_stddev=0.000032 bytes_write=818558 bytes_read=154841 bytes_retransmit=9 bytes_invalid=0 send_seq=15417 receive_seq=15416 retransmit_seq=2 srtt=0.003 rttvar=0.000 rto=0.025 ready_bytes=9 upcoming_bytes=417 freq=72001937 sd_pos=266538 heater_bed: target=65 temp=64.6 pwm=0.252 sysload=0.82 cputime=27.366 memavail=2509168 print_time=602.924 buffer_time=2.246 print_stall=0 extruder: target=220 temp=220.2 pwm=0.514
Stats 2566905.3: gcodein=0  mcu: mcu_awake=0.028 mcu_task_avg=0.000044 mcu_task_stddev=0.000035 bytes_write=821970 bytes_read=155269 bytes_retransmit=9 bytes_invalid=0 send_seq=15473 receive_seq=15473 retransmit_seq=2 srtt=0.003 rttvar=0.000 rto=0.025 ready_bytes=28 upcoming_bytes=0 freq=72001939 sd_pos=267143 heater_bed: target=65 temp=64.5 pwm=0.314 sysload=0.82 cputime=27.445 memavail=2509168 print_time=603.686 buffer_time=2.006 print_stall=0 extruder: target=220 temp=220.3 pwm=0.514
Stats 2566906.3: gcodein=0  mcu: mcu_awake=0.028 mcu_task_avg=0.000044 mcu_task_stddev=0.000035 bytes_write=827207 bytes_read=155797 bytes_retransmit=9 bytes_invalid=0 send_seq=15560 receive_seq=15559 retransmit_seq=2 srtt=0.003 rttvar=0.000 rto=0.025 ready_bytes=20 upcoming_bytes=466 freq=72001943 sd_pos=270397 heater_bed: target=65 temp=64.5 pwm=0.267 sysload=0.82 cputime=27.556 memavail=2509168 print_time=604.906 buffer_time=2.225 print_stall=0 extruder: target=220 temp=220.2 pwm=0.514
Stats 2566907.4: gcodein=0  mcu: mcu_awake=0.028 mcu_task_avg=0.000044 mcu_task_stddev=0.000035 bytes_write=830987 bytes_read=156195 bytes_retransmit=9 bytes_invalid=0 send_seq=15622 receive_seq=15619 retransmit_seq=2 srtt=0.003 rttvar=0.000 rto=0.025 ready_bytes=241 upcoming_bytes=707 freq=72001946 sd_pos=273214 heater_bed: target=65 temp=64.4 pwm=0.653 sysload=0.82 cputime=27.673 memavail=2509168 print_time=605.951 buffer_time=2.252 print_stall=0 extruder: target=220 temp=220.2 pwm=0.514
Stats 2566908.4: gcodein=0  mcu: mcu_awake=0.028 mcu_task_avg=0.000044 mcu_task_stddev=0.000035 bytes_write=835901 bytes_read=156742 bytes_retransmit=9 bytes_invalid=0 send_seq=15703 receive_seq=15703 retransmit_seq=2 srtt=0.003 rttvar=0.001 rto=0.025 ready_bytes=26 upcoming_bytes=0 freq=72001948 sd_pos=275530 heater_bed: target=65 temp=64.5 pwm=0.265 sysload=0.82 cputime=27.782 memavail=2509168 print_time=606.782 buffer_time=2.082 print_stall=0 extruder: target=220 temp=220.2 pwm=0.528
Stats 2566909.4: gcodein=0  mcu: mcu_awake=0.028 mcu_task_avg=0.000044 mcu_task_stddev=0.000035 bytes_write=840018 bytes_read=157175 bytes_retransmit=9 bytes_invalid=0 send_seq=15771 receive_seq=15770 retransmit_seq=2 srtt=0.003 rttvar=0.000 rto=0.025 ready_bytes=14 upcoming_bytes=1492 freq=72001954 sd_pos=276876 heater_bed: target=65 temp=64.6 pwm=0.000 sysload=0.75 cputime=27.886 memavail=2509168 print_time=607.823 buffer_time=2.123 print_stall=0 extruder: target=220 temp=220.1 pwm=0.528
Stats 2566910.4: gcodein=0  mcu: mcu_awake=0.030 mcu_task_avg=0.000053 mcu_task_stddev=0.000033 bytes_write=844653 bytes_read=157674 bytes_retransmit=9 bytes_invalid=0 send_seq=15848 receive_seq=15847 retransmit_seq=2 srtt=0.003 rttvar=0.000 rto=0.025 ready_bytes=15 upcoming_bytes=110 freq=72001949 sd_pos=278189 heater_bed: target=65 temp=64.5 pwm=0.543 sysload=0.75 cputime=27.992 memavail=2509168 print_time=608.809 buffer_time=2.109 print_stall=0 extruder: target=220 temp=220.1 pwm=0.528
Stats 2566911.4: gcodein=0  mcu: mcu_awake=0.030 mcu_task_avg=0.000053 mcu_task_stddev=0.000033 bytes_write=849005 bytes_read=158171 bytes_retransmit=9 bytes_invalid=0 send_seq=15921 receive_seq=15921 retransmit_seq=2 srtt=0.003 rttvar=0.000 rto=0.025 ready_bytes=0 upcoming_bytes=0 freq=72001949 sd_pos=281206 heater_bed: target=65 temp=64.6 pwm=0.000 sysload=0.75 cputime=28.099 memavail=2510104 print_time=609.779 buffer_time=2.078 print_stall=0 extruder: target=220 temp=219.9 pwm=0.589
Stats 2566912.4: gcodein=0  mcu: mcu_awake=0.030 mcu_task_avg=0.000053 mcu_task_stddev=0.000033 bytes_write=853315 bytes_read=158634 bytes_retransmit=9 bytes_invalid=0 send_seq=15994 receive_seq=15994 retransmit_seq=2 srtt=0.003 rttvar=0.000 rto=0.025 ready_bytes=51 upcoming_bytes=651 freq=72001945 sd_pos=284273 heater_bed: target=65 temp=64.4 pwm=0.636 sysload=0.75 cputime=28.202 memavail=2509164 print_time=610.945 buffer_time=2.243 print_stall=0 extruder: target=220 temp=219.8 pwm=0.589
Stats 2566913.4: gcodein=0  mcu: mcu_awake=0.030 mcu_task_avg=0.000053 mcu_task_stddev=0.000033 bytes_write=857681 bytes_read=159092 bytes_retransmit=9 bytes_invalid=0 send_seq=16066 receive_seq=16066 retransmit_seq=2 srtt=0.003 rttvar=0.000 rto=0.025 ready_bytes=30 upcoming_bytes=230 freq=72001949 sd_pos=285329 heater_bed: target=65 temp=64.5 pwm=0.390 sysload=0.75 cputime=28.291 memavail=2509200 print_time=611.756 buffer_time=2.053 print_stall=0 extruder: target=220 temp=219.9 pwm=0.589
Stats 2566914.4: gcodein=0  mcu: mcu_awake=0.030 mcu_task_avg=0.000053 mcu_task_stddev=0.000033 bytes_write=861663 bytes_read=159549 bytes_retransmit=9 bytes_invalid=0 send_seq=16132 receive_seq=16132 retransmit_seq=2 srtt=0.003 rttvar=0.000 rto=0.025 ready_bytes=26 upcoming_bytes=0 freq=72001947 sd_pos=286714 heater_bed: target=65 temp=64.5 pwm=0.289 sysload=1.01 cputime=28.392 memavail=2509200 print_time=612.780 buffer_time=2.076 print_stall=0 extruder: target=220 temp=219.8 pwm=0.590
Stats 2566915.4: gcodein=0  mcu: mcu_awake=0.031 mcu_task_avg=0.000050 mcu_task_stddev=0.000034 bytes_write=865851 bytes_read=160024 bytes_retransmit=9 bytes_invalid=0 send_seq=16202 receive_seq=16202 retransmit_seq=2 srtt=0.003 rttvar=0.000 rto=0.025 ready_bytes=0 upcoming_bytes=0 freq=72001948 sd_pos=289775 heater_bed: target=65 temp=64.5 pwm=0.478 sysload=1.01 cputime=28.503 memavail=2508960 print_time=613.728 buffer_time=2.023 print_stall=0 extruder: target=220 temp=219.7 pwm=0.590
Stats 2566916.4: gcodein=0  mcu: mcu_awake=0.031 mcu_task_avg=0.000050 mcu_task_stddev=0.000034 bytes_write=870248 bytes_read=160487 bytes_retransmit=9 bytes_invalid=0 send_seq=16275 receive_seq=16275 retransmit_seq=2 srtt=0.003 rttvar=0.000 rto=0.025 ready_bytes=51 upcoming_bytes=1847 freq=72001947 sd_pos=292605 heater_bed: target=65 temp=64.5 pwm=0.182 sysload=1.01 cputime=28.613 memavail=2508960 print_time=614.940 buffer_time=2.234 print_stall=0 extruder: target=220 temp=219.9 pwm=0.537
Stats 2566917.4: gcodein=0  mcu: mcu_awake=0.031 mcu_task_avg=0.000050 mcu_task_stddev=0.000034 bytes_write=874759 bytes_read=160984 bytes_retransmit=9 bytes_invalid=0 send_seq=16349 receive_seq=16349 retransmit_seq=2 srtt=0.003 rttvar=0.000 rto=0.025 ready_bytes=43 upcoming_bytes=2407 freq=72001949 sd_pos=293831 heater_bed: target=65 temp=64.4 pwm=0.354 sysload=1.01 cputime=28.716 memavail=2508736 print_time=615.909 buffer_time=2.202 print_stall=0 extruder: target=220 temp=220.0 pwm=0.537
Stats 2566918.4: gcodein=0  mcu: mcu_awake=0.031 mcu_task_avg=0.000050 mcu_task_stddev=0.000034 bytes_write=880137 bytes_read=161522 bytes_retransmit=9 bytes_invalid=0 send_seq=16438 receive_seq=16437 retransmit_seq=2 srtt=0.003 rttvar=0.000 rto=0.025 ready_bytes=21 upcoming_bytes=1224 freq=72001950 sd_pos=295918 heater_bed: target=65 temp=64.5 pwm=0.043 sysload=1.01 cputime=28.829 memavail=2508736 print_time=616.972 buffer_time=2.264 print_stall=0 extruder: target=220 temp=219.9 pwm=0.537
Stats 2566919.4: gcodein=0  mcu: mcu_awake=0.031 mcu_task_avg=0.000050 mcu_task_stddev=0.000034 bytes_write=885035 bytes_read=162015 bytes_retransmit=9 bytes_invalid=0 send_seq=16519 receive_seq=16516 retransmit_seq=2 srtt=0.003 rttvar=0.000 rto=0.025 ready_bytes=379 upcoming_bytes=593 freq=72001951 sd_pos=298862 heater_bed: target=65 temp=64.4 pwm=0.753 sysload=0.93 cputime=28.949 memavail=2508744 print_time=618.022 buffer_time=2.313 print_stall=0 extruder: target=220 temp=220.0 pwm=0.486
Stats 2566920.4: gcodein=0  mcu: mcu_awake=0.034 mcu_task_avg=0.000053 mcu_task_stddev=0.000034 bytes_write=889280 bytes_read=162523 bytes_retransmit=9 bytes_invalid=0 send_seq=16589 receive_seq=16589 retransmit_seq=2 srtt=0.003 rttvar=0.000 rto=0.025 ready_bytes=16 upcoming_bytes=280 freq=72001949 sd_pos=300153 heater_bed: target=65 temp=64.5 pwm=0.080 sysload=0.93 cputime=29.032 memavail=2508744 print_time=618.796 buffer_time=2.086 print_stall=0 extruder: target=220 temp=220.0 pwm=0.542
Stats 2566921.4: gcodein=0  mcu: mcu_awake=0.034 mcu_task_avg=0.000053 mcu_task_stddev=0.000034 bytes_write=893791 bytes_read=162996 bytes_retransmit=9 bytes_invalid=0 send_seq=16664 receive_seq=16664 retransmit_seq=2 srtt=0.003 rttvar=0.000 rto=0.025 ready_bytes=8 upcoming_bytes=904 freq=72001948 sd_pos=302092 heater_bed: target=65 temp=64.5 pwm=0.280 sysload=0.93 cputime=29.130 memavail=2510312 print_time=620.323 buffer_time=2.612 print_stall=0 extruder: target=220 temp=220.0 pwm=0.542
Stats 2566922.4: gcodein=0  mcu: mcu_awake=0.034 mcu_task_avg=0.000053 mcu_task_stddev=0.000034 bytes_write=896935 bytes_read=163354 bytes_retransmit=9 bytes_invalid=0 send_seq=16716 receive_seq=16713 retransmit_seq=2 srtt=0.003 rttvar=0.000 rto=0.025 ready_bytes=1265 upcoming_bytes=515 freq=72001947 sd_pos=304438 heater_bed: target=65 temp=64.6 pwm=0.000 sysload=0.93 cputime=29.217 memavail=2509564 print_time=621.130 buffer_time=2.410 print_stall=0 extruder: target=220 temp=220.0 pwm=0.542
Stats 2566923.4: gcodein=0  mcu: mcu_awake=0.034 mcu_task_avg=0.000053 mcu_task_stddev=0.000034 bytes_write=901239 bytes_read=163846 bytes_retransmit=9 bytes_invalid=0 send_seq=16789 receive_seq=16789 retransmit_seq=2 srtt=0.003 rttvar=0.001 rto=0.025 ready_bytes=0 upcoming_bytes=0 freq=72001946 sd_pos=305629 heater_bed: target=65 temp=64.6 pwm=0.138 sysload=0.93 cputime=29.292 memavail=2509568 print_time=621.772 buffer_time=2.051 print_stall=0 extruder: target=220 temp=220.0 pwm=0.558
Stats 2566924.4: gcodein=0  mcu: mcu_awake=0.034 mcu_task_avg=0.000053 mcu_task_stddev=0.000034 bytes_write=904060 bytes_read=164189 bytes_retransmit=9 bytes_invalid=0 send_seq=16838 receive_seq=16838 retransmit_seq=2 srtt=0.003 rttvar=0.000 rto=0.025 ready_bytes=46 upcoming_bytes=0 freq=72001945 sd_pos=307757 heater_bed: target=65 temp=64.6 pwm=0.110 sysload=0.86 cputime=29.385 memavail=2509568 print_time=622.849 buffer_time=2.127 print_stall=0 extruder: target=220 temp=219.9 pwm=0.542
Stats 2566925.4: gcodein=0  mcu: mcu_awake=0.028 mcu_task_avg=0.000044 mcu_task_stddev=0.000035 bytes_write=909371 bytes_read=164763 bytes_retransmit=9 bytes_invalid=0 send_seq=16927 receive_seq=16927 retransmit_seq=2 srtt=0.003 rttvar=0.000 rto=0.025 ready_bytes=30 upcoming_bytes=0 freq=72001943 sd_pos=310945 heater_bed: target=65 temp=64.5 pwm=0.288 sysload=0.86 cputime=29.483 memavail=2509568 print_time=624.003 buffer_time=2.280 print_stall=0 extruder: target=220 temp=219.9 pwm=0.542
Stats 2566926.4: gcodein=0  mcu: mcu_awake=0.028 mcu_task_avg=0.000044 mcu_task_stddev=0.000035 bytes_write=912564 bytes_read=165140 bytes_retransmit=9 bytes_invalid=0 send_seq=16980 receive_seq=16980 retransmit_seq=2 srtt=0.003 rttvar=0.000 rto=0.025 ready_bytes=42 upcoming_bytes=2424 freq=72001943 sd_pos=312146 heater_bed: target=65 temp=64.5 pwm=0.386 sysload=0.86 cputime=29.568 memavail=2509568 print_time=625.098 buffer_time=2.374 print_stall=0 extruder: target=220 temp=219.9 pwm=0.542
Stats 2566927.4: gcodein=0  mcu: mcu_awake=0.028 mcu_task_avg=0.000044 mcu_task_stddev=0.000035 bytes_write=917101 bytes_read=165613 bytes_retransmit=9 bytes_invalid=0 send_seq=17056 receive_seq=17055 retransmit_seq=2 srtt=0.003 rttvar=0.000 rto=0.025 ready_bytes=28 upcoming_bytes=3599 freq=72001942 sd_pos=313778 heater_bed: target=65 temp=64.5 pwm=0.341 sysload=0.86 cputime=29.678 memavail=2509568 print_time=626.233 buffer_time=2.508 print_stall=0 extruder: target=220 temp=220.0 pwm=0.542
Stats 2566928.4: gcodein=0  mcu: mcu_awake=0.028 mcu_task_avg=0.000044 mcu_task_stddev=0.000035 bytes_write=922464 bytes_read=166176 bytes_retransmit=9 bytes_invalid=0 send_seq=17145 receive_seq=17145 retransmit_seq=2 srtt=0.003 rttvar=0.000 rto=0.025 ready_bytes=36 upcoming_bytes=3036 freq=72001942 sd_pos=316024 heater_bed: target=65 temp=64.5 pwm=0.417 sysload=0.86 cputime=29.794 memavail=2509344 print_time=627.354 buffer_time=2.618 print_stall=0 extruder: target=220 temp=220.0 pwm=0.525
Stats 2566929.4: gcodein=0  mcu: mcu_awake=0.028 mcu_task_avg=0.000044 mcu_task_stddev=0.000035 bytes_write=927976 bytes_read=166743 bytes_retransmit=9 bytes_invalid=0 send_seq=17236 receive_seq=17236 retransmit_seq=2 srtt=0.003 rttvar=0.000 rto=0.025 ready_bytes=32 upcoming_bytes=414 freq=72001944 sd_pos=316944 heater_bed: target=65 temp=64.5 pwm=0.463 sysload=0.79 cputime=29.889 memavail=2509344 print_time=627.906 buffer_time=2.170 print_stall=0 extruder: target=220 temp=220.1 pwm=0.525
Stats 2566930.4: gcodein=0  mcu: mcu_awake=0.032 mcu_task_avg=0.000054 mcu_task_stddev=0.000032 bytes_write=932349 bytes_read=167222 bytes_retransmit=9 bytes_invalid=0 send_seq=17309 receive_seq=17309 retransmit_seq=2 srtt=0.003 rttvar=0.000 rto=0.025 ready_bytes=23 upcoming_bytes=0 freq=72001941 sd_pos=318619 heater_bed: target=65 temp=64.5 pwm=0.421 sysload=0.79 cputime=29.984 memavail=2509492 print_time=628.794 buffer_time=2.057 print_stall=0 extruder: target=220 temp=220.1 pwm=0.525
Stats 2566931.4: gcodein=0  mcu: mcu_awake=0.032 mcu_task_avg=0.000054 mcu_task_stddev=0.000032 bytes_write=936958 bytes_read=167715 bytes_retransmit=9 bytes_invalid=0 send_seq=17385 receive_seq=17385 retransmit_seq=2 srtt=0.003 rttvar=0.000 rto=0.025 ready_bytes=48 upcoming_bytes=431 freq=72001942 sd_pos=320374 heater_bed: target=65 temp=64.5 pwm=0.351 sysload=0.79 cputime=30.090 memavail=2510720 print_time=630.091 buffer_time=2.353 print_stall=0 extruder: target=220 temp=220.1 pwm=0.525
Stats 2566932.4: gcodein=0  mcu: mcu_awake=0.032 mcu_task_avg=0.000054 mcu_task_stddev=0.000032 bytes_write=940993 bytes_read=168162 bytes_retransmit=9 bytes_invalid=0 send_seq=17452 receive_seq=17452 retransmit_seq=2 srtt=0.003 rttvar=0.000 rto=0.025 ready_bytes=7 upcoming_bytes=0 freq=72001951 sd_pos=322747 heater_bed: target=65 temp=64.5 pwm=0.281 sysload=0.79 cputime=30.186 memavail=2507544 print_time=630.813 buffer_time=2.073 print_stall=0 extruder: target=220 temp=220.1 pwm=0.584
Stats 2566933.4: gcodein=0  mcu: mcu_awake=0.032 mcu_task_avg=0.000054 mcu_task_stddev=0.000032 bytes_write=943615 bytes_read=168485 bytes_retransmit=9 bytes_invalid=0 send_seq=17497 receive_seq=17497 retransmit_seq=2 srtt=0.003 rttvar=0.000 rto=0.025 ready_bytes=36 upcoming_bytes=0 freq=72001951 sd_pos=324540 heater_bed: target=65 temp=64.5 pwm=0.188 sysload=0.79 cputime=30.270 memavail=2507576 print_time=631.853 buffer_time=2.112 print_stall=0 extruder: target=220 temp=220.1 pwm=0.500
Stats 2566934.4: gcodein=0  mcu: mcu_awake=0.032 mcu_task_avg=0.000054 mcu_task_stddev=0.000032 bytes_write=948252 bytes_read=168983 bytes_retransmit=9 bytes_invalid=0 send_seq=17574 receive_seq=17574 retransmit_seq=2 srtt=0.003 rttvar=0.000 rto=0.025 ready_bytes=12 upcoming_bytes=0 freq=72001952 sd_pos=327854 heater_bed: target=65 temp=64.4 pwm=0.743 sysload=0.89 cputime=30.371 memavail=2507352 print_time=632.873 buffer_time=2.132 print_stall=0 extruder: target=220 temp=220.2 pwm=0.500
Stats 2566935.4: gcodein=0  mcu: mcu_awake=0.030 mcu_task_avg=0.000046 mcu_task_stddev=0.000034 bytes_write=952139 bytes_read=169436 bytes_retransmit=9 bytes_invalid=0 send_seq=17639 receive_seq=17639 retransmit_seq=2 srtt=0.003 rttvar=0.000 rto=0.025 ready_bytes=23 upcoming_bytes=1164 freq=72001952 sd_pos=329663 heater_bed: target=65 temp=64.5 pwm=0.241 sysload=0.89 cputime=30.464 memavail=2507352 print_time=633.985 buffer_time=2.242 print_stall=0 extruder: target=220 temp=220.4 pwm=0.425
Stats 2566936.4: gcodein=0  mcu: mcu_awake=0.030 mcu_task_avg=0.000046 mcu_task_stddev=0.000034 bytes_write=956679 bytes_read=169909 bytes_retransmit=9 bytes_invalid=0 send_seq=17714 receive_seq=17714 retransmit_seq=2 srtt=0.003 rttvar=0.000 rto=0.025 ready_bytes=57 upcoming_bytes=597 freq=72001950 sd_pos=330690 heater_bed: target=65 temp=64.4 pwm=0.504 sysload=0.89 cputime=30.554 memavail=2507500 print_time=634.981 buffer_time=2.238 print_stall=0 extruder: target=220 temp=220.3 pwm=0.505
Stats 2566937.4: gcodein=0  mcu: mcu_awake=0.030 mcu_task_avg=0.000046 mcu_task_stddev=0.000034 bytes_write=961520 bytes_read=170422 bytes_retransmit=9 bytes_invalid=0 send_seq=17794 receive_seq=17794 retransmit_seq=2 srtt=0.003 rttvar=0.000 rto=0.025 ready_bytes=26 upcoming_bytes=785 freq=72001950 sd_pos=333728 heater_bed: target=65 temp=64.5 pwm=0.273 sysload=0.89 cputime=30.667 memavail=2507384 print_time=636.118 buffer_time=2.374 print_stall=0 extruder: target=220 temp=220.3 pwm=0.505
Stats 2566938.4: gcodein=0  mcu: mcu_awake=0.030 mcu_task_avg=0.000046 mcu_task_stddev=0.000034 bytes_write=965240 bytes_read=170839 bytes_retransmit=9 bytes_invalid=0 send_seq=17855 receive_seq=17855 retransmit_seq=2 srtt=0.003 rttvar=0.000 rto=0.025 ready_bytes=48 upcoming_bytes=195 freq=72001950 sd_pos=335763 heater_bed: target=65 temp=64.4 pwm=0.796 sysload=0.89 cputime=30.765 memavail=2507384 print_time=636.814 buffer_time=2.069 print_stall=0 extruder: target=220 temp=220.3 pwm=0.505
Stats 2566939.4: gcodein=0  mcu: mcu_awake=0.030 mcu_task_avg=0.000046 mcu_task_stddev=0.000034 bytes_write=970291 bytes_read=171357 bytes_retransmit=9 bytes_invalid=0 send_seq=17939 receive_seq=17939 retransmit_seq=2 srtt=0.003 rttvar=0.000 rto=0.025 ready_bytes=38 upcoming_bytes=362 freq=72001949 sd_pos=339067 heater_bed: target=65 temp=64.5 pwm=0.216 sysload=0.81 cputime=30.887 memavail=2507384 print_time=637.936 buffer_time=2.190 print_stall=0 extruder: target=220 temp=220.2 pwm=0.557
Stats 2566940.4: gcodein=0  mcu: mcu_awake=0.030 mcu_task_avg=0.000054 mcu_task_stddev=0.000033 bytes_write=974242 bytes_read=171811 bytes_retransmit=9 bytes_invalid=0 send_seq=18004 receive_seq=18004 retransmit_seq=2 srtt=0.003 rttvar=0.000 rto=0.025 ready_bytes=33 upcoming_bytes=1850 freq=72001950 sd_pos=340270 heater_bed: target=65 temp=64.5 pwm=0.354 sysload=0.81 cputime=30.987 memavail=2507384 print_time=638.958 buffer_time=2.211 print_stall=0 extruder: target=220 temp=220.1 pwm=0.557
Stats 2566941.4: gcodein=0  mcu: mcu_awake=0.030 mcu_task_avg=0.000054 mcu_task_stddev=0.000033 bytes_write=978823 bytes_read=172303 bytes_retransmit=9 bytes_invalid=0 send_seq=18080 receive_seq=18080 retransmit_seq=2 srtt=0.003 rttvar=0.000 rto=0.025 ready_bytes=42 upcoming_bytes=333 freq=72001954 sd_pos=341577 heater_bed: target=65 temp=64.5 pwm=0.456 sysload=0.81 cputime=31.087 memavail=2506744 print_time=639.848 buffer_time=2.101 print_stall=0 extruder: target=220 temp=220.0 pwm=0.557
Stats 2566942.4: gcodein=0  mcu: mcu_awake=0.030 mcu_task_avg=0.000054 mcu_task_stddev=0.000033 bytes_write=983250 bytes_read=172771 bytes_retransmit=9 bytes_invalid=0 send_seq=18154 receive_seq=18154 retransmit_seq=2 srtt=0.003 rttvar=0.001 rto=0.025 ready_bytes=38 upcoming_bytes=0 freq=72001955 sd_pos=345040 heater_bed: target=65 temp=64.5 pwm=0.262 sysload=0.81 cputime=31.204 memavail=2506508 print_time=640.844 buffer_time=2.096 print_stall=0 extruder: target=220 temp=219.9 pwm=0.610
Stats 2566943.4: gcodein=0  mcu: mcu_awake=0.030 mcu_task_avg=0.000054 mcu_task_stddev=0.000033 bytes_write=987708 bytes_read=173259 bytes_retransmit=9 bytes_invalid=0 send_seq=18229 receive_seq=18229 retransmit_seq=2 srtt=0.003 rttvar=0.000 rto=0.025 ready_bytes=54 upcoming_bytes=473 freq=72001953 sd_pos=347823 heater_bed: target=65 temp=64.4 pwm=0.576 sysload=0.81 cputime=31.311 memavail=2505420 print_time=641.949 buffer_time=2.199 print_stall=0 extruder: target=220 temp=219.9 pwm=0.610
Stats 2566944.4: gcodein=0  mcu: mcu_awake=0.030 mcu_task_avg=0.000054 mcu_task_stddev=0.000033 bytes_write=992000 bytes_read=173736 bytes_retransmit=9 bytes_invalid=0 send_seq=18302 receive_seq=18302 retransmit_seq=2 srtt=0.003 rttvar=0.000 rto=0.025 ready_bytes=12 upcoming_bytes=583 freq=72001951 sd_pos=348664 heater_bed: target=65 temp=64.6 pwm=0.000 sysload=0.83 cputime=31.401 memavail=2505692 print_time=642.899 buffer_time=2.148 print_stall=0 extruder: target=220 temp=219.8 pwm=0.622
Stats 2566945.4: gcodein=0  mcu: mcu_awake=0.031 mcu_task_avg=0.000052 mcu_task_stddev=0.000034 bytes_write=996308 bytes_read=174210 bytes_retransmit=9 bytes_invalid=0 send_seq=18374 receive_seq=18374 retransmit_seq=2 srtt=0.003 rttvar=0.000 rto=0.025 ready_bytes=14 upcoming_bytes=0 freq=72001950 sd_pos=350742 heater_bed: target=65 temp=64.5 pwm=0.492 sysload=0.83 cputime=31.500 memavail=2505692 print_time=643.877 buffer_time=2.124 print_stall=0 extruder: target=220 temp=219.8 pwm=0.534
Stats 2566946.4: gcodein=0  mcu: mcu_awake=0.031 mcu_task_avg=0.000052 mcu_task_stddev=0.000034 bytes_write=1000613 bytes_read=174683 bytes_retransmit=9 bytes_invalid=0 send_seq=18446 receive_seq=18446 retransmit_seq=2 srtt=0.003 rttvar=0.000 rto=0.025 ready_bytes=24 upcoming_bytes=0 freq=72001949 sd_pos=354038 heater_bed: target=65 temp=64.6 pwm=0.000 sysload=0.83 cputime=31.609 memavail=2505692 print_time=644.834 buffer_time=2.080 print_stall=0 extruder: target=220 temp=219.8 pwm=0.534
Stats 2566947.4: gcodein=0  mcu: mcu_awake=0.031 mcu_task_avg=0.000052 mcu_task_stddev=0.000034 bytes_write=1004726 bytes_read=175135 bytes_retransmit=9 bytes_invalid=0 send_seq=18514 receive_seq=18514 retransmit_seq=2 srtt=0.003 rttvar=0.000 rto=0.025 ready_bytes=28 upcoming_bytes=2445 freq=72001949 sd_pos=355958 heater_bed: target=65 temp=64.5 pwm=0.338 sysload=0.83 cputime=31.716 memavail=2505692 print_time=646.116 buffer_time=2.360 print_stall=0 extruder: target=220 temp=220.0 pwm=0.534
Stats 2566948.4: gcodein=0  mcu: mcu_awake=0.031 mcu_task_avg=0.000052 mcu_task_stddev=0.000034 bytes_write=1009354 bytes_read=175613 bytes_retransmit=9 bytes_invalid=0 send_seq=18591 receive_seq=18590 retransmit_seq=2 srtt=0.003 rttvar=0.000 rto=0.025 ready_bytes=16 upcoming_bytes=2254 freq=72001949 sd_pos=357581 heater_bed: target=65 temp=64.6 pwm=0.120 sysload=0.83 cputime=31.821 memavail=2505692 print_time=647.146 buffer_time=2.390 print_stall=0 extruder: target=220 temp=220.1 pwm=0.472
Stats 2566949.4: gcodein=0  mcu: mcu_awake=0.031 mcu_task_avg=0.000052 mcu_task_stddev=0.000034 bytes_write=1014628 bytes_read=176166 bytes_retransmit=9 bytes_invalid=0 send_seq=18678 receive_seq=18678 retransmit_seq=2 srtt=0.003 rttvar=0.000 rto=0.025 ready_bytes=33 upcoming_bytes=689 freq=72001950 sd_pos=359658 heater_bed: target=65 temp=64.5 pwm=0.366 sysload=0.76 cputime=31.934 memavail=2505948 print_time=647.878 buffer_time=2.120 print_stall=0 extruder: target=220 temp=220.1 pwm=0.471
Stats 2566950.4: gcodein=0  mcu: mcu_awake=0.033 mcu_task_avg=0.000053 mcu_task_stddev=0.000033 bytes_write=1019898 bytes_read=176729 bytes_retransmit=9 bytes_invalid=0 send_seq=18765 receive_seq=18765 retransmit_seq=2 srtt=0.003 rttvar=0.000 rto=0.025 ready_bytes=15 upcoming_bytes=674 freq=72001951 sd_pos=362733 heater_bed: target=65 temp=64.5 pwm=0.367 sysload=0.76 cputime=32.059 memavail=2505948 print_time=649.028 buffer_time=2.269 print_stall=0 extruder: target=220 temp=220.2 pwm=0.521
Stats 2566951.4: gcodein=0  mcu: mcu_awake=0.033 mcu_task_avg=0.000053 mcu_task_stddev=0.000033 bytes_write=1023865 bytes_read=177152 bytes_retransmit=9 bytes_invalid=0 send_seq=18831 receive_seq=18830 retransmit_seq=2 srtt=0.003 rttvar=0.000 rto=0.025 ready_bytes=14 upcoming_bytes=301 freq=72001949 sd_pos=363709 heater_bed: target=65 temp=64.6 pwm=0.102 sysload=0.76 cputime=32.159 memavail=2507492 print_time=649.873 buffer_time=2.111 print_stall=0 extruder: target=220 temp=220.0 pwm=0.521
Stats 2566952.4: gcodein=0  mcu: mcu_awake=0.033 mcu_task_avg=0.000053 mcu_task_stddev=0.000033 bytes_write=1027910 bytes_read=177614 bytes_retransmit=9 bytes_invalid=0 send_seq=18898 receive_seq=18897 retransmit_seq=2 srtt=0.003 rttvar=0.000 rto=0.025 ready_bytes=0 upcoming_bytes=0 freq=72001950 sd_pos=365733 heater_bed: target=65 temp=64.6 pwm=0.082 sysload=0.76 cputime=32.250 memavail=2506308 print_time=650.919 buffer_time=2.156 print_stall=0 extruder: target=220 temp=220.1 pwm=0.521
Stats 2566953.4: gcodein=0  mcu: mcu_awake=0.033 mcu_task_avg=0.000053 mcu_task_stddev=0.000033 bytes_write=1032398 bytes_read=178092 bytes_retransmit=9 bytes_invalid=0 send_seq=18973 receive_seq=18973 retransmit_seq=2 srtt=0.003 rttvar=0.001 rto=0.025 ready_bytes=38 upcoming_bytes=0 freq=72001950 sd_pos=367983 heater_bed: target=65 temp=64.2 pwm=1.000 sysload=0.76 cputime=32.347 memavail=2506308 print_time=651.952 buffer_time=2.187 print_stall=0 extruder: target=220 temp=220.1 pwm=0.521
Stats 2566954.4: gcodein=0  mcu: mcu_awake=0.033 mcu_task_avg=0.000053 mcu_task_stddev=0.000033 bytes_write=1035352 bytes_read=178425 bytes_retransmit=9 bytes_invalid=0 send_seq=19023 receive_seq=19020 retransmit_seq=2 srtt=0.003 rttvar=0.000 rto=0.025 ready_bytes=276 upcoming_bytes=0 freq=72001949 sd_pos=370209 heater_bed: target=65 temp=64.6 pwm=0.000 sysload=0.86 cputime=32.436 memavail=2506308 print_time=652.978 buffer_time=2.213 print_stall=0 extruder: target=220 temp=220.0 pwm=0.538
Stats 2566955.4: gcodein=0  mcu: mcu_awake=0.029 mcu_task_avg=0.000046 mcu_task_stddev=0.000035 bytes_write=1038940 bytes_read=178878 bytes_retransmit=9 bytes_invalid=0 send_seq=19085 receive_seq=19082 retransmit_seq=2 srtt=0.003 rttvar=0.000 rto=0.025 ready_bytes=1474 upcoming_bytes=0 freq=72001950 sd_pos=373226 heater_bed: target=65 temp=64.7 pwm=0.000 sysload=0.86 cputime=32.541 memavail=2505860 print_time=654.089 buffer_time=2.317 print_stall=0 extruder: target=220 temp=219.9 pwm=0.604
Stats 2566956.4: gcodein=0  mcu: mcu_awake=0.029 mcu_task_avg=0.000046 mcu_task_stddev=0.000035 bytes_write=1043785 bytes_read=179396 bytes_retransmit=9 bytes_invalid=0 send_seq=19166 receive_seq=19166 retransmit_seq=2 srtt=0.003 rttvar=0.000 rto=0.025 ready_bytes=58 upcoming_bytes=940 freq=72001948 sd_pos=375867 heater_bed: target=65 temp=64.6 pwm=0.232 sysload=0.86 cputime=32.629 memavail=2505188 print_time=654.951 buffer_time=2.178 print_stall=0 extruder: target=220 temp=220.0 pwm=0.514
Stats 2566957.4: gcodein=0  mcu: mcu_awake=0.029 mcu_task_avg=0.000046 mcu_task_stddev=0.000035 bytes_write=1048059 bytes_read=179849 bytes_retransmit=9 bytes_invalid=0 send_seq=19237 receive_seq=19237 retransmit_seq=2 srtt=0.003 rttvar=0.000 rto=0.025 ready_bytes=27 upcoming_bytes=1930 freq=72001947 sd_pos=377177 heater_bed: target=65 temp=64.6 pwm=0.276 sysload=0.86 cputime=32.727 memavail=2505188 print_time=655.924 buffer_time=2.150 print_stall=0 extruder: target=220 temp=219.9 pwm=0.590
Stats 2566958.4: gcodein=0  mcu: mcu_awake=0.029 mcu_task_avg=0.000046 mcu_task_stddev=0.000035 bytes_write=1053134 bytes_read=180386 bytes_retransmit=9 bytes_invalid=0 send_seq=19320 receive_seq=19319 retransmit_seq=2 srtt=0.003 rttvar=0.000 rto=0.025 ready_bytes=20 upcoming_bytes=3254 freq=72001948 sd_pos=378878 heater_bed: target=65 temp=64.6 pwm=0.083 sysload=0.86 cputime=32.848 memavail=2505188 print_time=657.077 buffer_time=2.303 print_stall=0 extruder: target=220 temp=219.9 pwm=0.590
Stats 2566959.4: gcodein=0  mcu: mcu_awake=0.029 mcu_task_avg=0.000046 mcu_task_stddev=0.000035 bytes_write=1058736 bytes_read=180943 bytes_retransmit=9 bytes_invalid=0 send_seq=19413 receive_seq=19412 retransmit_seq=2 srtt=0.003 rttvar=0.000 rto=0.025 ready_bytes=32 upcoming_bytes=1088 freq=72001948 sd_pos=379772 heater_bed: target=65 temp=64.5 pwm=0.455 sysload=0.79 cputime=32.945 memavail=2505188 print_time=657.896 buffer_time=2.121 print_stall=0 extruder: target=220 temp=219.9 pwm=0.581
Stats 2566960.4: gcodein=0  mcu: mcu_awake=0.034 mcu_task_avg=0.000055 mcu_task_stddev=0.000032 bytes_write=1063846 bytes_read=181475 bytes_retransmit=9 bytes_invalid=0 send_seq=19497 receive_seq=19497 retransmit_seq=2 srtt=0.003 rttvar=0.000 rto=0.025 ready_bytes=17 upcoming_bytes=0 freq=72001949 sd_pos=381279 heater_bed: target=65 temp=64.6 pwm=0.306 sysload=0.79 cputime=33.040 memavail=2505188 print_time=658.869 buffer_time=2.093 print_stall=0 extruder: target=220 temp=219.9 pwm=0.581
Stats 2566961.4: gcodein=0  mcu: mcu_awake=0.034 mcu_task_avg=0.000055 mcu_task_stddev=0.000032 bytes_write=1068490 bytes_read=181973 bytes_retransmit=9 bytes_invalid=0 send_seq=19573 receive_seq=19573 retransmit_seq=2 srtt=0.003 rttvar=0.000 rto=0.025 ready_bytes=51 upcoming_bytes=1200 freq=72001949 sd_pos=383465 heater_bed: target=65 temp=64.6 pwm=0.274 sysload=0.79 cputime=33.150 memavail=2513032 print_time=660.306 buffer_time=2.530 print_stall=0 extruder: target=220 temp=220.0 pwm=0.501
Stats 2566962.4: gcodein=0  mcu: mcu_awake=0.034 mcu_task_avg=0.000055 mcu_task_stddev=0.000032 bytes_write=1072484 bytes_read=182394 bytes_retransmit=9 bytes_invalid=0 send_seq=19639 receive_seq=19639 retransmit_seq=2 srtt=0.003 rttvar=0.000 rto=0.025 ready_bytes=30 upcoming_bytes=842 freq=72001952 sd_pos=386108 heater_bed: target=65 temp=64.6 pwm=0.223 sysload=0.79 cputime=33.250 memavail=2512780 print_time=661.003 buffer_time=2.226 print_stall=0 extruder: target=220 temp=220.1 pwm=0.501
Stats 2566963.4: gcodein=0  mcu: mcu_awake=0.034 mcu_task_avg=0.000055 mcu_task_stddev=0.000032 bytes_write=1075692 bytes_read=182757 bytes_retransmit=9 bytes_invalid=0 send_seq=19692 receive_seq=19692 retransmit_seq=2 srtt=0.003 rttvar=0.000 rto=0.025 ready_bytes=33 upcoming_bytes=0 freq=72001954 sd_pos=387740 heater_bed: target=65 temp=64.5 pwm=0.453 sysload=0.79 cputime=33.334 memavail=2512780 print_time=661.783 buffer_time=2.005 print_stall=0 extruder: target=220 temp=220.2 pwm=0.501
Stats 2566964.4: gcodein=0  mcu: mcu_awake=0.034 mcu_task_avg=0.000055 mcu_task_stddev=0.000032 bytes_write=1081256 bytes_read=183344 bytes_retransmit=9 bytes_invalid=0 send_seq=19785 receive_seq=19784 retransmit_seq=2 srtt=0.003 rttvar=0.000 rto=0.025 ready_bytes=8 upcoming_bytes=612 freq=72001953 sd_pos=392401 heater_bed: target=65 temp=64.5 pwm=0.437 sysload=0.81 cputime=33.471 memavail=2511436 print_time=663.124 buffer_time=2.345 print_stall=0 extruder: target=220 temp=220.4 pwm=0.447
Stats 2566965.4: gcodein=0  mcu: mcu_awake=0.031 mcu_task_avg=0.000048 mcu_task_stddev=0.000035 bytes_write=1084622 bytes_read=183748 bytes_retransmit=9 bytes_invalid=0 send_seq=19842 receive_seq=19842 retransmit_seq=2 srtt=0.003 rttvar=0.000 rto=0.025 ready_bytes=31 upcoming_bytes=601 freq=72001961 sd_pos=393335 heater_bed: target=65 temp=64.6 pwm=0.226 sysload=0.81 cputime=33.543 memavail=2510676 print_time=663.860 buffer_time=2.080 print_stall=0 extruder: target=220 temp=220.5 pwm=0.447
Stats 2566966.4: gcodein=0  mcu: mcu_awake=0.031 mcu_task_avg=0.000048 mcu_task_stddev=0.000035 bytes_write=1089234 bytes_read=184221 bytes_retransmit=9 bytes_invalid=0 send_seq=19918 receive_seq=19917 retransmit_seq=2 srtt=0.003 rttvar=0.000 rto=0.025 ready_bytes=31 upcoming_bytes=1823 freq=72001963 sd_pos=395297 heater_bed: target=65 temp=64.6 pwm=0.135 sysload=0.81 cputime=33.658 memavail=2510560 print_time=665.255 buffer_time=2.473 print_stall=0 extruder: target=220 temp=220.5 pwm=0.447
Stats 2566967.4: gcodein=0  mcu: mcu_awake=0.031 mcu_task_avg=0.000048 mcu_task_stddev=0.000035 bytes_write=1093179 bytes_read=184678 bytes_retransmit=9 bytes_invalid=0 send_seq=19983 receive_seq=19983 retransmit_seq=2 srtt=0.003 rttvar=0.000 rto=0.025 ready_bytes=0 upcoming_bytes=0 freq=72001965 sd_pos=396132 heater_bed: target=65 temp=64.6 pwm=0.078 sysload=0.81 cputime=33.735 memavail=2510560 print_time=665.793 buffer_time=2.011 print_stall=0 extruder: target=220 temp=220.5 pwm=0.447
Stats 2566968.4: gcodein=0  mcu: mcu_awake=0.031 mcu_task_avg=0.000048 mcu_task_stddev=0.000035 bytes_write=1097830 bytes_read=185156 bytes_retransmit=9 bytes_invalid=0 send_seq=20060 receive_seq=20059 retransmit_seq=2 srtt=0.003 rttvar=0.000 rto=0.025 ready_bytes=25 upcoming_bytes=269 freq=72001969 sd_pos=399387 heater_bed: target=65 temp=64.5 pwm=0.557 sysload=0.81 cputime=33.859 memavail=2510812 print_time=666.871 buffer_time=2.088 print_stall=0 extruder: target=220 temp=220.4 pwm=0.517
Stats 2566969.4: gcodein=0  mcu: mcu_awake=0.031 mcu_task_avg=0.000048 mcu_task_stddev=0.000035 bytes_write=1102223 bytes_read=185614 bytes_retransmit=9 bytes_invalid=0 send_seq=20132 receive_seq=20131 retransmit_seq=2 srtt=0.003 rttvar=0.000 rto=0.025 ready_bytes=28 upcoming_bytes=564 freq=72001968 sd_pos=401399 heater_bed: target=65 temp=64.6 pwm=0.115 sysload=0.91 cputime=33.970 memavail=2510812 print_time=667.776 buffer_time=1.991 print_stall=0 extruder: target=220 temp=220.3 pwm=0.541
Stats 2566970.4: gcodein=0  mcu: mcu_awake=0.030 mcu_task_avg=0.000053 mcu_task_stddev=0.000033 bytes_write=1106873 bytes_read=186147 bytes_retransmit=9 bytes_invalid=0 send_seq=20209 receive_seq=20209 retransmit_seq=2 srtt=0.003 rttvar=0.000 rto=0.025 ready_bytes=31 upcoming_bytes=2419 freq=72001970 sd_pos=403257 heater_bed: target=65 temp=64.6 pwm=0.313 sysload=0.91 cputime=34.088 memavail=2510812 print_time=669.263 buffer_time=2.478 print_stall=0 extruder: target=220 temp=220.0 pwm=0.626
Stats 2566971.4: gcodein=0  mcu: mcu_awake=0.030 mcu_task_avg=0.000053 mcu_task_stddev=0.000033 bytes_write=1111997 bytes_read=186670 bytes_retransmit=9 bytes_invalid=0 send_seq=20294 receive_seq=20294 retransmit_seq=2 srtt=0.003 rttvar=0.000 rto=0.025 ready_bytes=55 upcoming_bytes=388 freq=72001970 sd_pos=405437 heater_bed: target=65 temp=64.5 pwm=0.491 sysload=0.91 cputime=34.201 memavail=2514596 print_time=669.939 buffer_time=2.153 print_stall=0 extruder: target=220 temp=219.9 pwm=0.626
Stats 2566972.4: gcodein=0  mcu: mcu_awake=0.030 mcu_task_avg=0.000053 mcu_task_stddev=0.000033 bytes_write=1116681 bytes_read=187163 bytes_retransmit=9 bytes_invalid=0 send_seq=20373 receive_seq=20373 retransmit_seq=2 srtt=0.003 rttvar=0.000 rto=0.025 ready_bytes=41 upcoming_bytes=692 freq=72001968 sd_pos=408848 heater_bed: target=65 temp=64.6 pwm=0.001 sysload=0.91 cputime=34.308 memavail=2513632 print_time=671.070 buffer_time=2.284 print_stall=0 extruder: target=220 temp=219.8 pwm=0.626
Stats 2566973.4: gcodein=0  mcu: mcu_awake=0.030 mcu_task_avg=0.000053 mcu_task_stddev=0.000033 bytes_write=1120870 bytes_read=187635 bytes_retransmit=9 bytes_invalid=0 send_seq=20442 receive_seq=20442 retransmit_seq=2 srtt=0.003 rttvar=0.000 rto=0.025 ready_bytes=9 upcoming_bytes=0 freq=72001971 sd_pos=409613 heater_bed: target=65 temp=64.6 pwm=0.142 sysload=0.91 cputime=34.402 memavail=2513632 print_time=671.814 buffer_time=2.027 print_stall=0 extruder: target=220 temp=219.7 pwm=0.626
Stats 2566974.4: gcodein=0  mcu: mcu_awake=0.030 mcu_task_avg=0.000053 mcu_task_stddev=0.000033 bytes_write=1125075 bytes_read=188078 bytes_retransmit=9 bytes_invalid=0 send_seq=20511 receive_seq=20511 retransmit_seq=2 srtt=0.003 rttvar=0.000 rto=0.025 ready_bytes=44 upcoming_bytes=0 freq=72001970 sd_pos=411082 heater_bed: target=65 temp=64.6 pwm=0.489 sysload=1.07 cputime=34.493 memavail=2513632 print_time=672.910 buffer_time=2.122 print_stall=0 extruder: target=220 temp=219.8 pwm=0.566
Stats 2566975.4: gcodein=0  mcu: mcu_awake=0.033 mcu_task_avg=0.000053 mcu_task_stddev=0.000033 bytes_write=1129667 bytes_read=188577 bytes_retransmit=9 bytes_invalid=0 send_seq=20588 receive_seq=20588 retransmit_seq=2 srtt=0.003 rttvar=0.000 rto=0.025 ready_bytes=31 upcoming_bytes=92 freq=72001975 sd_pos=414488 heater_bed: target=65 temp=64.7 pwm=0.000 sysload=1.07 cputime=34.612 memavail=2513632 print_time=673.912 buffer_time=2.123 print_stall=0 extruder: target=220 temp=220.0 pwm=0.441
Stats 2566976.4: gcodein=0  mcu: mcu_awake=0.033 mcu_task_avg=0.000053 mcu_task_stddev=0.000033 bytes_write=1133418 bytes_read=189035 bytes_retransmit=9 bytes_invalid=0 send_seq=20652 receive_seq=20652 retransmit_seq=2 srtt=0.003 rttvar=0.001 rto=0.025 ready_bytes=39 upcoming_bytes=3070 freq=72001973 sd_pos=417314 heater_bed: target=65 temp=64.6 pwm=0.456 sysload=1.07 cputime=34.727 memavail=2513632 print_time=675.209 buffer_time=2.419 print_stall=0 extruder: target=220 temp=220.0 pwm=0.459
Stats 2566977.4: gcodein=0  mcu: mcu_awake=0.033 mcu_task_avg=0.000053 mcu_task_stddev=0.000033 bytes_write=1138283 bytes_read=189528 bytes_retransmit=9 bytes_invalid=0 send_seq=20732 receive_seq=20731 retransmit_seq=2 srtt=0.003 rttvar=0.000 rto=0.025 ready_bytes=22 upcoming_bytes=2834 freq=72001971 sd_pos=418678 heater_bed: target=65 temp=64.7 pwm=0.013 sysload=1.07 cputime=34.832 memavail=2513632 print_time=676.091 buffer_time=2.300 print_stall=0 extruder: target=220 temp=220.1 pwm=0.459
Stats 2566978.5: gcodein=0  mcu: mcu_awake=0.033 mcu_task_avg=0.000053 mcu_task_stddev=0.000033 bytes_write=1143573 bytes_read=190061 bytes_retransmit=9 bytes_invalid=0 send_seq=20819 receive_seq=20818 retransmit_seq=2 srtt=0.003 rttvar=0.001 rto=0.025 ready_bytes=52 upcoming_bytes=1555 freq=72001971 sd_pos=420783 heater_bed: target=65 temp=64.6 pwm=0.375 sysload=1.07 cputime=34.952 memavail=2513632 print_time=677.140 buffer_time=2.339 print_stall=0 extruder: target=220 temp=220.2 pwm=0.509
Stats 2566979.5: gcodein=0  mcu: mcu_awake=0.033 mcu_task_avg=0.000053 mcu_task_stddev=0.000033 bytes_write=1148585 bytes_read=190608 bytes_retransmit=9 bytes_invalid=0 send_seq=20902 receive_seq=20902 retransmit_seq=2 srtt=0.003 rttvar=0.000 rto=0.025 ready_bytes=0 upcoming_bytes=0 freq=72001970 sd_pos=422955 heater_bed: target=65 temp=64.6 pwm=0.296 sysload=1.23 cputime=35.057 memavail=2513632 print_time=677.869 buffer_time=2.068 print_stall=0 extruder: target=220 temp=220.2 pwm=0.509
Stats 2566980.5: gcodein=0  mcu: mcu_awake=0.032 mcu_task_avg=0.000055 mcu_task_stddev=0.000033 bytes_write=1152702 bytes_read=191057 bytes_retransmit=9 bytes_invalid=0 send_seq=20970 receive_seq=20969 retransmit_seq=2 srtt=0.003 rttvar=0.000 rto=0.025 ready_bytes=24 upcoming_bytes=640 freq=72001971 sd_pos=424636 heater_bed: target=65 temp=64.6 pwm=0.352 sysload=1.23 cputime=35.161 memavail=2513632 print_time=679.005 buffer_time=2.203 print_stall=0 extruder: target=220 temp=220.1 pwm=0.509
Stats 2566981.5: gcodein=0  mcu: mcu_awake=0.032 mcu_task_avg=0.000055 mcu_task_stddev=0.000033 bytes_write=1157218 bytes_read=191535 bytes_retransmit=9 bytes_invalid=0 send_seq=21045 receive_seq=21045 retransmit_seq=2 srtt=0.003 rttvar=0.000 rto=0.025 ready_bytes=29 upcoming_bytes=326 freq=72001971 sd_pos=426987 heater_bed: target=65 temp=64.7 pwm=0.070 sysload=1.23 cputime=35.262 memavail=2512512 print_time=680.087 buffer_time=2.283 print_stall=0 extruder: target=220 temp=220.1 pwm=0.565
Stats 2566982.5: gcodein=0  mcu: mcu_awake=0.032 mcu_task_avg=0.000055 mcu_task_stddev=0.000033 bytes_write=1160908 bytes_read=191972 bytes_retransmit=9 bytes_invalid=0 send_seq=21107 receive_seq=21107 retransmit_seq=2 srtt=0.003 rttvar=0.000 rto=0.025 ready_bytes=0 upcoming_bytes=0 freq=72001972 sd_pos=428562 heater_bed: target=65 temp=64.6 pwm=0.727 sysload=1.23 cputime=35.342 memavail=2513604 print_time=680.811 buffer_time=2.006 print_stall=0 extruder: target=220 temp=220.1 pwm=0.513
Stats 2566983.5: gcodein=0  mcu: mcu_awake=0.032 mcu_task_avg=0.000055 mcu_task_stddev=0.000033 bytes_write=1164186 bytes_read=192345 bytes_retransmit=9 bytes_invalid=0 send_seq=21162 receive_seq=21162 retransmit_seq=2 srtt=0.003 rttvar=0.000 rto=0.025 ready_bytes=0 upcoming_bytes=0 freq=72001973 sd_pos=431073 heater_bed: target=65 temp=64.7 pwm=0.151 sysload=1.23 cputime=35.441 memavail=2513612 print_time=681.830 buffer_time=2.024 print_stall=0 extruder: target=220 temp=220.1 pwm=0.513
Stats 2566984.5: gcodein=0  mcu: mcu_awake=0.032 mcu_task_avg=0.000055 mcu_task_stddev=0.000033 bytes_write=1168926 bytes_read=192838 bytes_retransmit=9 bytes_invalid=0 send_seq=21241 receive_seq=21241 retransmit_seq=2 srtt=0.003 rttvar=0.000 rto=0.025 ready_bytes=0 upcoming_bytes=0 freq=72001973 sd_pos=433988 heater_bed: target=65 temp=64.7 pwm=0.018 sysload=1.29 cputime=35.542 memavail=2513612 print_time=682.939 buffer_time=2.132 print_stall=0 extruder: target=220 temp=220.0 pwm=0.593
Stats 2566985.5: gcodein=0  mcu: mcu_awake=0.031 mcu_task_avg=0.000045 mcu_task_stddev=0.000035 bytes_write=1173188 bytes_read=193331 bytes_retransmit=9 bytes_invalid=0 send_seq=21312 receive_seq=21311 retransmit_seq=2 srtt=0.003 rttvar=0.000 rto=0.025 ready_bytes=16 upcoming_bytes=245 freq=72001974 sd_pos=436149 heater_bed: target=65 temp=64.7 pwm=0.194 sysload=1.29 cputime=35.643 memavail=2513612 print_time=683.863 buffer_time=2.056 print_stall=0 extruder: target=220 temp=219.9 pwm=0.538
Stats 2566986.5: gcodein=0  mcu: mcu_awake=0.031 mcu_task_avg=0.000045 mcu_task_stddev=0.000035 bytes_write=1177322 bytes_read=193779 bytes_retransmit=9 bytes_invalid=0 send_seq=21381 receive_seq=21381 retransmit_seq=2 srtt=0.003 rttvar=0.000 rto=0.025 ready_bytes=41 upcoming_bytes=1202 freq=72001972 sd_pos=438507 heater_bed: target=65 temp=64.7 pwm=0.463 sysload=1.29 cputime=35.756 memavail=2513612 print_time=684.816 buffer_time=2.008 print_stall=0 extruder: target=220 temp=219.9 pwm=0.538
Stats 2566987.5: gcodein=0  mcu: mcu_awake=0.031 mcu_task_avg=0.000045 mcu_task_stddev=0.000035 bytes_write=1182414 bytes_read=194307 bytes_retransmit=9 bytes_invalid=0 send_seq=21465 receive_seq=21464 retransmit_seq=2 srtt=0.003 rttvar=0.001 rto=0.025 ready_bytes=22 upcoming_bytes=1998 freq=72001974 sd_pos=439862 heater_bed: target=65 temp=64.7 pwm=0.078 sysload=1.29 cputime=35.865 memavail=2513612 print_time=685.862 buffer_time=2.052 print_stall=0 extruder: target=220 temp=219.9 pwm=0.538
Stats 2566988.5: gcodein=0  mcu: mcu_awake=0.031 mcu_task_avg=0.000045 mcu_task_stddev=0.000035 bytes_write=1187860 bytes_read=194869 bytes_retransmit=9 bytes_invalid=0 send_seq=21555 receive_seq=21554 retransmit_seq=2 srtt=0.003 rttvar=0.000 rto=0.025 ready_bytes=32 upcoming_bytes=1409 freq=72001979 sd_pos=441036 heater_bed: target=65 temp=64.7 pwm=0.111 sysload=1.29 cputime=35.977 memavail=2513612 print_time=687.048 buffer_time=2.236 print_stall=0 extruder: target=220 temp=219.9 pwm=0.538
Stats 2566989.5: gcodein=0  mcu: mcu_awake=0.031 mcu_task_avg=0.000045 mcu_task_stddev=0.000035 bytes_write=1192751 bytes_read=195377 bytes_retransmit=9 bytes_invalid=0 send_seq=21636 receive_seq=21636 retransmit_seq=2 srtt=0.003 rttvar=0.000 rto=0.025 ready_bytes=0 upcoming_bytes=0 freq=72001976 sd_pos=442614 heater_bed: target=65 temp=64.7 pwm=0.490 sysload=1.19 cputime=36.078 memavail=2513532 print_time=687.859 buffer_time=2.046 print_stall=0 extruder: target=220 temp=219.9 pwm=0.560
Stats 2566990.5: gcodein=0  mcu: mcu_awake=0.033 mcu_task_avg=0.000058 mcu_task_stddev=0.000030 bytes_write=1197691 bytes_read=195911 bytes_retransmit=9 bytes_invalid=0 send_seq=21717 receive_seq=21717 retransmit_seq=2 srtt=0.003 rttvar=0.000 rto=0.025 ready_bytes=56 upcoming_bytes=717 freq=72001976 sd_pos=444771 heater_bed: target=65 temp=64.7 pwm=0.537 sysload=1.19 cputime=36.172 memavail=2520016 print_time=689.259 buffer_time=2.446 print_stall=0 extruder: target=220 temp=219.9 pwm=0.560
Stats 2566991.5: gcodein=0  mcu: mcu_awake=0.033 mcu_task_avg=0.000058 mcu_task_stddev=0.000030 bytes_write=1201625 bytes_read=196353 bytes_retransmit=9 bytes_invalid=0 send_seq=21783 receive_seq=21783 retransmit_seq=2 srtt=0.003 rttvar=0.000 rto=0.025 ready_bytes=31 upcoming_bytes=195 freq=72001976 sd_pos=447311 heater_bed: target=65 temp=64.7 pwm=0.429 sysload=1.19 cputime=36.257 memavail=2520840 print_time=689.938 buffer_time=2.124 print_stall=0 extruder: target=220 temp=219.9 pwm=0.560
Stats 2566992.5: gcodein=0  mcu: mcu_awake=0.033 mcu_task_avg=0.000058 mcu_task_stddev=0.000030 bytes_write=1205672 bytes_read=196791 bytes_retransmit=9 bytes_invalid=0 send_seq=21852 receive_seq=21851 retransmit_seq=2 srtt=0.003 rttvar=0.000 rto=0.025 ready_bytes=57 upcoming_bytes=198 freq=72001975 sd_pos=450479 heater_bed: target=65 temp=64.7 pwm=0.065 sysload=1.19 cputime=36.357 memavail=2528528 print_time=691.059 buffer_time=2.244 print_stall=0 extruder: target=220 temp=220.0 pwm=0.492
Stats 2566993.5: gcodein=0  mcu: mcu_awake=0.033 mcu_task_avg=0.000058 mcu_task_stddev=0.000030 bytes_write=1210194 bytes_read=197284 bytes_retransmit=9 bytes_invalid=0 send_seq=21928 receive_seq=21927 retransmit_seq=2 srtt=0.003 rttvar=0.001 rto=0.025 ready_bytes=20 upcoming_bytes=131 freq=72001975 sd_pos=453711 heater_bed: target=65 temp=64.7 pwm=0.436 sysload=1.19 cputime=36.460 memavail=2527556 print_time=692.016 buffer_time=2.200 print_stall=0 extruder: target=220 temp=220.1 pwm=0.492
Stats 2566994.5: gcodein=0  mcu: mcu_awake=0.033 mcu_task_avg=0.000058 mcu_task_stddev=0.000030 bytes_write=1213852 bytes_read=197701 bytes_retransmit=9 bytes_invalid=0 send_seq=21989 receive_seq=21988 retransmit_seq=2 srtt=0.003 rttvar=0.000 rto=0.025 ready_bytes=14 upcoming_bytes=898 freq=72001973 sd_pos=455015 heater_bed: target=65 temp=64.7 pwm=0.479 sysload=1.17 cputime=36.528 memavail=2527312 print_time=692.939 buffer_time=2.122 print_stall=0 extruder: target=220 temp=220.1 pwm=0.492
Stats 2566995.5: gcodein=0  mcu: mcu_awake=0.030 mcu_task_avg=0.000048 mcu_task_stddev=0.000034 bytes_write=1218440 bytes_read=198195 bytes_retransmit=9 bytes_invalid=0 send_seq=22065 receive_seq=22064 retransmit_seq=2 srtt=0.003 rttvar=0.000 rto=0.025 ready_bytes=33 upcoming_bytes=2207 freq=72001972 sd_pos=456669 heater_bed: target=65 temp=64.7 pwm=0.259 sysload=1.17 cputime=36.621 memavail=2527312 print_time=694.343 buffer_time=2.525 print_stall=0 extruder: target=220 temp=220.2 pwm=0.492
Stats 2566996.5: gcodein=0  mcu: mcu_awake=0.030 mcu_task_avg=0.000048 mcu_task_stddev=0.000034 bytes_write=1223030 bytes_read=198693 bytes_retransmit=9 bytes_invalid=0 send_seq=22141 receive_seq=22141 retransmit_seq=2 srtt=0.003 rttvar=0.000 rto=0.025 ready_bytes=7 upcoming_bytes=0 freq=72001972 sd_pos=457705 heater_bed: target=65 temp=64.7 pwm=0.353 sysload=1.17 cputime=36.696 memavail=2525744 print_time=694.913 buffer_time=2.095 print_stall=0 extruder: target=220 temp=220.2 pwm=0.492
Stats 2566997.5: gcodein=0  mcu: mcu_awake=0.030 mcu_task_avg=0.000048 mcu_task_stddev=0.000034 bytes_write=1227224 bytes_read=199155 bytes_retransmit=9 bytes_invalid=0 send_seq=22211 receive_seq=22211 retransmit_seq=2 srtt=0.003 rttvar=0.000 rto=0.025 ready_bytes=52 upcoming_bytes=788 freq=72001970 sd_pos=461154 heater_bed: target=65 temp=64.6 pwm=0.549 sysload=1.17 cputime=36.811 memavail=2525756 print_time=696.005 buffer_time=2.185 print_stall=0 extruder: target=220 temp=220.2 pwm=0.554
Stats 2566998.5: gcodein=0  mcu: mcu_awake=0.030 mcu_task_avg=0.000048 mcu_task_stddev=0.000034 bytes_write=1231668 bytes_read=199618 bytes_retransmit=9 bytes_invalid=0 send_seq=22284 receive_seq=22284 retransmit_seq=2 srtt=0.003 rttvar=0.000 rto=0.025 ready_bytes=23 upcoming_bytes=826 freq=72001971 sd_pos=462640 heater_bed: target=65 temp=64.7 pwm=0.069 sysload=1.17 cputime=36.897 memavail=2520408 print_time=696.878 buffer_time=2.057 print_stall=0 extruder: target=220 temp=220.1 pwm=0.503
Stats 2566999.5: gcodein=0  mcu: mcu_awake=0.030 mcu_task_avg=0.000048 mcu_task_stddev=0.000034 bytes_write=1236356 bytes_read=200121 bytes_retransmit=9 bytes_invalid=0 send_seq=22362 receive_seq=22362 retransmit_seq=2 srtt=0.003 rttvar=0.000 rto=0.025 ready_bytes=46 upcoming_bytes=478 freq=72001972 sd_pos=463553 heater_bed: target=65 temp=64.8 pwm=0.084 sysload=1.16 cputime=36.977 memavail=2509656 print_time=697.983 buffer_time=2.161 print_stall=0 extruder: target=220 temp=220.1 pwm=0.503
Stats 2567000.5: gcodein=0  mcu: mcu_awake=0.030 mcu_task_avg=0.000056 mcu_task_stddev=0.000032 bytes_write=1241446 bytes_read=200669 bytes_retransmit=9 bytes_invalid=0 send_seq=22447 receive_seq=22446 retransmit_seq=2 srtt=0.003 rttvar=0.000 rto=0.025 ready_bytes=15 upcoming_bytes=52 freq=72001972 sd_pos=466879 heater_bed: target=65 temp=64.7 pwm=0.495 sysload=1.16 cputime=37.092 memavail=2523316 print_time=699.032 buffer_time=2.209 print_stall=0 extruder: target=220 temp=220.0 pwm=0.570
Stats 2567001.5: gcodein=0  mcu: mcu_awake=0.030 mcu_task_avg=0.000056 mcu_task_stddev=0.000032 bytes_write=1245346 bytes_read=201092 bytes_retransmit=9 bytes_invalid=0 send_seq=22513 receive_seq=22511 retransmit_seq=2 srtt=0.003 rttvar=0.000 rto=0.025 ready_bytes=7 upcoming_bytes=367 freq=72001972 sd_pos=469728 heater_bed: target=65 temp=64.8 pwm=0.003 sysload=1.16 cputime=37.176 memavail=2523864 print_time=700.016 buffer_time=2.193 print_stall=0 extruder: target=220 temp=220.0 pwm=0.570
Stats 2567002.5: gcodein=0  mcu: mcu_awake=0.030 mcu_task_avg=0.000056 mcu_task_stddev=0.000032 bytes_write=1249552 bytes_read=201560 bytes_retransmit=9 bytes_invalid=0 send_seq=22582 receive_seq=22582 retransmit_seq=2 srtt=0.003 rttvar=0.000 rto=0.025 ready_bytes=8 upcoming_bytes=0 freq=72001971 sd_pos=470608 heater_bed: target=65 temp=64.7 pwm=0.367 sysload=1.16 cputime=37.250 memavail=2526904 print_time=700.960 buffer_time=2.137 print_stall=0 extruder: target=220 temp=219.9 pwm=0.570
Stats 2567003.5: gcodein=0  mcu: mcu_awake=0.030 mcu_task_avg=0.000056 mcu_task_stddev=0.000032 bytes_write=1253238 bytes_read=201982 bytes_retransmit=9 bytes_invalid=0 send_seq=22644 receive_seq=22644 retransmit_seq=2 srtt=0.003 rttvar=0.000 rto=0.025 ready_bytes=0 upcoming_bytes=0 freq=72001971 sd_pos=471979 heater_bed: target=65 temp=64.7 pwm=0.323 sysload=1.16 cputime=37.316 memavail=2532556 print_time=701.920 buffer_time=2.096 print_stall=0 extruder: target=220 temp=219.9 pwm=0.570
Stats 2567004.5: gcodein=0  mcu: mcu_awake=0.030 mcu_task_avg=0.000056 mcu_task_stddev=0.000032 bytes_write=1257991 bytes_read=202470 bytes_retransmit=9 bytes_invalid=0 send_seq=22722 receive_seq=22722 retransmit_seq=2 srtt=0.003 rttvar=0.000 rto=0.025 ready_bytes=32 upcoming_bytes=0 freq=72001970 sd_pos=475315 heater_bed: target=65 temp=64.7 pwm=0.282 sysload=1.14 cputime=37.406 memavail=2529952 print_time=702.980 buffer_time=2.154 print_stall=0 extruder: target=220 temp=219.9 pwm=0.513
Stats 2567005.5: gcodein=0  mcu: mcu_awake=0.031 mcu_task_avg=0.000047 mcu_task_stddev=0.000035 bytes_write=1261658 bytes_read=202904 bytes_retransmit=9 bytes_invalid=0 send_seq=22783 receive_seq=22783 retransmit_seq=2 srtt=0.003 rttvar=0.000 rto=0.025 ready_bytes=20 upcoming_bytes=2444 freq=72001974 sd_pos=477659 heater_bed: target=65 temp=64.7 pwm=0.514 sysload=1.14 cputime=37.493 memavail=2529952 print_time=704.197 buffer_time=2.371 print_stall=0 extruder: target=220 temp=220.0 pwm=0.513
Stats 2567006.5: gcodein=0  mcu: mcu_awake=0.031 mcu_task_avg=0.000047 mcu_task_stddev=0.000035 bytes_write=1266251 bytes_read=203396 bytes_retransmit=9 bytes_invalid=0 send_seq=22859 receive_seq=22859 retransmit_seq=2 srtt=0.003 rttvar=0.000 rto=0.025 ready_bytes=41 upcoming_bytes=1902 freq=72001973 sd_pos=478529 heater_bed: target=65 temp=64.7 pwm=0.561 sysload=1.14 cputime=37.575 memavail=2530224 print_time=705.012 buffer_time=2.185 print_stall=0 extruder: target=220 temp=220.0 pwm=0.513
Stats 2567007.5: gcodein=0  mcu: mcu_awake=0.031 mcu_task_avg=0.000047 mcu_task_stddev=0.000035 bytes_write=1271343 bytes_read=203919 bytes_retransmit=9 bytes_invalid=0 send_seq=22944 receive_seq=22944 retransmit_seq=2 srtt=0.003 rttvar=0.000 rto=0.025 ready_bytes=58 upcoming_bytes=535 freq=72001975 sd_pos=480607 heater_bed: target=65 temp=64.8 pwm=0.235 sysload=1.14 cputime=37.669 memavail=2529952 print_time=706.052 buffer_time=2.225 print_stall=0 extruder: target=220 temp=220.0 pwm=0.513
Stats 2567008.5: gcodein=0  mcu: mcu_awake=0.031 mcu_task_avg=0.000047 mcu_task_stddev=0.000035 bytes_write=1276035 bytes_read=204412 bytes_retransmit=9 bytes_invalid=0 send_seq=23023 receive_seq=23020 retransmit_seq=2 srtt=0.003 rttvar=0.000 rto=0.025 ready_bytes=621 upcoming_bytes=117 freq=72001973 sd_pos=483387 heater_bed: target=65 temp=64.9 pwm=0.000 sysload=1.14 cputime=37.778 memavail=2529952 print_time=707.128 buffer_time=2.300 print_stall=0 extruder: target=220 temp=220.0 pwm=0.506
Stats 2567009.5: gcodein=0  mcu: mcu_awake=0.031 mcu_task_avg=0.000047 mcu_task_stddev=0.000035 bytes_write=1279737 bytes_read=204844 bytes_retransmit=9 bytes_invalid=0 send_seq=23084 receive_seq=23084 retransmit_seq=2 srtt=0.003 rttvar=0.000 rto=0.025 ready_bytes=23 upcoming_bytes=263 freq=72001973 sd_pos=484265 heater_bed: target=65 temp=64.7 pwm=0.482 sysload=1.21 cputime=37.855 memavail=2523640 print_time=707.899 buffer_time=2.069 print_stall=0 extruder: target=220 temp=220.0 pwm=0.562
Stats 2567010.5: gcodein=0  mcu: mcu_awake=0.031 mcu_task_avg=0.000053 mcu_task_stddev=0.000033 bytes_write=1283997 bytes_read=205308 bytes_retransmit=9 bytes_invalid=0 send_seq=23154 receive_seq=23154 retransmit_seq=2 srtt=0.003 rttvar=0.000 rto=0.025 ready_bytes=37 upcoming_bytes=0 freq=72001974 sd_pos=486446 heater_bed: target=65 temp=64.7 pwm=0.352 sysload=1.21 cputime=37.948 memavail=2521852 print_time=708.948 buffer_time=2.118 print_stall=0 extruder: target=220 temp=219.9 pwm=0.562
Stats 2567011.5: gcodein=0  mcu: mcu_awake=0.031 mcu_task_avg=0.000053 mcu_task_stddev=0.000033 bytes_write=1288472 bytes_read=205791 bytes_retransmit=9 bytes_invalid=0 send_seq=23228 receive_seq=23228 retransmit_seq=2 srtt=0.003 rttvar=0.000 rto=0.025 ready_bytes=42 upcoming_bytes=0 freq=72001977 sd_pos=488803 heater_bed: target=65 temp=64.8 pwm=0.203 sysload=1.21 cputime=38.051 memavail=2526168 print_time=709.990 buffer_time=2.157 print_stall=0 extruder: target=220 temp=219.9 pwm=0.562
Stats 2567012.5: gcodein=0  mcu: mcu_awake=0.031 mcu_task_avg=0.000053 mcu_task_stddev=0.000033 bytes_write=1291700 bytes_read=206178 bytes_retransmit=9 bytes_invalid=0 send_seq=23283 receive_seq=23283 retransmit_seq=2 srtt=0.003 rttvar=0.000 rto=0.025 ready_bytes=30 upcoming_bytes=0 freq=72001983 sd_pos=491523 heater_bed: target=65 temp=64.9 pwm=0.165 sysload=1.21 cputime=38.155 memavail=2528792 print_time=710.932 buffer_time=2.098 print_stall=0 extruder: target=220 temp=220.0 pwm=0.562
Stats 2567013.5: gcodein=0  mcu: mcu_awake=0.031 mcu_task_avg=0.000053 mcu_task_stddev=0.000033 bytes_write=1295772 bytes_read=206606 bytes_retransmit=9 bytes_invalid=0 send_seq=23352 receive_seq=23349 retransmit_seq=2 srtt=0.003 rttvar=0.000 rto=0.025 ready_bytes=1101 upcoming_bytes=148 freq=72001984 sd_pos=494737 heater_bed: target=65 temp=64.8 pwm=0.344 sysload=1.21 cputime=38.262 memavail=2528344 print_time=712.125 buffer_time=2.272 print_stall=0 extruder: target=220 temp=219.9 pwm=0.550
Stats 2567014.5: gcodein=0  mcu: mcu_awake=0.031 mcu_task_avg=0.000053 mcu_task_stddev=0.000033 bytes_write=1300447 bytes_read=207114 bytes_retransmit=9 bytes_invalid=0 send_seq=23429 receive_seq=23428 retransmit_seq=2 srtt=0.003 rttvar=0.000 rto=0.025 ready_bytes=23 upcoming_bytes=1594 freq=72001985 sd_pos=497403 heater_bed: target=65 temp=64.9 pwm=0.000 sysload=1.20 cputime=38.366 memavail=2528344 print_time=713.163 buffer_time=2.309 print_stall=0 extruder: target=220 temp=220.1 pwm=0.463
Stats 2567015.5: gcodein=0  mcu: mcu_awake=0.031 mcu_task_avg=0.000045 mcu_task_stddev=0.000035 bytes_write=1304715 bytes_read=207602 bytes_retransmit=9 bytes_invalid=0 send_seq=23500 receive_seq=23500 retransmit_seq=2 srtt=0.003 rttvar=0.000 rto=0.025 ready_bytes=52 upcoming_bytes=2767 freq=72001988 sd_pos=498861 heater_bed: target=65 temp=64.9 pwm=0.128 sysload=1.20 cputime=38.473 memavail=2528344 print_time=714.164 buffer_time=2.309 print_stall=0 extruder: target=220 temp=220.2 pwm=0.463
Stats 2567016.5: gcodein=0  mcu: mcu_awake=0.031 mcu_task_avg=0.000045 mcu_task_stddev=0.000035 bytes_write=1309746 bytes_read=208115 bytes_retransmit=9 bytes_invalid=0 send_seq=23584 receive_seq=23583 retransmit_seq=2 srtt=0.003 rttvar=0.000 rto=0.025 ready_bytes=14 upcoming_bytes=3532 freq=72001985 sd_pos=500317 heater_bed: target=65 temp=64.9 pwm=0.000 sysload=1.20 cputime=38.584 memavail=2528344 print_time=715.202 buffer_time=2.346 print_stall=0 extruder: target=220 temp=220.2 pwm=0.463
Stats 2567017.5: gcodein=0  mcu: mcu_awake=0.031 mcu_task_avg=0.000045 mcu_task_stddev=0.000035 bytes_write=1315279 bytes_read=208688 bytes_retransmit=9 bytes_invalid=0 send_seq=23675 receive_seq=23675 retransmit_seq=2 srtt=0.003 rttvar=0.000 rto=0.025 ready_bytes=55 upcoming_bytes=504 freq=72001987 sd_pos=500702 heater_bed: target=65 temp=64.9 pwm=0.308 sysload=1.20 cputime=38.683 memavail=2528344 print_time=715.858 buffer_time=2.002 print_stall=0 extruder: target=220 temp=220.2 pwm=0.520
Stats 2567018.5: gcodein=0  mcu: mcu_awake=0.031 mcu_task_avg=0.000045 mcu_task_stddev=0.000035 bytes_write=1320981 bytes_read=209263 bytes_retransmit=9 bytes_invalid=0 send_seq=23769 receive_seq=23768 retransmit_seq=2 srtt=0.003 rttvar=0.000 rto=0.025 ready_bytes=33 upcoming_bytes=943 freq=72001984 sd_pos=503272 heater_bed: target=65 temp=64.8 pwm=0.472 sysload=1.20 cputime=38.796 memavail=2528344 print_time=717.224 buffer_time=2.366 print_stall=0 extruder: target=220 temp=220.2 pwm=0.520
Stats 2567019.5: gcodein=0  mcu: mcu_awake=0.031 mcu_task_avg=0.000045 mcu_task_stddev=0.000035 bytes_write=1324856 bytes_read=209679 bytes_retransmit=9 bytes_invalid=0 send_seq=23833 receive_seq=23833 retransmit_seq=2 srtt=0.003 rttvar=0.000 rto=0.025 ready_bytes=47 upcoming_bytes=284 freq=72001990 sd_pos=504433 heater_bed: target=65 temp=64.8 pwm=0.503 sysload=1.18 cputime=38.886 memavail=2528344 print_time=718.172 buffer_time=2.314 print_stall=0 extruder: target=220 temp=220.1 pwm=0.520
Stats 2567020.5: gcodein=0  mcu: mcu_awake=0.034 mcu_task_avg=0.000055 mcu_task_stddev=0.000032 bytes_write=1328581 bytes_read=210113 bytes_retransmit=9 bytes_invalid=0 send_seq=23896 receive_seq=23893 retransmit_seq=2 srtt=0.003 rttvar=0.000 rto=0.025 ready_bytes=558 upcoming_bytes=821 freq=72001991 sd_pos=507720 heater_bed: target=65 temp=64.9 pwm=0.000 sysload=1.18 cputime=39.002 memavail=2528348 print_time=719.161 buffer_time=2.291 print_stall=0 extruder: target=220 temp=220.0 pwm=0.571
Stats 2567021.5: gcodein=0  mcu: mcu_awake=0.034 mcu_task_avg=0.000055 mcu_task_stddev=0.000032 bytes_write=1332837 bytes_read=210564 bytes_retransmit=9 bytes_invalid=0 send_seq=23966 receive_seq=23965 retransmit_seq=2 srtt=0.003 rttvar=0.000 rto=0.025 ready_bytes=21 upcoming_bytes=167 freq=72001992 sd_pos=510036 heater_bed: target=65 temp=64.8 pwm=0.287 sysload=1.18 cputime=39.098 memavail=2528348 print_time=719.995 buffer_time=2.123 print_stall=0 extruder: target=220 temp=220.0 pwm=0.571
Stats 2567022.5: gcodein=0  mcu: mcu_awake=0.034 mcu_task_avg=0.000055 mcu_task_stddev=0.000032 bytes_write=1337514 bytes_read=211053 bytes_retransmit=9 bytes_invalid=0 send_seq=24044 receive_seq=24044 retransmit_seq=2 srtt=0.003 rttvar=0.000 rto=0.025 ready_bytes=38 upcoming_bytes=0 freq=72001991 sd_pos=512998 heater_bed: target=65 temp=64.8 pwm=0.362 sysload=1.18 cputime=39.222 memavail=2527876 print_time=720.975 buffer_time=2.101 print_stall=0 extruder: target=220 temp=219.9 pwm=0.571
Stats 2567023.5: gcodein=0  mcu: mcu_awake=0.034 mcu_task_avg=0.000055 mcu_task_stddev=0.000032 bytes_write=1341480 bytes_read=211505 bytes_retransmit=9 bytes_invalid=0 send_seq=24109 receive_seq=24109 retransmit_seq=2 srtt=0.003 rttvar=0.000 rto=0.025 ready_bytes=48 upcoming_bytes=1529 freq=72001991 sd_pos=514745 heater_bed: target=65 temp=64.8 pwm=0.392 sysload=1.18 cputime=39.329 memavail=2527876 print_time=722.225 buffer_time=2.349 print_stall=0 extruder: target=220 temp=219.9 pwm=0.571
Stats 2567024.5: gcodein=0  mcu: mcu_awake=0.034 mcu_task_avg=0.000055 mcu_task_stddev=0.000032 bytes_write=1346145 bytes_read=211983 bytes_retransmit=9 bytes_invalid=0 send_seq=24186 receive_seq=24185 retransmit_seq=2 srtt=0.003 rttvar=0.000 rto=0.025 ready_bytes=38 upcoming_bytes=454 freq=72001994 sd_pos=515761 heater_bed: target=65 temp=64.8 pwm=0.508 sysload=1.08 cputime=39.423 memavail=2527876 print_time=722.971 buffer_time=2.093 print_stall=0 extruder: target=220 temp=220.0 pwm=0.509
Stats 2567025.5: gcodein=0  mcu: mcu_awake=0.030 mcu_task_avg=0.000053 mcu_task_stddev=0.000033 bytes_write=1350727 bytes_read=212472 bytes_retransmit=9 bytes_invalid=0 send_seq=24261 receive_seq=24260 retransmit_seq=2 srtt=0.003 rttvar=0.000 rto=0.025 ready_bytes=8 upcoming_bytes=587 freq=72001996 sd_pos=517578 heater_bed: target=65 temp=64.8 pwm=0.206 sysload=1.08 cputime=39.520 memavail=2527876 print_time=724.199 buffer_time=2.320 print_stall=0 extruder: target=220 temp=219.9 pwm=0.509
Stats 2567026.5: gcodein=0  mcu: mcu_awake=0.030 mcu_task_avg=0.000053 mcu_task_stddev=0.000033 bytes_write=1354431 bytes_read=212914 bytes_retransmit=9 bytes_invalid=0 send_seq=24323 receive_seq=24323 retransmit_seq=2 srtt=0.003 rttvar=0.000 rto=0.025 ready_bytes=0 upcoming_bytes=0 freq=72001997 sd_pos=519657 heater_bed: target=65 temp=64.9 pwm=0.000 sysload=1.08 cputime=39.610 memavail=2527876 print_time=724.920 buffer_time=2.040 print_stall=0 extruder: target=220 temp=220.1 pwm=0.509
Stats 2567027.5: gcodein=0  mcu: mcu_awake=0.030 mcu_task_avg=0.000053 mcu_task_stddev=0.000033 bytes_write=1359365 bytes_read=213422 bytes_retransmit=9 bytes_invalid=0 send_seq=24405 receive_seq=24405 retransmit_seq=2 srtt=0.003 rttvar=0.000 rto=0.025 ready_bytes=22 upcoming_bytes=0 freq=72001997 sd_pos=522671 heater_bed: target=65 temp=64.8 pwm=0.470 sysload=1.08 cputime=39.719 memavail=2527876 print_time=725.998 buffer_time=2.117 print_stall=0 extruder: target=220 temp=220.0 pwm=0.509
Stats 2567028.5: gcodein=0  mcu: mcu_awake=0.030 mcu_task_avg=0.000053 mcu_task_stddev=0.000033 bytes_write=1363264 bytes_read=213835 bytes_retransmit=9 bytes_invalid=0 send_seq=24469 receive_seq=24468 retransmit_seq=2 srtt=0.003 rttvar=0.000 rto=0.025 ready_bytes=9 upcoming_bytes=1385 freq=72002003 sd_pos=523517 heater_bed: target=65 temp=64.8 pwm=0.330 sysload=1.08 cputime=39.815 memavail=2527876 print_time=726.971 buffer_time=2.088 print_stall=0 extruder: target=220 temp=220.0 pwm=0.509
Stats 2567029.5: gcodein=0  mcu: mcu_awake=0.030 mcu_task_avg=0.000053 mcu_task_stddev=0.000033 bytes_write=1367985 bytes_read=214352 bytes_retransmit=9 bytes_invalid=0 send_seq=24547 receive_seq=24546 retransmit_seq=2 srtt=0.003 rttvar=0.000 rto=0.025 ready_bytes=32 upcoming_bytes=410 freq=72002008 sd_pos=525756 heater_bed: target=65 temp=64.9 pwm=0.000 sysload=1.00 cputime=39.924 memavail=2527876 print_time=728.083 buffer_time=2.199 print_stall=0 extruder: target=220 temp=220.1 pwm=0.531
Stats 2567030.5: gcodein=0  mcu: mcu_awake=0.032 mcu_task_avg=0.000051 mcu_task_stddev=0.000034 bytes_write=1373137 bytes_read=214901 bytes_retransmit=9 bytes_invalid=0 send_seq=24633 receive_seq=24633 retransmit_seq=2 srtt=0.003 rttvar=0.000 rto=0.025 ready_bytes=38 upcoming_bytes=0 freq=72002006 sd_pos=529185 heater_bed: target=65 temp=64.8 pwm=0.414 sysload=1.00 cputime=40.054 memavail=2527876 print_time=729.133 buffer_time=2.248 print_stall=0 extruder: target=220 temp=220.1 pwm=0.531
Stats 2567031.5: gcodein=0  mcu: mcu_awake=0.032 mcu_task_avg=0.000051 mcu_task_stddev=0.000034 bytes_write=1376543 bytes_read=215284 bytes_retransmit=9 bytes_invalid=0 send_seq=24690 receive_seq=24690 retransmit_seq=2 srtt=0.003 rttvar=0.000 rto=0.025 ready_bytes=24 upcoming_bytes=0 freq=72002005 sd_pos=530288 heater_bed: target=65 temp=65.0 pwm=0.000 sysload=1.00 cputime=40.136 memavail=2527880 print_time=729.927 buffer_time=2.042 print_stall=0 extruder: target=220 temp=220.1 pwm=0.531
Stats 2567032.5: gcodein=0  mcu: mcu_awake=0.032 mcu_task_avg=0.000051 mcu_task_stddev=0.000034 bytes_write=1380608 bytes_read=215746 bytes_retransmit=9 bytes_invalid=0 send_seq=24757 receive_seq=24757 retransmit_seq=2 srtt=0.003 rttvar=0.000 rto=0.025 ready_bytes=11 upcoming_bytes=0 freq=72002004 sd_pos=531168 heater_bed: target=65 temp=64.8 pwm=0.411 sysload=1.00 cputime=40.234 memavail=2527628 print_time=731.000 buffer_time=2.114 print_stall=0 extruder: target=220 temp=220.1 pwm=0.479
Stats 2567033.5: gcodein=0  mcu: mcu_awake=0.032 mcu_task_avg=0.000051 mcu_task_stddev=0.000034 bytes_write=1385328 bytes_read=216249 bytes_retransmit=9 bytes_invalid=0 send_seq=24838 receive_seq=24838 retransmit_seq=2 srtt=0.003 rttvar=0.000 rto=0.025 ready_bytes=43 upcoming_bytes=41 freq=72002000 sd_pos=534595 heater_bed: target=65 temp=64.9 pwm=0.126 sysload=1.00 cputime=40.343 memavail=2527628 print_time=732.027 buffer_time=2.140 print_stall=0 extruder: target=220 temp=220.0 pwm=0.531
Stats 2567034.5: gcodein=0  mcu: mcu_awake=0.032 mcu_task_avg=0.000051 mcu_task_stddev=0.000034 bytes_write=1389088 bytes_read=216662 bytes_retransmit=9 bytes_invalid=0 send_seq=24901 receive_seq=24901 retransmit_seq=2 srtt=0.003 rttvar=0.000 rto=0.025 ready_bytes=52 upcoming_bytes=2023 freq=72001999 sd_pos=538063 heater_bed: target=65 temp=64.9 pwm=0.165 sysload=1.00 cputime=40.453 memavail=2527628 print_time=733.228 buffer_time=2.341 print_stall=0 extruder: target=220 temp=220.0 pwm=0.531
Stats 2567035.5: gcodein=0  mcu: mcu_awake=0.030 mcu_task_avg=0.000051 mcu_task_stddev=0.000034 bytes_write=1393684 bytes_read=217180 bytes_retransmit=9 bytes_invalid=0 send_seq=24977 receive_seq=24976 retransmit_seq=2 srtt=0.003 rttvar=0.000 rto=0.025 ready_bytes=35 upcoming_bytes=1623 freq=72001997 sd_pos=538655 heater_bed: target=65 temp=65.0 pwm=0.000 sysload=1.00 cputime=40.550 memavail=2527628 print_time=734.071 buffer_time=2.182 print_stall=0 extruder: target=220 temp=220.0 pwm=0.531
Stats 2567036.5: gcodein=0  mcu: mcu_awake=0.030 mcu_task_avg=0.000051 mcu_task_stddev=0.000034 bytes_write=1398588 bytes_read=217694 bytes_retransmit=9 bytes_invalid=0 send_seq=25058 receive_seq=25057 retransmit_seq=2 srtt=0.003 rttvar=0.000 rto=0.025 ready_bytes=24 upcoming_bytes=283 freq=72001997 sd_pos=540174 heater_bed: target=65 temp=64.8 pwm=0.601 sysload=1.00 cputime=40.656 memavail=2527628 print_time=735.041 buffer_time=2.152 print_stall=0 extruder: target=220 temp=220.0 pwm=0.531
Stats 2567037.5: gcodein=0  mcu: mcu_awake=0.030 mcu_task_avg=0.000051 mcu_task_stddev=0.000034 bytes_write=1403316 bytes_read=218197 bytes_retransmit=9 bytes_invalid=0 send_seq=25138 receive_seq=25138 retransmit_seq=2 srtt=0.003 rttvar=0.001 rto=0.025 ready_bytes=0 upcoming_bytes=0 freq=72001999 sd_pos=543868 heater_bed: target=65 temp=64.9 pwm=0.370 sysload=1.00 cputime=40.774 memavail=2527628 print_time=736.089 buffer_time=2.199 print_stall=0 extruder: target=220 temp=220.0 pwm=0.556
Stats 2567038.5: gcodein=0  mcu: mcu_awake=0.030 mcu_task_avg=0.000051 mcu_task_stddev=0.000034 bytes_write=1407301 bytes_read=218649 bytes_retransmit=9 bytes_invalid=0 send_seq=25204 receive_seq=25203 retransmit_seq=2 srtt=0.003 rttvar=0.000 rto=0.025 ready_bytes=33 upcoming_bytes=455 freq=72001999 sd_pos=546341 heater_bed: target=65 temp=64.9 pwm=0.452 sysload=1.00 cputime=40.869 memavail=2527628 print_time=737.168 buffer_time=2.276 print_stall=0 extruder: target=220 temp=220.0 pwm=0.556
Stats 2567039.5: gcodein=0  mcu: mcu_awake=0.030 mcu_task_avg=0.000051 mcu_task_stddev=0.000034 bytes_write=1411673 bytes_read=219112 bytes_retransmit=9 bytes_invalid=0 send_seq=25276 receive_seq=25276 retransmit_seq=2 srtt=0.003 rttvar=0.000 rto=0.025 ready_bytes=51 upcoming_bytes=282 freq=72001998 sd_pos=547040 heater_bed: target=65 temp=65.0 pwm=0.012 sysload=0.92 cputime=40.955 memavail=2527628 print_time=738.083 buffer_time=2.191 print_stall=0 extruder: target=220 temp=219.9 pwm=0.556
Stats 2567040.5: gcodein=0  mcu: mcu_awake=0.031 mcu_task_avg=0.000050 mcu_task_stddev=0.000034 bytes_write=1415640 bytes_read=219556 bytes_retransmit=9 bytes_invalid=0 send_seq=25342 receive_seq=25342 retransmit_seq=2 srtt=0.003 rttvar=0.000 rto=0.025 ready_bytes=0 upcoming_bytes=0 freq=72001998 sd_pos=549338 heater_bed: target=65 temp=64.9 pwm=0.249 sysload=0.92 cputime=41.048 memavail=2527632 print_time=739.064 buffer_time=2.171 print_stall=0 extruder: target=220 temp=219.9 pwm=0.556
Stats 2567041.6: gcodein=0  mcu: mcu_awake=0.031 mcu_task_avg=0.000050 mcu_task_stddev=0.000034 bytes_write=1420002 bytes_read=220048 bytes_retransmit=9 bytes_invalid=0 send_seq=25415 receive_seq=25415 retransmit_seq=2 srtt=0.003 rttvar=0.000 rto=0.025 ready_bytes=56 upcoming_bytes=491 freq=72001997 sd_pos=552998 heater_bed: target=65 temp=65.0 pwm=0.032 sysload=0.92 cputime=41.162 memavail=2527632 print_time=740.109 buffer_time=2.215 print_stall=0 extruder: target=220 temp=220.1 pwm=0.486
Stats 2567042.6: gcodein=0  mcu: mcu_awake=0.031 mcu_task_avg=0.000050 mcu_task_stddev=0.000034 bytes_write=1423695 bytes_read=220451 bytes_retransmit=9 bytes_invalid=0 send_seq=25476 receive_seq=25476 retransmit_seq=2 srtt=0.003 rttvar=0.000 rto=0.025 ready_bytes=43 upcoming_bytes=1124 freq=72001999 sd_pos=554405 heater_bed: target=65 temp=65.0 pwm=0.126 sysload=0.92 cputime=41.252 memavail=2529208 print_time=740.956 buffer_time=2.061 print_stall=0 extruder: target=220 temp=220.1 pwm=0.486
Stats 2567043.6: gcodein=0  mcu: mcu_awake=0.031 mcu_task_avg=0.000050 mcu_task_stddev=0.000034 bytes_write=1428482 bytes_read=220939 bytes_retransmit=9 bytes_invalid=0 send_seq=25555 receive_seq=25554 retransmit_seq=2 srtt=0.003 rttvar=0.000 rto=0.025 ready_bytes=16 upcoming_bytes=2297 freq=72002001 sd_pos=555865 heater_bed: target=65 temp=65.0 pwm=0.277 sysload=0.92 cputime=41.375 memavail=2529208 print_time=742.406 buffer_time=2.511 print_stall=0 extruder: target=220 temp=220.1 pwm=0.486
Stats 2567044.6: gcodein=0  mcu: mcu_awake=0.031 mcu_task_avg=0.000050 mcu_task_stddev=0.000034 bytes_write=1433751 bytes_read=221506 bytes_retransmit=9 bytes_invalid=0 send_seq=25642 receive_seq=25642 retransmit_seq=2 srtt=0.003 rttvar=0.000 rto=0.025 ready_bytes=40 upcoming_bytes=579 freq=72001998 sd_pos=557930 heater_bed: target=65 temp=64.9 pwm=0.556 sysload=0.93 cputime=41.480 memavail=2528984 print_time=743.155 buffer_time=2.259 print_stall=0 extruder: target=220 temp=220.0 pwm=0.551
Stats 2567045.6: gcodein=0  mcu: mcu_awake=0.033 mcu_task_avg=0.000051 mcu_task_stddev=0.000034 bytes_write=1438616 bytes_read=222020 bytes_retransmit=9 bytes_invalid=0 send_seq=25722 receive_seq=25722 retransmit_seq=2 srtt=0.003 rttvar=0.000 rto=0.025 ready_bytes=30 upcoming_bytes=139 freq=72001999 sd_pos=560210 heater_bed: target=65 temp=65.0 pwm=0.048 sysload=0.93 cputime=41.575 memavail=2528984 print_time=744.168 buffer_time=2.271 print_stall=0 extruder: target=220 temp=220.1 pwm=0.500
Stats 2567046.6: gcodein=0  mcu: mcu_awake=0.033 mcu_task_avg=0.000051 mcu_task_stddev=0.000034 bytes_write=1442434 bytes_read=222433 bytes_retransmit=9 bytes_invalid=0 send_seq=25786 receive_seq=25785 retransmit_seq=2 srtt=0.003 rttvar=0.000 rto=0.025 ready_bytes=16 upcoming_bytes=187 freq=72001996 sd_pos=561096 heater_bed: target=65 temp=65.0 pwm=0.161 sysload=0.93 cputime=41.661 memavail=2528760 print_time=745.211 buffer_time=2.313 print_stall=0 extruder: target=220 temp=220.1 pwm=0.500
Stats 2567047.6: gcodein=0  mcu: mcu_awake=0.033 mcu_task_avg=0.000051 mcu_task_stddev=0.000034 bytes_write=1446771 bytes_read=222930 bytes_retransmit=9 bytes_invalid=0 send_seq=25859 receive_seq=25859 retransmit_seq=2 srtt=0.003 rttvar=0.000 rto=0.025 ready_bytes=17 upcoming_bytes=0 freq=72001994 sd_pos=563900 heater_bed: target=65 temp=65.0 pwm=0.060 sysload=0.93 cputime=41.760 memavail=2528760 print_time=746.078 buffer_time=2.180 print_stall=0 extruder: target=220 temp=220.0 pwm=0.519
Stats 2567048.6: gcodein=0  mcu: mcu_awake=0.033 mcu_task_avg=0.000051 mcu_task_stddev=0.000034 bytes_write=1450759 bytes_read=223363 bytes_retransmit=9 bytes_invalid=0 send_seq=25926 receive_seq=25926 retransmit_seq=2 srtt=0.003 rttvar=0.000 rto=0.025 ready_bytes=52 upcoming_bytes=0 freq=72001993 sd_pos=566121 heater_bed: target=65 temp=65.0 pwm=0.118 sysload=0.93 cputime=41.857 memavail=2528760 print_time=747.106 buffer_time=2.208 print_stall=0 extruder: target=220 temp=219.9 pwm=0.519
Stats 2567049.6: gcodein=0  mcu: mcu_awake=0.033 mcu_task_avg=0.000051 mcu_task_stddev=0.000034 bytes_write=1453664 bytes_read=223706 bytes_retransmit=9 bytes_invalid=0 send_seq=25975 receive_seq=25975 retransmit_seq=2 srtt=0.003 rttvar=0.000 rto=0.025 ready_bytes=37 upcoming_bytes=0 freq=72001991 sd_pos=568272 heater_bed: target=65 temp=65.1 pwm=0.000 sysload=0.93 cputime=41.943 memavail=2528764 print_time=747.922 buffer_time=2.023 print_stall=0 extruder: target=220 temp=219.9 pwm=0.575
Stats 2567050.6: gcodein=0  mcu: mcu_awake=0.030 mcu_task_avg=0.000045 mcu_task_stddev=0.000036 bytes_write=1459090 bytes_read=224299 bytes_retransmit=9 bytes_invalid=0 send_seq=26065 receive_seq=26065 retransmit_seq=2 srtt=0.003 rttvar=0.001 rto=0.025 ready_bytes=29 upcoming_bytes=81 freq=72001990 sd_pos=571604 heater_bed: target=65 temp=65.1 pwm=0.000 sysload=0.93 cputime=42.055 memavail=2528540 print_time=749.117 buffer_time=2.216 print_stall=0 extruder: target=220 temp=219.9 pwm=0.575
Stats 2567051.6: gcodein=0  mcu: mcu_awake=0.030 mcu_task_avg=0.000045 mcu_task_stddev=0.000036 bytes_write=1462471 bytes_read=224672 bytes_retransmit=9 bytes_invalid=0 send_seq=26121 receive_seq=26120 retransmit_seq=2 srtt=0.003 rttvar=0.000 rto=0.025 ready_bytes=40 upcoming_bytes=2319 freq=72001990 sd_pos=573163 heater_bed: target=65 temp=65.0 pwm=0.344 sysload=0.93 cputime=42.154 memavail=2528540 print_time=750.207 buffer_time=2.306 print_stall=0 extruder: target=220 temp=219.9 pwm=0.575
Stats 2567052.6: gcodein=0  mcu: mcu_awake=0.030 mcu_task_avg=0.000045 mcu_task_stddev=0.000036 bytes_write=1467382 bytes_read=225180 bytes_retransmit=9 bytes_invalid=0 send_seq=26202 receive_seq=26202 retransmit_seq=2 srtt=0.003 rttvar=0.000 rto=0.025 ready_bytes=53 upcoming_bytes=2866 freq=72001991 sd_pos=574661 heater_bed: target=65 temp=64.9 pwm=0.622 sysload=0.93 cputime=42.262 memavail=2530264 print_time=751.376 buffer_time=2.474 print_stall=0 extruder: target=220 temp=219.9 pwm=0.517
Stats 2567053.6: gcodein=0  mcu: mcu_awake=0.030 mcu_task_avg=0.000045 mcu_task_stddev=0.000036 bytes_write=1472539 bytes_read=225727 bytes_retransmit=9 bytes_invalid=0 send_seq=26287 receive_seq=26286 retransmit_seq=2 srtt=0.003 rttvar=0.000 rto=0.025 ready_bytes=23 upcoming_bytes=1081 freq=72001991 sd_pos=575556 heater_bed: target=65 temp=64.8 pwm=0.945 sysload=0.93 cputime=42.356 memavail=2528996 print_time=751.947 buffer_time=2.043 print_stall=0 extruder: target=220 temp=219.9 pwm=0.517
Stats 2567054.6: gcodein=0  mcu: mcu_awake=0.030 mcu_task_avg=0.000045 mcu_task_stddev=0.000036 bytes_write=1477702 bytes_read=226255 bytes_retransmit=9 bytes_invalid=0 send_seq=26372 receive_seq=26372 retransmit_seq=2 srtt=0.003 rttvar=0.000 rto=0.025 ready_bytes=7 upcoming_bytes=0 freq=72001992 sd_pos=577440 heater_bed: target=65 temp=64.9 pwm=0.393 sysload=0.86 cputime=42.465 memavail=2528996 print_time=752.941 buffer_time=2.037 print_stall=0 extruder: target=220 temp=219.9 pwm=0.517
Stats 2567055.6: gcodein=0  mcu: mcu_awake=0.032 mcu_task_avg=0.000056 mcu_task_stddev=0.000031 bytes_write=1482697 bytes_read=226784 bytes_retransmit=9 bytes_invalid=0 send_seq=26455 receive_seq=26455 retransmit_seq=2 srtt=0.003 rttvar=0.000 rto=0.025 ready_bytes=41 upcoming_bytes=726 freq=72001991 sd_pos=580000 heater_bed: target=65 temp=65.0 pwm=0.157 sysload=0.86 cputime=42.581 memavail=2528996 print_time=754.179 buffer_time=2.275 print_stall=0 extruder: target=220 temp=220.1 pwm=0.517
Stats 2567056.6: gcodein=0  mcu: mcu_awake=0.032 mcu_task_avg=0.000056 mcu_task_stddev=0.000031 bytes_write=1486640 bytes_read=227236 bytes_retransmit=9 bytes_invalid=0 send_seq=26520 receive_seq=26520 retransmit_seq=2 srtt=0.003 rttvar=0.000 rto=0.025 ready_bytes=58 upcoming_bytes=358 freq=72001993 sd_pos=581187 heater_bed: target=65 temp=65.0 pwm=0.394 sysload=0.86 cputime=42.681 memavail=2528996 print_time=755.188 buffer_time=2.283 print_stall=0 extruder: target=220 temp=220.1 pwm=0.506
Stats 2567057.6: gcodein=0  mcu: mcu_awake=0.032 mcu_task_avg=0.000056 mcu_task_stddev=0.000031 bytes_write=1491132 bytes_read=227709 bytes_retransmit=9 bytes_invalid=0 send_seq=26595 receive_seq=26595 retransmit_seq=2 srtt=0.003 rttvar=0.000 rto=0.025 ready_bytes=33 upcoming_bytes=679 freq=72001994 sd_pos=584345 heater_bed: target=65 temp=64.9 pwm=0.438 sysload=0.86 cputime=42.793 memavail=2528996 print_time=756.188 buffer_time=2.282 print_stall=0 extruder: target=220 temp=220.2 pwm=0.506
Stats 2567058.6: gcodein=0  mcu: mcu_awake=0.032 mcu_task_avg=0.000056 mcu_task_stddev=0.000031 bytes_write=1494646 bytes_read=228102 bytes_retransmit=9 bytes_invalid=0 send_seq=26654 receive_seq=26654 retransmit_seq=2 srtt=0.003 rttvar=0.000 rto=0.025 ready_bytes=25 upcoming_bytes=197 freq=72001994 sd_pos=586625 heater_bed: target=65 temp=64.9 pwm=0.546 sysload=0.86 cputime=42.885 memavail=2529000 print_time=757.023 buffer_time=2.116 print_stall=0 extruder: target=220 temp=220.2 pwm=0.506
Stats 2567059.6: gcodein=0  mcu: mcu_awake=0.032 mcu_task_avg=0.000056 mcu_task_stddev=0.000031 bytes_write=1498745 bytes_read=228569 bytes_retransmit=9 bytes_invalid=0 send_seq=26722 receive_seq=26722 retransmit_seq=2 srtt=0.003 rttvar=0.000 rto=0.025 ready_bytes=16 upcoming_bytes=0 freq=72001999 sd_pos=589254 heater_bed: target=65 temp=64.9 pwm=0.289 sysload=0.79 cputime=43.006 memavail=2529000 print_time=757.925 buffer_time=2.017 print_stall=0 extruder: target=220 temp=220.2 pwm=0.506
Stats 2567060.6: gcodein=0  mcu: mcu_awake=0.030 mcu_task_avg=0.000048 mcu_task_stddev=0.000034 bytes_write=1503337 bytes_read=229063 bytes_retransmit=9 bytes_invalid=0 send_seq=26798 receive_seq=26798 retransmit_seq=2 srtt=0.003 rttvar=0.000 rto=0.025 ready_bytes=42 upcoming_bytes=443 freq=72001999 sd_pos=591189 heater_bed: target=65 temp=64.9 pwm=0.402 sysload=0.79 cputime=43.118 memavail=2528776 print_time=759.038 buffer_time=2.130 print_stall=0 extruder: target=220 temp=220.2 pwm=0.495
Stats 2567061.6: gcodein=0  mcu: mcu_awake=0.030 mcu_task_avg=0.000048 mcu_task_stddev=0.000034 bytes_write=1507718 bytes_read=229521 bytes_retransmit=9 bytes_invalid=0 send_seq=26870 receive_seq=26870 retransmit_seq=2 srtt=0.003 rttvar=0.000 rto=0.025 ready_bytes=32 upcoming_bytes=0 freq=72002000 sd_pos=592473 heater_bed: target=65 temp=65.0 pwm=0.000 sysload=0.79 cputime=43.222 memavail=2528772 print_time=759.936 buffer_time=2.027 print_stall=0 extruder: target=220 temp=220.2 pwm=0.495
Stats 2567062.6: gcodein=0  mcu: mcu_awake=0.030 mcu_task_avg=0.000048 mcu_task_stddev=0.000034 bytes_write=1512292 bytes_read=230028 bytes_retransmit=9 bytes_invalid=0 send_seq=26946 receive_seq=26946 retransmit_seq=2 srtt=0.003 rttvar=0.000 rto=0.025 ready_bytes=40 upcoming_bytes=0 freq=72002001 sd_pos=594348 heater_bed: target=65 temp=64.9 pwm=0.373 sysload=0.79 cputime=43.325 memavail=2528524 print_time=760.943 buffer_time=2.032 print_stall=0 extruder: target=220 temp=220.2 pwm=0.495
Stats 2567063.6: gcodein=0  mcu: mcu_awake=0.030 mcu_task_avg=0.000048 mcu_task_stddev=0.000034 bytes_write=1516132 bytes_read=230431 bytes_retransmit=9 bytes_invalid=0 send_seq=27010 receive_seq=27007 retransmit_seq=2 srtt=0.003 rttvar=0.000 rto=0.025 ready_bytes=537 upcoming_bytes=592 freq=72001999 sd_pos=597216 heater_bed: target=65 temp=64.9 pwm=0.351 sysload=0.79 cputime=43.435 memavail=2528524 print_time=762.204 buffer_time=2.293 print_stall=0 extruder: target=220 temp=220.1 pwm=0.548
Stats 2567064.6: gcodein=0  mcu: mcu_awake=0.030 mcu_task_avg=0.000048 mcu_task_stddev=0.000034 bytes_write=1520868 bytes_read=230949 bytes_retransmit=9 bytes_invalid=0 send_seq=27088 receive_seq=27088 retransmit_seq=2 srtt=0.003 rttvar=0.000 rto=0.025 ready_bytes=39 upcoming_bytes=0 freq=72001997 sd_pos=599426 heater_bed: target=65 temp=64.9 pwm=0.259 sysload=0.72 cputime=43.532 memavail=2528284 print_time=762.969 buffer_time=2.057 print_stall=0 extruder: target=220 temp=220.0 pwm=0.548
Stats 2567065.6: gcodein=0  mcu: mcu_awake=0.030 mcu_task_avg=0.000054 mcu_task_stddev=0.000033 bytes_write=1525055 bytes_read=231427 bytes_retransmit=9 bytes_invalid=0 send_seq=27158 receive_seq=27158 retransmit_seq=2 srtt=0.003 rttvar=0.000 rto=0.025 ready_bytes=57 upcoming_bytes=1390 freq=72001995 sd_pos=600552 heater_bed: target=65 temp=64.9 pwm=0.422 sysload=0.72 cputime=43.627 memavail=2528288 print_time=764.013 buffer_time=2.099 print_stall=0 extruder: target=220 temp=219.9 pwm=0.585
Stats 2567066.6: gcodein=0  mcu: mcu_awake=0.030 mcu_task_avg=0.000054 mcu_task_stddev=0.000033 bytes_write=1529804 bytes_read=231905 bytes_retransmit=9 bytes_invalid=0 send_seq=27236 receive_seq=27234 retransmit_seq=2 srtt=0.003 rttvar=0.000 rto=0.025 ready_bytes=49 upcoming_bytes=1367 freq=72001997 sd_pos=603004 heater_bed: target=65 temp=65.0 pwm=0.202 sysload=0.72 cputime=43.752 memavail=2528288 print_time=765.297 buffer_time=2.378 print_stall=0 extruder: target=220 temp=219.9 pwm=0.585
Stats 2567067.6: gcodein=0  mcu: mcu_awake=0.030 mcu_task_avg=0.000054 mcu_task_stddev=0.000033 bytes_write=1534589 bytes_read=232423 bytes_retransmit=9 bytes_invalid=0 send_seq=27315 receive_seq=27315 retransmit_seq=2 srtt=0.003 rttvar=0.000 rto=0.025 ready_bytes=7 upcoming_bytes=0 freq=72001995 sd_pos=605054 heater_bed: target=65 temp=65.0 pwm=0.186 sysload=0.72 cputime=43.844 memavail=2528288 print_time=765.989 buffer_time=2.069 print_stall=0 extruder: target=220 temp=219.9 pwm=0.530
Stats 2567068.6: gcodein=0  mcu: mcu_awake=0.030 mcu_task_avg=0.000054 mcu_task_stddev=0.000033 bytes_write=1538598 bytes_read=232860 bytes_retransmit=9 bytes_invalid=0 send_seq=27381 receive_seq=27380 retransmit_seq=2 srtt=0.003 rttvar=0.000 rto=0.025 ready_bytes=19 upcoming_bytes=1224 freq=72001994 sd_pos=606482 heater_bed: target=65 temp=64.9 pwm=0.477 sysload=0.72 cputime=43.938 memavail=2528288 print_time=767.415 buffer_time=2.495 print_stall=0 extruder: target=220 temp=219.9 pwm=0.530
Stats 2567069.6: gcodein=0  mcu: mcu_awake=0.030 mcu_task_avg=0.000054 mcu_task_stddev=0.000033 bytes_write=1542159 bytes_read=233258 bytes_retransmit=9 bytes_invalid=0 send_seq=27440 receive_seq=27440 retransmit_seq=2 srtt=0.003 rttvar=0.000 rto=0.025 ready_bytes=8 upcoming_bytes=0 freq=72001997 sd_pos=607859 heater_bed: target=65 temp=65.0 pwm=0.258 sysload=0.67 cputime=44.013 memavail=2528288 print_time=767.936 buffer_time=2.015 print_stall=0 extruder: target=220 temp=220.0 pwm=0.530
Stats 2567070.6: gcodein=0  mcu: mcu_awake=0.031 mcu_task_avg=0.000052 mcu_task_stddev=0.000034 bytes_write=1547007 bytes_read=233787 bytes_retransmit=9 bytes_invalid=0 send_seq=27520 receive_seq=27520 retransmit_seq=2 srtt=0.003 rttvar=0.000 rto=0.025 ready_bytes=8 upcoming_bytes=0 freq=72001996 sd_pos=610708 heater_bed: target=65 temp=65.0 pwm=0.000 sysload=0.67 cputime=44.123 memavail=2528288 print_time=769.075 buffer_time=2.152 print_stall=0 extruder: target=220 temp=220.0 pwm=0.530
Stats 2567071.6: gcodein=0  mcu: mcu_awake=0.031 mcu_task_avg=0.000052 mcu_task_stddev=0.000034 bytes_write=1551058 bytes_read=234229 bytes_retransmit=9 bytes_invalid=0 send_seq=27589 receive_seq=27586 retransmit_seq=2 srtt=0.003 rttvar=0.000 rto=0.025 ready_bytes=56 upcoming_bytes=59 freq=72001995 sd_pos=613779 heater_bed: target=65 temp=65.0 pwm=0.267 sysload=0.67 cputime=44.236 memavail=2528292 print_time=770.171 buffer_time=2.247 print_stall=0 extruder: target=220 temp=220.0 pwm=0.483
Stats 2567072.6: gcodein=0  mcu: mcu_awake=0.031 mcu_task_avg=0.000052 mcu_task_stddev=0.000034 bytes_write=1555363 bytes_read=234702 bytes_retransmit=9 bytes_invalid=0 send_seq=27661 receive_seq=27661 retransmit_seq=2 srtt=0.003 rttvar=0.000 rto=0.025 ready_bytes=30 upcoming_bytes=122 freq=72001994 sd_pos=616701 heater_bed: target=65 temp=64.9 pwm=0.520 sysload=0.67 cputime=44.340 memavail=2527792 print_time=771.086 buffer_time=2.160 print_stall=0 extruder: target=220 temp=220.0 pwm=0.547
Stats 2567073.6: gcodein=0  mcu: mcu_awake=0.031 mcu_task_avg=0.000052 mcu_task_stddev=0.000034 bytes_write=1559381 bytes_read=235150 bytes_retransmit=9 bytes_invalid=0 send_seq=27728 receive_seq=27728 retransmit_seq=2 srtt=0.003 rttvar=0.000 rto=0.025 ready_bytes=54 upcoming_bytes=260 freq=72001994 sd_pos=618520 heater_bed: target=65 temp=64.9 pwm=0.196 sysload=0.67 cputime=44.443 memavail=2527568 print_time=771.951 buffer_time=2.025 print_stall=0 extruder: target=220 temp=220.0 pwm=0.485
Stats 2567074.6: gcodein=0  mcu: mcu_awake=0.031 mcu_task_avg=0.000052 mcu_task_stddev=0.000034 bytes_write=1563868 bytes_read=235627 bytes_retransmit=9 bytes_invalid=0 send_seq=27802 receive_seq=27801 retransmit_seq=2 srtt=0.003 rttvar=0.000 rto=0.025 ready_bytes=24 upcoming_bytes=1846 freq=72001993 sd_pos=619685 heater_bed: target=65 temp=65.0 pwm=0.141 sysload=0.61 cputime=44.545 memavail=2527568 print_time=772.996 buffer_time=2.068 print_stall=0 extruder: target=220 temp=220.1 pwm=0.504
Stats 2567075.6: gcodein=0  mcu: mcu_awake=0.032 mcu_task_avg=0.000050 mcu_task_stddev=0.000034 bytes_write=1568883 bytes_read=236151 bytes_retransmit=9 bytes_invalid=0 send_seq=27884 receive_seq=27883 retransmit_seq=2 srtt=0.003 rttvar=0.000 rto=0.025 ready_bytes=8 upcoming_bytes=2272 freq=72001999 sd_pos=621416 heater_bed: target=65 temp=65.0 pwm=0.304 sysload=0.61 cputime=44.665 memavail=2527568 print_time=774.055 buffer_time=2.126 print_stall=0 extruder: target=220 temp=220.0 pwm=0.558
Stats 2567076.6: gcodein=0  mcu: mcu_awake=0.032 mcu_task_avg=0.000050 mcu_task_stddev=0.000034 bytes_write=1574672 bytes_read=236744 bytes_retransmit=9 bytes_invalid=0 send_seq=27980 receive_seq=27979 retransmit_seq=2 srtt=0.003 rttvar=0.000 rto=0.025 ready_bytes=33 upcoming_bytes=466 freq=72001999 sd_pos=623404 heater_bed: target=65 temp=64.9 pwm=0.367 sysload=0.61 cputime=44.793 memavail=2527568 print_time=774.987 buffer_time=2.058 print_stall=0 extruder: target=220 temp=220.1 pwm=0.508
Stats 2567077.6: gcodein=0  mcu: mcu_awake=0.032 mcu_task_avg=0.000050 mcu_task_stddev=0.000034 bytes_write=1579875 bytes_read=237291 bytes_retransmit=9 bytes_invalid=0 send_seq=28066 receive_seq=28066 retransmit_seq=2 srtt=0.003 rttvar=0.000 rto=0.025 ready_bytes=23 upcoming_bytes=842 freq=72001998 sd_pos=625442 heater_bed: target=65 temp=65.0 pwm=0.221 sysload=0.61 cputime=44.913 memavail=2527568 print_time=776.060 buffer_time=2.131 print_stall=0 extruder: target=220 temp=220.1 pwm=0.508
Stats 2567078.6: gcodein=0  mcu: mcu_awake=0.032 mcu_task_avg=0.000050 mcu_task_stddev=0.000034 bytes_write=1584048 bytes_read=237735 bytes_retransmit=9 bytes_invalid=0 send_seq=28136 receive_seq=28136 retransmit_seq=2 srtt=0.003 rttvar=0.000 rto=0.025 ready_bytes=7 upcoming_bytes=0 freq=72001999 sd_pos=627050 heater_bed: target=65 temp=65.0 pwm=0.245 sysload=0.61 cputime=45.019 memavail=2527568 print_time=777.086 buffer_time=2.156 print_stall=0 extruder: target=220 temp=220.0 pwm=0.508
Stats 2567079.6: gcodein=0  mcu: mcu_awake=0.032 mcu_task_avg=0.000050 mcu_task_stddev=0.000034 bytes_write=1588791 bytes_read=238240 bytes_retransmit=9 bytes_invalid=0 send_seq=28216 receive_seq=28216 retransmit_seq=2 srtt=0.003 rttvar=0.000 rto=0.025 ready_bytes=58 upcoming_bytes=0 freq=72001997 sd_pos=630226 heater_bed: target=65 temp=64.9 pwm=0.607 sysload=0.56 cputime=45.131 memavail=2527568 print_time=778.102 buffer_time=2.171 print_stall=0 extruder: target=220 temp=219.9 pwm=0.587
Stats 2567080.6: gcodein=0  mcu: mcu_awake=0.033 mcu_task_avg=0.000054 mcu_task_stddev=0.000032 bytes_write=1592404 bytes_read=238660 bytes_retransmit=9 bytes_invalid=0 send_seq=28277 receive_seq=28276 retransmit_seq=2 srtt=0.003 rttvar=0.000 rto=0.025 ready_bytes=15 upcoming_bytes=457 freq=72001998 sd_pos=633280 heater_bed: target=65 temp=64.8 pwm=0.672 sysload=0.56 cputime=45.248 memavail=2527568 print_time=779.067 buffer_time=2.135 print_stall=0 extruder: target=220 temp=219.9 pwm=0.578
Stats 2567081.6: gcodein=0  mcu: mcu_awake=0.033 mcu_task_avg=0.000054 mcu_task_stddev=0.000032 bytes_write=1597061 bytes_read=239141 bytes_retransmit=9 bytes_invalid=0 send_seq=28354 receive_seq=28354 retransmit_seq=2 srtt=0.003 rttvar=0.000 rto=0.025 ready_bytes=38 upcoming_bytes=133 freq=72002001 sd_pos=635930 heater_bed: target=65 temp=65.0 pwm=0.131 sysload=0.56 cputime=45.376 memavail=2527568 print_time=780.039 buffer_time=2.107 print_stall=0 extruder: target=220 temp=219.9 pwm=0.520
Stats 2567082.6: gcodein=0  mcu: mcu_awake=0.033 mcu_task_avg=0.000054 mcu_task_stddev=0.000032 bytes_write=1601329 bytes_read=239603 bytes_retransmit=9 bytes_invalid=0 send_seq=28424 receive_seq=28424 retransmit_seq=2 srtt=0.003 rttvar=0.000 rto=0.025 ready_bytes=38 upcoming_bytes=716 freq=72002000 sd_pos=637196 heater_bed: target=65 temp=64.9 pwm=0.328 sysload=0.56 cputime=45.495 memavail=2527568 print_time=781.176 buffer_time=2.243 print_stall=0 extruder: target=220 temp=219.9 pwm=0.520
Stats 2567083.6: gcodein=0  mcu: mcu_awake=0.033 mcu_task_avg=0.000054 mcu_task_stddev=0.000032 bytes_write=1605847 bytes_read=240090 bytes_retransmit=9 bytes_invalid=0 send_seq=28499 receive_seq=28499 retransmit_seq=2 srtt=0.003 rttvar=0.000 rto=0.025 ready_bytes=30 upcoming_bytes=408 freq=72001999 sd_pos=638373 heater_bed: target=65 temp=65.0 pwm=0.062 sysload=0.56 cputime=45.588 memavail=2527572 print_time=782.015 buffer_time=2.081 print_stall=0 extruder: target=220 temp=220.0 pwm=0.528
Stats 2567084.6: gcodein=0  mcu: mcu_awake=0.033 mcu_task_avg=0.000054 mcu_task_stddev=0.000032 bytes_write=1610072 bytes_read=240533 bytes_retransmit=9 bytes_invalid=0 send_seq=28569 receive_seq=28568 retransmit_seq=2 srtt=0.003 rttvar=0.000 rto=0.025 ready_bytes=39 upcoming_bytes=545 freq=72001998 sd_pos=640110 heater_bed: target=65 temp=64.8 pwm=0.619 sysload=0.60 cputime=45.688 memavail=2527572 print_time=783.145 buffer_time=2.209 print_stall=0 extruder: target=220 temp=220.0 pwm=0.528
Stats 2567085.6: gcodein=0  mcu: mcu_awake=0.031 mcu_task_avg=0.000054 mcu_task_stddev=0.000032 bytes_write=1614488 bytes_read=241032 bytes_retransmit=9 bytes_invalid=0 send_seq=28642 receive_seq=28642 retransmit_seq=2 srtt=0.003 rttvar=0.000 rto=0.025 ready_bytes=28 upcoming_bytes=0 freq=72001997 sd_pos=641993 heater_bed: target=65 temp=64.9 pwm=0.381 sysload=0.60 cputime=45.779 memavail=2524800 print_time=784.060 buffer_time=2.123 print_stall=0 extruder: target=220 temp=219.9 pwm=0.528
Stats 2567086.6: gcodein=0  mcu: mcu_awake=0.031 mcu_task_avg=0.000054 mcu_task_stddev=0.000032 bytes_write=1618503 bytes_read=241479 bytes_retransmit=9 bytes_invalid=0 send_seq=28709 receive_seq=28709 retransmit_seq=2 srtt=0.004 rttvar=0.001 rto=0.025 ready_bytes=50 upcoming_bytes=519 freq=72001995 sd_pos=644990 heater_bed: target=65 temp=64.9 pwm=0.253 sysload=0.60 cputime=45.876 memavail=2521832 print_time=785.145 buffer_time=2.208 print_stall=0 extruder: target=220 temp=220.0 pwm=0.528
Stats 2567087.6: gcodein=0  mcu: mcu_awake=0.031 mcu_task_avg=0.000054 mcu_task_stddev=0.000032 bytes_write=1622876 bytes_read=241942 bytes_retransmit=9 bytes_invalid=0 send_seq=28782 receive_seq=28782 retransmit_seq=2 srtt=0.003 rttvar=0.000 rto=0.025 ready_bytes=25 upcoming_bytes=1724 freq=72001996 sd_pos=645868 heater_bed: target=65 temp=65.0 pwm=0.126 sysload=0.60 cputime=45.969 memavail=2521832 print_time=786.172 buffer_time=2.234 print_stall=0 extruder: target=220 temp=220.0 pwm=0.510
Stats 2567088.6: gcodein=0  mcu: mcu_awake=0.031 mcu_task_avg=0.000054 mcu_task_stddev=0.000032 bytes_write=1627243 bytes_read=242415 bytes_retransmit=9 bytes_invalid=0 send_seq=28854 receive_seq=28854 retransmit_seq=2 srtt=0.003 rttvar=0.000 rto=0.025 ready_bytes=31 upcoming_bytes=421 freq=72001999 sd_pos=647589 heater_bed: target=65 temp=65.0 pwm=0.044 sysload=0.60 cputime=46.075 memavail=2521608 print_time=787.071 buffer_time=2.131 print_stall=0 extruder: target=220 temp=220.0 pwm=0.510
Stats 2567089.6: gcodein=0  mcu: mcu_awake=0.031 mcu_task_avg=0.000054 mcu_task_stddev=0.000032 bytes_write=1632367 bytes_read=242952 bytes_retransmit=9 bytes_invalid=0 send_seq=28939 receive_seq=28939 retransmit_seq=2 srtt=0.003 rttvar=0.000 rto=0.025 ready_bytes=41 upcoming_bytes=0 freq=72001997 sd_pos=651357 heater_bed: target=65 temp=64.9 pwm=0.353 sysload=0.63 cputime=46.201 memavail=2521608 print_time=788.143 buffer_time=2.202 print_stall=0 extruder: target=220 temp=220.0 pwm=0.510
Stats 2567090.6: gcodein=0  mcu: mcu_awake=0.029 mcu_task_avg=0.000050 mcu_task_stddev=0.000034 bytes_write=1636012 bytes_read=243371 bytes_retransmit=9 bytes_invalid=0 send_seq=29000 receive_seq=29000 retransmit_seq=2 srtt=0.003 rttvar=0.000 rto=0.025 ready_bytes=57 upcoming_bytes=780 freq=72001997 sd_pos=653376 heater_bed: target=65 temp=65.1 pwm=0.000 sysload=0.63 cputime=46.293 memavail=2521608 print_time=789.231 buffer_time=2.289 print_stall=0 extruder: target=220 temp=220.1 pwm=0.510
Stats 2567091.6: gcodein=0  mcu: mcu_awake=0.029 mcu_task_avg=0.000050 mcu_task_stddev=0.000034 bytes_write=1640352 bytes_read=243844 bytes_retransmit=9 bytes_invalid=0 send_seq=29072 receive_seq=29072 retransmit_seq=2 srtt=0.003 rttvar=0.000 rto=0.025 ready_bytes=47 upcoming_bytes=689 freq=72001997 sd_pos=654742 heater_bed: target=65 temp=65.0 pwm=0.345 sysload=0.63 cputime=46.389 memavail=2521384 print_time=790.420 buffer_time=2.477 print_stall=0 extruder: target=220 temp=220.1 pwm=0.513
Stats 2567092.6: gcodein=0  mcu: mcu_awake=0.029 mcu_task_avg=0.000050 mcu_task_stddev=0.000034 bytes_write=1644436 bytes_read=244296 bytes_retransmit=9 bytes_invalid=0 send_seq=29140 receive_seq=29140 retransmit_seq=2 srtt=0.003 rttvar=0.000 rto=0.025 ready_bytes=29 upcoming_bytes=132 freq=72001995 sd_pos=656945 heater_bed: target=65 temp=65.0 pwm=0.142 sysload=0.63 cputime=46.475 memavail=2521144 print_time=791.148 buffer_time=2.203 print_stall=0 extruder: target=220 temp=220.1 pwm=0.513
Stats 2567093.6: gcodein=0  mcu: mcu_awake=0.029 mcu_task_avg=0.000050 mcu_task_stddev=0.000034 bytes_write=1648685 bytes_read=244749 bytes_retransmit=9 bytes_invalid=0 send_seq=29211 receive_seq=29211 retransmit_seq=2 srtt=0.003 rttvar=0.000 rto=0.025 ready_bytes=0 upcoming_bytes=878 freq=72001998 sd_pos=660417 heater_bed: target=65 temp=65.0 pwm=0.286 sysload=0.63 cputime=46.593 memavail=2521436 print_time=792.228 buffer_time=2.283 print_stall=0 extruder: target=220 temp=220.1 pwm=0.513
Stats 2567094.6: gcodein=0  mcu: mcu_awake=0.029 mcu_task_avg=0.000050 mcu_task_stddev=0.000034 bytes_write=1652818 bytes_read=245197 bytes_retransmit=9 bytes_invalid=0 send_seq=29279 receive_seq=29278 retransmit_seq=2 srtt=0.003 rttvar=0.000 rto=0.025 ready_bytes=18 upcoming_bytes=1726 freq=72001998 sd_pos=661252 heater_bed: target=65 temp=65.0 pwm=0.084 sysload=0.58 cputime=46.693 memavail=2521436 print_time=793.145 buffer_time=2.199 print_stall=0 extruder: target=220 temp=220.1 pwm=0.513
Stats 2567095.6: gcodein=0  mcu: mcu_awake=0.031 mcu_task_avg=0.000053 mcu_task_stddev=0.000034 bytes_write=1657526 bytes_read=245715 bytes_retransmit=9 bytes_invalid=0 send_seq=29357 receive_seq=29356 retransmit_seq=2 srtt=0.003 rttvar=0.000 rto=0.025 ready_bytes=8 upcoming_bytes=659 freq=72001996 sd_pos=662377 heater_bed: target=65 temp=65.1 pwm=0.000 sysload=0.58 cputime=46.801 memavail=2520988 print_time=794.133 buffer_time=2.185 print_stall=0 extruder: target=220 temp=220.0 pwm=0.552
Stats 2567096.6: gcodein=0  mcu: mcu_awake=0.031 mcu_task_avg=0.000053 mcu_task_stddev=0.000034 bytes_write=1662679 bytes_read=246243 bytes_retransmit=9 bytes_invalid=0 send_seq=29442 receive_seq=29442 retransmit_seq=2 srtt=0.003 rttvar=0.000 rto=0.025 ready_bytes=40 upcoming_bytes=392 freq=72001996 sd_pos=665275 heater_bed: target=65 temp=65.0 pwm=0.689 sysload=0.58 cputime=46.926 memavail=2520988 print_time=795.264 buffer_time=2.315 print_stall=0 extruder: target=220 temp=219.9 pwm=0.552
Stats 2567097.6: gcodein=0  mcu: mcu_awake=0.031 mcu_task_avg=0.000053 mcu_task_stddev=0.000034 bytes_write=1666535 bytes_read=246676 bytes_retransmit=9 bytes_invalid=0 send_seq=29506 receive_seq=29506 retransmit_seq=2 srtt=0.003 rttvar=0.000 rto=0.025 ready_bytes=47 upcoming_bytes=103 freq=72001994 sd_pos=666903 heater_bed: target=65 temp=65.0 pwm=0.299 sysload=0.58 cputime=47.007 memavail=2520988 print_time=796.020 buffer_time=2.071 print_stall=0 extruder: target=220 temp=219.9 pwm=0.552
Stats 2567098.6: gcodein=0  mcu: mcu_awake=0.031 mcu_task_avg=0.000053 mcu_task_stddev=0.000034 bytes_write=1670986 bytes_read=247153 bytes_retransmit=9 bytes_invalid=0 send_seq=29580 receive_seq=29579 retransmit_seq=2 srtt=0.003 rttvar=0.000 rto=0.025 ready_bytes=7 upcoming_bytes=2808 freq=72001992 sd_pos=668775 heater_bed: target=65 temp=64.9 pwm=0.641 sysload=0.58 cputime=47.117 memavail=2520988 print_time=797.309 buffer_time=2.359 print_stall=0 extruder: target=220 temp=219.9 pwm=0.552
Stats 2567099.6: gcodein=0  mcu: mcu_awake=0.031 mcu_task_avg=0.000053 mcu_task_stddev=0.000034 bytes_write=1675574 bytes_read=247647 bytes_retransmit=9 bytes_invalid=0 send_seq=29656 receive_seq=29656 retransmit_seq=2 srtt=0.003 rttvar=0.000 rto=0.025 ready_bytes=24 upcoming_bytes=1633 freq=72001993 sd_pos=670396 heater_bed: target=65 temp=65.0 pwm=0.399 sysload=0.61 cputime=47.222 memavail=2520988 print_time=798.220 buffer_time=2.270 print_stall=0 extruder: target=220 temp=219.9 pwm=0.552
Stats 2567100.6: gcodein=0  mcu: mcu_awake=0.032 mcu_task_avg=0.000055 mcu_task_stddev=0.000032 bytes_write=1681208 bytes_read=248241 bytes_retransmit=9 bytes_invalid=0 send_seq=29749 receive_seq=29749 retransmit_seq=2 srtt=0.004 rttvar=0.001 rto=0.025 ready_bytes=45 upcoming_bytes=0 freq=72001993 sd_pos=672481 heater_bed: target=65 temp=65.1 pwm=0.195 sysload=0.61 cputime=47.348 memavail=2520988 print_time=799.126 buffer_time=2.174 print_stall=0 extruder: target=220 temp=219.9 pwm=0.510
Stats 2567101.6: gcodein=0  mcu: mcu_awake=0.032 mcu_task_avg=0.000055 mcu_task_stddev=0.000032 bytes_write=1684857 bytes_read=248648 bytes_retransmit=9 bytes_invalid=0 send_seq=29811 receive_seq=29808 retransmit_seq=2 srtt=0.003 rttvar=0.000 rto=0.025 ready_bytes=194 upcoming_bytes=284 freq=72001991 sd_pos=675987 heater_bed: target=65 temp=65.1 pwm=0.237 sysload=0.61 cputime=47.470 memavail=2520988 print_time=800.195 buffer_time=2.242 print_stall=0 extruder: target=220 temp=219.9 pwm=0.510
Stats 2567102.6: gcodein=0  mcu: mcu_awake=0.032 mcu_task_avg=0.000055 mcu_task_stddev=0.000032 bytes_write=1689007 bytes_read=249106 bytes_retransmit=9 bytes_invalid=0 send_seq=29880 receive_seq=29880 retransmit_seq=2 srtt=0.003 rttvar=0.000 rto=0.025 ready_bytes=0 upcoming_bytes=0 freq=72001994 sd_pos=678043 heater_bed: target=65 temp=65.1 pwm=0.426 sysload=0.61 cputime=47.556 memavail=2520736 print_time=801.045 buffer_time=2.092 print_stall=0 extruder: target=220 temp=220.0 pwm=0.510
Stats 2567103.6: gcodein=0  mcu: mcu_awake=0.032 mcu_task_avg=0.000055 mcu_task_stddev=0.000032 bytes_write=1693404 bytes_read=249589 bytes_retransmit=9 bytes_invalid=0 send_seq=29954 receive_seq=29954 retransmit_seq=2 srtt=0.003 rttvar=0.000 rto=0.025 ready_bytes=54 upcoming_bytes=484 freq=72001993 sd_pos=680292 heater_bed: target=65 temp=65.1 pwm=0.000 sysload=0.56 cputime=47.659 memavail=2528596 print_time=802.034 buffer_time=2.078 print_stall=0 extruder: target=220 temp=220.1 pwm=0.510
Stats 2567104.6: gcodein=0  mcu: mcu_awake=0.032 mcu_task_avg=0.000055 mcu_task_stddev=0.000032 bytes_write=1697710 bytes_read=250056 bytes_retransmit=9 bytes_invalid=0 send_seq=30025 receive_seq=30025 retransmit_seq=2 srtt=0.003 rttvar=0.000 rto=0.025 ready_bytes=54 upcoming_bytes=4059 freq=72001994 sd_pos=682764 heater_bed: target=65 temp=65.2 pwm=0.015 sysload=0.56 cputime=47.779 memavail=2527924 print_time=803.447 buffer_time=2.489 print_stall=0 extruder: target=220 temp=220.2 pwm=0.473
Stats 2567105.6: gcodein=0  mcu: mcu_awake=0.031 mcu_task_avg=0.000049 mcu_task_stddev=0.000034 bytes_write=1702873 bytes_read=250595 bytes_retransmit=9 bytes_invalid=0 send_seq=30111 receive_seq=30110 retransmit_seq=2 srtt=0.003 rttvar=0.000 rto=0.025 ready_bytes=14 upcoming_bytes=2939 freq=72002001 sd_pos=683808 heater_bed: target=65 temp=65.1 pwm=0.471 sysload=0.56 cputime=47.879 memavail=2527924 print_time=804.123 buffer_time=2.164 print_stall=0 extruder: target=220 temp=220.1 pwm=0.525
Stats 2567106.6: gcodein=0  mcu: mcu_awake=0.031 mcu_task_avg=0.000049 mcu_task_stddev=0.000034 bytes_write=1708550 bytes_read=251192 bytes_retransmit=9 bytes_invalid=0 send_seq=30205 receive_seq=30204 retransmit_seq=2 srtt=0.003 rttvar=0.000 rto=0.025 ready_bytes=8 upcoming_bytes=2816 freq=72001999 sd_pos=685873 heater_bed: target=65 temp=65.0 pwm=0.431 sysload=0.56 cputime=48.002 memavail=2527924 print_time=805.143 buffer_time=2.183 print_stall=0 extruder: target=220 temp=220.2 pwm=0.525
Stats 2567107.6: gcodein=0  mcu: mcu_awake=0.031 mcu_task_avg=0.000049 mcu_task_stddev=0.000034 bytes_write=1714377 bytes_read=251770 bytes_retransmit=9 bytes_invalid=0 send_seq=30301 receive_seq=30300 retransmit_seq=2 srtt=0.003 rttvar=0.000 rto=0.025 ready_bytes=13 upcoming_bytes=989 freq=72001998 sd_pos=687745 heater_bed: target=65 temp=65.0 pwm=0.617 sysload=0.56 cputime=48.127 memavail=2527924 print_time=806.055 buffer_time=2.094 print_stall=0 extruder: target=220 temp=220.1 pwm=0.525
Stats 2567108.6: gcodein=0  mcu: mcu_awake=0.031 mcu_task_avg=0.000049 mcu_task_stddev=0.000034 bytes_write=1719776 bytes_read=252318 bytes_retransmit=9 bytes_invalid=0 send_seq=30390 receive_seq=30390 retransmit_seq=2 srtt=0.003 rttvar=0.000 rto=0.025 ready_bytes=35 upcoming_bytes=2101 freq=72001998 sd_pos=690115 heater_bed: target=65 temp=65.1 pwm=0.000 sysload=0.52 cputime=48.260 memavail=2527924 print_time=807.306 buffer_time=2.344 print_stall=0 extruder: target=220 temp=220.1 pwm=0.525
Stats 2567109.6: gcodein=0  mcu: mcu_awake=0.031 mcu_task_avg=0.000049 mcu_task_stddev=0.000034 bytes_write=1724132 bytes_read=252805 bytes_retransmit=9 bytes_invalid=0 send_seq=30462 receive_seq=30462 retransmit_seq=2 srtt=0.003 rttvar=0.000 rto=0.025 ready_bytes=37 upcoming_bytes=0 freq=72001999 sd_pos=691197 heater_bed: target=65 temp=65.1 pwm=0.149 sysload=0.52 cputime=48.354 memavail=2527924 print_time=808.061 buffer_time=2.097 print_stall=0 extruder: target=220 temp=220.2 pwm=0.510
Stats 2567110.6: gcodein=0  mcu: mcu_awake=0.035 mcu_task_avg=0.000059 mcu_task_stddev=0.000029 bytes_write=1728958 bytes_read=253324 bytes_retransmit=9 bytes_invalid=0 send_seq=30543 receive_seq=30543 retransmit_seq=2 srtt=0.003 rttvar=0.000 rto=0.025 ready_bytes=43 upcoming_bytes=0 freq=72001999 sd_pos=694456 heater_bed: target=65 temp=65.1 pwm=0.121 sysload=0.52 cputime=48.471 memavail=2527924 print_time=809.081 buffer_time=2.116 print_stall=0 extruder: target=220 temp=220.2 pwm=0.510
Stats 2567111.6: gcodein=0  mcu: mcu_awake=0.035 mcu_task_avg=0.000059 mcu_task_stddev=0.000029 bytes_write=1732587 bytes_read=253717 bytes_retransmit=9 bytes_invalid=0 send_seq=30605 receive_seq=30602 retransmit_seq=2 srtt=0.003 rttvar=0.000 rto=0.025 ready_bytes=145 upcoming_bytes=1619 freq=72002000 sd_pos=698116 heater_bed: target=65 temp=65.1 pwm=0.259 sysload=0.52 cputime=48.597 memavail=2527924 print_time=810.355 buffer_time=2.383 print_stall=0 extruder: target=220 temp=220.2 pwm=0.515
Stats 2567112.6: gcodein=0  mcu: mcu_awake=0.035 mcu_task_avg=0.000059 mcu_task_stddev=0.000029 bytes_write=1737468 bytes_read=254264 bytes_retransmit=9 bytes_invalid=0 send_seq=30686 receive_seq=30686 retransmit_seq=2 srtt=0.003 rttvar=0.000 rto=0.025 ready_bytes=23 upcoming_bytes=656 freq=72001998 sd_pos=700560 heater_bed: target=65 temp=65.0 pwm=0.319 sysload=0.52 cputime=48.717 memavail=2527680 print_time=811.250 buffer_time=2.276 print_stall=0 extruder: target=220 temp=220.3 pwm=0.444
Stats 2567113.6: gcodein=0  mcu: mcu_awake=0.035 mcu_task_avg=0.000059 mcu_task_stddev=0.000029 bytes_write=1741545 bytes_read=254702 bytes_retransmit=9 bytes_invalid=0 send_seq=30754 receive_seq=30754 retransmit_seq=2 srtt=0.003 rttvar=0.000 rto=0.025 ready_bytes=50 upcoming_bytes=3256 freq=72001997 sd_pos=702523 heater_bed: target=65 temp=65.1 pwm=0.090 sysload=0.56 cputime=48.831 memavail=2526312 print_time=812.480 buffer_time=2.506 print_stall=0 extruder: target=220 temp=220.2 pwm=0.532
Stats 2567114.6: gcodein=0  mcu: mcu_awake=0.035 mcu_task_avg=0.000059 mcu_task_stddev=0.000029 bytes_write=1746172 bytes_read=255180 bytes_retransmit=9 bytes_invalid=0 send_seq=30830 receive_seq=30830 retransmit_seq=2 srtt=0.003 rttvar=0.000 rto=0.025 ready_bytes=16 upcoming_bytes=2314 freq=72002005 sd_pos=703473 heater_bed: target=65 temp=65.0 pwm=0.194 sysload=0.56 cputime=48.920 memavail=2526312 print_time=813.131 buffer_time=2.156 print_stall=0 extruder: target=220 temp=220.2 pwm=0.480
Stats 2567115.6: gcodein=0  mcu: mcu_awake=0.031 mcu_task_avg=0.000055 mcu_task_stddev=0.000031 bytes_write=1751666 bytes_read=255773 bytes_retransmit=9 bytes_invalid=0 send_seq=30920 receive_seq=30920 retransmit_seq=2 srtt=0.003 rttvar=0.000 rto=0.025 ready_bytes=56 upcoming_bytes=3123 freq=72002005 sd_pos=705121 heater_bed: target=65 temp=64.9 pwm=0.682 sysload=0.56 cputime=49.029 memavail=2525416 print_time=814.309 buffer_time=2.334 print_stall=0 extruder: target=220 temp=220.1 pwm=0.567
Stats 2567116.6: gcodein=0  mcu: mcu_awake=0.031 mcu_task_avg=0.000055 mcu_task_stddev=0.000031 bytes_write=1757334 bytes_read=256331 bytes_retransmit=9 bytes_invalid=0 send_seq=31013 receive_seq=31012 retransmit_seq=2 srtt=0.003 rttvar=0.000 rto=0.025 ready_bytes=7 upcoming_bytes=3454 freq=72002004 sd_pos=707092 heater_bed: target=65 temp=65.1 pwm=0.000 sysload=0.56 cputime=49.141 memavail=2525192 print_time=815.346 buffer_time=2.361 print_stall=0 extruder: target=220 temp=220.2 pwm=0.500
Stats 2567117.6: gcodein=0  mcu: mcu_awake=0.031 mcu_task_avg=0.000055 mcu_task_stddev=0.000031 bytes_write=1762711 bytes_read=256874 bytes_retransmit=9 bytes_invalid=0 send_seq=31101 receive_seq=31101 retransmit_seq=2 srtt=0.003 rttvar=0.000 rto=0.025 ready_bytes=6 upcoming_bytes=1216 freq=72002003 sd_pos=708422 heater_bed: target=65 temp=65.0 pwm=0.433 sysload=0.56 cputime=49.242 memavail=2525192 print_time=816.070 buffer_time=2.084 print_stall=0 extruder: target=220 temp=220.0 pwm=0.569
Stats 2567118.6: gcodein=0  mcu: mcu_awake=0.031 mcu_task_avg=0.000055 mcu_task_stddev=0.000031 bytes_write=1768177 bytes_read=257446 bytes_retransmit=9 bytes_invalid=0 send_seq=31191 receive_seq=31190 retransmit_seq=2 srtt=0.003 rttvar=0.000 rto=0.025 ready_bytes=16 upcoming_bytes=584 freq=72002003 sd_pos=711453 heater_bed: target=65 temp=65.0 pwm=0.163 sysload=0.59 cputime=49.374 memavail=2524940 print_time=817.169 buffer_time=2.182 print_stall=0 extruder: target=220 temp=220.0 pwm=0.512
Stats 2567119.6: gcodein=0  mcu: mcu_awake=0.031 mcu_task_avg=0.000055 mcu_task_stddev=0.000031 bytes_write=1772663 bytes_read=257919 bytes_retransmit=9 bytes_invalid=0 send_seq=31265 receive_seq=31265 retransmit_seq=2 srtt=0.003 rttvar=0.000 rto=0.025 ready_bytes=57 upcoming_bytes=1146 freq=72002001 sd_pos=713557 heater_bed: target=65 temp=65.0 pwm=0.331 sysload=0.59 cputime=49.485 memavail=2524940 print_time=818.170 buffer_time=2.181 print_stall=0 extruder: target=220 temp=220.0 pwm=0.512
Stats 2567120.6: gcodein=0  mcu: mcu_awake=0.034 mcu_task_avg=0.000060 mcu_task_stddev=0.000029 bytes_write=1777151 bytes_read=258398 bytes_retransmit=9 bytes_invalid=0 send_seq=31338 receive_seq=31338 retransmit_seq=2 srtt=0.003 rttvar=0.000 rto=0.025 ready_bytes=25 upcoming_bytes=3082 freq=72002002 sd_pos=714902 heater_bed: target=65 temp=64.9 pwm=0.340 sysload=0.59 cputime=49.589 memavail=2524944 print_time=819.313 buffer_time=2.324 print_stall=0 extruder: target=220 temp=220.0 pwm=0.512
Stats 2567121.6: gcodein=0  mcu: mcu_awake=0.034 mcu_task_avg=0.000060 mcu_task_stddev=0.000029 bytes_write=1782244 bytes_read=258945 bytes_retransmit=9 bytes_invalid=0 send_seq=31422 receive_seq=31422 retransmit_seq=2 srtt=0.003 rttvar=0.000 rto=0.025 ready_bytes=52 upcoming_bytes=1548 freq=72002000 sd_pos=717246 heater_bed: target=65 temp=65.1 pwm=0.122 sysload=0.59 cputime=49.702 memavail=2524244 print_time=820.356 buffer_time=2.361 print_stall=0 extruder: target=220 temp=219.9 pwm=0.583
Stats 2567122.6: gcodein=0  mcu: mcu_awake=0.034 mcu_task_avg=0.000060 mcu_task_stddev=0.000029 bytes_write=1787091 bytes_read=259433 bytes_retransmit=9 bytes_invalid=0 send_seq=31503 receive_seq=31500 retransmit_seq=2 srtt=0.003 rttvar=0.000 rto=0.025 ready_bytes=695 upcoming_bytes=272 freq=72001999 sd_pos=720867 heater_bed: target=65 temp=65.1 pwm=0.035 sysload=0.59 cputime=49.824 memavail=2523264 print_time=821.330 buffer_time=2.334 print_stall=0 extruder: target=220 temp=219.9 pwm=0.505
Stats 2567123.7: gcodein=0  mcu: mcu_awake=0.034 mcu_task_avg=0.000060 mcu_task_stddev=0.000029 bytes_write=1791420 bytes_read=259901 bytes_retransmit=9 bytes_invalid=0 send_seq=31575 receive_seq=31574 retransmit_seq=2 srtt=0.003 rttvar=0.000 rto=0.025 ready_bytes=17 upcoming_bytes=1775 freq=72001999 sd_pos=722963 heater_bed: target=65 temp=65.0 pwm=0.355 sysload=0.63 cputime=49.924 memavail=2524404 print_time=822.355 buffer_time=2.358 print_stall=0 extruder: target=220 temp=220.0 pwm=0.505
Stats 2567124.7: gcodein=0  mcu: mcu_awake=0.034 mcu_task_avg=0.000060 mcu_task_stddev=0.000029 bytes_write=1795754 bytes_read=260383 bytes_retransmit=9 bytes_invalid=0 send_seq=31646 receive_seq=31645 retransmit_seq=2 srtt=0.003 rttvar=0.000 rto=0.025 ready_bytes=26 upcoming_bytes=3759 freq=72001998 sd_pos=724633 heater_bed: target=65 temp=65.2 pwm=0.000 sysload=0.63 cputime=50.026 memavail=2524404 print_time=823.512 buffer_time=2.514 print_stall=0 extruder: target=220 temp=220.0 pwm=0.505
Stats 2567125.7: gcodein=0  mcu: mcu_awake=0.032 mcu_task_avg=0.000055 mcu_task_stddev=0.000032 bytes_write=1800742 bytes_read=260907 bytes_retransmit=9 bytes_invalid=0 send_seq=31728 receive_seq=31727 retransmit_seq=2 srtt=0.003 rttvar=0.000 rto=0.025 ready_bytes=35 upcoming_bytes=737 freq=72001998 sd_pos=725308 heater_bed: target=65 temp=65.0 pwm=0.289 sysload=0.63 cputime=50.113 memavail=2524404 print_time=824.099 buffer_time=2.100 print_stall=0 extruder: target=220 temp=220.0 pwm=0.505
Stats 2567126.7: gcodein=0  mcu: mcu_awake=0.032 mcu_task_avg=0.000055 mcu_task_stddev=0.000032 bytes_write=1806033 bytes_read=261450 bytes_retransmit=9 bytes_invalid=0 send_seq=31816 receive_seq=31816 retransmit_seq=2 srtt=0.003 rttvar=0.000 rto=0.025 ready_bytes=52 upcoming_bytes=0 freq=72001999 sd_pos=728898 heater_bed: target=65 temp=65.0 pwm=0.221 sysload=0.63 cputime=50.242 memavail=2524180 print_time=825.109 buffer_time=2.109 print_stall=0 extruder: target=220 temp=220.1 pwm=0.451
Stats 2567127.7: gcodein=0  mcu: mcu_awake=0.032 mcu_task_avg=0.000055 mcu_task_stddev=0.000032 bytes_write=1810092 bytes_read=261912 bytes_retransmit=9 bytes_invalid=0 send_seq=31884 receive_seq=31883 retransmit_seq=2 srtt=0.003 rttvar=0.000 rto=0.025 ready_bytes=15 upcoming_bytes=2911 freq=72001997 sd_pos=732255 heater_bed: target=65 temp=65.1 pwm=0.045 sysload=0.63 cputime=50.356 memavail=2524180 print_time=826.504 buffer_time=2.503 print_stall=0 extruder: target=220 temp=220.0 pwm=0.535
Stats 2567128.7: gcodein=0  mcu: mcu_awake=0.032 mcu_task_avg=0.000055 mcu_task_stddev=0.000032 bytes_write=1814792 bytes_read=262400 bytes_retransmit=9 bytes_invalid=0 send_seq=31961 receive_seq=31961 retransmit_seq=2 srtt=0.003 rttvar=0.000 rto=0.025 ready_bytes=42 upcoming_bytes=1924 freq=72001995 sd_pos=733005 heater_bed: target=65 temp=65.0 pwm=0.652 sysload=0.58 cputime=50.446 memavail=2524460 print_time=827.150 buffer_time=2.149 print_stall=0 extruder: target=220 temp=220.0 pwm=0.535
Stats 2567129.7: gcodein=0  mcu: mcu_awake=0.032 mcu_task_avg=0.000055 mcu_task_stddev=0.000032 bytes_write=1819724 bytes_read=262903 bytes_retransmit=9 bytes_invalid=0 send_seq=32042 receive_seq=32042 retransmit_seq=2 srtt=0.003 rttvar=0.000 rto=0.025 ready_bytes=47 upcoming_bytes=3215 freq=72001996 sd_pos=734783 heater_bed: target=65 temp=65.0 pwm=0.280 sysload=0.58 cputime=50.555 memavail=2524460 print_time=828.240 buffer_time=2.237 print_stall=0 extruder: target=220 temp=220.1 pwm=0.533
Stats 2567130.7: gcodein=0  mcu: mcu_awake=0.033 mcu_task_avg=0.000057 mcu_task_stddev=0.000031 bytes_write=1825382 bytes_read=263511 bytes_retransmit=9 bytes_invalid=0 send_seq=32135 receive_seq=32135 retransmit_seq=2 srtt=0.003 rttvar=0.000 rto=0.025 ready_bytes=41 upcoming_bytes=830 freq=72001996 sd_pos=736560 heater_bed: target=65 temp=65.0 pwm=0.363 sysload=0.58 cputime=50.673 memavail=2524460 print_time=829.217 buffer_time=2.213 print_stall=0 extruder: target=220 temp=220.0 pwm=0.533
Stats 2567131.7: gcodein=0  mcu: mcu_awake=0.033 mcu_task_avg=0.000057 mcu_task_stddev=0.000031 bytes_write=1831083 bytes_read=264079 bytes_retransmit=9 bytes_invalid=0 send_seq=32230 receive_seq=32229 retransmit_seq=2 srtt=0.003 rttvar=0.000 rto=0.025 ready_bytes=15 upcoming_bytes=16 freq=72001996 sd_pos=739317 heater_bed: target=65 temp=65.1 pwm=0.204 sysload=0.58 cputime=50.793 memavail=2524460 print_time=830.247 buffer_time=2.243 print_stall=0 extruder: target=220 temp=220.0 pwm=0.533
Stats 2567132.7: gcodein=0  mcu: mcu_awake=0.033 mcu_task_avg=0.000057 mcu_task_stddev=0.000031 bytes_write=1834680 bytes_read=264472 bytes_retransmit=9 bytes_invalid=0 send_seq=32289 receive_seq=32288 retransmit_seq=2 srtt=0.003 rttvar=0.000 rto=0.025 ready_bytes=17 upcoming_bytes=3368 freq=72001997 sd_pos=740874 heater_bed: target=65 temp=65.2 pwm=0.000 sysload=0.58 cputime=50.882 memavail=2524236 print_time=831.653 buffer_time=2.649 print_stall=0 extruder: target=220 temp=220.0 pwm=0.507
Stats 2567133.7: gcodein=0  mcu: mcu_awake=0.033 mcu_task_avg=0.000057 mcu_task_stddev=0.000031 bytes_write=1839232 bytes_read=264974 bytes_retransmit=9 bytes_invalid=0 send_seq=32364 receive_seq=32363 retransmit_seq=2 srtt=0.003 rttvar=0.000 rto=0.025 ready_bytes=7 upcoming_bytes=1909 freq=72001996 sd_pos=741478 heater_bed: target=65 temp=65.0 pwm=0.332 sysload=0.53 cputime=50.970 memavail=2524236 print_time=832.186 buffer_time=2.181 print_stall=0 extruder: target=220 temp=219.9 pwm=0.562
Stats 2567134.7: gcodein=0  mcu: mcu_awake=0.033 mcu_task_avg=0.000057 mcu_task_stddev=0.000031 bytes_write=1844281 bytes_read=265487 bytes_retransmit=9 bytes_invalid=0 send_seq=32447 receive_seq=32446 retransmit_seq=2 srtt=0.003 rttvar=0.000 rto=0.025 ready_bytes=24 upcoming_bytes=708 freq=72001996 sd_pos=743621 heater_bed: target=65 temp=65.1 pwm=0.285 sysload=0.53 cputime=51.083 memavail=2524516 print_time=833.232 buffer_time=2.226 print_stall=0 extruder: target=220 temp=220.0 pwm=0.502
Stats 2567135.7: gcodein=0  mcu: mcu_awake=0.033 mcu_task_avg=0.000053 mcu_task_stddev=0.000033 bytes_write=1848599 bytes_read=265961 bytes_retransmit=9 bytes_invalid=0 send_seq=32518 receive_seq=32518 retransmit_seq=2 srtt=0.003 rttvar=0.000 rto=0.025 ready_bytes=31 upcoming_bytes=0 freq=72001996 sd_pos=745228 heater_bed: target=65 temp=65.1 pwm=0.086 sysload=0.53 cputime=51.183 memavail=2524516 print_time=834.048 buffer_time=2.040 print_stall=0 extruder: target=220 temp=220.0 pwm=0.502
Stats 2567136.7: gcodein=0  mcu: mcu_awake=0.033 mcu_task_avg=0.000053 mcu_task_stddev=0.000033 bytes_write=1852805 bytes_read=266438 bytes_retransmit=9 bytes_invalid=0 send_seq=32588 receive_seq=32588 retransmit_seq=2 srtt=0.003 rttvar=0.000 rto=0.025 ready_bytes=43 upcoming_bytes=0 freq=72001997 sd_pos=748646 heater_bed: target=65 temp=65.1 pwm=0.115 sysload=0.53 cputime=51.310 memavail=2524524 print_time=835.092 buffer_time=2.084 print_stall=0 extruder: target=220 temp=220.1 pwm=0.502
Stats 2567137.7: gcodein=0  mcu: mcu_awake=0.033 mcu_task_avg=0.000053 mcu_task_stddev=0.000033 bytes_write=1856920 bytes_read=266866 bytes_retransmit=9 bytes_invalid=0 send_seq=32657 receive_seq=32654 retransmit_seq=2 srtt=0.003 rttvar=0.000 rto=0.025 ready_bytes=396 upcoming_bytes=1039 freq=72001997 sd_pos=751978 heater_bed: target=65 temp=65.1 pwm=0.142 sysload=0.53 cputime=51.425 memavail=2524524 print_time=836.349 buffer_time=2.339 print_stall=0 extruder: target=220 temp=220.1 pwm=0.502
Stats 2567138.7: gcodein=0  mcu: mcu_awake=0.033 mcu_task_avg=0.000053 mcu_task_stddev=0.000033 bytes_write=1861493 bytes_read=267361 bytes_retransmit=9 bytes_invalid=0 send_seq=32732 receive_seq=32732 retransmit_seq=2 srtt=0.003 rttvar=0.000 rto=0.025 ready_bytes=58 upcoming_bytes=524 freq=72001997 sd_pos=752944 heater_bed: target=65 temp=65.1 pwm=0.419 sysload=0.57 cputime=51.512 memavail=2524524 print_time=837.094 buffer_time=2.083 print_stall=0 extruder: target=220 temp=220.1 pwm=0.523
Stats 2567139.7: gcodein=0  mcu: mcu_awake=0.033 mcu_task_avg=0.000053 mcu_task_stddev=0.000033 bytes_write=1865993 bytes_read=267825 bytes_retransmit=9 bytes_invalid=0 send_seq=32805 receive_seq=32804 retransmit_seq=2 srtt=0.003 rttvar=0.000 rto=0.025 ready_bytes=26 upcoming_bytes=4336 freq=72001997 sd_pos=754835 heater_bed: target=65 temp=65.1 pwm=0.116 sysload=0.57 cputime=51.632 memavail=2524524 print_time=838.648 buffer_time=2.635 print_stall=0 extruder: target=220 temp=220.1 pwm=0.523
Stats 2567140.7: gcodein=0  mcu: mcu_awake=0.031 mcu_task_avg=0.000052 mcu_task_stddev=0.000033 bytes_write=1871074 bytes_read=268352 bytes_retransmit=9 bytes_invalid=0 send_seq=32888 receive_seq=32888 retransmit_seq=2 srtt=0.003 rttvar=0.000 rto=0.025 ready_bytes=56 upcoming_bytes=2490 freq=72001997 sd_pos=755720 heater_bed: target=65 temp=65.1 pwm=0.172 sysload=0.57 cputime=51.717 memavail=2524524 print_time=839.231 buffer_time=2.219 print_stall=0 extruder: target=220 temp=220.1 pwm=0.523
Stats 2567141.7: gcodein=0  mcu: mcu_awake=0.031 mcu_task_avg=0.000052 mcu_task_stddev=0.000033 bytes_write=1876720 bytes_read=268920 bytes_retransmit=9 bytes_invalid=0 send_seq=32981 receive_seq=32980 retransmit_seq=2 srtt=0.003 rttvar=0.000 rto=0.025 ready_bytes=24 upcoming_bytes=822 freq=72001996 sd_pos=756359 heater_bed: target=65 temp=65.1 pwm=0.316 sysload=0.57 cputime=51.810 memavail=2524524 print_time=840.084 buffer_time=2.070 print_stall=0 extruder: target=220 temp=220.1 pwm=0.523
Stats 2567142.7: gcodein=0  mcu: mcu_awake=0.031 mcu_task_avg=0.000052 mcu_task_stddev=0.000033 bytes_write=1881975 bytes_read=269472 bytes_retransmit=9 bytes_invalid=0 send_seq=33068 receive_seq=33068 retransmit_seq=2 srtt=0.003 rttvar=0.000 rto=0.025 ready_bytes=40 upcoming_bytes=543 freq=72001994 sd_pos=758251 heater_bed: target=65 temp=65.1 pwm=0.265 sysload=0.57 cputime=51.923 memavail=2524524 print_time=841.196 buffer_time=2.181 print_stall=0 extruder: target=220 temp=220.0 pwm=0.510
Stats 2567143.7: gcodein=0  mcu: mcu_awake=0.031 mcu_task_avg=0.000052 mcu_task_stddev=0.000033 bytes_write=1886172 bytes_read=269915 bytes_retransmit=9 bytes_invalid=0 send_seq=33137 receive_seq=33137 retransmit_seq=2 srtt=0.003 rttvar=0.000 rto=0.025 ready_bytes=22 upcoming_bytes=0 freq=72001993 sd_pos=759858 heater_bed: target=65 temp=65.0 pwm=0.485 sysload=0.52 cputime=52.026 memavail=2524524 print_time=842.070 buffer_time=2.054 print_stall=0 extruder: target=220 temp=220.0 pwm=0.510
Stats 2567144.7: gcodein=0  mcu: mcu_awake=0.031 mcu_task_avg=0.000052 mcu_task_stddev=0.000033 bytes_write=1890862 bytes_read=270408 bytes_retransmit=9 bytes_invalid=0 send_seq=33214 receive_seq=33213 retransmit_seq=2 srtt=0.003 rttvar=0.000 rto=0.025 ready_bytes=32 upcoming_bytes=2884 freq=72001992 sd_pos=762389 heater_bed: target=65 temp=65.0 pwm=0.331 sysload=0.52 cputime=52.141 memavail=2524300 print_time=843.547 buffer_time=2.530 print_stall=0 extruder: target=220 temp=220.0 pwm=0.510
Stats 2567145.7: gcodein=0  mcu: mcu_awake=0.032 mcu_task_avg=0.000057 mcu_task_stddev=0.000030 bytes_write=1895180 bytes_read=270896 bytes_retransmit=9 bytes_invalid=0 send_seq=33285 receive_seq=33285 retransmit_seq=2 srtt=0.003 rttvar=0.000 rto=0.025 ready_bytes=32 upcoming_bytes=916 freq=72001992 sd_pos=763486 heater_bed: target=65 temp=65.1 pwm=0.060 sysload=0.52 cputime=52.233 memavail=2523628 print_time=844.309 buffer_time=2.291 print_stall=0 extruder: target=220 temp=220.1 pwm=0.447
Stats 2567146.7: gcodein=0  mcu: mcu_awake=0.032 mcu_task_avg=0.000057 mcu_task_stddev=0.000030 bytes_write=1900024 bytes_read=271399 bytes_retransmit=9 bytes_invalid=0 send_seq=33367 receive_seq=33366 retransmit_seq=2 srtt=0.003 rttvar=0.000 rto=0.025 ready_bytes=13 upcoming_bytes=1086 freq=72001990 sd_pos=766548 heater_bed: target=65 temp=65.0 pwm=0.364 sysload=0.52 cputime=52.355 memavail=2523628 print_time=845.351 buffer_time=2.333 print_stall=0 extruder: target=220 temp=220.1 pwm=0.528
Stats 2567147.7: gcodein=0  mcu: mcu_awake=0.032 mcu_task_avg=0.000057 mcu_task_stddev=0.000030 bytes_write=1903733 bytes_read=271827 bytes_retransmit=9 bytes_invalid=0 send_seq=33429 receive_seq=33429 retransmit_seq=2 srtt=0.003 rttvar=0.000 rto=0.025 ready_bytes=56 upcoming_bytes=684 freq=72001989 sd_pos=768731 heater_bed: target=65 temp=65.0 pwm=0.313 sysload=0.52 cputime=52.456 memavail=2523628 print_time=846.232 buffer_time=2.213 print_stall=0 extruder: target=220 temp=220.1 pwm=0.467
Stats 2567148.7: gcodein=0  mcu: mcu_awake=0.032 mcu_task_avg=0.000057 mcu_task_stddev=0.000030 bytes_write=1908321 bytes_read=272314 bytes_retransmit=9 bytes_invalid=0 send_seq=33505 receive_seq=33504 retransmit_seq=2 srtt=0.003 rttvar=0.000 rto=0.025 ready_bytes=42 upcoming_bytes=773 freq=72001987 sd_pos=771375 heater_bed: target=65 temp=65.0 pwm=0.311 sysload=0.72 cputime=52.582 memavail=2523628 print_time=847.228 buffer_time=2.207 print_stall=0 extruder: target=220 temp=220.1 pwm=0.467
Stats 2567149.7: gcodein=0  mcu: mcu_awake=0.032 mcu_task_avg=0.000057 mcu_task_stddev=0.000030 bytes_write=1912635 bytes_read=272772 bytes_retransmit=9 bytes_invalid=0 send_seq=33577 receive_seq=33576 retransmit_seq=2 srtt=0.003 rttvar=0.000 rto=0.025 ready_bytes=24 upcoming_bytes=698 freq=72001988 sd_pos=773453 heater_bed: target=65 temp=65.0 pwm=0.155 sysload=0.72 cputime=52.683 memavail=2523628 print_time=848.102 buffer_time=2.080 print_stall=0 extruder: target=220 temp=220.1 pwm=0.523
Stats 2567150.7: gcodein=0  mcu: mcu_awake=0.031 mcu_task_avg=0.000051 mcu_task_stddev=0.000033 bytes_write=1917612 bytes_read=273316 bytes_retransmit=9 bytes_invalid=0 send_seq=33659 receive_seq=33659 retransmit_seq=2 srtt=0.003 rttvar=0.000 rto=0.025 ready_bytes=57 upcoming_bytes=3662 freq=72001987 sd_pos=775489 heater_bed: target=65 temp=65.0 pwm=0.000 sysload=0.72 cputime=52.799 memavail=2523628 print_time=849.576 buffer_time=2.554 print_stall=0 extruder: target=220 temp=220.0 pwm=0.523
Stats 2567151.7: gcodein=0  mcu: mcu_awake=0.031 mcu_task_avg=0.000051 mcu_task_stddev=0.000033 bytes_write=1922424 bytes_read=273823 bytes_retransmit=9 bytes_invalid=0 send_seq=33738 receive_seq=33738 retransmit_seq=2 srtt=0.003 rttvar=0.000 rto=0.025 ready_bytes=32 upcoming_bytes=2776 freq=72001987 sd_pos=776356 heater_bed: target=65 temp=65.0 pwm=0.048 sysload=0.72 cputime=52.889 memavail=2523628 print_time=850.296 buffer_time=2.274 print_stall=0 extruder: target=220 temp=220.0 pwm=0.523
Stats 2567152.7: gcodein=0  mcu: mcu_awake=0.031 mcu_task_avg=0.000051 mcu_task_stddev=0.000033 bytes_write=1928200 bytes_read=274391 bytes_retransmit=9 bytes_invalid=0 send_seq=33833 receive_seq=33832 retransmit_seq=2 srtt=0.003 rttvar=0.000 rto=0.025 ready_bytes=35 upcoming_bytes=1070 freq=72001989 sd_pos=777137 heater_bed: target=65 temp=65.0 pwm=0.270 sysload=0.72 cputime=52.985 memavail=2523632 print_time=851.035 buffer_time=2.011 print_stall=0 extruder: target=220 temp=220.0 pwm=0.511
Stats 2567153.7: gcodein=0  mcu: mcu_awake=0.031 mcu_task_avg=0.000051 mcu_task_stddev=0.000033 bytes_write=1933546 bytes_read=274944 bytes_retransmit=9 bytes_invalid=0 send_seq=33920 receive_seq=33920 retransmit_seq=2 srtt=0.003 rttvar=0.000 rto=0.025 ready_bytes=50 upcoming_bytes=2852 freq=72001991 sd_pos=779216 heater_bed: target=65 temp=65.0 pwm=0.000 sysload=0.74 cputime=53.100 memavail=2527468 print_time=852.408 buffer_time=2.383 print_stall=0 extruder: target=220 temp=219.9 pwm=0.511
Stats 2567154.7: gcodein=0  mcu: mcu_awake=0.031 mcu_task_avg=0.000051 mcu_task_stddev=0.000033 bytes_write=1938761 bytes_read=275481 bytes_retransmit=9 bytes_invalid=0 send_seq=34006 receive_seq=34005 retransmit_seq=2 srtt=0.003 rttvar=0.000 rto=0.025 ready_bytes=16 upcoming_bytes=556 freq=72001992 sd_pos=779942 heater_bed: target=65 temp=65.0 pwm=0.230 sysload=0.74 cputime=53.193 memavail=2526976 print_time=853.048 buffer_time=2.022 print_stall=0 extruder: target=220 temp=219.9 pwm=0.511
Stats 2567155.7: gcodein=0  mcu: mcu_awake=0.033 mcu_task_avg=0.000060 mcu_task_stddev=0.000028 bytes_write=1943811 bytes_read=276015 bytes_retransmit=9 bytes_invalid=0 send_seq=34089 receive_seq=34089 retransmit_seq=2 srtt=0.003 rttvar=0.000 rto=0.025 ready_bytes=44 upcoming_bytes=666 freq=72001991 sd_pos=782619 heater_bed: target=65 temp=65.0 pwm=0.192 sysload=0.74 cputime=53.324 memavail=2526976 print_time=854.333 buffer_time=2.306 print_stall=0 extruder: target=220 temp=219.9 pwm=0.511
Stats 2567156.7: gcodein=0  mcu: mcu_awake=0.033 mcu_task_avg=0.000060 mcu_task_stddev=0.000028 bytes_write=1947734 bytes_read=276438 bytes_retransmit=9 bytes_invalid=0 send_seq=34154 receive_seq=34151 retransmit_seq=2 srtt=0.003 rttvar=0.000 rto=0.025 ready_bytes=528 upcoming_bytes=1968 freq=72001991 sd_pos=785854 heater_bed: target=65 temp=65.0 pwm=0.236 sysload=0.74 cputime=53.438 memavail=2526976 print_time=855.576 buffer_time=2.538 print_stall=0 extruder: target=220 temp=219.9 pwm=0.511
Stats 2567157.7: gcodein=0  mcu: mcu_awake=0.033 mcu_task_avg=0.000060 mcu_task_stddev=0.000028 bytes_write=1952391 bytes_read=276945 bytes_retransmit=9 bytes_invalid=0 send_seq=34230 receive_seq=34230 retransmit_seq=2 srtt=0.003 rttvar=0.000 rto=0.025 ready_bytes=50 upcoming_bytes=2098 freq=72001990 sd_pos=786658 heater_bed: target=65 temp=65.1 pwm=0.000 sysload=0.74 cputime=53.530 memavail=2526976 print_time=856.359 buffer_time=2.321 print_stall=0 extruder: target=220 temp=219.8 pwm=0.580
Stats 2567158.7: gcodein=0  mcu: mcu_awake=0.033 mcu_task_avg=0.000060 mcu_task_stddev=0.000028 bytes_write=1957172 bytes_read=277444 bytes_retransmit=9 bytes_invalid=0 send_seq=34309 receive_seq=34308 retransmit_seq=2 srtt=0.003 rttvar=0.000 rto=0.025 ready_bytes=15 upcoming_bytes=2116 freq=72001991 sd_pos=787633 heater_bed: target=65 temp=65.0 pwm=0.243 sysload=0.76 cputime=53.621 memavail=2526976 print_time=857.204 buffer_time=2.165 print_stall=0 extruder: target=220 temp=219.8 pwm=0.538
Stats 2567159.7: gcodein=0  mcu: mcu_awake=0.033 mcu_task_avg=0.000060 mcu_task_stddev=0.000028 bytes_write=1962232 bytes_read=277977 bytes_retransmit=9 bytes_invalid=0 send_seq=34392 receive_seq=34392 retransmit_seq=2 srtt=0.003 rttvar=0.000 rto=0.025 ready_bytes=0 upcoming_bytes=0 freq=72001998 sd_pos=788936 heater_bed: target=65 temp=65.1 pwm=0.148 sysload=0.76 cputime=53.729 memavail=2526752 print_time=858.053 buffer_time=2.012 print_stall=0 extruder: target=220 temp=219.9 pwm=0.474
Stats 2567160.7: gcodein=0  mcu: mcu_awake=0.032 mcu_task_avg=0.000054 mcu_task_stddev=0.000032 bytes_write=1966647 bytes_read=278475 bytes_retransmit=9 bytes_invalid=0 send_seq=34466 receive_seq=34466 retransmit_seq=2 srtt=0.003 rttvar=0.001 rto=0.025 ready_bytes=0 upcoming_bytes=0 freq=72001996 sd_pos=792237 heater_bed: target=65 temp=65.0 pwm=0.279 sysload=0.76 cputime=53.846 memavail=2526756 print_time=859.079 buffer_time=2.038 print_stall=0 extruder: target=220 temp=219.9 pwm=0.535
Stats 2567161.7: gcodein=0  mcu: mcu_awake=0.032 mcu_task_avg=0.000054 mcu_task_stddev=0.000032 bytes_write=1971215 bytes_read=278953 bytes_retransmit=9 bytes_invalid=0 send_seq=34542 receive_seq=34542 retransmit_seq=2 srtt=0.003 rttvar=0.000 rto=0.025 ready_bytes=40 upcoming_bytes=2261 freq=72001996 sd_pos=795201 heater_bed: target=65 temp=65.0 pwm=0.100 sysload=0.76 cputime=53.958 memavail=2525860 print_time=860.475 buffer_time=2.433 print_stall=0 extruder: target=220 temp=220.1 pwm=0.473
Stats 2567162.7: gcodein=0  mcu: mcu_awake=0.032 mcu_task_avg=0.000054 mcu_task_stddev=0.000032 bytes_write=1975836 bytes_read=279436 bytes_retransmit=9 bytes_invalid=0 send_seq=34617 receive_seq=34616 retransmit_seq=2 srtt=0.003 rttvar=0.000 rto=0.025 ready_bytes=8 upcoming_bytes=1587 freq=72001995 sd_pos=796009 heater_bed: target=65 temp=65.0 pwm=0.377 sysload=0.76 cputime=54.043 memavail=2525136 print_time=861.197 buffer_time=2.153 print_stall=0 extruder: target=220 temp=220.1 pwm=0.473
Stats 2567163.7: gcodein=0  mcu: mcu_awake=0.032 mcu_task_avg=0.000054 mcu_task_stddev=0.000032 bytes_write=1980838 bytes_read=279958 bytes_retransmit=9 bytes_invalid=0 send_seq=34699 receive_seq=34698 retransmit_seq=2 srtt=0.003 rttvar=0.000 rto=0.025 ready_bytes=15 upcoming_bytes=2386 freq=72001994 sd_pos=797447 heater_bed: target=65 temp=65.1 pwm=0.060 sysload=0.94 cputime=54.145 memavail=2524912 print_time=862.270 buffer_time=2.226 print_stall=0 extruder: target=220 temp=220.1 pwm=0.473
Stats 2567164.7: gcodein=0  mcu: mcu_awake=0.032 mcu_task_avg=0.000054 mcu_task_stddev=0.000032 bytes_write=1986015 bytes_read=280491 bytes_retransmit=9 bytes_invalid=0 send_seq=34785 receive_seq=34785 retransmit_seq=2 srtt=0.003 rttvar=0.000 rto=0.025 ready_bytes=52 upcoming_bytes=805 freq=72001993 sd_pos=799691 heater_bed: target=65 temp=65.0 pwm=0.358 sysload=0.94 cputime=54.260 memavail=2528764 print_time=863.275 buffer_time=2.229 print_stall=0 extruder: target=220 temp=220.1 pwm=0.473
Stats 2567165.7: gcodein=0  mcu: mcu_awake=0.033 mcu_task_avg=0.000054 mcu_task_stddev=0.000032 bytes_write=1991237 bytes_read=281045 bytes_retransmit=9 bytes_invalid=0 send_seq=34871 receive_seq=34870 retransmit_seq=2 srtt=0.003 rttvar=0.001 rto=0.025 ready_bytes=23 upcoming_bytes=354 freq=72001993 sd_pos=802899 heater_bed: target=65 temp=65.0 pwm=0.272 sysload=0.94 cputime=54.386 memavail=2528764 print_time=864.280 buffer_time=2.233 print_stall=0 extruder: target=220 temp=220.0 pwm=0.527
Stats 2567166.7: gcodein=0  mcu: mcu_awake=0.033 mcu_task_avg=0.000054 mcu_task_stddev=0.000032 bytes_write=1994796 bytes_read=281457 bytes_retransmit=9 bytes_invalid=0 send_seq=34930 receive_seq=34930 retransmit_seq=2 srtt=0.003 rttvar=0.001 rto=0.025 ready_bytes=24 upcoming_bytes=2804 freq=72001993 sd_pos=804892 heater_bed: target=65 temp=64.9 pwm=0.734 sysload=0.94 cputime=54.486 memavail=2528764 print_time=865.441 buffer_time=2.393 print_stall=0 extruder: target=220 temp=220.0 pwm=0.527
Stats 2567167.7: gcodein=0  mcu: mcu_awake=0.033 mcu_task_avg=0.000054 mcu_task_stddev=0.000032 bytes_write=1999816 bytes_read=281970 bytes_retransmit=9 bytes_invalid=0 send_seq=35013 receive_seq=35013 retransmit_seq=2 srtt=0.003 rttvar=0.000 rto=0.025 ready_bytes=39 upcoming_bytes=2203 freq=72001992 sd_pos=805672 heater_bed: target=65 temp=65.0 pwm=0.183 sysload=0.94 cputime=54.579 memavail=2528764 print_time=866.211 buffer_time=2.161 print_stall=0 extruder: target=220 temp=220.0 pwm=0.527
Stats 2567168.7: gcodein=0  mcu: mcu_awake=0.033 mcu_task_avg=0.000054 mcu_task_stddev=0.000032 bytes_write=2005059 bytes_read=282513 bytes_retransmit=9 bytes_invalid=0 send_seq=35099 receive_seq=35099 retransmit_seq=2 srtt=0.003 rttvar=0.001 rto=0.025 ready_bytes=56 upcoming_bytes=2882 freq=72001992 sd_pos=807119 heater_bed: target=65 temp=65.1 pwm=0.143 sysload=1.11 cputime=54.694 memavail=2528764 print_time=867.302 buffer_time=2.251 print_stall=0 extruder: target=220 temp=219.9 pwm=0.527
Stats 2567169.7: gcodein=0  mcu: mcu_awake=0.033 mcu_task_avg=0.000054 mcu_task_stddev=0.000032 bytes_write=2010689 bytes_read=283085 bytes_retransmit=9 bytes_invalid=0 send_seq=35191 receive_seq=35191 retransmit_seq=2 srtt=0.003 rttvar=0.000 rto=0.025 ready_bytes=24 upcoming_bytes=909 freq=72001992 sd_pos=809247 heater_bed: target=65 temp=64.9 pwm=0.658 sysload=1.11 cputime=54.810 memavail=2528764 print_time=868.295 buffer_time=2.243 print_stall=0 extruder: target=220 temp=219.9 pwm=0.512
Stats 2567170.7: gcodein=0  mcu: mcu_awake=0.032 mcu_task_avg=0.000056 mcu_task_stddev=0.000031 bytes_write=2016078 bytes_read=283634 bytes_retransmit=9 bytes_invalid=0 send_seq=35279 receive_seq=35278 retransmit_seq=2 srtt=0.003 rttvar=0.000 rto=0.025 ready_bytes=7 upcoming_bytes=0 freq=72001991 sd_pos=812154 heater_bed: target=65 temp=65.0 pwm=0.290 sysload=1.11 cputime=54.925 memavail=2528772 print_time=869.312 buffer_time=2.260 print_stall=0 extruder: target=220 temp=220.0 pwm=0.512
Stats 2567171.7: gcodein=0  mcu: mcu_awake=0.032 mcu_task_avg=0.000056 mcu_task_stddev=0.000031 bytes_write=2019661 bytes_read=284052 bytes_retransmit=9 bytes_invalid=0 send_seq=35339 receive_seq=35339 retransmit_seq=2 srtt=0.003 rttvar=0.000 rto=0.025 ready_bytes=7 upcoming_bytes=844 freq=72001991 sd_pos=813142 heater_bed: target=65 temp=65.0 pwm=0.456 sysload=1.11 cputime=55.003 memavail=2528772 print_time=870.117 buffer_time=2.064 print_stall=0 extruder: target=220 temp=219.9 pwm=0.512
Stats 2567172.7: gcodein=0  mcu: mcu_awake=0.032 mcu_task_avg=0.000056 mcu_task_stddev=0.000031 bytes_write=2024175 bytes_read=284534 bytes_retransmit=9 bytes_invalid=0 send_seq=35413 receive_seq=35413 retransmit_seq=2 srtt=0.003 rttvar=0.000 rto=0.025 ready_bytes=32 upcoming_bytes=3878 freq=72001990 sd_pos=814505 heater_bed: target=65 temp=65.1 pwm=0.000 sysload=1.11 cputime=55.110 memavail=2528032 print_time=871.518 buffer_time=2.464 print_stall=0 extruder: target=220 temp=219.9 pwm=0.512
Stats 2567173.7: gcodein=0  mcu: mcu_awake=0.032 mcu_task_avg=0.000056 mcu_task_stddev=0.000031 bytes_write=2029678 bytes_read=285077 bytes_retransmit=9 bytes_invalid=0 send_seq=35503 receive_seq=35502 retransmit_seq=2 srtt=0.003 rttvar=0.000 rto=0.025 ready_bytes=16 upcoming_bytes=424 freq=72001991 sd_pos=815223 heater_bed: target=65 temp=65.0 pwm=0.376 sysload=1.02 cputime=55.205 memavail=2528032 print_time=872.181 buffer_time=2.127 print_stall=0 extruder: target=220 temp=219.9 pwm=0.513
Stats 2567174.7: gcodein=0  mcu: mcu_awake=0.032 mcu_task_avg=0.000056 mcu_task_stddev=0.000031 bytes_write=2035018 bytes_read=285635 bytes_retransmit=9 bytes_invalid=0 send_seq=35591 receive_seq=35591 retransmit_seq=2 srtt=0.003 rttvar=0.000 rto=0.025 ready_bytes=49 upcoming_bytes=264 freq=72001988 sd_pos=818284 heater_bed: target=65 temp=65.0 pwm=0.370 sysload=1.02 cputime=55.331 memavail=2529824 print_time=873.365 buffer_time=2.310 print_stall=0 extruder: target=220 temp=219.9 pwm=0.513
Stats 2567175.7: gcodein=0  mcu: mcu_awake=0.033 mcu_task_avg=0.000053 mcu_task_stddev=0.000033 bytes_write=2038425 bytes_read=286053 bytes_retransmit=9 bytes_invalid=0 send_seq=35649 receive_seq=35649 retransmit_seq=2 srtt=0.003 rttvar=0.001 rto=0.025 ready_bytes=53 upcoming_bytes=337 freq=72001989 sd_pos=821093 heater_bed: target=65 temp=65.1 pwm=0.271 sysload=1.02 cputime=55.437 memavail=2529824 print_time=874.213 buffer_time=2.156 print_stall=0 extruder: target=220 temp=219.9 pwm=0.513
Stats 2567176.7: gcodein=0  mcu: mcu_awake=0.033 mcu_task_avg=0.000053 mcu_task_stddev=0.000033 bytes_write=2043208 bytes_read=286551 bytes_retransmit=9 bytes_invalid=0 send_seq=35729 receive_seq=35729 retransmit_seq=2 srtt=0.003 rttvar=0.000 rto=0.025 ready_bytes=49 upcoming_bytes=0 freq=72001989 sd_pos=823675 heater_bed: target=65 temp=65.0 pwm=0.630 sysload=1.02 cputime=55.546 memavail=2529584 print_time=875.267 buffer_time=2.209 print_stall=0 extruder: target=220 temp=220.0 pwm=0.513
Stats 2567177.7: gcodein=0  mcu: mcu_awake=0.033 mcu_task_avg=0.000053 mcu_task_stddev=0.000033 bytes_write=2047018 bytes_read=286979 bytes_retransmit=9 bytes_invalid=0 send_seq=35792 receive_seq=35792 retransmit_seq=2 srtt=0.003 rttvar=0.000 rto=0.025 ready_bytes=40 upcoming_bytes=1653 freq=72001988 sd_pos=826131 heater_bed: target=65 temp=65.1 pwm=0.292 sysload=1.02 cputime=55.647 memavail=2529584 print_time=876.369 buffer_time=2.310 print_stall=0 extruder: target=220 temp=219.9 pwm=0.513
Stats 2567178.7: gcodein=0  mcu: mcu_awake=0.033 mcu_task_avg=0.000053 mcu_task_stddev=0.000033 bytes_write=2051482 bytes_read=287461 bytes_retransmit=9 bytes_invalid=0 send_seq=35866 receive_seq=35866 retransmit_seq=2 srtt=0.003 rttvar=0.000 rto=0.025 ready_bytes=34 upcoming_bytes=1171 freq=72001988 sd_pos=826905 heater_bed: target=65 temp=65.1 pwm=0.258 sysload=0.94 cputime=55.730 memavail=2529588 print_time=877.057 buffer_time=1.999 print_stall=0 extruder: target=220 temp=219.9 pwm=0.498
Stats 2567179.7: gcodein=0  mcu: mcu_awake=0.033 mcu_task_avg=0.000053 mcu_task_stddev=0.000033 bytes_write=2056527 bytes_read=287964 bytes_retransmit=9 bytes_invalid=0 send_seq=35948 receive_seq=35947 retransmit_seq=2 srtt=0.003 rttvar=0.000 rto=0.025 ready_bytes=30 upcoming_bytes=3146 freq=72001987 sd_pos=828493 heater_bed: target=65 temp=65.1 pwm=0.089 sysload=0.94 cputime=55.835 memavail=2529588 print_time=878.513 buffer_time=2.454 print_stall=0 extruder: target=220 temp=220.0 pwm=0.498
Stats 2567180.7: gcodein=0  mcu: mcu_awake=0.032 mcu_task_avg=0.000055 mcu_task_stddev=0.000032 bytes_write=2062254 bytes_read=288577 bytes_retransmit=9 bytes_invalid=0 send_seq=36042 receive_seq=36041 retransmit_seq=2 srtt=0.003 rttvar=0.000 rto=0.025 ready_bytes=36 upcoming_bytes=1693 freq=72001987 sd_pos=829479 heater_bed: target=65 temp=65.1 pwm=0.257 sysload=0.94 cputime=55.933 memavail=2529364 print_time=879.236 buffer_time=2.176 print_stall=0 extruder: target=220 temp=219.9 pwm=0.566
Stats 2567181.7: gcodein=0  mcu: mcu_awake=0.032 mcu_task_avg=0.000055 mcu_task_stddev=0.000032 bytes_write=2067302 bytes_read=289090 bytes_retransmit=9 bytes_invalid=0 send_seq=36125 receive_seq=36124 retransmit_seq=2 srtt=0.003 rttvar=0.000 rto=0.025 ready_bytes=17 upcoming_bytes=245 freq=72001990 sd_pos=831381 heater_bed: target=65 temp=65.1 pwm=0.131 sysload=0.94 cputime=56.045 memavail=2529364 print_time=880.108 buffer_time=2.047 print_stall=0 extruder: target=220 temp=219.9 pwm=0.506
Stats 2567182.7: gcodein=0  mcu: mcu_awake=0.032 mcu_task_avg=0.000055 mcu_task_stddev=0.000032 bytes_write=2072362 bytes_read=289608 bytes_retransmit=9 bytes_invalid=0 send_seq=36208 receive_seq=36208 retransmit_seq=2 srtt=0.003 rttvar=0.000 rto=0.025 ready_bytes=57 upcoming_bytes=1633 freq=72001988 sd_pos=832833 heater_bed: target=65 temp=65.0 pwm=0.445 sysload=0.94 cputime=56.155 memavail=2529140 print_time=881.538 buffer_time=2.477 print_stall=0 extruder: target=220 temp=219.9 pwm=0.506
Stats 2567183.7: gcodein=0  mcu: mcu_awake=0.032 mcu_task_avg=0.000055 mcu_task_stddev=0.000032 bytes_write=2076641 bytes_read=290080 bytes_retransmit=9 bytes_invalid=0 send_seq=36278 receive_seq=36277 retransmit_seq=2 srtt=0.003 rttvar=0.000 rto=0.025 ready_bytes=24 upcoming_bytes=299 freq=72001989 sd_pos=834315 heater_bed: target=65 temp=65.0 pwm=0.413 sysload=0.86 cputime=56.250 memavail=2528916 print_time=882.158 buffer_time=2.096 print_stall=0 extruder: target=220 temp=220.0 pwm=0.506
Stats 2567184.7: gcodein=0  mcu: mcu_awake=0.032 mcu_task_avg=0.000055 mcu_task_stddev=0.000032 bytes_write=2081849 bytes_read=290608 bytes_retransmit=9 bytes_invalid=0 send_seq=36364 receive_seq=36363 retransmit_seq=2 srtt=0.003 rttvar=0.000 rto=0.025 ready_bytes=27 upcoming_bytes=1156 freq=72001987 sd_pos=835867 heater_bed: target=65 temp=64.9 pwm=0.557 sysload=0.86 cputime=56.359 memavail=2529456 print_time=883.238 buffer_time=2.176 print_stall=0 extruder: target=220 temp=220.0 pwm=0.506
Stats 2567185.7: gcodein=0  mcu: mcu_awake=0.032 mcu_task_avg=0.000055 mcu_task_stddev=0.000032 bytes_write=2085463 bytes_read=290991 bytes_retransmit=9 bytes_invalid=0 send_seq=36423 receive_seq=36420 retransmit_seq=2 srtt=0.003 rttvar=0.000 rto=0.025 ready_bytes=274 upcoming_bytes=617 freq=72001987 sd_pos=837570 heater_bed: target=65 temp=65.0 pwm=0.141 sysload=0.86 cputime=56.451 memavail=2529012 print_time=884.317 buffer_time=2.254 print_stall=0 extruder: target=220 temp=219.9 pwm=0.518
Stats 2567186.7: gcodein=0  mcu: mcu_awake=0.031 mcu_task_avg=0.000060 mcu_task_stddev=0.000029 bytes_write=2090420 bytes_read=291559 bytes_retransmit=9 bytes_invalid=0 send_seq=36506 receive_seq=36505 retransmit_seq=2 srtt=0.003 rttvar=0.000 rto=0.025 ready_bytes=0 upcoming_bytes=0 freq=72001986 sd_pos=840196 heater_bed: target=65 temp=64.9 pwm=0.374 sysload=0.86 cputime=56.551 memavail=2529012 print_time=885.120 buffer_time=2.056 print_stall=0 extruder: target=220 temp=220.0 pwm=0.518
Stats 2567187.7: gcodein=0  mcu: mcu_awake=0.031 mcu_task_avg=0.000060 mcu_task_stddev=0.000029 bytes_write=2094404 bytes_read=291992 bytes_retransmit=9 bytes_invalid=0 send_seq=36573 receive_seq=36572 retransmit_seq=2 srtt=0.003 rttvar=0.000 rto=0.025 ready_bytes=8 upcoming_bytes=587 freq=72001986 sd_pos=843237 heater_bed: target=65 temp=64.9 pwm=0.367 sysload=0.86 cputime=56.665 memavail=2528788 print_time=886.316 buffer_time=2.251 print_stall=0 extruder: target=220 temp=220.1 pwm=0.518
Stats 2567188.7: gcodein=0  mcu: mcu_awake=0.031 mcu_task_avg=0.000060 mcu_task_stddev=0.000029 bytes_write=2099176 bytes_read=292485 bytes_retransmit=9 bytes_invalid=0 send_seq=36652 receive_seq=36651 retransmit_seq=2 srtt=0.003 rttvar=0.000 rto=0.025 ready_bytes=21 upcoming_bytes=0 freq=72001986 sd_pos=845471 heater_bed: target=65 temp=64.9 pwm=0.643 sysload=0.79 cputime=56.777 memavail=2528788 print_time=887.258 buffer_time=2.192 print_stall=0 extruder: target=220 temp=220.1 pwm=0.518
Stats 2567189.7: gcodein=0  mcu: mcu_awake=0.031 mcu_task_avg=0.000060 mcu_task_stddev=0.000029 bytes_write=2102908 bytes_read=292927 bytes_retransmit=9 bytes_invalid=0 send_seq=36714 receive_seq=36714 retransmit_seq=2 srtt=0.003 rttvar=0.000 rto=0.025 ready_bytes=51 upcoming_bytes=1894 freq=72001985 sd_pos=847755 heater_bed: target=65 temp=64.8 pwm=0.824 sysload=0.79 cputime=56.873 memavail=2528788 print_time=888.396 buffer_time=2.330 print_stall=0 extruder: target=220 temp=220.1 pwm=0.494
Stats 2567190.7: gcodein=0  mcu: mcu_awake=0.031 mcu_task_avg=0.000060 mcu_task_stddev=0.000029 bytes_write=2107817 bytes_read=293425 bytes_retransmit=9 bytes_invalid=0 send_seq=36794 receive_seq=36794 retransmit_seq=2 srtt=0.003 rttvar=0.000 rto=0.025 ready_bytes=40 upcoming_bytes=1839 freq=72001991 sd_pos=848585 heater_bed: target=65 temp=64.9 pwm=0.149 sysload=0.79 cputime=56.962 memavail=2528796 print_time=889.230 buffer_time=2.163 print_stall=0 extruder: target=220 temp=220.1 pwm=0.494
toolhead: max_velocity: 800.000000
max_accel: 2500.000000
minimum_cruise_ratio: 0.500000
square_corner_velocity: 5.000000
Stats 2567191.7: gcodein=0  mcu: mcu_awake=0.031 mcu_task_avg=0.000050 mcu_task_stddev=0.000033 bytes_write=2112764 bytes_read=293939 bytes_retransmit=9 bytes_invalid=0 send_seq=36875 receive_seq=36874 retransmit_seq=2 srtt=0.003 rttvar=0.000 rto=0.025 ready_bytes=25 upcoming_bytes=2822 freq=72001992 sd_pos=849869 heater_bed: target=65 temp=64.8 pwm=0.649 sysload=0.79 cputime=57.065 memavail=2528796 print_time=890.390 buffer_time=2.321 print_stall=0 extruder: target=220 temp=220.1 pwm=0.494
Stats 2567192.7: gcodein=0  mcu: mcu_awake=0.031 mcu_task_avg=0.000050 mcu_task_stddev=0.000033 bytes_write=2118380 bytes_read=294536 bytes_retransmit=9 bytes_invalid=0 send_seq=36968 receive_seq=36968 retransmit_seq=2 srtt=0.003 rttvar=0.000 rto=0.025 ready_bytes=38 upcoming_bytes=365 freq=72001993 sd_pos=850270 heater_bed: target=65 temp=64.9 pwm=0.476 sysload=0.79 cputime=57.161 memavail=2529080 print_time=891.325 buffer_time=2.256 print_stall=0 extruder: target=220 temp=220.1 pwm=0.494
Stats 2567193.7: gcodein=0  mcu: mcu_awake=0.031 mcu_task_avg=0.000050 mcu_task_stddev=0.000033 bytes_write=2121707 bytes_read=294914 bytes_retransmit=9 bytes_invalid=0 send_seq=37024 receive_seq=37024 retransmit_seq=2 srtt=0.003 rttvar=0.000 rto=0.025 ready_bytes=0 upcoming_bytes=0 freq=72001994 sd_pos=850719 heater_bed: target=65 temp=65.0 pwm=0.295 sysload=0.81 cputime=57.217 memavail=2529080 print_time=892.229 buffer_time=2.159 print_stall=0 extruder: target=220 temp=220.0 pwm=0.535
Stats 2567194.7: gcodein=0  mcu: mcu_awake=0.031 mcu_task_avg=0.000050 mcu_task_stddev=0.000033 bytes_write=2124569 bytes_read=295257 bytes_retransmit=9 bytes_invalid=0 send_seq=37073 receive_seq=37073 retransmit_seq=2 srtt=0.003 rttvar=0.000 rto=0.025 ready_bytes=22 upcoming_bytes=0 freq=72001995 sd_pos=851148 heater_bed: target=65 temp=64.9 pwm=0.330 sysload=0.81 cputime=57.275 memavail=2529080 print_time=893.149 buffer_time=2.078 print_stall=0 extruder: target=220 temp=220.1 pwm=0.480
toolhead: max_velocity: 800.000000
max_accel: 5000.000000
minimum_cruise_ratio: 0.500000
square_corner_velocity: 5.000000
toolhead: max_velocity: 800.000000
max_accel: 2500.000000
minimum_cruise_ratio: 0.500000
square_corner_velocity: 5.000000
toolhead: max_velocity: 800.000000
max_accel: 5000.000000
minimum_cruise_ratio: 0.500000
square_corner_velocity: 5.000000
Stats 2567195.7: gcodein=0  mcu: mcu_awake=0.031 mcu_task_avg=0.000050 mcu_task_stddev=0.000033 bytes_write=2127996 bytes_read=295659 bytes_retransmit=9 bytes_invalid=0 send_seq=37131 receive_seq=37128 retransmit_seq=2 srtt=0.003 rttvar=0.000 rto=0.025 ready_bytes=2289 upcoming_bytes=1025 freq=72001994 sd_pos=852687 heater_bed: target=65 temp=65.0 pwm=0.305 sysload=0.81 cputime=57.356 memavail=2529080 print_time=894.780 buffer_time=2.708 print_stall=0 extruder: target=220 temp=220.0 pwm=0.553
toolhead: max_velocity: 800.000000
max_accel: 2500.000000
minimum_cruise_ratio: 0.500000
square_corner_velocity: 5.000000
Stats 2567196.7: gcodein=0  mcu: mcu_awake=0.028 mcu_task_avg=0.000048 mcu_task_stddev=0.000033 bytes_write=2133598 bytes_read=296253 bytes_retransmit=9 bytes_invalid=0 send_seq=37224 receive_seq=37224 retransmit_seq=2 srtt=0.003 rttvar=0.000 rto=0.025 ready_bytes=8 upcoming_bytes=1070 freq=72001995 sd_pos=853376 heater_bed: target=65 temp=65.0 pwm=0.301 sysload=0.81 cputime=57.433 memavail=2529080 print_time=895.383 buffer_time=2.309 print_stall=0 extruder: target=220 temp=219.9 pwm=0.553
Stats 2567197.7: gcodein=0  mcu: mcu_awake=0.028 mcu_task_avg=0.000048 mcu_task_stddev=0.000033 bytes_write=2137082 bytes_read=296639 bytes_retransmit=9 bytes_invalid=0 send_seq=37282 receive_seq=37282 retransmit_seq=2 srtt=0.003 rttvar=0.000 rto=0.025 ready_bytes=50 upcoming_bytes=1090 freq=72001997 sd_pos=853941 heater_bed: target=65 temp=64.9 pwm=0.259 sysload=0.81 cputime=57.508 memavail=2529080 print_time=896.279 buffer_time=2.204 print_stall=0 extruder: target=220 temp=219.9 pwm=0.553
Stats 2567198.7: gcodein=0  mcu: mcu_awake=0.028 mcu_task_avg=0.000048 mcu_task_stddev=0.000033 bytes_write=2142112 bytes_read=297177 bytes_retransmit=9 bytes_invalid=0 send_seq=37366 receive_seq=37366 retransmit_seq=2 srtt=0.003 rttvar=0.000 rto=0.025 ready_bytes=0 upcoming_bytes=0 freq=72002003 sd_pos=854472 heater_bed: target=65 temp=65.0 pwm=0.149 sysload=0.74 cputime=57.596 memavail=2529080 print_time=897.226 buffer_time=2.151 print_stall=0 extruder: target=220 temp=219.9 pwm=0.553
toolhead: max_velocity: 800.000000
max_accel: 5000.000000
minimum_cruise_ratio: 0.500000
square_corner_velocity: 5.000000
Stats 2567199.7: gcodein=0  mcu: mcu_awake=0.028 mcu_task_avg=0.000048 mcu_task_stddev=0.000033 bytes_write=2145386 bytes_read=297543 bytes_retransmit=9 bytes_invalid=0 send_seq=37421 receive_seq=37421 retransmit_seq=2 srtt=0.003 rttvar=0.000 rto=0.025 ready_bytes=0 upcoming_bytes=0 freq=72002002 sd_pos=855200 heater_bed: target=65 temp=65.0 pwm=0.206 sysload=0.74 cputime=57.654 memavail=2529080 print_time=898.186 buffer_time=2.109 print_stall=0 extruder: target=220 temp=219.9 pwm=0.498
Stats 2567200.7: gcodein=0  mcu: mcu_awake=0.028 mcu_task_avg=0.000048 mcu_task_stddev=0.000033 bytes_write=2149817 bytes_read=297999 bytes_retransmit=9 bytes_invalid=0 send_seq=37494 receive_seq=37494 retransmit_seq=2 srtt=0.003 rttvar=0.000 rto=0.025 ready_bytes=50 upcoming_bytes=0 freq=72002001 sd_pos=858459 heater_bed: target=65 temp=65.0 pwm=0.064 sysload=0.74 cputime=57.748 memavail=2529080 print_time=899.240 buffer_time=2.163 print_stall=0 extruder: target=220 temp=220.0 pwm=0.498
Stats 2567201.7: gcodein=0  mcu: mcu_awake=0.031 mcu_task_avg=0.000045 mcu_task_stddev=0.000034 bytes_write=2153911 bytes_read=298474 bytes_retransmit=9 bytes_invalid=0 send_seq=37562 receive_seq=37561 retransmit_seq=2 srtt=0.003 rttvar=0.000 rto=0.025 ready_bytes=9 upcoming_bytes=807 freq=72002001 sd_pos=860565 heater_bed: target=65 temp=64.9 pwm=0.537 sysload=0.74 cputime=57.834 memavail=2529084 print_time=900.215 buffer_time=2.136 print_stall=0 extruder: target=220 temp=220.0 pwm=0.498
Stats 2567202.7: gcodein=0  mcu: mcu_awake=0.031 mcu_task_avg=0.000045 mcu_task_stddev=0.000034 bytes_write=2158555 bytes_read=298952 bytes_retransmit=9 bytes_invalid=0 send_seq=37638 receive_seq=37637 retransmit_seq=2 srtt=0.003 rttvar=0.000 rto=0.025 ready_bytes=15 upcoming_bytes=4372 freq=72002001 sd_pos=862123 heater_bed: target=65 temp=65.0 pwm=0.272 sysload=0.74 cputime=57.937 memavail=2528580 print_time=901.687 buffer_time=2.607 print_stall=0 extruder: target=220 temp=220.1 pwm=0.498
Stats 2567203.7: gcodein=0  mcu: mcu_awake=0.031 mcu_task_avg=0.000045 mcu_task_stddev=0.000034 bytes_write=2163476 bytes_read=299460 bytes_retransmit=9 bytes_invalid=0 send_seq=37719 receive_seq=37719 retransmit_seq=2 srtt=0.003 rttvar=0.000 rto=0.025 ready_bytes=33 upcoming_bytes=3201 freq=72002001 sd_pos=863533 heater_bed: target=65 temp=65.0 pwm=0.271 sysload=0.77 cputime=58.034 memavail=2528584 print_time=902.679 buffer_time=2.599 print_stall=0 extruder: target=220 temp=220.1 pwm=0.477
Stats 2567204.7: gcodein=0  mcu: mcu_awake=0.031 mcu_task_avg=0.000045 mcu_task_stddev=0.000034 bytes_write=2168906 bytes_read=300022 bytes_retransmit=9 bytes_invalid=0 send_seq=37809 receive_seq=37806 retransmit_seq=2 srtt=0.003 rttvar=0.000 rto=0.025 ready_bytes=187 upcoming_bytes=751 freq=72001998 sd_pos=865710 heater_bed: target=65 temp=64.9 pwm=0.765 sysload=0.77 cputime=58.142 memavail=2529700 print_time=903.355 buffer_time=2.268 print_stall=0 extruder: target=220 temp=220.1 pwm=0.477
Stats 2567205.7: gcodein=0  mcu: mcu_awake=0.031 mcu_task_avg=0.000045 mcu_task_stddev=0.000034 bytes_write=2173227 bytes_read=300480 bytes_retransmit=9 bytes_invalid=0 send_seq=37881 receive_seq=37878 retransmit_seq=2 srtt=0.003 rttvar=0.000 rto=0.025 ready_bytes=742 upcoming_bytes=848 freq=72001998 sd_pos=869045 heater_bed: target=65 temp=65.1 pwm=0.045 sysload=0.77 cputime=58.243 memavail=2528580 print_time=904.491 buffer_time=2.403 print_stall=0 extruder: target=220 temp=220.1 pwm=0.477
Stats 2567206.7: gcodein=0  mcu: mcu_awake=0.032 mcu_task_avg=0.000053 mcu_task_stddev=0.000032 bytes_write=2178009 bytes_read=300999 bytes_retransmit=9 bytes_invalid=0 send_seq=37960 receive_seq=37959 retransmit_seq=2 srtt=0.003 rttvar=0.000 rto=0.025 ready_bytes=33 upcoming_bytes=945 freq=72001994 sd_pos=869963 heater_bed: target=65 temp=65.0 pwm=0.366 sysload=0.77 cputime=58.327 memavail=2525980 print_time=905.211 buffer_time=2.121 print_stall=0 extruder: target=220 temp=220.1 pwm=0.532
Stats 2567207.7: gcodein=0  mcu: mcu_awake=0.032 mcu_task_avg=0.000053 mcu_task_stddev=0.000032 bytes_write=2182420 bytes_read=301496 bytes_retransmit=9 bytes_invalid=0 send_seq=38033 receive_seq=38033 retransmit_seq=2 srtt=0.003 rttvar=0.000 rto=0.025 ready_bytes=39 upcoming_bytes=4147 freq=72001995 sd_pos=871264 heater_bed: target=65 temp=65.0 pwm=0.428 sysload=0.77 cputime=58.430 memavail=2525532 print_time=906.614 buffer_time=2.524 print_stall=0 extruder: target=220 temp=220.1 pwm=0.532
Stats 2567208.7: gcodein=0  mcu: mcu_awake=0.032 mcu_task_avg=0.000053 mcu_task_stddev=0.000032 bytes_write=2187813 bytes_read=302034 bytes_retransmit=9 bytes_invalid=0 send_seq=38121 receive_seq=38121 retransmit_seq=2 srtt=0.003 rttvar=0.000 rto=0.025 ready_bytes=39 upcoming_bytes=1987 freq=72001996 sd_pos=872070 heater_bed: target=65 temp=65.0 pwm=0.328 sysload=0.70 cputime=58.522 memavail=2525532 print_time=907.110 buffer_time=2.018 print_stall=0 extruder: target=220 temp=220.1 pwm=0.532
Stats 2567209.7: gcodein=0  mcu: mcu_awake=0.032 mcu_task_avg=0.000053 mcu_task_stddev=0.000032 bytes_write=2193215 bytes_read=302577 bytes_retransmit=9 bytes_invalid=0 send_seq=38210 receive_seq=38210 retransmit_seq=2 srtt=0.003 rttvar=0.000 rto=0.025 ready_bytes=52 upcoming_bytes=0 freq=72001997 sd_pos=873931 heater_bed: target=65 temp=65.0 pwm=0.490 sysload=0.70 cputime=58.634 memavail=2525532 print_time=908.115 buffer_time=2.022 print_stall=0 extruder: target=220 temp=220.1 pwm=0.532
Stats 2567210.7: gcodein=0  mcu: mcu_awake=0.032 mcu_task_avg=0.000053 mcu_task_stddev=0.000032 bytes_write=2197879 bytes_read=303099 bytes_retransmit=9 bytes_invalid=0 send_seq=38289 receive_seq=38289 retransmit_seq=2 srtt=0.003 rttvar=0.000 rto=0.025 ready_bytes=0 upcoming_bytes=0 freq=72001994 sd_pos=877012 heater_bed: target=65 temp=65.0 pwm=0.315 sysload=0.70 cputime=58.752 memavail=2525308 print_time=909.129 buffer_time=2.035 print_stall=0 extruder: target=220 temp=219.9 pwm=0.533
Stats 2567211.7: gcodein=0  mcu: mcu_awake=0.033 mcu_task_avg=0.000057 mcu_task_stddev=0.000031 bytes_write=2202286 bytes_read=303573 bytes_retransmit=9 bytes_invalid=0 send_seq=38362 receive_seq=38361 retransmit_seq=2 srtt=0.003 rttvar=0.000 rto=0.025 ready_bytes=23 upcoming_bytes=1259 freq=72001994 sd_pos=878890 heater_bed: target=65 temp=65.0 pwm=0.233 sysload=0.70 cputime=58.850 memavail=2525308 print_time=910.184 buffer_time=2.089 print_stall=0 extruder: target=220 temp=220.0 pwm=0.533
Stats 2567212.7: gcodein=0  mcu: mcu_awake=0.033 mcu_task_avg=0.000057 mcu_task_stddev=0.000031 bytes_write=2207000 bytes_read=304056 bytes_retransmit=9 bytes_invalid=0 send_seq=38439 receive_seq=38438 retransmit_seq=2 srtt=0.003 rttvar=0.000 rto=0.025 ready_bytes=24 upcoming_bytes=3850 freq=72001995 sd_pos=880295 heater_bed: target=65 temp=65.1 pwm=0.153 sysload=0.70 cputime=58.952 memavail=2525088 print_time=911.530 buffer_time=2.434 print_stall=0 extruder: target=220 temp=220.1 pwm=0.458
Stats 2567213.7: gcodein=0  mcu: mcu_awake=0.033 mcu_task_avg=0.000057 mcu_task_stddev=0.000031 bytes_write=2212607 bytes_read=304643 bytes_retransmit=9 bytes_invalid=0 send_seq=38531 receive_seq=38530 retransmit_seq=2 srtt=0.003 rttvar=0.000 rto=0.025 ready_bytes=23 upcoming_bytes=2935 freq=72001994 sd_pos=881680 heater_bed: target=65 temp=65.0 pwm=0.354 sysload=0.73 cputime=59.054 memavail=2524864 print_time=912.286 buffer_time=2.189 print_stall=0 extruder: target=220 temp=220.2 pwm=0.458
Stats 2567214.7: gcodein=0  mcu: mcu_awake=0.033 mcu_task_avg=0.000057 mcu_task_stddev=0.000031 bytes_write=2218127 bytes_read=305201 bytes_retransmit=9 bytes_invalid=0 send_seq=38622 receive_seq=38622 retransmit_seq=2 srtt=0.003 rttvar=0.000 rto=0.025 ready_bytes=48 upcoming_bytes=21 freq=72001993 sd_pos=882719 heater_bed: target=65 temp=65.0 pwm=0.263 sysload=0.73 cputime=59.158 memavail=2526204 print_time=913.149 buffer_time=2.051 print_stall=0 extruder: target=220 temp=220.3 pwm=0.458
Stats 2567215.7: gcodein=0  mcu: mcu_awake=0.033 mcu_task_avg=0.000057 mcu_task_stddev=0.000031 bytes_write=2223027 bytes_read=305704 bytes_retransmit=9 bytes_invalid=0 send_seq=38703 receive_seq=38703 retransmit_seq=2 srtt=0.003 rttvar=0.000 rto=0.025 ready_bytes=24 upcoming_bytes=0 freq=72001990 sd_pos=885526 heater_bed: target=65 temp=65.0 pwm=0.387 sysload=0.73 cputime=59.265 memavail=2526204 print_time=914.223 buffer_time=2.124 print_stall=0 extruder: target=220 temp=220.2 pwm=0.517
Stats 2567216.7: gcodein=0  mcu: mcu_awake=0.034 mcu_task_avg=0.000056 mcu_task_stddev=0.000031 bytes_write=2226959 bytes_read=306177 bytes_retransmit=9 bytes_invalid=0 send_seq=38769 receive_seq=38769 retransmit_seq=2 srtt=0.003 rttvar=0.000 rto=0.025 ready_bytes=27 upcoming_bytes=1673 freq=72001990 sd_pos=887562 heater_bed: target=65 temp=65.0 pwm=0.307 sysload=0.73 cputime=59.357 memavail=2526204 print_time=915.348 buffer_time=2.249 print_stall=0 extruder: target=220 temp=220.1 pwm=0.536
Stats 2567217.8: gcodein=0  mcu: mcu_awake=0.034 mcu_task_avg=0.000056 mcu_task_stddev=0.000031 bytes_write=2231598 bytes_read=306660 bytes_retransmit=9 bytes_invalid=0 send_seq=38846 receive_seq=38846 retransmit_seq=2 srtt=0.003 rttvar=0.000 rto=0.025 ready_bytes=41 upcoming_bytes=2938 freq=72001989 sd_pos=888756 heater_bed: target=65 temp=65.0 pwm=0.379 sysload=0.73 cputime=59.467 memavail=2526204 print_time=916.461 buffer_time=2.361 print_stall=0 extruder: target=220 temp=220.1 pwm=0.536
Stats 2567218.8: gcodein=0  mcu: mcu_awake=0.034 mcu_task_avg=0.000056 mcu_task_stddev=0.000031 bytes_write=2236739 bytes_read=307183 bytes_retransmit=9 bytes_invalid=0 send_seq=38931 receive_seq=38931 retransmit_seq=2 srtt=0.003 rttvar=0.000 rto=0.025 ready_bytes=46 upcoming_bytes=412 freq=72001989 sd_pos=889913 heater_bed: target=65 temp=65.1 pwm=0.000 sysload=0.67 cputime=59.565 memavail=2526204 print_time=917.211 buffer_time=2.111 print_stall=0 extruder: target=220 temp=220.1 pwm=0.536
Stats 2567219.8: gcodein=0  mcu: mcu_awake=0.034 mcu_task_avg=0.000056 mcu_task_stddev=0.000031 bytes_write=2242015 bytes_read=307756 bytes_retransmit=9 bytes_invalid=0 send_seq=39018 receive_seq=39018 retransmit_seq=2 srtt=0.003 rttvar=0.000 rto=0.025 ready_bytes=38 upcoming_bytes=437 freq=72001991 sd_pos=893067 heater_bed: target=65 temp=65.1 pwm=0.140 sysload=0.67 cputime=59.698 memavail=2526204 print_time=918.300 buffer_time=2.199 print_stall=0 extruder: target=220 temp=220.0 pwm=0.536
Stats 2567220.8: gcodein=0  mcu: mcu_awake=0.034 mcu_task_avg=0.000056 mcu_task_stddev=0.000031 bytes_write=2245274 bytes_read=308129 bytes_retransmit=9 bytes_invalid=0 send_seq=39073 receive_seq=39073 retransmit_seq=2 srtt=0.003 rttvar=0.000 rto=0.025 ready_bytes=0 upcoming_bytes=0 freq=72001989 sd_pos=894721 heater_bed: target=65 temp=65.0 pwm=0.460 sysload=0.67 cputime=59.797 memavail=2526204 print_time=919.116 buffer_time=2.014 print_stall=0 extruder: target=220 temp=220.0 pwm=0.480
Stats 2567221.8: gcodein=0  mcu: mcu_awake=0.031 mcu_task_avg=0.000053 mcu_task_stddev=0.000033 bytes_write=2250597 bytes_read=308678 bytes_retransmit=9 bytes_invalid=0 send_seq=39161 receive_seq=39160 retransmit_seq=2 srtt=0.003 rttvar=0.000 rto=0.025 ready_bytes=16 upcoming_bytes=0 freq=72001993 sd_pos=897920 heater_bed: target=65 temp=65.1 pwm=0.213 sysload=0.67 cputime=59.926 memavail=2526204 print_time=920.207 buffer_time=2.104 print_stall=0 extruder: target=220 temp=220.1 pwm=0.480
Stats 2567222.8: gcodein=0  mcu: mcu_awake=0.031 mcu_task_avg=0.000053 mcu_task_stddev=0.000033 bytes_write=2254160 bytes_read=309110 bytes_retransmit=9 bytes_invalid=0 send_seq=39221 receive_seq=39221 retransmit_seq=2 srtt=0.004 rttvar=0.000 rto=0.025 ready_bytes=32 upcoming_bytes=2538 freq=72001993 sd_pos=900699 heater_bed: target=65 temp=65.0 pwm=0.535 sysload=0.67 cputime=60.035 memavail=2525956 print_time=921.558 buffer_time=2.454 print_stall=0 extruder: target=220 temp=220.1 pwm=0.480
Stats 2567223.8: gcodein=0  mcu: mcu_awake=0.031 mcu_task_avg=0.000053 mcu_task_stddev=0.000033 bytes_write=2259421 bytes_read=309638 bytes_retransmit=9 bytes_invalid=0 send_seq=39307 receive_seq=39307 retransmit_seq=2 srtt=0.003 rttvar=0.000 rto=0.025 ready_bytes=8 upcoming_bytes=1137 freq=72001995 sd_pos=901538 heater_bed: target=65 temp=65.1 pwm=0.247 sysload=0.62 cputime=60.133 memavail=2525956 print_time=922.285 buffer_time=2.180 print_stall=0 extruder: target=220 temp=220.0 pwm=0.545
Stats 2567224.8: gcodein=0  mcu: mcu_awake=0.031 mcu_task_avg=0.000053 mcu_task_stddev=0.000033 bytes_write=2263995 bytes_read=310106 bytes_retransmit=9 bytes_invalid=0 send_seq=39382 receive_seq=39381 retransmit_seq=2 srtt=0.003 rttvar=0.000 rto=0.025 ready_bytes=41 upcoming_bytes=3327 freq=72001996 sd_pos=902948 heater_bed: target=65 temp=65.0 pwm=0.528 sysload=0.62 cputime=60.235 memavail=2525956 print_time=923.565 buffer_time=2.460 print_stall=0 extruder: target=220 temp=220.0 pwm=0.493
Stats 2567225.8: gcodein=0  mcu: mcu_awake=0.031 mcu_task_avg=0.000053 mcu_task_stddev=0.000033 bytes_write=2269344 bytes_read=310678 bytes_retransmit=9 bytes_invalid=0 send_seq=39470 receive_seq=39470 retransmit_seq=2 srtt=0.003 rttvar=0.000 rto=0.025 ready_bytes=28 upcoming_bytes=5722 freq=72001995 sd_pos=905098 heater_bed: target=65 temp=65.1 pwm=0.204 sysload=0.62 cputime=60.354 memavail=2525508 print_time=924.923 buffer_time=2.792 print_stall=0 extruder: target=220 temp=220.0 pwm=0.562
Stats 2567226.8: gcodein=0  mcu: mcu_awake=0.032 mcu_task_avg=0.000056 mcu_task_stddev=0.000030 bytes_write=2274498 bytes_read=311212 bytes_retransmit=9 bytes_invalid=0 send_seq=39555 receive_seq=39554 retransmit_seq=2 srtt=0.003 rttvar=0.000 rto=0.025 ready_bytes=8 upcoming_bytes=4699 freq=72001993 sd_pos=906076 heater_bed: target=65 temp=65.1 pwm=0.183 sysload=0.62 cputime=60.444 memavail=2525508 print_time=925.628 buffer_time=2.496 print_stall=0 extruder: target=220 temp=220.0 pwm=0.507
Stats 2567227.8: gcodein=0  mcu: mcu_awake=0.032 mcu_task_avg=0.000056 mcu_task_stddev=0.000030 bytes_write=2280401 bytes_read=311815 bytes_retransmit=9 bytes_invalid=0 send_seq=39652 receive_seq=39652 retransmit_seq=2 srtt=0.003 rttvar=0.000 rto=0.025 ready_bytes=23 upcoming_bytes=5592 freq=72001993 sd_pos=907265 heater_bed: target=65 temp=65.0 pwm=0.325 sysload=0.62 cputime=60.556 memavail=2525508 print_time=926.859 buffer_time=2.726 print_stall=0 extruder: target=220 temp=220.0 pwm=0.514
Stats 2567228.8: gcodein=0  mcu: mcu_awake=0.032 mcu_task_avg=0.000056 mcu_task_stddev=0.000030 bytes_write=2286049 bytes_read=312387 bytes_retransmit=9 bytes_invalid=0 send_seq=39745 receive_seq=39744 retransmit_seq=2 srtt=0.003 rttvar=0.000 rto=0.025 ready_bytes=49 upcoming_bytes=3045 freq=72001993 sd_pos=907608 heater_bed: target=65 temp=65.1 pwm=0.000 sysload=0.81 cputime=60.645 memavail=2525508 print_time=927.339 buffer_time=2.205 print_stall=0 extruder: target=220 temp=219.9 pwm=0.567
Stats 2567229.8: gcodein=0  mcu: mcu_awake=0.032 mcu_task_avg=0.000056 mcu_task_stddev=0.000030 bytes_write=2291571 bytes_read=312940 bytes_retransmit=9 bytes_invalid=0 send_seq=39836 receive_seq=39835 retransmit_seq=2 srtt=0.003 rttvar=0.000 rto=0.025 ready_bytes=8 upcoming_bytes=2292 freq=72001990 sd_pos=908389 heater_bed: target=65 temp=65.0 pwm=0.227 sysload=0.81 cputime=60.750 memavail=2525508 print_time=928.291 buffer_time=2.156 print_stall=0 extruder: target=220 temp=219.8 pwm=0.567
Stats 2567230.8: gcodein=0  mcu: mcu_awake=0.032 mcu_task_avg=0.000056 mcu_task_stddev=0.000030 bytes_write=2297542 bytes_read=313548 bytes_retransmit=9 bytes_invalid=0 send_seq=39935 receive_seq=39934 retransmit_seq=2 srtt=0.003 rttvar=0.000 rto=0.025 ready_bytes=32 upcoming_bytes=635 freq=72001989 sd_pos=909487 heater_bed: target=65 temp=65.0 pwm=0.111 sysload=0.81 cputime=60.863 memavail=2525508 print_time=929.283 buffer_time=2.147 print_stall=0 extruder: target=220 temp=219.9 pwm=0.509
Stats 2567231.8: gcodein=0  mcu: mcu_awake=0.037 mcu_task_avg=0.000061 mcu_task_stddev=0.000028 bytes_write=2302829 bytes_read=314116 bytes_retransmit=9 bytes_invalid=0 send_seq=40022 receive_seq=40022 retransmit_seq=2 srtt=0.003 rttvar=0.000 rto=0.025 ready_bytes=40 upcoming_bytes=1226 freq=72001990 sd_pos=911698 heater_bed: target=65 temp=65.0 pwm=0.276 sysload=0.81 cputime=60.969 memavail=2525508 print_time=930.497 buffer_time=2.360 print_stall=0 extruder: target=220 temp=220.0 pwm=0.509
Stats 2567232.8: gcodein=0  mcu: mcu_awake=0.037 mcu_task_avg=0.000061 mcu_task_stddev=0.000028 bytes_write=2306788 bytes_read=314544 bytes_retransmit=9 bytes_invalid=0 send_seq=40088 receive_seq=40088 retransmit_seq=2 srtt=0.003 rttvar=0.000 rto=0.025 ready_bytes=49 upcoming_bytes=506 freq=72001990 sd_pos=912324 heater_bed: target=65 temp=65.0 pwm=0.288 sysload=0.81 cputime=61.049 memavail=2525508 print_time=931.154 buffer_time=2.016 print_stall=0 extruder: target=220 temp=220.1 pwm=0.509
Stats 2567233.8: gcodein=0  mcu: mcu_awake=0.037 mcu_task_avg=0.000061 mcu_task_stddev=0.000028 bytes_write=2311276 bytes_read=315022 bytes_retransmit=9 bytes_invalid=0 send_seq=40162 receive_seq=40161 retransmit_seq=2 srtt=0.003 rttvar=0.000 rto=0.025 ready_bytes=14 upcoming_bytes=695 freq=72001992 sd_pos=915490 heater_bed: target=65 temp=64.9 pwm=0.570 sysload=0.74 cputime=61.185 memavail=2525512 print_time=932.271 buffer_time=2.132 print_stall=0 extruder: target=220 temp=220.1 pwm=0.449
Stats 2567234.8: gcodein=0  mcu: mcu_awake=0.037 mcu_task_avg=0.000061 mcu_task_stddev=0.000028 bytes_write=2316088 bytes_read=315539 bytes_retransmit=9 bytes_invalid=0 send_seq=40243 receive_seq=40242 retransmit_seq=2 srtt=0.003 rttvar=0.000 rto=0.025 ready_bytes=23 upcoming_bytes=114 freq=72001991 sd_pos=917836 heater_bed: target=65 temp=65.0 pwm=0.292 sysload=0.74 cputime=61.297 memavail=2525516 print_time=933.319 buffer_time=2.178 print_stall=0 extruder: target=220 temp=220.3 pwm=0.449
Stats 2567235.8: gcodein=0  mcu: mcu_awake=0.037 mcu_task_avg=0.000061 mcu_task_stddev=0.000028 bytes_write=2319632 bytes_read=315937 bytes_retransmit=9 bytes_invalid=0 send_seq=40302 receive_seq=40302 retransmit_seq=2 srtt=0.003 rttvar=0.000 rto=0.025 ready_bytes=44 upcoming_bytes=0 freq=72001991 sd_pos=920151 heater_bed: target=65 temp=65.0 pwm=0.430 sysload=0.74 cputime=61.398 memavail=2525516 print_time=934.240 buffer_time=2.097 print_stall=0 extruder: target=220 temp=220.2 pwm=0.449
Stats 2567236.8: gcodein=0  mcu: mcu_awake=0.031 mcu_task_avg=0.000049 mcu_task_stddev=0.000034 bytes_write=2324493 bytes_read=316466 bytes_retransmit=9 bytes_invalid=0 send_seq=40382 receive_seq=40382 retransmit_seq=2 srtt=0.003 rttvar=0.000 rto=0.025 ready_bytes=41 upcoming_bytes=1668 freq=72001989 sd_pos=923671 heater_bed: target=65 temp=65.0 pwm=0.394 sysload=0.74 cputime=61.515 memavail=2524844 print_time=935.750 buffer_time=2.606 print_stall=0 extruder: target=220 temp=220.2 pwm=0.502
Stats 2567237.8: gcodein=0  mcu: mcu_awake=0.031 mcu_task_avg=0.000049 mcu_task_stddev=0.000034 bytes_write=2328378 bytes_read=316898 bytes_retransmit=9 bytes_invalid=0 send_seq=40446 receive_seq=40446 retransmit_seq=2 srtt=0.003 rttvar=0.000 rto=0.025 ready_bytes=23 upcoming_bytes=1739 freq=72001989 sd_pos=924913 heater_bed: target=65 temp=65.0 pwm=0.474 sysload=0.74 cputime=61.606 memavail=2524620 print_time=936.524 buffer_time=2.379 print_stall=0 extruder: target=220 temp=220.2 pwm=0.502
Stats 2567238.8: gcodein=0  mcu: mcu_awake=0.031 mcu_task_avg=0.000049 mcu_task_stddev=0.000034 bytes_write=2333174 bytes_read=317391 bytes_retransmit=9 bytes_invalid=0 send_seq=40525 receive_seq=40525 retransmit_seq=2 srtt=0.003 rttvar=0.000 rto=0.025 ready_bytes=30 upcoming_bytes=1192 freq=72001988 sd_pos=925855 heater_bed: target=65 temp=65.0 pwm=0.406 sysload=0.68 cputime=61.699 memavail=2524396 print_time=937.277 buffer_time=2.131 print_stall=0 extruder: target=220 temp=220.1 pwm=0.502
Stats 2567239.8: gcodein=0  mcu: mcu_awake=0.031 mcu_task_avg=0.000049 mcu_task_stddev=0.000034 bytes_write=2337452 bytes_read=317849 bytes_retransmit=9 bytes_invalid=0 send_seq=40595 receive_seq=40594 retransmit_seq=2 srtt=0.003 rttvar=0.000 rto=0.025 ready_bytes=16 upcoming_bytes=4290 freq=72001989 sd_pos=927707 heater_bed: target=65 temp=65.0 pwm=0.393 sysload=0.68 cputime=61.808 memavail=2524396 print_time=938.842 buffer_time=2.695 print_stall=0 extruder: target=220 temp=220.0 pwm=0.502
Stats 2567240.8: gcodein=0  mcu: mcu_awake=0.031 mcu_task_avg=0.000049 mcu_task_stddev=0.000034 bytes_write=2343197 bytes_read=318436 bytes_retransmit=9 bytes_invalid=0 send_seq=40689 receive_seq=40689 retransmit_seq=2 srtt=0.003 rttvar=0.000 rto=0.025 ready_bytes=27 upcoming_bytes=532 freq=72001989 sd_pos=928658 heater_bed: target=65 temp=65.0 pwm=0.244 sysload=0.68 cputime=61.904 memavail=2524396 print_time=939.191 buffer_time=2.044 print_stall=0 extruder: target=220 temp=219.9 pwm=0.591
Stats 2567241.8: gcodein=0  mcu: mcu_awake=0.032 mcu_task_avg=0.000055 mcu_task_stddev=0.000032 bytes_write=2347716 bytes_read=318925 bytes_retransmit=9 bytes_invalid=0 send_seq=40764 receive_seq=40764 retransmit_seq=2 srtt=0.003 rttvar=0.000 rto=0.025 ready_bytes=35 upcoming_bytes=310 freq=72001988 sd_pos=930360 heater_bed: target=65 temp=65.0 pwm=0.422 sysload=0.68 cputime=62.016 memavail=2524396 print_time=940.229 buffer_time=2.081 print_stall=0 extruder: target=220 temp=219.9 pwm=0.536
Stats 2567242.8: gcodein=0  mcu: mcu_awake=0.032 mcu_task_avg=0.000055 mcu_task_stddev=0.000032 bytes_write=2351248 bytes_read=319328 bytes_retransmit=9 bytes_invalid=0 send_seq=40822 receive_seq=40822 retransmit_seq=2 srtt=0.003 rttvar=0.000 rto=0.025 ready_bytes=8 upcoming_bytes=0 freq=72001995 sd_pos=931541 heater_bed: target=65 temp=65.0 pwm=0.347 sysload=0.68 cputime=62.100 memavail=2524396 print_time=941.184 buffer_time=2.036 print_stall=0 extruder: target=220 temp=219.8 pwm=0.536
Stats 2567243.8: gcodein=0  mcu: mcu_awake=0.032 mcu_task_avg=0.000055 mcu_task_stddev=0.000032 bytes_write=2355785 bytes_read=319815 bytes_retransmit=9 bytes_invalid=0 send_seq=40897 receive_seq=40897 retransmit_seq=2 srtt=0.003 rttvar=0.001 rto=0.025 ready_bytes=14 upcoming_bytes=0 freq=72001996 sd_pos=934526 heater_bed: target=65 temp=65.0 pwm=0.300 sysload=0.63 cputime=62.201 memavail=2524396 print_time=942.246 buffer_time=2.096 print_stall=0 extruder: target=220 temp=219.8 pwm=0.536
Stats 2567244.8: gcodein=0  mcu: mcu_awake=0.032 mcu_task_avg=0.000055 mcu_task_stddev=0.000032 bytes_write=2360158 bytes_read=320273 bytes_retransmit=9 bytes_invalid=0 send_seq=40970 receive_seq=40969 retransmit_seq=2 srtt=0.003 rttvar=0.000 rto=0.025 ready_bytes=17 upcoming_bytes=1872 freq=72001993 sd_pos=936523 heater_bed: target=65 temp=65.0 pwm=0.317 sysload=0.63 cputime=62.296 memavail=2524396 print_time=943.484 buffer_time=2.333 print_stall=0 extruder: target=220 temp=219.9 pwm=0.536
Stats 2567245.8: gcodein=0  mcu: mcu_awake=0.032 mcu_task_avg=0.000055 mcu_task_stddev=0.000032 bytes_write=2364694 bytes_read=320761 bytes_retransmit=9 bytes_invalid=0 send_seq=41045 receive_seq=41044 retransmit_seq=2 srtt=0.003 rttvar=0.000 rto=0.025 ready_bytes=7 upcoming_bytes=1040 freq=72001991 sd_pos=937320 heater_bed: target=65 temp=64.9 pwm=0.383 sysload=0.63 cputime=62.385 memavail=2523052 print_time=944.162 buffer_time=2.010 print_stall=0 extruder: target=220 temp=220.0 pwm=0.450
Stats 2567246.8: gcodein=0  mcu: mcu_awake=0.030 mcu_task_avg=0.000051 mcu_task_stddev=0.000033 bytes_write=2369542 bytes_read=321279 bytes_retransmit=9 bytes_invalid=0 send_seq=41125 receive_seq=41122 retransmit_seq=2 srtt=0.003 rttvar=0.000 rto=0.025 ready_bytes=257 upcoming_bytes=986 freq=72001992 sd_pos=939839 heater_bed: target=65 temp=64.9 pwm=0.527 sysload=0.63 cputime=62.510 memavail=2523052 print_time=945.510 buffer_time=2.358 print_stall=0 extruder: target=220 temp=220.1 pwm=0.440
Stats 2567247.8: gcodein=0  mcu: mcu_awake=0.030 mcu_task_avg=0.000051 mcu_task_stddev=0.000033 bytes_write=2374091 bytes_read=321757 bytes_retransmit=9 bytes_invalid=0 send_seq=41201 receive_seq=41198 retransmit_seq=2 srtt=0.003 rttvar=0.000 rto=0.025 ready_bytes=690 upcoming_bytes=148 freq=72001991 sd_pos=942860 heater_bed: target=65 temp=65.0 pwm=0.000 sysload=0.63 cputime=62.611 memavail=2523052 print_time=946.505 buffer_time=2.352 print_stall=0 extruder: target=220 temp=220.2 pwm=0.440
Stats 2567248.8: gcodein=0  mcu: mcu_awake=0.030 mcu_task_avg=0.000051 mcu_task_stddev=0.000033 bytes_write=2378373 bytes_read=322245 bytes_retransmit=9 bytes_invalid=0 send_seq=41273 receive_seq=41273 retransmit_seq=2 srtt=0.003 rttvar=0.000 rto=0.025 ready_bytes=25 upcoming_bytes=2267 freq=72001989 sd_pos=945051 heater_bed: target=65 temp=65.0 pwm=0.178 sysload=0.58 cputime=62.709 memavail=2523052 print_time=947.653 buffer_time=2.499 print_stall=0 extruder: target=220 temp=220.2 pwm=0.440
Stats 2567249.8: gcodein=0  mcu: mcu_awake=0.030 mcu_task_avg=0.000051 mcu_task_stddev=0.000033 bytes_write=2382670 bytes_read=322712 bytes_retransmit=9 bytes_invalid=0 send_seq=41344 receive_seq=41344 retransmit_seq=2 srtt=0.003 rttvar=0.000 rto=0.025 ready_bytes=56 upcoming_bytes=1755 freq=72001989 sd_pos=945859 heater_bed: target=65 temp=65.0 pwm=0.116 sysload=0.58 cputime=62.800 memavail=2523052 print_time=948.368 buffer_time=2.214 print_stall=0 extruder: target=220 temp=220.3 pwm=0.440
Stats 2567250.8: gcodein=0  mcu: mcu_awake=0.030 mcu_task_avg=0.000051 mcu_task_stddev=0.000033 bytes_write=2387615 bytes_read=323210 bytes_retransmit=9 bytes_invalid=0 send_seq=41425 receive_seq=41424 retransmit_seq=2 srtt=0.003 rttvar=0.000 rto=0.025 ready_bytes=17 upcoming_bytes=1208 freq=72001989 sd_pos=946989 heater_bed: target=65 temp=64.9 pwm=0.685 sysload=0.58 cputime=62.894 memavail=2523052 print_time=949.155 buffer_time=2.000 print_stall=0 extruder: target=220 temp=220.2 pwm=0.506
Stats 2567251.8: gcodein=0  mcu: mcu_awake=0.032 mcu_task_avg=0.000052 mcu_task_stddev=0.000033 bytes_write=2392831 bytes_read=323764 bytes_retransmit=9 bytes_invalid=0 send_seq=41510 receive_seq=41509 retransmit_seq=2 srtt=0.003 rttvar=0.001 rto=0.025 ready_bytes=22 upcoming_bytes=653 freq=72001989 sd_pos=949369 heater_bed: target=65 temp=65.0 pwm=0.023 sysload=0.58 cputime=63.019 memavail=2523052 print_time=950.387 buffer_time=2.231 print_stall=0 extruder: target=220 temp=220.1 pwm=0.506
Stats 2567252.8: gcodein=0  mcu: mcu_awake=0.032 mcu_task_avg=0.000052 mcu_task_stddev=0.000033 bytes_write=2397973 bytes_read=324306 bytes_retransmit=9 bytes_invalid=0 send_seq=41596 receive_seq=41595 retransmit_seq=2 srtt=0.003 rttvar=0.000 rto=0.025 ready_bytes=28 upcoming_bytes=120 freq=72002000 sd_pos=952508 heater_bed: target=65 temp=64.9 pwm=0.341 sysload=0.58 cputime=63.137 memavail=2523052 print_time=951.392 buffer_time=2.235 print_stall=0 extruder: target=220 temp=220.0 pwm=0.561
Stats 2567253.8: gcodein=0  mcu: mcu_awake=0.032 mcu_task_avg=0.000052 mcu_task_stddev=0.000033 bytes_write=2401420 bytes_read=324699 bytes_retransmit=9 bytes_invalid=0 send_seq=41654 receive_seq=41654 retransmit_seq=2 srtt=0.003 rttvar=0.000 rto=0.025 ready_bytes=40 upcoming_bytes=2469 freq=72001998 sd_pos=954361 heater_bed: target=65 temp=65.0 pwm=0.250 sysload=0.53 cputime=63.236 memavail=2523060 print_time=952.526 buffer_time=2.368 print_stall=0 extruder: target=220 temp=219.9 pwm=0.553
Stats 2567254.8: gcodein=0  mcu: mcu_awake=0.032 mcu_task_avg=0.000052 mcu_task_stddev=0.000033 bytes_write=2406262 bytes_read=325226 bytes_retransmit=9 bytes_invalid=0 send_seq=41734 receive_seq=41734 retransmit_seq=2 srtt=0.003 rttvar=0.000 rto=0.025 ready_bytes=29 upcoming_bytes=1761 freq=72001998 sd_pos=955281 heater_bed: target=65 temp=65.0 pwm=0.346 sysload=0.53 cputime=63.332 memavail=2523060 print_time=953.264 buffer_time=2.104 print_stall=0 extruder: target=220 temp=219.9 pwm=0.553
Stats 2567255.8: gcodein=0  mcu: mcu_awake=0.032 mcu_task_avg=0.000052 mcu_task_stddev=0.000033 bytes_write=2411465 bytes_read=325749 bytes_retransmit=9 bytes_invalid=0 send_seq=41820 receive_seq=41819 retransmit_seq=2 srtt=0.003 rttvar=0.000 rto=0.025 ready_bytes=24 upcoming_bytes=1653 freq=72001996 sd_pos=956762 heater_bed: target=65 temp=65.0 pwm=0.237 sysload=0.53 cputime=63.437 memavail=2523060 print_time=954.219 buffer_time=2.059 print_stall=0 extruder: target=220 temp=220.0 pwm=0.474
Stats 2567256.8: gcodein=0  mcu: mcu_awake=0.033 mcu_task_avg=0.000055 mcu_task_stddev=0.000032 bytes_write=2416529 bytes_read=326283 bytes_retransmit=9 bytes_invalid=0 send_seq=41903 receive_seq=41903 retransmit_seq=2 srtt=0.003 rttvar=0.000 rto=0.025 ready_bytes=0 upcoming_bytes=0 freq=72001996 sd_pos=958670 heater_bed: target=65 temp=64.9 pwm=0.378 sysload=0.53 cputime=63.541 memavail=2523060 print_time=955.221 buffer_time=2.060 print_stall=0 extruder: target=220 temp=219.8 pwm=0.537
Stats 2567257.8: gcodein=0  mcu: mcu_awake=0.033 mcu_task_avg=0.000055 mcu_task_stddev=0.000032 bytes_write=2421018 bytes_read=326771 bytes_retransmit=9 bytes_invalid=0 send_seq=41978 receive_seq=41977 retransmit_seq=2 srtt=0.003 rttvar=0.000 rto=0.025 ready_bytes=11 upcoming_bytes=0 freq=72001994 sd_pos=961878 heater_bed: target=65 temp=65.0 pwm=0.402 sysload=0.53 cputime=63.647 memavail=2523060 print_time=956.275 buffer_time=2.113 print_stall=0 extruder: target=220 temp=219.9 pwm=0.481
Stats 2567258.8: gcodein=0  mcu: mcu_awake=0.033 mcu_task_avg=0.000055 mcu_task_stddev=0.000032 bytes_write=2425252 bytes_read=327222 bytes_retransmit=9 bytes_invalid=0 send_seq=42049 receive_seq=42049 retransmit_seq=2 srtt=0.003 rttvar=0.000 rto=0.025 ready_bytes=56 upcoming_bytes=1254 freq=72001995 sd_pos=963680 heater_bed: target=65 temp=65.0 pwm=0.255 sysload=0.49 cputime=63.746 memavail=2523060 print_time=957.436 buffer_time=2.273 print_stall=0 extruder: target=220 temp=219.9 pwm=0.481
Stats 2567259.8: gcodein=0  mcu: mcu_awake=0.033 mcu_task_avg=0.000055 mcu_task_stddev=0.000032 bytes_write=2429575 bytes_read=327673 bytes_retransmit=9 bytes_invalid=0 send_seq=42121 receive_seq=42121 retransmit_seq=2 srtt=0.003 rttvar=0.000 rto=0.025 ready_bytes=54 upcoming_bytes=459 freq=72001994 sd_pos=965045 heater_bed: target=65 temp=65.0 pwm=0.091 sysload=0.49 cputime=63.844 memavail=2523060 print_time=958.397 buffer_time=2.234 print_stall=0 extruder: target=220 temp=220.0 pwm=0.481
Stats 2567260.8: gcodein=0  mcu: mcu_awake=0.033 mcu_task_avg=0.000055 mcu_task_stddev=0.000032 bytes_write=2434370 bytes_read=328183 bytes_retransmit=9 bytes_invalid=0 send_seq=42200 receive_seq=42199 retransmit_seq=2 srtt=0.003 rttvar=0.000 rto=0.025 ready_bytes=16 upcoming_bytes=675 freq=72001993 sd_pos=968064 heater_bed: target=65 temp=65.1 pwm=0.000 sysload=0.49 cputime=63.955 memavail=2523060 print_time=959.558 buffer_time=2.393 print_stall=0 extruder: target=220 temp=220.1 pwm=0.481
Stats 2567261.8: gcodein=0  mcu: mcu_awake=0.032 mcu_task_avg=0.000052 mcu_task_stddev=0.000034 bytes_write=2438135 bytes_read=328597 bytes_retransmit=9 bytes_invalid=0 send_seq=42262 receive_seq=42259 retransmit_seq=2 srtt=0.003 rttvar=0.000 rto=0.025 ready_bytes=7 upcoming_bytes=519 freq=72001991 sd_pos=971032 heater_bed: target=65 temp=65.1 pwm=0.055 sysload=0.49 cputime=64.056 memavail=2523060 print_time=960.420 buffer_time=2.255 print_stall=0 extruder: target=220 temp=220.1 pwm=0.481
Stats 2567262.8: gcodein=0  mcu: mcu_awake=0.032 mcu_task_avg=0.000052 mcu_task_stddev=0.000034 bytes_write=2441731 bytes_read=328995 bytes_retransmit=9 bytes_invalid=0 send_seq=42322 receive_seq=42319 retransmit_seq=2 srtt=0.003 rttvar=0.001 rto=0.025 ready_bytes=961 upcoming_bytes=311 freq=72001989 sd_pos=973961 heater_bed: target=65 temp=65.0 pwm=0.721 sysload=0.49 cputime=64.158 memavail=2523060 print_time=961.498 buffer_time=2.312 print_stall=0 extruder: target=220 temp=220.0 pwm=0.482
Stats 2567263.8: gcodein=0  mcu: mcu_awake=0.032 mcu_task_avg=0.000052 mcu_task_stddev=0.000034 bytes_write=2446549 bytes_read=329532 bytes_retransmit=9 bytes_invalid=0 send_seq=42401 receive_seq=42401 retransmit_seq=2 srtt=0.003 rttvar=0.000 rto=0.025 ready_bytes=9 upcoming_bytes=969 freq=72001990 sd_pos=975770 heater_bed: target=65 temp=65.1 pwm=0.092 sysload=0.45 cputime=64.253 memavail=2523060 print_time=962.596 buffer_time=2.409 print_stall=0 extruder: target=220 temp=220.1 pwm=0.482
Stats 2567264.8: gcodein=0  mcu: mcu_awake=0.032 mcu_task_avg=0.000052 mcu_task_stddev=0.000034 bytes_write=2450752 bytes_read=329975 bytes_retransmit=9 bytes_invalid=0 send_seq=42471 receive_seq=42470 retransmit_seq=2 srtt=0.003 rttvar=0.000 rto=0.025 ready_bytes=16 upcoming_bytes=362 freq=72001996 sd_pos=977210 heater_bed: target=65 temp=65.1 pwm=0.102 sysload=0.45 cputime=64.338 memavail=2522836 print_time=963.230 buffer_time=2.041 print_stall=0 extruder: target=220 temp=220.0 pwm=0.482
Stats 2567265.8: gcodein=0  mcu: mcu_awake=0.032 mcu_task_avg=0.000052 mcu_task_stddev=0.000034 bytes_write=2455476 bytes_read=330473 bytes_retransmit=9 bytes_invalid=0 send_seq=42550 receive_seq=42550 retransmit_seq=2 srtt=0.003 rttvar=0.000 rto=0.025 ready_bytes=38 upcoming_bytes=2097 freq=72001996 sd_pos=978861 heater_bed: target=65 temp=65.1 pwm=0.385 sysload=0.45 cputime=64.447 memavail=2524580 print_time=964.511 buffer_time=2.320 print_stall=0 extruder: target=220 temp=220.0 pwm=0.482
Stats 2567266.8: gcodein=0  mcu: mcu_awake=0.030 mcu_task_avg=0.000050 mcu_task_stddev=0.000034 bytes_write=2460221 bytes_read=331011 bytes_retransmit=9 bytes_invalid=0 send_seq=42629 receive_seq=42629 retransmit_seq=2 srtt=0.003 rttvar=0.000 rto=0.025 ready_bytes=54 upcoming_bytes=2089 freq=72001994 sd_pos=980990 heater_bed: target=65 temp=65.0 pwm=0.333 sysload=0.45 cputime=64.568 memavail=2524660 print_time=965.502 buffer_time=2.310 print_stall=0 extruder: target=220 temp=219.9 pwm=0.545
Stats 2567267.8: gcodein=0  mcu: mcu_awake=0.030 mcu_task_avg=0.000050 mcu_task_stddev=0.000034 bytes_write=2465691 bytes_read=331559 bytes_retransmit=9 bytes_invalid=0 send_seq=42719 receive_seq=42719 retransmit_seq=2 srtt=0.003 rttvar=0.000 rto=0.025 ready_bytes=39 upcoming_bytes=458 freq=72001996 sd_pos=982409 heater_bed: target=65 temp=65.1 pwm=0.118 sysload=0.45 cputime=64.675 memavail=2524660 print_time=966.457 buffer_time=2.263 print_stall=0 extruder: target=220 temp=219.8 pwm=0.545
Stats 2567268.8: gcodein=0  mcu: mcu_awake=0.030 mcu_task_avg=0.000050 mcu_task_stddev=0.000034 bytes_write=2469648 bytes_read=331972 bytes_retransmit=9 bytes_invalid=0 send_seq=42785 receive_seq=42782 retransmit_seq=2 srtt=0.003 rttvar=0.000 rto=0.025 ready_bytes=499 upcoming_bytes=0 freq=72001997 sd_pos=983727 heater_bed: target=65 temp=65.0 pwm=0.325 sysload=0.49 cputime=64.771 memavail=2524436 print_time=967.593 buffer_time=2.398 print_stall=0 extruder: target=220 temp=219.8 pwm=0.545
Stats 2567269.8: gcodein=0  mcu: mcu_awake=0.030 mcu_task_avg=0.000050 mcu_task_stddev=0.000034 bytes_write=2473046 bytes_read=332399 bytes_retransmit=9 bytes_invalid=0 send_seq=42842 receive_seq=42842 retransmit_seq=2 srtt=0.003 rttvar=0.000 rto=0.025 ready_bytes=0 upcoming_bytes=0 freq=72001998 sd_pos=984953 heater_bed: target=65 temp=64.9 pwm=0.858 sysload=0.49 cputime=64.840 memavail=2524436 print_time=968.205 buffer_time=2.009 print_stall=0 extruder: target=220 temp=219.8 pwm=0.545
Stats 2567270.8: gcodein=0  mcu: mcu_awake=0.030 mcu_task_avg=0.000050 mcu_task_stddev=0.000034 bytes_write=2477936 bytes_read=332897 bytes_retransmit=9 bytes_invalid=0 send_seq=42923 receive_seq=42922 retransmit_seq=2 srtt=0.003 rttvar=0.000 rto=0.025 ready_bytes=6 upcoming_bytes=1822 freq=72001998 sd_pos=987482 heater_bed: target=65 temp=65.0 pwm=0.428 sysload=0.49 cputime=64.959 memavail=2524436 print_time=969.796 buffer_time=2.599 print_stall=0 extruder: target=220 temp=219.7 pwm=0.514
Stats 2567271.8: gcodein=0  mcu: mcu_awake=0.031 mcu_task_avg=0.000052 mcu_task_stddev=0.000032 bytes_write=2482207 bytes_read=333371 bytes_retransmit=9 bytes_invalid=0 send_seq=42994 receive_seq=42994 retransmit_seq=2 srtt=0.003 rttvar=0.000 rto=0.025 ready_bytes=38 upcoming_bytes=459 freq=72001996 sd_pos=989260 heater_bed: target=65 temp=65.0 pwm=0.494 sysload=0.49 cputime=65.059 memavail=2524436 print_time=970.433 buffer_time=2.235 print_stall=0 extruder: target=220 temp=219.9 pwm=0.514
Stats 2567272.8: gcodein=0  mcu: mcu_awake=0.031 mcu_task_avg=0.000052 mcu_task_stddev=0.000032 bytes_write=2486729 bytes_read=333878 bytes_retransmit=9 bytes_invalid=0 send_seq=43070 receive_seq=43070 retransmit_seq=2 srtt=0.003 rttvar=0.000 rto=0.025 ready_bytes=0 upcoming_bytes=0 freq=72001992 sd_pos=991476 heater_bed: target=65 temp=65.0 pwm=0.271 sysload=0.49 cputime=65.163 memavail=2524196 print_time=971.200 buffer_time=2.001 print_stall=0 extruder: target=220 temp=220.0 pwm=0.514
Stats 2567273.8: gcodein=0  mcu: mcu_awake=0.031 mcu_task_avg=0.000052 mcu_task_stddev=0.000032 bytes_write=2490654 bytes_read=334296 bytes_retransmit=9 bytes_invalid=0 send_seq=43135 receive_seq=43134 retransmit_seq=2 srtt=0.003 rttvar=0.000 rto=0.025 ready_bytes=15 upcoming_bytes=1479 freq=72001990 sd_pos=994935 heater_bed: target=65 temp=65.0 pwm=0.356 sysload=0.45 cputime=65.294 memavail=2524196 print_time=972.573 buffer_time=2.373 print_stall=0 extruder: target=220 temp=220.0 pwm=0.514
Stats 2567274.8: gcodein=0  mcu: mcu_awake=0.031 mcu_task_avg=0.000052 mcu_task_stddev=0.000032 bytes_write=2495634 bytes_read=334809 bytes_retransmit=9 bytes_invalid=0 send_seq=43217 receive_seq=43217 retransmit_seq=2 srtt=0.003 rttvar=0.000 rto=0.025 ready_bytes=51 upcoming_bytes=124 freq=72001994 sd_pos=997034 heater_bed: target=65 temp=65.0 pwm=0.457 sysload=0.45 cputime=65.405 memavail=2524196 print_time=973.490 buffer_time=2.289 print_stall=0 extruder: target=220 temp=220.1 pwm=0.448
Stats 2567275.9: gcodein=0  mcu: mcu_awake=0.031 mcu_task_avg=0.000052 mcu_task_stddev=0.000032 bytes_write=2499373 bytes_read=335241 bytes_retransmit=9 bytes_invalid=0 send_seq=43279 receive_seq=43278 retransmit_seq=2 srtt=0.003 rttvar=0.000 rto=0.025 ready_bytes=31 upcoming_bytes=1770 freq=72001994 sd_pos=999024 heater_bed: target=65 temp=65.0 pwm=0.056 sysload=0.45 cputime=65.502 memavail=2524452 print_time=974.521 buffer_time=2.319 print_stall=0 extruder: target=220 temp=220.2 pwm=0.448
Stats 2567276.9: gcodein=0  mcu: mcu_awake=0.030 mcu_task_avg=0.000051 mcu_task_stddev=0.000033 bytes_write=2503680 bytes_read=335715 bytes_retransmit=9 bytes_invalid=0 send_seq=43351 receive_seq=43350 retransmit_seq=2 srtt=0.003 rttvar=0.000 rto=0.025 ready_bytes=23 upcoming_bytes=3928 freq=72001992 sd_pos=1001041 heater_bed: target=65 temp=65.0 pwm=0.140 sysload=0.45 cputime=65.609 memavail=2524452 print_time=975.755 buffer_time=2.553 print_stall=0 extruder: target=220 temp=220.2 pwm=0.448
Stats 2567277.9: gcodein=0  mcu: mcu_awake=0.030 mcu_task_avg=0.000051 mcu_task_stddev=0.000033 bytes_write=2509012 bytes_read=336258 bytes_retransmit=9 bytes_invalid=0 send_seq=43440 receive_seq=43439 retransmit_seq=2 srtt=0.003 rttvar=0.000 rto=0.025 ready_bytes=8 upcoming_bytes=2318 freq=72001991 sd_pos=1002473 heater_bed: target=65 temp=65.0 pwm=0.009 sysload=0.45 cputime=65.705 memavail=2523780 print_time=976.359 buffer_time=2.156 print_stall=0 extruder: target=220 temp=220.1 pwm=0.519
Stats 2567278.9: gcodein=0  mcu: mcu_awake=0.030 mcu_task_avg=0.000051 mcu_task_stddev=0.000033 bytes_write=2514130 bytes_read=336821 bytes_retransmit=9 bytes_invalid=0 send_seq=43525 receive_seq=43524 retransmit_seq=2 srtt=0.003 rttvar=0.000 rto=0.025 ready_bytes=15 upcoming_bytes=3185 freq=72001988 sd_pos=1003292 heater_bed: target=65 temp=64.9 pwm=0.492 sysload=0.42 cputime=65.808 memavail=2522884 print_time=977.417 buffer_time=2.213 print_stall=0 extruder: target=220 temp=220.1 pwm=0.519
Stats 2567279.9: gcodein=0  mcu: mcu_awake=0.030 mcu_task_avg=0.000051 mcu_task_stddev=0.000033 bytes_write=2520013 bytes_read=337399 bytes_retransmit=9 bytes_invalid=0 send_seq=43621 receive_seq=43620 retransmit_seq=2 srtt=0.003 rttvar=0.000 rto=0.025 ready_bytes=24 upcoming_bytes=3274 freq=72001986 sd_pos=1004693 heater_bed: target=65 temp=65.0 pwm=0.090 sysload=0.42 cputime=65.922 memavail=2522660 print_time=978.589 buffer_time=2.384 print_stall=0 extruder: target=220 temp=220.0 pwm=0.519
Stats 2567280.9: gcodein=0  mcu: mcu_awake=0.030 mcu_task_avg=0.000051 mcu_task_stddev=0.000033 bytes_write=2525741 bytes_read=337972 bytes_retransmit=9 bytes_invalid=0 send_seq=43716 receive_seq=43715 retransmit_seq=2 srtt=0.003 rttvar=0.000 rto=0.025 ready_bytes=24 upcoming_bytes=1576 freq=72001987 sd_pos=1005278 heater_bed: target=65 temp=65.0 pwm=0.157 sysload=0.42 cputime=66.015 memavail=2522436 print_time=979.226 buffer_time=2.021 print_stall=0 extruder: target=220 temp=219.9 pwm=0.519
Stats 2567281.9: gcodein=0  mcu: mcu_awake=0.035 mcu_task_avg=0.000061 mcu_task_stddev=0.000028 bytes_write=2531275 bytes_read=338575 bytes_retransmit=9 bytes_invalid=0 send_seq=43807 receive_seq=43807 retransmit_seq=2 srtt=0.003 rttvar=0.000 rto=0.025 ready_bytes=39 upcoming_bytes=1863 freq=72001986 sd_pos=1005968 heater_bed: target=65 temp=65.0 pwm=0.179 sysload=0.42 cputime=66.120 memavail=2522436 print_time=980.251 buffer_time=2.046 print_stall=0 extruder: target=220 temp=219.8 pwm=0.558
Stats 2567282.9: gcodein=0  mcu: mcu_awake=0.035 mcu_task_avg=0.000061 mcu_task_stddev=0.000028 bytes_write=2536706 bytes_read=339118 bytes_retransmit=9 bytes_invalid=0 send_seq=43897 receive_seq=43896 retransmit_seq=2 srtt=0.003 rttvar=0.000 rto=0.025 ready_bytes=31 upcoming_bytes=518 freq=72001984 sd_pos=1007418 heater_bed: target=65 temp=65.0 pwm=0.322 sysload=0.42 cputime=66.228 memavail=2522436 print_time=981.244 buffer_time=2.037 print_stall=0 extruder: target=220 temp=219.8 pwm=0.554
Stats 2567283.9: gcodein=0  mcu: mcu_awake=0.035 mcu_task_avg=0.000061 mcu_task_stddev=0.000028 bytes_write=2541931 bytes_read=339651 bytes_retransmit=9 bytes_invalid=0 send_seq=43983 receive_seq=43983 retransmit_seq=2 srtt=0.003 rttvar=0.000 rto=0.025 ready_bytes=15 upcoming_bytes=0 freq=72001983 sd_pos=1010439 heater_bed: target=65 temp=65.0 pwm=0.037 sysload=0.38 cputime=66.359 memavail=2522452 print_time=982.308 buffer_time=2.100 print_stall=0 extruder: target=220 temp=219.8 pwm=0.554
Stats 2567284.9: gcodein=0  mcu: mcu_awake=0.035 mcu_task_avg=0.000061 mcu_task_stddev=0.000028 bytes_write=2546178 bytes_read=340128 bytes_retransmit=9 bytes_invalid=0 send_seq=44054 receive_seq=44053 retransmit_seq=2 srtt=0.003 rttvar=0.000 rto=0.025 ready_bytes=15 upcoming_bytes=678 freq=72001982 sd_pos=1012244 heater_bed: target=65 temp=65.0 pwm=0.496 sysload=0.38 cputime=66.454 memavail=2522452 print_time=983.278 buffer_time=2.069 print_stall=0 extruder: target=220 temp=219.9 pwm=0.554
Stats 2567285.9: gcodein=0  mcu: mcu_awake=0.035 mcu_task_avg=0.000061 mcu_task_stddev=0.000028 bytes_write=2550652 bytes_read=340601 bytes_retransmit=9 bytes_invalid=0 send_seq=44128 receive_seq=44128 retransmit_seq=2 srtt=0.003 rttvar=0.000 rto=0.025 ready_bytes=50 upcoming_bytes=1160 freq=72001982 sd_pos=1013281 heater_bed: target=65 temp=64.9 pwm=0.528 sysload=0.38 cputime=66.552 memavail=2522708 print_time=984.446 buffer_time=2.236 print_stall=0 extruder: target=220 temp=219.9 pwm=0.499
Stats 2567286.9: gcodein=0  mcu: mcu_awake=0.033 mcu_task_avg=0.000058 mcu_task_stddev=0.000031 bytes_write=2555669 bytes_read=341145 bytes_retransmit=9 bytes_invalid=0 send_seq=44211 receive_seq=44211 retransmit_seq=2 srtt=0.003 rttvar=0.000 rto=0.025 ready_bytes=56 upcoming_bytes=665 freq=72001981 sd_pos=1016665 heater_bed: target=65 temp=65.1 pwm=0.049 sysload=0.38 cputime=66.684 memavail=2522708 print_time=985.464 buffer_time=2.252 print_stall=0 extruder: target=220 temp=219.9 pwm=0.499
Stats 2567287.9: gcodein=0  mcu: mcu_awake=0.033 mcu_task_avg=0.000058 mcu_task_stddev=0.000031 bytes_write=2560193 bytes_read=341632 bytes_retransmit=9 bytes_invalid=0 send_seq=44287 receive_seq=44286 retransmit_seq=2 srtt=0.003 rttvar=0.000 rto=0.025 ready_bytes=9 upcoming_bytes=1491 freq=72001983 sd_pos=1019866 heater_bed: target=65 temp=64.9 pwm=0.805 sysload=0.38 cputime=66.798 memavail=2522708 print_time=986.655 buffer_time=2.442 print_stall=0 extruder: target=220 temp=220.0 pwm=0.499
Stats 2567288.9: gcodein=0  mcu: mcu_awake=0.033 mcu_task_avg=0.000058 mcu_task_stddev=0.000031 bytes_write=2564223 bytes_read=342065 bytes_retransmit=9 bytes_invalid=0 send_seq=44354 receive_seq=44353 retransmit_seq=2 srtt=0.003 rttvar=0.000 rto=0.025 ready_bytes=7 upcoming_bytes=2741 freq=72001983 sd_pos=1021587 heater_bed: target=65 temp=65.0 pwm=0.399 sysload=0.35 cputime=66.906 memavail=2522708 print_time=987.691 buffer_time=2.477 print_stall=0 extruder: target=220 temp=220.1 pwm=0.499
Stats 2567289.9: gcodein=0  mcu: mcu_awake=0.033 mcu_task_avg=0.000058 mcu_task_stddev=0.000031 bytes_write=2568759 bytes_read=342558 bytes_retransmit=9 bytes_invalid=0 send_seq=44429 receive_seq=44429 retransmit_seq=2 srtt=0.003 rttvar=0.000 rto=0.025 ready_bytes=31 upcoming_bytes=1285 freq=72001985 sd_pos=1022438 heater_bed: target=65 temp=65.1 pwm=0.000 sysload=0.35 cputime=67.004 memavail=2522708 print_time=988.247 buffer_time=2.032 print_stall=0 extruder: target=220 temp=220.1 pwm=0.478
Stats 2567290.9: gcodein=0  mcu: mcu_awake=0.033 mcu_task_avg=0.000058 mcu_task_stddev=0.000031 bytes_write=2573824 bytes_read=343090 bytes_retransmit=9 bytes_invalid=0 send_seq=44513 receive_seq=44513 retransmit_seq=2 srtt=0.003 rttvar=0.000 rto=0.025 ready_bytes=58 upcoming_bytes=1181 freq=72001985 sd_pos=1025471 heater_bed: target=65 temp=65.0 pwm=0.240 sysload=0.35 cputime=67.136 memavail=2522708 print_time=989.529 buffer_time=2.313 print_stall=0 extruder: target=220 temp=220.2 pwm=0.478
Stats 2567291.9: gcodein=0  mcu: mcu_awake=0.032 mcu_task_avg=0.000056 mcu_task_stddev=0.000032 bytes_write=2578048 bytes_read=343554 bytes_retransmit=9 bytes_invalid=0 send_seq=44583 receive_seq=44583 retransmit_seq=2 srtt=0.003 rttvar=0.000 rto=0.025 ready_bytes=40 upcoming_bytes=0 freq=72001983 sd_pos=1027546 heater_bed: target=65 temp=64.9 pwm=0.678 sysload=0.35 cputime=67.236 memavail=2522708 print_time=990.224 buffer_time=2.008 print_stall=0 extruder: target=220 temp=220.1 pwm=0.478
Stats 2567292.9: gcodein=0  mcu: mcu_awake=0.032 mcu_task_avg=0.000056 mcu_task_stddev=0.000032 bytes_write=2582505 bytes_read=344037 bytes_retransmit=9 bytes_invalid=0 send_seq=44657 receive_seq=44657 retransmit_seq=2 srtt=0.003 rttvar=0.000 rto=0.025 ready_bytes=26 upcoming_bytes=2884 freq=72001986 sd_pos=1030618 heater_bed: target=65 temp=65.2 pwm=0.000 sysload=0.35 cputime=67.353 memavail=2522712 print_time=991.759 buffer_time=2.542 print_stall=0 extruder: target=220 temp=220.1 pwm=0.478
Stats 2567293.9: gcodein=0  mcu: mcu_awake=0.032 mcu_task_avg=0.000056 mcu_task_stddev=0.000032 bytes_write=2587002 bytes_read=344524 bytes_retransmit=9 bytes_invalid=0 send_seq=44732 receive_seq=44732 retransmit_seq=2 srtt=0.003 rttvar=0.000 rto=0.025 ready_bytes=55 upcoming_bytes=1342 freq=72001985 sd_pos=1031623 heater_bed: target=65 temp=65.0 pwm=0.257 sysload=0.32 cputime=67.446 memavail=2522712 print_time=992.282 buffer_time=2.063 print_stall=0 extruder: target=220 temp=220.0 pwm=0.530
Stats 2567294.9: gcodein=0  mcu: mcu_awake=0.032 mcu_task_avg=0.000056 mcu_task_stddev=0.000032 bytes_write=2591967 bytes_read=345032 bytes_retransmit=9 bytes_invalid=0 send_seq=44814 receive_seq=44814 retransmit_seq=2 srtt=0.003 rttvar=0.000 rto=0.025 ready_bytes=14 upcoming_bytes=0 freq=72001987 sd_pos=1033443 heater_bed: target=65 temp=65.0 pwm=0.513 sysload=0.32 cputime=67.560 memavail=2522716 print_time=993.402 buffer_time=2.182 print_stall=0 extruder: target=220 temp=220.1 pwm=0.530
Stats 2567295.9: gcodein=0  mcu: mcu_awake=0.032 mcu_task_avg=0.000056 mcu_task_stddev=0.000032 bytes_write=2596813 bytes_read=345550 bytes_retransmit=9 bytes_invalid=0 send_seq=44895 receive_seq=44895 retransmit_seq=2 srtt=0.003 rttvar=0.000 rto=0.025 ready_bytes=43 upcoming_bytes=0 freq=72001985 sd_pos=1036458 heater_bed: target=65 temp=65.1 pwm=0.144 sysload=0.32 cputime=67.676 memavail=2522716 print_time=994.486 buffer_time=2.265 print_stall=0 extruder: target=220 temp=220.0 pwm=0.530
Stats 2567296.9: gcodein=0  mcu: mcu_awake=0.032 mcu_task_avg=0.000052 mcu_task_stddev=0.000033 bytes_write=2600220 bytes_read=345953 bytes_retransmit=9 bytes_invalid=0 send_seq=44951 receive_seq=44950 retransmit_seq=2 srtt=0.003 rttvar=0.000 rto=0.025 ready_bytes=30 upcoming_bytes=825 freq=72001983 sd_pos=1037720 heater_bed: target=65 temp=65.1 pwm=0.105 sysload=0.32 cputime=67.757 memavail=2522972 print_time=995.360 buffer_time=2.139 print_stall=0 extruder: target=220 temp=220.0 pwm=0.530
Stats 2567297.9: gcodein=0  mcu: mcu_awake=0.032 mcu_task_avg=0.000052 mcu_task_stddev=0.000033 bytes_write=2604445 bytes_read=346406 bytes_retransmit=9 bytes_invalid=0 send_seq=45021 receive_seq=45021 retransmit_seq=2 srtt=0.003 rttvar=0.000 rto=0.025 ready_bytes=45 upcoming_bytes=522 freq=72001981 sd_pos=1038269 heater_bed: target=65 temp=64.9 pwm=0.722 sysload=0.32 cputime=67.845 memavail=2522972 print_time=996.278 buffer_time=2.056 print_stall=0 extruder: target=220 temp=220.0 pwm=0.489
Stats 2567298.9: gcodein=0  mcu: mcu_awake=0.032 mcu_task_avg=0.000052 mcu_task_stddev=0.000033 bytes_write=2609417 bytes_read=346929 bytes_retransmit=9 bytes_invalid=0 send_seq=45103 receive_seq=45103 retransmit_seq=2 srtt=0.003 rttvar=0.000 rto=0.025 ready_bytes=46 upcoming_bytes=857 freq=72001980 sd_pos=1041456 heater_bed: target=65 temp=65.1 pwm=0.347 sysload=0.30 cputime=67.972 memavail=2522972 print_time=997.515 buffer_time=2.291 print_stall=0 extruder: target=220 temp=220.1 pwm=0.489
Stats 2567299.9: gcodein=0  mcu: mcu_awake=0.032 mcu_task_avg=0.000052 mcu_task_stddev=0.000033 bytes_write=2613781 bytes_read=347401 bytes_retransmit=9 bytes_invalid=0 send_seq=45175 receive_seq=45175 retransmit_seq=2 srtt=0.003 rttvar=0.000 rto=0.025 ready_bytes=6 upcoming_bytes=979 freq=72001979 sd_pos=1043799 heater_bed: target=65 temp=65.1 pwm=0.204 sysload=0.30 cputime=68.090 memavail=2522972 print_time=998.472 buffer_time=2.247 print_stall=0 extruder: target=220 temp=220.1 pwm=0.489
Stats 2567300.9: gcodein=0  mcu: mcu_awake=0.032 mcu_task_avg=0.000052 mcu_task_stddev=0.000033 bytes_write=2618056 bytes_read=347849 bytes_retransmit=9 bytes_invalid=0 send_seq=45246 receive_seq=45245 retransmit_seq=2 srtt=0.003 rttvar=0.000 rto=0.025 ready_bytes=16 upcoming_bytes=2082 freq=72001979 sd_pos=1047049 heater_bed: target=65 temp=65.1 pwm=0.082 sysload=0.30 cputime=68.214 memavail=2522972 print_time=999.634 buffer_time=2.400 print_stall=0 extruder: target=220 temp=220.1 pwm=0.489
Stats 2567301.9: gcodein=0  mcu: mcu_awake=0.030 mcu_task_avg=0.000054 mcu_task_stddev=0.000033 bytes_write=2622902 bytes_read=348368 bytes_retransmit=9 bytes_invalid=0 send_seq=45326 receive_seq=45323 retransmit_seq=2 srtt=0.003 rttvar=0.000 rto=0.025 ready_bytes=170 upcoming_bytes=1556 freq=72001976 sd_pos=1049575 heater_bed: target=65 temp=65.1 pwm=0.266 sysload=0.30 cputime=68.327 memavail=2522972 print_time=1000.685 buffer_time=2.451 print_stall=0 extruder: target=220 temp=220.1 pwm=0.489
Stats 2567302.9: gcodein=0  mcu: mcu_awake=0.030 mcu_task_avg=0.000054 mcu_task_stddev=0.000033 bytes_write=2627104 bytes_read=348845 bytes_retransmit=9 bytes_invalid=0 send_seq=45396 receive_seq=45396 retransmit_seq=2 srtt=0.003 rttvar=0.000 rto=0.025 ready_bytes=55 upcoming_bytes=0 freq=72001976 sd_pos=1050065 heater_bed: target=65 temp=65.1 pwm=0.335 sysload=0.30 cputime=68.412 memavail=2522484 print_time=1001.281 buffer_time=2.047 print_stall=0 extruder: target=220 temp=220.1 pwm=0.489
Stats 2567303.9: gcodein=0  mcu: mcu_awake=0.030 mcu_task_avg=0.000054 mcu_task_stddev=0.000033 bytes_write=2631691 bytes_read=349323 bytes_retransmit=9 bytes_invalid=0 send_seq=45472 receive_seq=45472 retransmit_seq=2 srtt=0.003 rttvar=0.000 rto=0.025 ready_bytes=41 upcoming_bytes=560 freq=72001976 sd_pos=1050944 heater_bed: target=65 temp=65.1 pwm=0.428 sysload=0.27 cputime=68.504 memavail=2522484 print_time=1002.385 buffer_time=2.150 print_stall=0 extruder: target=220 temp=220.1 pwm=0.505
Stats 2567304.9: gcodein=0  mcu: mcu_awake=0.030 mcu_task_avg=0.000054 mcu_task_stddev=0.000033 bytes_write=2636193 bytes_read=349806 bytes_retransmit=9 bytes_invalid=0 send_seq=45546 receive_seq=45546 retransmit_seq=2 srtt=0.003 rttvar=0.000 rto=0.025 ready_bytes=19 upcoming_bytes=903 freq=72001976 sd_pos=1051512 heater_bed: target=65 temp=65.0 pwm=0.547 sysload=0.27 cputime=68.589 memavail=2522232 print_time=1003.239 buffer_time=2.003 print_stall=0 extruder: target=220 temp=220.1 pwm=0.472
Stats 2567305.9: gcodein=0  mcu: mcu_awake=0.030 mcu_task_avg=0.000054 mcu_task_stddev=0.000033 bytes_write=2640869 bytes_read=350298 bytes_retransmit=9 bytes_invalid=0 send_seq=45623 receive_seq=45622 retransmit_seq=2 srtt=0.003 rttvar=0.000 rto=0.025 ready_bytes=8 upcoming_bytes=2574 freq=72001975 sd_pos=1052602 heater_bed: target=65 temp=65.1 pwm=0.207 sysload=0.27 cputime=68.684 memavail=2522232 print_time=1004.335 buffer_time=2.098 print_stall=0 extruder: target=220 temp=220.0 pwm=0.472
Stats 2567306.9: gcodein=0  mcu: mcu_awake=0.031 mcu_task_avg=0.000057 mcu_task_stddev=0.000030 bytes_write=2646501 bytes_read=350877 bytes_retransmit=9 bytes_invalid=0 send_seq=45716 receive_seq=45715 retransmit_seq=2 srtt=0.003 rttvar=0.000 rto=0.025 ready_bytes=23 upcoming_bytes=1410 freq=72001973 sd_pos=1053878 heater_bed: target=65 temp=65.1 pwm=0.403 sysload=0.27 cputime=68.782 memavail=2524280 print_time=1005.350 buffer_time=2.112 print_stall=0 extruder: target=220 temp=220.0 pwm=0.534
Stats 2567307.9: gcodein=0  mcu: mcu_awake=0.031 mcu_task_avg=0.000057 mcu_task_stddev=0.000030 bytes_write=2652393 bytes_read=351480 bytes_retransmit=9 bytes_invalid=0 send_seq=45813 receive_seq=45813 retransmit_seq=2 srtt=0.003 rttvar=0.000 rto=0.025 ready_bytes=38 upcoming_bytes=1585 freq=72001972 sd_pos=1055193 heater_bed: target=65 temp=65.0 pwm=0.363 sysload=0.27 cputime=68.885 memavail=2524280 print_time=1006.595 buffer_time=2.356 print_stall=0 extruder: target=220 temp=220.1 pwm=0.436
Stats 2567308.9: gcodein=0  mcu: mcu_awake=0.031 mcu_task_avg=0.000057 mcu_task_stddev=0.000030 bytes_write=2656707 bytes_read=351942 bytes_retransmit=9 bytes_invalid=0 send_seq=45883 receive_seq=45883 retransmit_seq=2 srtt=0.003 rttvar=0.000 rto=0.025 ready_bytes=42 upcoming_bytes=3581 freq=72001974 sd_pos=1056171 heater_bed: target=65 temp=65.0 pwm=0.533 sysload=0.41 cputime=68.984 memavail=2524280 print_time=1007.732 buffer_time=2.493 print_stall=0 extruder: target=220 temp=220.0 pwm=0.483
Stats 2567309.9: gcodein=0  mcu: mcu_awake=0.031 mcu_task_avg=0.000057 mcu_task_stddev=0.000030 bytes_write=2661569 bytes_read=352440 bytes_retransmit=9 bytes_invalid=0 send_seq=45963 receive_seq=45963 retransmit_seq=2 srtt=0.003 rttvar=0.000 rto=0.025 ready_bytes=51 upcoming_bytes=297 freq=72001974 sd_pos=1056515 heater_bed: target=65 temp=65.1 pwm=0.000 sysload=0.41 cputime=69.067 memavail=2524280 print_time=1008.361 buffer_time=2.120 print_stall=0 extruder: target=220 temp=219.9 pwm=0.544
Stats 2567310.9: gcodein=0  mcu: mcu_awake=0.031 mcu_task_avg=0.000057 mcu_task_stddev=0.000030 bytes_write=2666012 bytes_read=352928 bytes_retransmit=9 bytes_invalid=0 send_seq=46038 receive_seq=46038 retransmit_seq=2 srtt=0.003 rttvar=0.000 rto=0.025 ready_bytes=22 upcoming_bytes=0 freq=72001971 sd_pos=1058501 heater_bed: target=65 temp=65.0 pwm=0.531 sysload=0.41 cputime=69.167 memavail=2524280 print_time=1009.277 buffer_time=2.036 print_stall=0 extruder: target=220 temp=219.9 pwm=0.544
Stats 2567311.9: gcodein=0  mcu: mcu_awake=0.034 mcu_task_avg=0.000058 mcu_task_stddev=0.000030 bytes_write=2670676 bytes_read=353441 bytes_retransmit=9 bytes_invalid=0 send_seq=46115 receive_seq=46115 retransmit_seq=2 srtt=0.003 rttvar=0.000 rto=0.025 ready_bytes=30 upcoming_bytes=199 freq=72001972 sd_pos=1059977 heater_bed: target=65 temp=65.1 pwm=0.000 sysload=0.41 cputime=69.256 memavail=2524280 print_time=1010.517 buffer_time=2.275 print_stall=0 extruder: target=220 temp=219.9 pwm=0.489
Stats 2567312.9: gcodein=0  mcu: mcu_awake=0.034 mcu_task_avg=0.000058 mcu_task_stddev=0.000030 bytes_write=2674602 bytes_read=353849 bytes_retransmit=9 bytes_invalid=0 send_seq=46180 receive_seq=46177 retransmit_seq=2 srtt=0.003 rttvar=0.000 rto=0.025 ready_bytes=240 upcoming_bytes=1265 freq=72001971 sd_pos=1063120 heater_bed: target=65 temp=65.0 pwm=0.527 sysload=0.41 cputime=69.355 memavail=2523792 print_time=1011.743 buffer_time=2.500 print_stall=0 extruder: target=220 temp=220.0 pwm=0.489
Stats 2567313.9: gcodein=0  mcu: mcu_awake=0.034 mcu_task_avg=0.000058 mcu_task_stddev=0.000030 bytes_write=2678605 bytes_read=354307 bytes_retransmit=9 bytes_invalid=0 send_seq=46246 receive_seq=46246 retransmit_seq=2 srtt=0.003 rttvar=0.000 rto=0.025 ready_bytes=44 upcoming_bytes=0 freq=72001972 sd_pos=1065115 heater_bed: target=65 temp=65.0 pwm=0.429 sysload=0.38 cputime=69.446 memavail=2523796 print_time=1012.306 buffer_time=2.062 print_stall=0 extruder: target=220 temp=220.1 pwm=0.489
Stats 2567314.9: gcodein=0  mcu: mcu_awake=0.034 mcu_task_avg=0.000058 mcu_task_stddev=0.000030 bytes_write=2682706 bytes_read=354764 bytes_retransmit=9 bytes_invalid=0 send_seq=46315 receive_seq=46315 retransmit_seq=2 srtt=0.003 rttvar=0.000 rto=0.025 ready_bytes=0 upcoming_bytes=0 freq=72001972 sd_pos=1067704 heater_bed: target=65 temp=65.1 pwm=0.015 sysload=0.38 cputime=69.556 memavail=2523796 print_time=1013.330 buffer_time=2.086 print_stall=0 extruder: target=220 temp=220.1 pwm=0.489
Stats 2567315.9: gcodein=0  mcu: mcu_awake=0.034 mcu_task_avg=0.000058 mcu_task_stddev=0.000030 bytes_write=2687239 bytes_read=355237 bytes_retransmit=9 bytes_invalid=0 send_seq=46390 receive_seq=46390 retransmit_seq=2 srtt=0.003 rttvar=0.000 rto=0.025 ready_bytes=58 upcoming_bytes=960 freq=72001974 sd_pos=1070897 heater_bed: target=65 temp=65.0 pwm=0.307 sysload=0.38 cputime=69.673 memavail=2523796 print_time=1014.515 buffer_time=2.269 print_stall=0 extruder: target=220 temp=220.1 pwm=0.489
Stats 2567316.9: gcodein=0  mcu: mcu_awake=0.031 mcu_task_avg=0.000047 mcu_task_stddev=0.000035 bytes_write=2691296 bytes_read=355693 bytes_retransmit=9 bytes_invalid=0 send_seq=46457 receive_seq=46456 retransmit_seq=2 srtt=0.003 rttvar=0.000 rto=0.025 ready_bytes=6 upcoming_bytes=1425 freq=72001979 sd_pos=1072861 heater_bed: target=65 temp=65.0 pwm=0.539 sysload=0.38 cputime=69.783 memavail=2523124 print_time=1015.557 buffer_time=2.310 print_stall=0 extruder: target=220 temp=220.2 pwm=0.489
Stats 2567317.9: gcodein=0  mcu: mcu_awake=0.031 mcu_task_avg=0.000047 mcu_task_stddev=0.000035 bytes_write=2696071 bytes_read=356196 bytes_retransmit=9 bytes_invalid=0 send_seq=46536 receive_seq=46536 retransmit_seq=2 srtt=0.003 rttvar=0.001 rto=0.025 ready_bytes=43 upcoming_bytes=2624 freq=72001976 sd_pos=1074297 heater_bed: target=65 temp=65.1 pwm=0.000 sysload=0.38 cputime=69.893 memavail=2522676 print_time=1016.638 buffer_time=2.390 print_stall=0 extruder: target=220 temp=220.1 pwm=0.489
Stats 2567318.9: gcodein=0  mcu: mcu_awake=0.031 mcu_task_avg=0.000047 mcu_task_stddev=0.000035 bytes_write=2700791 bytes_read=356677 bytes_retransmit=9 bytes_invalid=0 send_seq=46614 receive_seq=46614 retransmit_seq=2 srtt=0.003 rttvar=0.000 rto=0.025 ready_bytes=56 upcoming_bytes=3020 freq=72001975 sd_pos=1075445 heater_bed: target=65 temp=65.0 pwm=0.270 sysload=0.35 cputime=69.996 memavail=2522676 print_time=1017.601 buffer_time=2.352 print_stall=0 extruder: target=220 temp=220.1 pwm=0.542
Stats 2567319.9: gcodein=0  mcu: mcu_awake=0.031 mcu_task_avg=0.000047 mcu_task_stddev=0.000035 bytes_write=2705875 bytes_read=357197 bytes_retransmit=9 bytes_invalid=0 send_seq=46698 receive_seq=46697 retransmit_seq=2 srtt=0.003 rttvar=0.000 rto=0.025 ready_bytes=17 upcoming_bytes=1692 freq=72001974 sd_pos=1077267 heater_bed: target=65 temp=64.9 pwm=0.599 sysload=0.35 cputime=70.107 memavail=2522680 print_time=1018.577 buffer_time=2.327 print_stall=0 extruder: target=220 temp=220.0 pwm=0.495
Stats 2567320.9: gcodein=0  mcu: mcu_awake=0.031 mcu_task_avg=0.000047 mcu_task_stddev=0.000035 bytes_write=2710624 bytes_read=357705 bytes_retransmit=9 bytes_invalid=0 send_seq=46777 receive_seq=46777 retransmit_seq=2 srtt=0.003 rttvar=0.000 rto=0.025 ready_bytes=0 upcoming_bytes=0 freq=72001982 sd_pos=1079343 heater_bed: target=65 temp=65.0 pwm=0.113 sysload=0.35 cputime=70.209 memavail=2522680 print_time=1019.250 buffer_time=1.999 print_stall=0 extruder: target=220 temp=219.9 pwm=0.549
Stats 2567321.9: gcodein=0  mcu: mcu_awake=0.033 mcu_task_avg=0.000058 mcu_task_stddev=0.000031 bytes_write=2715118 bytes_read=358194 bytes_retransmit=9 bytes_invalid=0 send_seq=46852 receive_seq=46852 retransmit_seq=2 srtt=0.003 rttvar=0.000 rto=0.025 ready_bytes=29 upcoming_bytes=0 freq=72001979 sd_pos=1081215 heater_bed: target=65 temp=65.0 pwm=0.211 sysload=0.35 cputime=70.307 memavail=2522680 print_time=1020.436 buffer_time=2.185 print_stall=0 extruder: target=220 temp=220.0 pwm=0.454
Stats 2567322.9: gcodein=0  mcu: mcu_awake=0.033 mcu_task_avg=0.000058 mcu_task_stddev=0.000031 bytes_write=2718650 bytes_read=358607 bytes_retransmit=9 bytes_invalid=0 send_seq=46912 receive_seq=46912 retransmit_seq=2 srtt=0.003 rttvar=0.000 rto=0.025 ready_bytes=37 upcoming_bytes=0 freq=72001977 sd_pos=1082564 heater_bed: target=65 temp=64.9 pwm=0.445 sysload=0.35 cputime=70.390 memavail=2522684 print_time=1021.461 buffer_time=2.210 print_stall=0 extruder: target=220 temp=219.9 pwm=0.535
Stats 2567323.9: gcodein=0  mcu: mcu_awake=0.033 mcu_task_avg=0.000058 mcu_task_stddev=0.000031 bytes_write=2722888 bytes_read=359074 bytes_retransmit=9 bytes_invalid=0 send_seq=46983 receive_seq=46983 retransmit_seq=2 srtt=0.003 rttvar=0.000 rto=0.025 ready_bytes=13 upcoming_bytes=0 freq=72001978 sd_pos=1085603 heater_bed: target=65 temp=64.9 pwm=0.398 sysload=0.40 cputime=70.491 memavail=2522684 print_time=1022.458 buffer_time=2.206 print_stall=0 extruder: target=220 temp=219.9 pwm=0.535
Stats 2567324.9: gcodein=0  mcu: mcu_awake=0.033 mcu_task_avg=0.000058 mcu_task_stddev=0.000031 bytes_write=2726662 bytes_read=359472 bytes_retransmit=9 bytes_invalid=0 send_seq=47046 receive_seq=47043 retransmit_seq=2 srtt=0.003 rttvar=0.000 rto=0.025 ready_bytes=25 upcoming_bytes=1486 freq=72001981 sd_pos=1088499 heater_bed: target=65 temp=64.9 pwm=0.539 sysload=0.40 cputime=70.586 memavail=2522684 print_time=1023.624 buffer_time=2.370 print_stall=0 extruder: target=220 temp=219.9 pwm=0.535
Stats 2567325.9: gcodein=0  mcu: mcu_awake=0.033 mcu_task_avg=0.000058 mcu_task_stddev=0.000031 bytes_write=2730994 bytes_read=359955 bytes_retransmit=9 bytes_invalid=0 send_seq=47117 receive_seq=47117 retransmit_seq=2 srtt=0.003 rttvar=0.000 rto=0.025 ready_bytes=58 upcoming_bytes=1417 freq=72001982 sd_pos=1089305 heater_bed: target=65 temp=64.9 pwm=0.543 sysload=0.40 cputime=70.688 memavail=2522460 print_time=1024.550 buffer_time=2.296 print_stall=0 extruder: target=220 temp=219.9 pwm=0.535
Stats 2567326.9: gcodein=0  mcu: mcu_awake=0.029 mcu_task_avg=0.000046 mcu_task_stddev=0.000036 bytes_write=2735395 bytes_read=360448 bytes_retransmit=9 bytes_invalid=0 send_seq=47190 receive_seq=47190 retransmit_seq=2 srtt=0.003 rttvar=0.000 rto=0.025 ready_bytes=43 upcoming_bytes=219 freq=72001982 sd_pos=1090517 heater_bed: target=65 temp=64.9 pwm=0.517 sysload=0.40 cputime=70.780 memavail=2524976 print_time=1025.448 buffer_time=2.194 print_stall=0 extruder: target=220 temp=220.0 pwm=0.478
Stats 2567327.9: gcodein=0  mcu: mcu_awake=0.029 mcu_task_avg=0.000046 mcu_task_stddev=0.000036 bytes_write=2740008 bytes_read=360931 bytes_retransmit=9 bytes_invalid=0 send_seq=47267 receive_seq=47267 retransmit_seq=2 srtt=0.003 rttvar=0.000 rto=0.025 ready_bytes=7 upcoming_bytes=0 freq=72001985 sd_pos=1093447 heater_bed: target=65 temp=64.9 pwm=0.385 sysload=0.40 cputime=70.876 memavail=2525060 print_time=1026.442 buffer_time=2.186 print_stall=0 extruder: target=220 temp=220.1 pwm=0.478
Stats 2567328.9: gcodein=0  mcu: mcu_awake=0.029 mcu_task_avg=0.000046 mcu_task_stddev=0.000036 bytes_write=2743722 bytes_read=361359 bytes_retransmit=9 bytes_invalid=0 send_seq=47330 receive_seq=47330 retransmit_seq=2 srtt=0.003 rttvar=0.000 rto=0.025 ready_bytes=47 upcoming_bytes=807 freq=72001984 sd_pos=1096036 heater_bed: target=65 temp=65.0 pwm=0.198 sysload=0.37 cputime=70.985 memavail=2525060 print_time=1027.469 buffer_time=2.212 print_stall=0 extruder: target=220 temp=220.1 pwm=0.478
Stats 2567329.9: gcodein=0  mcu: mcu_awake=0.029 mcu_task_avg=0.000046 mcu_task_stddev=0.000036 bytes_write=2748373 bytes_read=361856 bytes_retransmit=9 bytes_invalid=0 send_seq=47407 receive_seq=47407 retransmit_seq=2 srtt=0.003 rttvar=0.000 rto=0.025 ready_bytes=23 upcoming_bytes=998 freq=72001980 sd_pos=1097161 heater_bed: target=65 temp=65.0 pwm=0.218 sysload=0.37 cputime=71.078 memavail=2525060 print_time=1028.500 buffer_time=2.243 print_stall=0 extruder: target=220 temp=220.1 pwm=0.479
Stats 2567330.9: gcodein=0  mcu: mcu_awake=0.029 mcu_task_avg=0.000046 mcu_task_stddev=0.000036 bytes_write=2752151 bytes_read=362269 bytes_retransmit=9 bytes_invalid=0 send_seq=47470 receive_seq=47470 retransmit_seq=2 srtt=0.003 rttvar=0.000 rto=0.025 ready_bytes=43 upcoming_bytes=0 freq=72001978 sd_pos=1098264 heater_bed: target=65 temp=64.9 pwm=0.395 sysload=0.37 cputime=71.159 memavail=2525060 print_time=1029.333 buffer_time=2.074 print_stall=0 extruder: target=220 temp=220.2 pwm=0.479
Stats 2567331.9: gcodein=0  mcu: mcu_awake=0.029 mcu_task_avg=0.000051 mcu_task_stddev=0.000034 bytes_write=2756922 bytes_read=362807 bytes_retransmit=9 bytes_invalid=0 send_seq=47550 receive_seq=47549 retransmit_seq=2 srtt=0.003 rttvar=0.000 rto=0.025 ready_bytes=0 upcoming_bytes=0 freq=72001977 sd_pos=1101569 heater_bed: target=65 temp=65.0 pwm=0.236 sysload=0.37 cputime=71.268 memavail=2525060 print_time=1030.449 buffer_time=2.188 print_stall=0 extruder: target=220 temp=220.2 pwm=0.479
Stats 2567332.9: gcodein=0  mcu: mcu_awake=0.029 mcu_task_avg=0.000051 mcu_task_stddev=0.000034 bytes_write=2760590 bytes_read=363220 bytes_retransmit=9 bytes_invalid=0 send_seq=47612 receive_seq=47612 retransmit_seq=2 srtt=0.003 rttvar=0.000 rto=0.025 ready_bytes=44 upcoming_bytes=0 freq=72001974 sd_pos=1102952 heater_bed: target=65 temp=65.0 pwm=0.087 sysload=0.37 cputime=71.348 memavail=2524824 print_time=1031.435 buffer_time=2.173 print_stall=0 extruder: target=220 temp=220.1 pwm=0.479
Stats 2567333.9: gcodein=0  mcu: mcu_awake=0.029 mcu_task_avg=0.000051 mcu_task_stddev=0.000034 bytes_write=2764113 bytes_read=363613 bytes_retransmit=9 bytes_invalid=0 send_seq=47671 receive_seq=47671 retransmit_seq=2 srtt=0.003 rttvar=0.000 rto=0.025 ready_bytes=0 upcoming_bytes=0 freq=72001975 sd_pos=1104179 heater_bed: target=65 temp=65.0 pwm=0.081 sysload=0.34 cputime=71.422 memavail=2524828 print_time=1032.352 buffer_time=2.088 print_stall=0 extruder: target=220 temp=220.1 pwm=0.504
Stats 2567334.9: gcodein=0  mcu: mcu_awake=0.029 mcu_task_avg=0.000051 mcu_task_stddev=0.000034 bytes_write=2769358 bytes_read=364170 bytes_retransmit=9 bytes_invalid=0 send_seq=47758 receive_seq=47757 retransmit_seq=2 srtt=0.003 rttvar=0.000 rto=0.025 ready_bytes=0 upcoming_bytes=611 freq=72001973 sd_pos=1106353 heater_bed: target=65 temp=65.1 pwm=0.000 sysload=0.34 cputime=71.524 memavail=2524828 print_time=1033.568 buffer_time=2.304 print_stall=0 extruder: target=220 temp=220.0 pwm=0.504
Stats 2567335.9: gcodein=0  mcu: mcu_awake=0.029 mcu_task_avg=0.000051 mcu_task_stddev=0.000034 bytes_write=2772884 bytes_read=364568 bytes_retransmit=9 bytes_invalid=0 send_seq=47817 receive_seq=47817 retransmit_seq=2 srtt=0.003 rttvar=0.000 rto=0.025 ready_bytes=47 upcoming_bytes=935 freq=72001976 sd_pos=1108141 heater_bed: target=65 temp=65.1 pwm=0.072 sysload=0.34 cputime=71.614 memavail=2524828 print_time=1034.620 buffer_time=2.355 print_stall=0 extruder: target=220 temp=219.9 pwm=0.504
Stats 2567336.9: gcodein=0  mcu: mcu_awake=0.032 mcu_task_avg=0.000044 mcu_task_stddev=0.000036 bytes_write=2777213 bytes_read=365037 bytes_retransmit=9 bytes_invalid=0 send_seq=47888 receive_seq=47888 retransmit_seq=2 srtt=0.003 rttvar=0.000 rto=0.025 ready_bytes=33 upcoming_bytes=0 freq=72001974 sd_pos=1110069 heater_bed: target=65 temp=65.0 pwm=0.376 sysload=0.34 cputime=71.710 memavail=2528232 print_time=1035.354 buffer_time=2.088 print_stall=0 extruder: target=220 temp=219.9 pwm=0.555
Stats 2567337.9: gcodein=0  mcu: mcu_awake=0.032 mcu_task_avg=0.000044 mcu_task_stddev=0.000036 bytes_write=2781126 bytes_read=365489 bytes_retransmit=9 bytes_invalid=0 send_seq=47954 receive_seq=47953 retransmit_seq=2 srtt=0.003 rttvar=0.000 rto=0.025 ready_bytes=14 upcoming_bytes=351 freq=72001976 sd_pos=1113283 heater_bed: target=65 temp=65.0 pwm=0.265 sysload=0.34 cputime=71.826 memavail=2527336 print_time=1036.425 buffer_time=2.158 print_stall=0 extruder: target=220 temp=219.7 pwm=0.555
Stats 2567338.9: gcodein=0  mcu: mcu_awake=0.032 mcu_task_avg=0.000044 mcu_task_stddev=0.000036 bytes_write=2785831 bytes_read=365993 bytes_retransmit=9 bytes_invalid=0 send_seq=48032 receive_seq=48032 retransmit_seq=2 srtt=0.003 rttvar=0.001 rto=0.025 ready_bytes=20 upcoming_bytes=0 freq=72001976 sd_pos=1115886 heater_bed: target=65 temp=65.0 pwm=0.219 sysload=0.39 cputime=71.936 memavail=2527336 print_time=1037.468 buffer_time=2.201 print_stall=0 extruder: target=220 temp=219.8 pwm=0.555
Stats 2567339.9: gcodein=0  mcu: mcu_awake=0.032 mcu_task_avg=0.000044 mcu_task_stddev=0.000036 bytes_write=2789668 bytes_read=366411 bytes_retransmit=9 bytes_invalid=0 send_seq=48096 receive_seq=48096 retransmit_seq=2 srtt=0.003 rttvar=0.001 rto=0.025 ready_bytes=35 upcoming_bytes=294 freq=72001973 sd_pos=1118053 heater_bed: target=65 temp=65.0 pwm=0.370 sysload=0.39 cputime=72.033 memavail=2527336 print_time=1038.362 buffer_time=2.095 print_stall=0 extruder: target=220 temp=219.8 pwm=0.505
Stats 2567340.9: gcodein=0  mcu: mcu_awake=0.032 mcu_task_avg=0.000044 mcu_task_stddev=0.000036 bytes_write=2793942 bytes_read=366888 bytes_retransmit=9 bytes_invalid=0 send_seq=48166 receive_seq=48166 retransmit_seq=2 srtt=0.003 rttvar=0.000 rto=0.025 ready_bytes=29 upcoming_bytes=23 freq=72001976 sd_pos=1119821 heater_bed: target=65 temp=65.0 pwm=0.186 sysload=0.39 cputime=72.134 memavail=2527112 print_time=1039.362 buffer_time=2.093 print_stall=0 extruder: target=220 temp=219.8 pwm=0.505
Stats 2567341.9: gcodein=0  mcu: mcu_awake=0.029 mcu_task_avg=0.000049 mcu_task_stddev=0.000034 bytes_write=2798707 bytes_read=367387 bytes_retransmit=9 bytes_invalid=0 send_seq=48244 receive_seq=48243 retransmit_seq=2 srtt=0.003 rttvar=0.000 rto=0.025 ready_bytes=15 upcoming_bytes=1330 freq=72001978 sd_pos=1121209 heater_bed: target=65 temp=65.0 pwm=0.438 sysload=0.39 cputime=72.230 memavail=2527112 print_time=1040.479 buffer_time=2.209 print_stall=0 extruder: target=220 temp=219.8 pwm=0.505
Stats 2567342.9: gcodein=0  mcu: mcu_awake=0.029 mcu_task_avg=0.000049 mcu_task_stddev=0.000034 bytes_write=2802697 bytes_read=367825 bytes_retransmit=9 bytes_invalid=0 send_seq=48311 receive_seq=48311 retransmit_seq=2 srtt=0.003 rttvar=0.000 rto=0.025 ready_bytes=23 upcoming_bytes=2289 freq=72001981 sd_pos=1122367 heater_bed: target=65 temp=65.0 pwm=0.212 sysload=0.39 cputime=72.326 memavail=2526428 print_time=1041.450 buffer_time=2.178 print_stall=0 extruder: target=220 temp=219.9 pwm=0.505
Stats 2567343.9: gcodein=0  mcu: mcu_awake=0.029 mcu_task_avg=0.000049 mcu_task_stddev=0.000034 bytes_write=2808135 bytes_read=368397 bytes_retransmit=9 bytes_invalid=0 send_seq=48400 receive_seq=48400 retransmit_seq=2 srtt=0.003 rttvar=0.000 rto=0.025 ready_bytes=58 upcoming_bytes=888 freq=72001984 sd_pos=1124497 heater_bed: target=65 temp=64.9 pwm=0.472 sysload=0.36 cputime=72.444 memavail=2525980 print_time=1042.443 buffer_time=2.170 print_stall=0 extruder: target=220 temp=219.9 pwm=0.516
Stats 2567344.9: gcodein=0  mcu: mcu_awake=0.029 mcu_task_avg=0.000049 mcu_task_stddev=0.000034 bytes_write=2813378 bytes_read=368920 bytes_retransmit=9 bytes_invalid=0 send_seq=48486 receive_seq=48485 retransmit_seq=2 srtt=0.003 rttvar=0.000 rto=0.025 ready_bytes=16 upcoming_bytes=148 freq=72001989 sd_pos=1127511 heater_bed: target=65 temp=65.0 pwm=0.000 sysload=0.36 cputime=72.564 memavail=2525980 print_time=1043.501 buffer_time=2.227 print_stall=0 extruder: target=220 temp=220.0 pwm=0.516
Stats 2567345.9: gcodein=0  mcu: mcu_awake=0.029 mcu_task_avg=0.000049 mcu_task_stddev=0.000034 bytes_write=2817212 bytes_read=369338 bytes_retransmit=9 bytes_invalid=0 send_seq=48549 receive_seq=48549 retransmit_seq=2 srtt=0.003 rttvar=0.000 rto=0.025 ready_bytes=45 upcoming_bytes=1873 freq=72001990 sd_pos=1128261 heater_bed: target=65 temp=65.1 pwm=0.000 sysload=0.36 cputime=72.654 memavail=2525980 print_time=1044.576 buffer_time=2.300 print_stall=0 extruder: target=220 temp=220.0 pwm=0.516
Stats 2567346.9: gcodein=0  mcu: mcu_awake=0.033 mcu_task_avg=0.000056 mcu_task_stddev=0.000032 bytes_write=2821707 bytes_read=369851 bytes_retransmit=9 bytes_invalid=0 send_seq=48623 receive_seq=48623 retransmit_seq=2 srtt=0.003 rttvar=0.000 rto=0.025 ready_bytes=55 upcoming_bytes=433 freq=72001989 sd_pos=1129307 heater_bed: target=65 temp=65.0 pwm=0.253 sysload=0.36 cputime=72.746 memavail=2529736 print_time=1045.327 buffer_time=2.049 print_stall=0 extruder: target=220 temp=220.0 pwm=0.507
Stats 2567347.9: gcodein=0  mcu: mcu_awake=0.033 mcu_task_avg=0.000056 mcu_task_stddev=0.000032 bytes_write=2825601 bytes_read=370274 bytes_retransmit=9 bytes_invalid=0 send_seq=48688 receive_seq=48688 retransmit_seq=2 srtt=0.003 rttvar=0.000 rto=0.025 ready_bytes=0 upcoming_bytes=0 freq=72001988 sd_pos=1130795 heater_bed: target=65 temp=64.9 pwm=0.427 sysload=0.36 cputime=72.835 memavail=2529796 print_time=1046.278 buffer_time=2.000 print_stall=0 extruder: target=220 temp=220.1 pwm=0.507
Stats 2567348.9: gcodein=0  mcu: mcu_awake=0.033 mcu_task_avg=0.000056 mcu_task_stddev=0.000032 bytes_write=2831129 bytes_read=370837 bytes_retransmit=9 bytes_invalid=0 send_seq=48781 receive_seq=48781 retransmit_seq=2 srtt=0.003 rttvar=0.000 rto=0.025 ready_bytes=42 upcoming_bytes=301 freq=72001986 sd_pos=1132400 heater_bed: target=65 temp=64.9 pwm=0.574 sysload=0.33 cputime=72.927 memavail=2529572 print_time=1047.474 buffer_time=2.195 print_stall=0 extruder: target=220 temp=220.1 pwm=0.450
Stats 2567349.9: gcodein=0  mcu: mcu_awake=0.033 mcu_task_avg=0.000056 mcu_task_stddev=0.000032 bytes_write=2834820 bytes_read=371269 bytes_retransmit=9 bytes_invalid=0 send_seq=48842 receive_seq=48842 retransmit_seq=2 srtt=0.003 rttvar=0.000 rto=0.025 ready_bytes=48 upcoming_bytes=514 freq=72001984 sd_pos=1134262 heater_bed: target=65 temp=65.0 pwm=0.183 sysload=0.33 cputime=73.024 memavail=2529572 print_time=1048.574 buffer_time=2.295 print_stall=0 extruder: target=220 temp=220.1 pwm=0.515
Stats 2567350.9: gcodein=0  mcu: mcu_awake=0.033 mcu_task_avg=0.000056 mcu_task_stddev=0.000032 bytes_write=2839474 bytes_read=371747 bytes_retransmit=9 bytes_invalid=0 send_seq=48918 receive_seq=48918 retransmit_seq=2 srtt=0.003 rttvar=0.000 rto=0.025 ready_bytes=23 upcoming_bytes=324 freq=72001983 sd_pos=1136460 heater_bed: target=65 temp=65.0 pwm=0.188 sysload=0.33 cputime=73.128 memavail=2529576 print_time=1049.475 buffer_time=2.194 print_stall=0 extruder: target=220 temp=220.1 pwm=0.515
Stats 2567351.9: gcodein=0  mcu: mcu_awake=0.031 mcu_task_avg=0.000051 mcu_task_stddev=0.000033 bytes_write=2843163 bytes_read=372166 bytes_retransmit=9 bytes_invalid=0 send_seq=48980 receive_seq=48979 retransmit_seq=2 srtt=0.003 rttvar=0.000 rto=0.025 ready_bytes=15 upcoming_bytes=944 freq=72001980 sd_pos=1138591 heater_bed: target=65 temp=64.9 pwm=0.369 sysload=0.33 cputime=73.224 memavail=2529576 print_time=1050.372 buffer_time=2.090 print_stall=0 extruder: target=220 temp=220.2 pwm=0.426
Stats 2567352.9: gcodein=0  mcu: mcu_awake=0.031 mcu_task_avg=0.000051 mcu_task_stddev=0.000033 bytes_write=2847861 bytes_read=372683 bytes_retransmit=9 bytes_invalid=0 send_seq=49058 receive_seq=49057 retransmit_seq=2 srtt=0.003 rttvar=0.000 rto=0.025 ready_bytes=21 upcoming_bytes=681 freq=72001982 sd_pos=1139938 heater_bed: target=65 temp=65.0 pwm=0.154 sysload=0.33 cputime=73.331 memavail=2529576 print_time=1051.345 buffer_time=2.062 print_stall=0 extruder: target=220 temp=220.0 pwm=0.551
Stats 2567353.9: gcodein=0  mcu: mcu_awake=0.031 mcu_task_avg=0.000051 mcu_task_stddev=0.000033 bytes_write=2852742 bytes_read=373186 bytes_retransmit=9 bytes_invalid=0 send_seq=49138 receive_seq=49138 retransmit_seq=2 srtt=0.003 rttvar=0.000 rto=0.025 ready_bytes=56 upcoming_bytes=0 freq=72001982 sd_pos=1140531 heater_bed: target=65 temp=64.9 pwm=0.548 sysload=0.30 cputime=73.434 memavail=2529576 print_time=1052.396 buffer_time=2.112 print_stall=0 extruder: target=220 temp=220.0 pwm=0.497
Stats 2567354.9: gcodein=0  mcu: mcu_awake=0.031 mcu_task_avg=0.000051 mcu_task_stddev=0.000033 bytes_write=2856415 bytes_read=373589 bytes_retransmit=9 bytes_invalid=0 send_seq=49199 receive_seq=49199 retransmit_seq=2 srtt=0.003 rttvar=0.000 rto=0.025 ready_bytes=8 upcoming_bytes=0 freq=72001982 sd_pos=1141274 heater_bed: target=65 temp=64.9 pwm=0.192 sysload=0.30 cputime=73.507 memavail=2529576 print_time=1053.479 buffer_time=2.194 print_stall=0 extruder: target=220 temp=220.0 pwm=0.497
Stats 2567355.9: gcodein=0  mcu: mcu_awake=0.031 mcu_task_avg=0.000051 mcu_task_stddev=0.000033 bytes_write=2860800 bytes_read=374076 bytes_retransmit=9 bytes_invalid=0 send_seq=49273 receive_seq=49271 retransmit_seq=2 srtt=0.003 rttvar=0.000 rto=0.025 ready_bytes=21 upcoming_bytes=0 freq=72001982 sd_pos=1144418 heater_bed: target=65 temp=65.0 pwm=0.056 sysload=0.30 cputime=73.606 memavail=2529576 print_time=1054.509 buffer_time=2.224 print_stall=0 extruder: target=220 temp=220.0 pwm=0.497
Stats 2567356.9: gcodein=0  mcu: mcu_awake=0.030 mcu_task_avg=0.000050 mcu_task_stddev=0.000034 bytes_write=2864707 bytes_read=374530 bytes_retransmit=9 bytes_invalid=0 send_seq=49339 receive_seq=49339 retransmit_seq=2 srtt=0.003 rttvar=0.000 rto=0.025 ready_bytes=51 upcoming_bytes=778 freq=72001982 sd_pos=1147547 heater_bed: target=65 temp=65.0 pwm=0.099 sysload=0.30 cputime=73.704 memavail=2529840 print_time=1055.610 buffer_time=2.324 print_stall=0 extruder: target=220 temp=220.0 pwm=0.497
Stats 2567357.9: gcodein=0  mcu: mcu_awake=0.030 mcu_task_avg=0.000050 mcu_task_stddev=0.000034 bytes_write=2868954 bytes_read=374978 bytes_retransmit=9 bytes_invalid=0 send_seq=49409 receive_seq=49409 retransmit_seq=2 srtt=0.003 rttvar=0.000 rto=0.025 ready_bytes=27 upcoming_bytes=0 freq=72001984 sd_pos=1148067 heater_bed: target=65 temp=65.1 pwm=0.000 sysload=0.30 cputime=73.793 memavail=2529616 print_time=1056.310 buffer_time=2.023 print_stall=0 extruder: target=220 temp=219.9 pwm=0.546
Stats 2567358.9: gcodein=0  mcu: mcu_awake=0.030 mcu_task_avg=0.000050 mcu_task_stddev=0.000034 bytes_write=2873219 bytes_read=375455 bytes_retransmit=9 bytes_invalid=0 send_seq=49479 receive_seq=49479 retransmit_seq=2 srtt=0.003 rttvar=0.000 rto=0.025 ready_bytes=32 upcoming_bytes=1607 freq=72001983 sd_pos=1149650 heater_bed: target=65 temp=65.0 pwm=0.264 sysload=0.28 cputime=73.905 memavail=2529616 print_time=1057.817 buffer_time=2.529 print_stall=0 extruder: target=220 temp=219.9 pwm=0.546
Stats 2567359.9: gcodein=0  mcu: mcu_awake=0.030 mcu_task_avg=0.000050 mcu_task_stddev=0.000034 bytes_write=2877924 bytes_read=375943 bytes_retransmit=9 bytes_invalid=0 send_seq=49557 receive_seq=49557 retransmit_seq=2 srtt=0.003 rttvar=0.000 rto=0.025 ready_bytes=35 upcoming_bytes=1682 freq=72001980 sd_pos=1151680 heater_bed: target=65 temp=65.0 pwm=0.145 sysload=0.28 cputime=73.996 memavail=2529616 print_time=1058.703 buffer_time=2.415 print_stall=0 extruder: target=220 temp=219.9 pwm=0.546
Stats 2567361.0: gcodein=0  mcu: mcu_awake=0.030 mcu_task_avg=0.000050 mcu_task_stddev=0.000034 bytes_write=2881916 bytes_read=376371 bytes_retransmit=9 bytes_invalid=0 send_seq=49623 receive_seq=49620 retransmit_seq=2 srtt=0.003 rttvar=0.001 rto=0.025 ready_bytes=65 upcoming_bytes=1492 freq=72001978 sd_pos=1153881 heater_bed: target=65 temp=65.0 pwm=0.490 sysload=0.28 cputime=74.094 memavail=2528272 print_time=1059.680 buffer_time=2.368 print_stall=0 extruder: target=220 temp=219.9 pwm=0.546
Stats 2567362.0: gcodein=0  mcu: mcu_awake=0.031 mcu_task_avg=0.000052 mcu_task_stddev=0.000034 bytes_write=2886603 bytes_read=376904 bytes_retransmit=9 bytes_invalid=0 send_seq=49701 receive_seq=49701 retransmit_seq=2 srtt=0.003 rttvar=0.000 rto=0.025 ready_bytes=15 upcoming_bytes=971 freq=72001976 sd_pos=1156927 heater_bed: target=65 temp=65.0 pwm=0.263 sysload=0.28 cputime=74.221 memavail=2527824 print_time=1060.617 buffer_time=2.305 print_stall=0 extruder: target=220 temp=220.0 pwm=0.466
Stats 2567363.0: gcodein=0  mcu: mcu_awake=0.031 mcu_task_avg=0.000052 mcu_task_stddev=0.000034 bytes_write=2890809 bytes_read=377337 bytes_retransmit=9 bytes_invalid=0 send_seq=49771 receive_seq=49768 retransmit_seq=2 srtt=0.003 rttvar=0.000 rto=0.025 ready_bytes=69 upcoming_bytes=1931 freq=72001976 sd_pos=1159003 heater_bed: target=65 temp=65.1 pwm=0.173 sysload=0.28 cputime=74.333 memavail=2528104 print_time=1061.780 buffer_time=2.466 print_stall=0 extruder: target=220 temp=220.1 pwm=0.466
Stats 2567364.0: gcodein=0  mcu: mcu_awake=0.031 mcu_task_avg=0.000052 mcu_task_stddev=0.000034 bytes_write=2895259 bytes_read=377825 bytes_retransmit=9 bytes_invalid=0 send_seq=49844 receive_seq=49843 retransmit_seq=2 srtt=0.003 rttvar=0.000 rto=0.025 ready_bytes=27 upcoming_bytes=867 freq=72001976 sd_pos=1159824 heater_bed: target=65 temp=65.0 pwm=0.344 sysload=0.34 cputime=74.429 memavail=2528104 print_time=1062.525 buffer_time=2.211 print_stall=0 extruder: target=220 temp=220.2 pwm=0.466
Stats 2567365.0: gcodein=0  mcu: mcu_awake=0.031 mcu_task_avg=0.000052 mcu_task_stddev=0.000034 bytes_write=2899669 bytes_read=378307 bytes_retransmit=9 bytes_invalid=0 send_seq=49917 receive_seq=49917 retransmit_seq=2 srtt=0.003 rttvar=0.000 rto=0.025 ready_bytes=17 upcoming_bytes=0 freq=72001974 sd_pos=1161703 heater_bed: target=65 temp=65.1 pwm=0.000 sysload=0.34 cputime=74.525 memavail=2528104 print_time=1063.520 buffer_time=2.206 print_stall=0 extruder: target=220 temp=220.3 pwm=0.466
Stats 2567366.0: gcodein=0  mcu: mcu_awake=0.031 mcu_task_avg=0.000052 mcu_task_stddev=0.000034 bytes_write=2903734 bytes_read=378725 bytes_retransmit=9 bytes_invalid=0 send_seq=49984 receive_seq=49981 retransmit_seq=2 srtt=0.003 rttvar=0.000 rto=0.025 ready_bytes=130 upcoming_bytes=0 freq=72001983 sd_pos=1164775 heater_bed: target=65 temp=64.9 pwm=0.909 sysload=0.34 cputime=74.624 memavail=2528104 print_time=1064.559 buffer_time=2.244 print_stall=0 extruder: target=220 temp=220.3 pwm=0.504
Stats 2567367.0: gcodein=0  mcu: mcu_awake=0.030 mcu_task_avg=0.000050 mcu_task_stddev=0.000034 bytes_write=2906801 bytes_read=379129 bytes_retransmit=9 bytes_invalid=0 send_seq=50036 receive_seq=50036 retransmit_seq=2 srtt=0.003 rttvar=0.000 rto=0.025 ready_bytes=26 upcoming_bytes=0 freq=72001982 sd_pos=1165439 heater_bed: target=65 temp=65.0 pwm=0.367 sysload=0.34 cputime=74.692 memavail=2528104 print_time=1065.328 buffer_time=2.012 print_stall=0 extruder: target=220 temp=220.2 pwm=0.507
Stats 2567368.0: gcodein=0  mcu: mcu_awake=0.030 mcu_task_avg=0.000050 mcu_task_stddev=0.000034 bytes_write=2910908 bytes_read=379566 bytes_retransmit=9 bytes_invalid=0 send_seq=50104 receive_seq=50101 retransmit_seq=2 srtt=0.003 rttvar=0.000 rto=0.025 ready_bytes=769 upcoming_bytes=0 freq=72001986 sd_pos=1167016 heater_bed: target=65 temp=65.2 pwm=0.000 sysload=0.34 cputime=74.784 memavail=2535472 print_time=1066.615 buffer_time=2.298 print_stall=0 extruder: target=220 temp=220.2 pwm=0.507
Stats 2567369.0: gcodein=0  mcu: mcu_awake=0.030 mcu_task_avg=0.000050 mcu_task_stddev=0.000034 bytes_write=2916065 bytes_read=380099 bytes_retransmit=9 bytes_invalid=0 send_seq=50189 receive_seq=50188 retransmit_seq=2 srtt=0.003 rttvar=0.000 rto=0.025 ready_bytes=24 upcoming_bytes=19 freq=72001985 sd_pos=1168476 heater_bed: target=65 temp=65.1 pwm=0.250 sysload=0.31 cputime=74.867 memavail=2535472 print_time=1067.492 buffer_time=2.174 print_stall=0 extruder: target=220 temp=220.1 pwm=0.507
Stats 2567370.0: gcodein=0  mcu: mcu_awake=0.030 mcu_task_avg=0.000050 mcu_task_stddev=0.000034 bytes_write=2919984 bytes_read=380537 bytes_retransmit=9 bytes_invalid=0 send_seq=50254 receive_seq=50253 retransmit_seq=2 srtt=0.003 rttvar=0.000 rto=0.025 ready_bytes=22 upcoming_bytes=895 freq=72001983 sd_pos=1170456 heater_bed: target=65 temp=65.1 pwm=0.202 sysload=0.31 cputime=74.961 memavail=2535472 print_time=1068.726 buffer_time=2.407 print_stall=0 extruder: target=220 temp=220.0 pwm=0.507
Stats 2567371.0: gcodein=0  mcu: mcu_awake=0.030 mcu_task_avg=0.000050 mcu_task_stddev=0.000034 bytes_write=2924223 bytes_read=381004 bytes_retransmit=9 bytes_invalid=0 send_seq=50324 receive_seq=50324 retransmit_seq=2 srtt=0.003 rttvar=0.000 rto=0.025 ready_bytes=31 upcoming_bytes=0 freq=72001982 sd_pos=1172498 heater_bed: target=65 temp=65.1 pwm=0.154 sysload=0.31 cputime=75.071 memavail=2535472 print_time=1069.472 buffer_time=2.153 print_stall=0 extruder: target=220 temp=220.0 pwm=0.537
Stats 2567372.0: gcodein=0  mcu: mcu_awake=0.030 mcu_task_avg=0.000047 mcu_task_stddev=0.000035 bytes_write=2927867 bytes_read=381428 bytes_retransmit=9 bytes_invalid=0 send_seq=50386 receive_seq=50386 retransmit_seq=2 srtt=0.003 rttvar=0.000 rto=0.025 ready_bytes=50 upcoming_bytes=676 freq=72001978 sd_pos=1175894 heater_bed: target=65 temp=65.1 pwm=0.405 sysload=0.31 cputime=75.177 memavail=2535472 print_time=1070.538 buffer_time=2.218 print_stall=0 extruder: target=220 temp=219.9 pwm=0.537
Stats 2567373.0: gcodein=0  mcu: mcu_awake=0.030 mcu_task_avg=0.000047 mcu_task_stddev=0.000035 bytes_write=2932570 bytes_read=381921 bytes_retransmit=9 bytes_invalid=0 send_seq=50465 receive_seq=50462 retransmit_seq=2 srtt=0.003 rttvar=0.000 rto=0.025 ready_bytes=30 upcoming_bytes=451 freq=72001978 sd_pos=1178492 heater_bed: target=65 temp=65.1 pwm=0.058 sysload=0.31 cputime=75.293 memavail=2534996 print_time=1071.602 buffer_time=2.279 print_stall=0 extruder: target=220 temp=220.0 pwm=0.474
Stats 2567374.0: gcodein=0  mcu: mcu_awake=0.030 mcu_task_avg=0.000047 mcu_task_stddev=0.000035 bytes_write=2936574 bytes_read=382373 bytes_retransmit=9 bytes_invalid=0 send_seq=50531 receive_seq=50530 retransmit_seq=2 srtt=0.003 rttvar=0.000 rto=0.025 ready_bytes=23 upcoming_bytes=555 freq=72001979 sd_pos=1180524 heater_bed: target=65 temp=65.1 pwm=0.280 sysload=0.45 cputime=75.398 memavail=2534996 print_time=1072.482 buffer_time=2.158 print_stall=0 extruder: target=220 temp=219.9 pwm=0.549
Stats 2567375.0: gcodein=0  mcu: mcu_awake=0.030 mcu_task_avg=0.000047 mcu_task_stddev=0.000035 bytes_write=2940818 bytes_read=382821 bytes_retransmit=9 bytes_invalid=0 send_seq=50601 receive_seq=50600 retransmit_seq=2 srtt=0.003 rttvar=0.000 rto=0.025 ready_bytes=32 upcoming_bytes=759 freq=72001978 sd_pos=1182262 heater_bed: target=65 temp=65.0 pwm=0.598 sysload=0.45 cputime=75.504 memavail=2534996 print_time=1073.581 buffer_time=2.254 print_stall=0 extruder: target=220 temp=219.9 pwm=0.494
Stats 2567376.0: gcodein=0  mcu: mcu_awake=0.030 mcu_task_avg=0.000047 mcu_task_stddev=0.000035 bytes_write=2945508 bytes_read=383319 bytes_retransmit=9 bytes_invalid=0 send_seq=50678 receive_seq=50677 retransmit_seq=2 srtt=0.003 rttvar=0.000 rto=0.025 ready_bytes=29 upcoming_bytes=2177 freq=72001980 sd_pos=1183641 heater_bed: target=65 temp=65.0 pwm=0.410 sysload=0.45 cputime=75.610 memavail=2534996 print_time=1074.670 buffer_time=2.342 print_stall=0 extruder: target=220 temp=219.9 pwm=0.494
Stats 2567377.0: gcodein=0  mcu: mcu_awake=0.031 mcu_task_avg=0.000052 mcu_task_stddev=0.000033 bytes_write=2949676 bytes_read=383791 bytes_retransmit=9 bytes_invalid=0 send_seq=50747 receive_seq=50747 retransmit_seq=2 srtt=0.003 rttvar=0.000 rto=0.025 ready_bytes=46 upcoming_bytes=3024 freq=72001980 sd_pos=1184572 heater_bed: target=65 temp=65.1 pwm=0.051 sysload=0.45 cputime=75.710 memavail=2534748 print_time=1075.799 buffer_time=2.471 print_stall=0 extruder: target=220 temp=219.9 pwm=0.494
Stats 2567378.0: gcodein=0  mcu: mcu_awake=0.031 mcu_task_avg=0.000052 mcu_task_stddev=0.000033 bytes_write=2955095 bytes_read=384327 bytes_retransmit=9 bytes_invalid=0 send_seq=50836 receive_seq=50836 retransmit_seq=2 srtt=0.003 rttvar=0.000 rto=0.025 ready_bytes=27 upcoming_bytes=1050 freq=72001980 sd_pos=1186512 heater_bed: target=65 temp=65.0 pwm=0.512 sysload=0.45 cputime=75.826 memavail=2534748 print_time=1076.511 buffer_time=2.182 print_stall=0 extruder: target=220 temp=220.0 pwm=0.494
Stats 2567379.0: gcodein=0  mcu: mcu_awake=0.031 mcu_task_avg=0.000052 mcu_task_stddev=0.000033 bytes_write=2960182 bytes_read=384852 bytes_retransmit=9 bytes_invalid=0 send_seq=50920 receive_seq=50920 retransmit_seq=2 srtt=0.003 rttvar=0.000 rto=0.025 ready_bytes=47 upcoming_bytes=685 freq=72001982 sd_pos=1189621 heater_bed: target=65 temp=65.0 pwm=0.461 sysload=0.41 cputime=75.956 memavail=2534748 print_time=1077.623 buffer_time=2.292 print_stall=0 extruder: target=220 temp=220.0 pwm=0.494
Stats 2567380.0: gcodein=0  mcu: mcu_awake=0.031 mcu_task_avg=0.000052 mcu_task_stddev=0.000033 bytes_write=2964375 bytes_read=385297 bytes_retransmit=9 bytes_invalid=0 send_seq=50989 receive_seq=50988 retransmit_seq=2 srtt=0.003 rttvar=0.000 rto=0.025 ready_bytes=26 upcoming_bytes=2137 freq=72001982 sd_pos=1190379 heater_bed: target=65 temp=65.0 pwm=0.189 sysload=0.41 cputime=76.054 memavail=2534748 print_time=1078.695 buffer_time=2.362 print_stall=0 extruder: target=220 temp=220.0 pwm=0.477
Stats 2567381.0: gcodein=0  mcu: mcu_awake=0.031 mcu_task_avg=0.000052 mcu_task_stddev=0.000033 bytes_write=2968887 bytes_read=385770 bytes_retransmit=9 bytes_invalid=0 send_seq=51063 receive_seq=51063 retransmit_seq=2 srtt=0.003 rttvar=0.000 rto=0.025 ready_bytes=54 upcoming_bytes=632 freq=72001983 sd_pos=1191353 heater_bed: target=65 temp=64.9 pwm=0.552 sysload=0.41 cputime=76.157 memavail=2534748 print_time=1079.469 buffer_time=2.136 print_stall=0 extruder: target=220 temp=220.1 pwm=0.457
Stats 2567382.0: gcodein=0  mcu: mcu_awake=0.031 mcu_task_avg=0.000059 mcu_task_stddev=0.000031 bytes_write=2973100 bytes_read=386254 bytes_retransmit=9 bytes_invalid=0 send_seq=51134 receive_seq=51134 retransmit_seq=2 srtt=0.003 rttvar=0.000 rto=0.025 ready_bytes=33 upcoming_bytes=0 freq=72001985 sd_pos=1192707 heater_bed: target=65 temp=65.0 pwm=0.079 sysload=0.41 cputime=76.252 memavail=2534748 print_time=1080.418 buffer_time=2.084 print_stall=0 extruder: target=220 temp=220.0 pwm=0.514
Stats 2567383.0: gcodein=0  mcu: mcu_awake=0.031 mcu_task_avg=0.000059 mcu_task_stddev=0.000031 bytes_write=2978186 bytes_read=386791 bytes_retransmit=9 bytes_invalid=0 send_seq=51219 receive_seq=51219 retransmit_seq=2 srtt=0.003 rttvar=0.000 rto=0.025 ready_bytes=13 upcoming_bytes=443 freq=72001985 sd_pos=1194573 heater_bed: target=65 temp=65.0 pwm=0.420 sysload=0.41 cputime=76.340 memavail=2534748 print_time=1081.614 buffer_time=2.279 print_stall=0 extruder: target=220 temp=220.2 pwm=0.413
Stats 2567384.0: gcodein=0  mcu: mcu_awake=0.031 mcu_task_avg=0.000059 mcu_task_stddev=0.000031 bytes_write=2981954 bytes_read=387204 bytes_retransmit=9 bytes_invalid=0 send_seq=51282 receive_seq=51282 retransmit_seq=2 srtt=0.003 rttvar=0.000 rto=0.025 ready_bytes=33 upcoming_bytes=17 freq=72001983 sd_pos=1195981 heater_bed: target=65 temp=65.0 pwm=0.262 sysload=0.38 cputime=76.427 memavail=2534748 print_time=1082.531 buffer_time=2.196 print_stall=0 extruder: target=220 temp=220.0 pwm=0.500
Stats 2567385.0: gcodein=0  mcu: mcu_awake=0.031 mcu_task_avg=0.000059 mcu_task_stddev=0.000031 bytes_write=2986228 bytes_read=387667 bytes_retransmit=9 bytes_invalid=0 send_seq=51352 receive_seq=51352 retransmit_seq=2 srtt=0.003 rttvar=0.000 rto=0.025 ready_bytes=53 upcoming_bytes=0 freq=72001984 sd_pos=1198081 heater_bed: target=65 temp=65.0 pwm=0.262 sysload=0.38 cputime=76.526 memavail=2534524 print_time=1083.420 buffer_time=2.084 print_stall=0 extruder: target=220 temp=220.0 pwm=0.500
Stats 2567386.0: gcodein=0  mcu: mcu_awake=0.031 mcu_task_avg=0.000059 mcu_task_stddev=0.000031 bytes_write=2990099 bytes_read=388099 bytes_retransmit=9 bytes_invalid=0 send_seq=51416 receive_seq=51416 retransmit_seq=2 srtt=0.003 rttvar=0.000 rto=0.025 ready_bytes=24 upcoming_bytes=2352 freq=72001985 sd_pos=1201172 heater_bed: target=65 temp=64.9 pwm=0.407 sysload=0.38 cputime=76.640 memavail=2534528 print_time=1084.761 buffer_time=2.422 print_stall=0 extruder: target=220 temp=219.9 pwm=0.573
Stats 2567387.0: gcodein=0  mcu: mcu_awake=0.030 mcu_task_avg=0.000048 mcu_task_stddev=0.000034 bytes_write=2994921 bytes_read=388603 bytes_retransmit=9 bytes_invalid=0 send_seq=51495 receive_seq=51494 retransmit_seq=2 srtt=0.003 rttvar=0.000 rto=0.025 ready_bytes=34 upcoming_bytes=1075 freq=72001983 sd_pos=1201837 heater_bed: target=65 temp=65.0 pwm=0.271 sysload=0.38 cputime=76.739 memavail=2534528 print_time=1085.588 buffer_time=2.248 print_stall=0 extruder: target=220 temp=220.0 pwm=0.523
Stats 2567388.0: gcodein=0  mcu: mcu_awake=0.030 mcu_task_avg=0.000048 mcu_task_stddev=0.000034 bytes_write=2999721 bytes_read=389116 bytes_retransmit=9 bytes_invalid=0 send_seq=51574 receive_seq=51574 retransmit_seq=2 srtt=0.003 rttvar=0.000 rto=0.025 ready_bytes=32 upcoming_bytes=360 freq=72001982 sd_pos=1202355 heater_bed: target=65 temp=64.9 pwm=0.449 sysload=0.38 cputime=76.825 memavail=2534304 print_time=1086.685 buffer_time=2.343 print_stall=0 extruder: target=220 temp=219.9 pwm=0.523
Stats 2567389.0: gcodein=0  mcu: mcu_awake=0.030 mcu_task_avg=0.000048 mcu_task_stddev=0.000034 bytes_write=3002262 bytes_read=389438 bytes_retransmit=9 bytes_invalid=0 send_seq=51616 receive_seq=51616 retransmit_seq=2 srtt=0.003 rttvar=0.000 rto=0.025 ready_bytes=0 upcoming_bytes=0 freq=72001982 sd_pos=1203387 heater_bed: target=65 temp=65.0 pwm=0.274 sysload=0.35 cputime=76.884 memavail=2533632 print_time=1087.353 buffer_time=2.011 print_stall=0 extruder: target=220 temp=220.0 pwm=0.523
Stats 2567390.0: gcodein=0  mcu: mcu_awake=0.030 mcu_task_avg=0.000048 mcu_task_stddev=0.000034 bytes_write=3006436 bytes_read=389886 bytes_retransmit=9 bytes_invalid=0 send_seq=51686 receive_seq=51686 retransmit_seq=2 srtt=0.003 rttvar=0.001 rto=0.025 ready_bytes=0 upcoming_bytes=0 freq=72001986 sd_pos=1206519 heater_bed: target=65 temp=65.1 pwm=0.000 sysload=0.35 cputime=76.983 memavail=2533184 print_time=1088.349 buffer_time=2.006 print_stall=0 extruder: target=220 temp=220.0 pwm=0.470
Stats 2567391.0: gcodein=0  mcu: mcu_awake=0.030 mcu_task_avg=0.000048 mcu_task_stddev=0.000034 bytes_write=3010948 bytes_read=390374 bytes_retransmit=9 bytes_invalid=0 send_seq=51761 receive_seq=51761 retransmit_seq=2 srtt=0.003 rttvar=0.000 rto=0.025 ready_bytes=40 upcoming_bytes=714 freq=72001987 sd_pos=1209531 heater_bed: target=65 temp=64.9 pwm=0.701 sysload=0.35 cputime=77.084 memavail=2532736 print_time=1089.519 buffer_time=2.176 print_stall=0 extruder: target=220 temp=220.0 pwm=0.522
Stats 2567392.0: gcodein=0  mcu: mcu_awake=0.030 mcu_task_avg=0.000049 mcu_task_stddev=0.000035 bytes_write=3015219 bytes_read=390852 bytes_retransmit=9 bytes_invalid=0 send_seq=51831 receive_seq=51831 retransmit_seq=2 srtt=0.003 rttvar=0.000 rto=0.025 ready_bytes=38 upcoming_bytes=1077 freq=72001986 sd_pos=1210342 heater_bed: target=65 temp=65.0 pwm=0.163 sysload=0.35 cputime=77.173 memavail=2532736 print_time=1090.461 buffer_time=2.116 print_stall=0 extruder: target=220 temp=220.1 pwm=0.472
Stats 2567393.0: gcodein=0  mcu: mcu_awake=0.030 mcu_task_avg=0.000049 mcu_task_stddev=0.000035 bytes_write=3019997 bytes_read=391340 bytes_retransmit=9 bytes_invalid=0 send_seq=51910 receive_seq=51909 retransmit_seq=2 srtt=0.003 rttvar=0.000 rto=0.025 ready_bytes=15 upcoming_bytes=210 freq=72001983 sd_pos=1211572 heater_bed: target=65 temp=65.0 pwm=0.307 sysload=0.35 cputime=77.270 memavail=2532260 print_time=1091.490 buffer_time=2.144 print_stall=0 extruder: target=220 temp=220.1 pwm=0.472
Stats 2567394.0: gcodein=0  mcu: mcu_awake=0.030 mcu_task_avg=0.000049 mcu_task_stddev=0.000035 bytes_write=3024999 bytes_read=391873 bytes_retransmit=9 bytes_invalid=0 send_seq=51993 receive_seq=51993 retransmit_seq=2 srtt=0.003 rttvar=0.000 rto=0.025 ready_bytes=6 upcoming_bytes=0 freq=72001981 sd_pos=1213406 heater_bed: target=65 temp=65.1 pwm=0.008 sysload=0.32 cputime=77.376 memavail=2532260 print_time=1092.509 buffer_time=2.162 print_stall=0 extruder: target=220 temp=220.1 pwm=0.472
Stats 2567395.0: gcodein=0  mcu: mcu_awake=0.030 mcu_task_avg=0.000049 mcu_task_stddev=0.000035 bytes_write=3028544 bytes_read=392275 bytes_retransmit=9 bytes_invalid=0 send_seq=52052 receive_seq=52051 retransmit_seq=2 srtt=0.003 rttvar=0.000 rto=0.025 ready_bytes=14 upcoming_bytes=915 freq=72001978 sd_pos=1216604 heater_bed: target=65 temp=65.0 pwm=0.232 sysload=0.32 cputime=77.498 memavail=2532260 print_time=1093.523 buffer_time=2.176 print_stall=0 extruder: target=220 temp=220.2 pwm=0.472
Stats 2567396.0: gcodein=0  mcu: mcu_awake=0.030 mcu_task_avg=0.000049 mcu_task_stddev=0.000035 bytes_write=3033259 bytes_read=392763 bytes_retransmit=9 bytes_invalid=0 send_seq=52129 receive_seq=52129 retransmit_seq=2 srtt=0.003 rttvar=0.000 rto=0.025 ready_bytes=30 upcoming_bytes=926 freq=72001981 sd_pos=1219535 heater_bed: target=65 temp=65.1 pwm=0.209 sysload=0.32 cputime=77.621 memavail=2532036 print_time=1094.609 buffer_time=2.260 print_stall=0 extruder: target=220 temp=220.1 pwm=0.472
Stats 2567397.0: gcodein=0  mcu: mcu_awake=0.030 mcu_task_avg=0.000056 mcu_task_stddev=0.000032 bytes_write=3037591 bytes_read=393247 bytes_retransmit=9 bytes_invalid=0 send_seq=52201 receive_seq=52200 retransmit_seq=2 srtt=0.003 rttvar=0.000 rto=0.025 ready_bytes=47 upcoming_bytes=1999 freq=72001978 sd_pos=1221070 heater_bed: target=65 temp=65.1 pwm=0.058 sysload=0.32 cputime=77.739 memavail=2532036 print_time=1095.876 buffer_time=2.526 print_stall=0 extruder: target=220 temp=220.1 pwm=0.477
Stats 2567398.0: gcodein=0  mcu: mcu_awake=0.030 mcu_task_avg=0.000056 mcu_task_stddev=0.000032 bytes_write=3041388 bytes_read=393679 bytes_retransmit=9 bytes_invalid=0 send_seq=52264 receive_seq=52264 retransmit_seq=2 srtt=0.003 rttvar=0.000 rto=0.025 ready_bytes=0 upcoming_bytes=0 freq=72001978 sd_pos=1221597 heater_bed: target=65 temp=64.9 pwm=0.795 sysload=0.32 cputime=77.816 memavail=2535840 print_time=1096.410 buffer_time=2.060 print_stall=0 extruder: target=220 temp=220.2 pwm=0.477
Stats 2567399.0: gcodein=0  mcu: mcu_awake=0.030 mcu_task_avg=0.000056 mcu_task_stddev=0.000032 bytes_write=3045929 bytes_read=394157 bytes_retransmit=9 bytes_invalid=0 send_seq=52341 receive_seq=52340 retransmit_seq=2 srtt=0.003 rttvar=0.000 rto=0.025 ready_bytes=0 upcoming_bytes=0 freq=72001975 sd_pos=1224486 heater_bed: target=65 temp=65.0 pwm=0.049 sysload=0.37 cputime=77.932 memavail=2532960 print_time=1097.493 buffer_time=2.142 print_stall=0 extruder: target=220 temp=220.2 pwm=0.483
Stats 2567400.0: gcodein=0  mcu: mcu_awake=0.030 mcu_task_avg=0.000056 mcu_task_stddev=0.000032 bytes_write=3050018 bytes_read=394626 bytes_retransmit=9 bytes_invalid=0 send_seq=52409 receive_seq=52409 retransmit_seq=2 srtt=0.003 rttvar=0.000 rto=0.025 ready_bytes=54 upcoming_bytes=1749 freq=72001979 sd_pos=1226532 heater_bed: target=65 temp=65.2 pwm=0.000 sysload=0.37 cputime=78.031 memavail=2532736 print_time=1098.678 buffer_time=2.326 print_stall=0 extruder: target=220 temp=220.1 pwm=0.483
Stats 2567401.0: gcodein=0  mcu: mcu_awake=0.030 mcu_task_avg=0.000056 mcu_task_stddev=0.000032 bytes_write=3054479 bytes_read=395103 bytes_retransmit=9 bytes_invalid=0 send_seq=52482 receive_seq=52482 retransmit_seq=2 srtt=0.003 rttvar=0.000 rto=0.025 ready_bytes=42 upcoming_bytes=1522 freq=72001980 sd_pos=1227221 heater_bed: target=65 temp=65.1 pwm=0.085 sysload=0.37 cputime=78.120 memavail=2532512 print_time=1099.741 buffer_time=2.388 print_stall=0 extruder: target=220 temp=220.0 pwm=0.541
Stats 2567402.0: gcodein=0  mcu: mcu_awake=0.031 mcu_task_avg=0.000051 mcu_task_stddev=0.000034 bytes_write=3059086 bytes_read=395582 bytes_retransmit=9 bytes_invalid=0 send_seq=52558 receive_seq=52555 retransmit_seq=2 srtt=0.003 rttvar=0.000 rto=0.025 ready_bytes=267 upcoming_bytes=972 freq=72001977 sd_pos=1230057 heater_bed: target=65 temp=65.0 pwm=0.470 sysload=0.37 cputime=78.233 memavail=2532516 print_time=1100.709 buffer_time=2.355 print_stall=0 extruder: target=220 temp=219.9 pwm=0.541
Stats 2567403.0: gcodein=0  mcu: mcu_awake=0.031 mcu_task_avg=0.000051 mcu_task_stddev=0.000034 bytes_write=3063742 bytes_read=396100 bytes_retransmit=9 bytes_invalid=0 send_seq=52636 receive_seq=52636 retransmit_seq=2 srtt=0.003 rttvar=0.000 rto=0.025 ready_bytes=8 upcoming_bytes=0 freq=72001977 sd_pos=1231979 heater_bed: target=65 temp=65.1 pwm=0.000 sysload=0.37 cputime=78.329 memavail=2532028 print_time=1101.558 buffer_time=2.203 print_stall=0 extruder: target=220 temp=220.0 pwm=0.541
Stats 2567404.0: gcodein=0  mcu: mcu_awake=0.031 mcu_task_avg=0.000051 mcu_task_stddev=0.000034 bytes_write=3067542 bytes_read=396537 bytes_retransmit=9 bytes_invalid=0 send_seq=52701 receive_seq=52701 retransmit_seq=2 srtt=0.003 rttvar=0.001 rto=0.025 ready_bytes=16 upcoming_bytes=0 freq=72001977 sd_pos=1234628 heater_bed: target=65 temp=65.1 pwm=0.334 sysload=0.42 cputime=78.439 memavail=2531804 print_time=1102.454 buffer_time=2.098 print_stall=0 extruder: target=220 temp=219.9 pwm=0.541
Stats 2567405.0: gcodein=0  mcu: mcu_awake=0.031 mcu_task_avg=0.000051 mcu_task_stddev=0.000034 bytes_write=3071711 bytes_read=396975 bytes_retransmit=9 bytes_invalid=0 send_seq=52770 receive_seq=52769 retransmit_seq=2 srtt=0.003 rttvar=0.000 rto=0.025 ready_bytes=23 upcoming_bytes=917 freq=72001975 sd_pos=1238095 heater_bed: target=65 temp=65.1 pwm=0.179 sysload=0.42 cputime=78.555 memavail=2531804 print_time=1103.598 buffer_time=2.241 print_stall=0 extruder: target=220 temp=219.9 pwm=0.541
Stats 2567406.0: gcodein=0  mcu: mcu_awake=0.031 mcu_task_avg=0.000051 mcu_task_stddev=0.000034 bytes_write=3076277 bytes_read=397468 bytes_retransmit=9 bytes_invalid=0 send_seq=52845 receive_seq=52845 retransmit_seq=2 srtt=0.003 rttvar=0.000 rto=0.025 ready_bytes=17 upcoming_bytes=870 freq=72001974 sd_pos=1239946 heater_bed: target=65 temp=65.2 pwm=0.054 sysload=0.42 cputime=78.670 memavail=2531804 print_time=1104.582 buffer_time=2.225 print_stall=0 extruder: target=220 temp=219.9 pwm=0.520
Stats 2567407.0: gcodein=0  mcu: mcu_awake=0.031 mcu_task_avg=0.000051 mcu_task_stddev=0.000034 bytes_write=3080520 bytes_read=397946 bytes_retransmit=9 bytes_invalid=0 send_seq=52915 receive_seq=52915 retransmit_seq=2 srtt=0.003 rttvar=0.000 rto=0.025 ready_bytes=40 upcoming_bytes=1688 freq=72001973 sd_pos=1241026 heater_bed: target=65 temp=65.2 pwm=0.000 sysload=0.42 cputime=78.766 memavail=2531552 print_time=1105.751 buffer_time=2.393 print_stall=0 extruder: target=220 temp=220.0 pwm=0.467
Stats 2567408.0: gcodein=0  mcu: mcu_awake=0.031 mcu_task_avg=0.000051 mcu_task_stddev=0.000034 bytes_write=3085340 bytes_read=398439 bytes_retransmit=9 bytes_invalid=0 send_seq=52995 receive_seq=52994 retransmit_seq=2 srtt=0.003 rttvar=0.000 rto=0.025 ready_bytes=23 upcoming_bytes=2657 freq=72001971 sd_pos=1242472 heater_bed: target=65 temp=65.0 pwm=0.647 sysload=0.42 cputime=78.870 memavail=2531552 print_time=1106.804 buffer_time=2.444 print_stall=0 extruder: target=220 temp=220.1 pwm=0.467
Stats 2567409.0: gcodein=0  mcu: mcu_awake=0.031 mcu_task_avg=0.000051 mcu_task_stddev=0.000034 bytes_write=3089559 bytes_read=398916 bytes_retransmit=9 bytes_invalid=0 send_seq=53065 receive_seq=53064 retransmit_seq=2 srtt=0.003 rttvar=0.000 rto=0.025 ready_bytes=42 upcoming_bytes=1005 freq=72001970 sd_pos=1242900 heater_bed: target=65 temp=65.1 pwm=0.097 sysload=0.39 cputime=78.955 memavail=2530432 print_time=1107.362 buffer_time=2.001 print_stall=0 extruder: target=220 temp=220.1 pwm=0.467
Stats 2567410.0: gcodein=0  mcu: mcu_awake=0.031 mcu_task_avg=0.000051 mcu_task_stddev=0.000034 bytes_write=3095111 bytes_read=399474 bytes_retransmit=9 bytes_invalid=0 send_seq=53156 receive_seq=53156 retransmit_seq=2 srtt=0.003 rttvar=0.000 rto=0.025 ready_bytes=55 upcoming_bytes=0 freq=72001968 sd_pos=1244999 heater_bed: target=65 temp=65.0 pwm=0.558 sysload=0.39 cputime=79.070 memavail=2530432 print_time=1108.474 buffer_time=2.111 print_stall=0 extruder: target=220 temp=220.1 pwm=0.467
Stats 2567411.0: gcodein=0  mcu: mcu_awake=0.031 mcu_task_avg=0.000051 mcu_task_stddev=0.000034 bytes_write=3099787 bytes_read=399957 bytes_retransmit=9 bytes_invalid=0 send_seq=53234 receive_seq=53233 retransmit_seq=2 srtt=0.003 rttvar=0.000 rto=0.025 ready_bytes=23 upcoming_bytes=646 freq=72001967 sd_pos=1246332 heater_bed: target=65 temp=65.1 pwm=0.119 sysload=0.39 cputime=79.165 memavail=2530432 print_time=1109.629 buffer_time=2.265 print_stall=0 extruder: target=220 temp=220.1 pwm=0.470
Stats 2567412.0: gcodein=0  mcu: mcu_awake=0.032 mcu_task_avg=0.000057 mcu_task_stddev=0.000031 bytes_write=3103543 bytes_read=400410 bytes_retransmit=9 bytes_invalid=0 send_seq=53296 receive_seq=53295 retransmit_seq=2 srtt=0.003 rttvar=0.000 rto=0.025 ready_bytes=0 upcoming_bytes=0 freq=72001977 sd_pos=1248309 heater_bed: target=65 temp=65.0 pwm=0.311 sysload=0.39 cputime=79.269 memavail=2530432 print_time=1110.370 buffer_time=2.006 print_stall=0 extruder: target=220 temp=220.1 pwm=0.470
Stats 2567413.0: gcodein=0  mcu: mcu_awake=0.032 mcu_task_avg=0.000057 mcu_task_stddev=0.000031 bytes_write=3108672 bytes_read=400943 bytes_retransmit=9 bytes_invalid=0 send_seq=53382 receive_seq=53382 retransmit_seq=2 srtt=0.003 rttvar=0.000 rto=0.025 ready_bytes=22 upcoming_bytes=14 freq=72001978 sd_pos=1251188 heater_bed: target=65 temp=65.1 pwm=0.000 sysload=0.39 cputime=79.389 memavail=2528920 print_time=1111.634 buffer_time=2.269 print_stall=0 extruder: target=220 temp=220.1 pwm=0.481
Stats 2567414.0: gcodein=0  mcu: mcu_awake=0.032 mcu_task_avg=0.000057 mcu_task_stddev=0.000031 bytes_write=3112183 bytes_read=401336 bytes_retransmit=9 bytes_invalid=0 send_seq=53441 receive_seq=53441 retransmit_seq=2 srtt=0.003 rttvar=0.001 rto=0.025 ready_bytes=58 upcoming_bytes=0 freq=72001976 sd_pos=1251983 heater_bed: target=65 temp=64.9 pwm=0.635 sysload=0.36 cputime=79.462 memavail=2528924 print_time=1112.597 buffer_time=2.230 print_stall=0 extruder: target=220 temp=220.0 pwm=0.551
Stats 2567415.0: gcodein=0  mcu: mcu_awake=0.032 mcu_task_avg=0.000057 mcu_task_stddev=0.000031 bytes_write=3115510 bytes_read=401728 bytes_retransmit=9 bytes_invalid=0 send_seq=53497 receive_seq=53494 retransmit_seq=2 srtt=0.003 rttvar=0.000 rto=0.025 ready_bytes=657 upcoming_bytes=0 freq=72001978 sd_pos=1253742 heater_bed: target=65 temp=64.9 pwm=0.416 sysload=0.36 cputime=79.547 memavail=2528924 print_time=1113.626 buffer_time=2.259 print_stall=0 extruder: target=220 temp=219.9 pwm=0.498
Stats 2567416.0: gcodein=0  mcu: mcu_awake=0.032 mcu_task_avg=0.000057 mcu_task_stddev=0.000031 bytes_write=3119556 bytes_read=402181 bytes_retransmit=9 bytes_invalid=0 send_seq=53565 receive_seq=53565 retransmit_seq=2 srtt=0.003 rttvar=0.001 rto=0.025 ready_bytes=48 upcoming_bytes=0 freq=72001978 sd_pos=1255223 heater_bed: target=65 temp=65.1 pwm=0.000 sysload=0.36 cputime=79.629 memavail=2528924 print_time=1114.550 buffer_time=2.183 print_stall=0 extruder: target=220 temp=219.9 pwm=0.498
Stats 2567417.0: gcodein=0  mcu: mcu_awake=0.031 mcu_task_avg=0.000044 mcu_task_stddev=0.000035 bytes_write=3124098 bytes_read=402675 bytes_retransmit=9 bytes_invalid=0 send_seq=53641 receive_seq=53641 retransmit_seq=2 srtt=0.003 rttvar=0.000 rto=0.025 ready_bytes=40 upcoming_bytes=0 freq=72001977 sd_pos=1256537 heater_bed: target=65 temp=65.0 pwm=0.284 sysload=0.36 cputime=79.710 memavail=2528940 print_time=1115.381 buffer_time=2.013 print_stall=0 extruder: target=220 temp=219.9 pwm=0.498
Stats 2567418.0: gcodein=0  mcu: mcu_awake=0.031 mcu_task_avg=0.000044 mcu_task_stddev=0.000035 bytes_write=3128023 bytes_read=403122 bytes_retransmit=9 bytes_invalid=0 send_seq=53706 receive_seq=53705 retransmit_seq=2 srtt=0.003 rttvar=0.000 rto=0.025 ready_bytes=22 upcoming_bytes=503 freq=72001975 sd_pos=1258474 heater_bed: target=65 temp=64.9 pwm=0.618 sysload=0.36 cputime=79.812 memavail=2532752 print_time=1116.570 buffer_time=2.202 print_stall=0 extruder: target=220 temp=219.9 pwm=0.498
Stats 2567419.0: gcodein=0  mcu: mcu_awake=0.031 mcu_task_avg=0.000044 mcu_task_stddev=0.000035 bytes_write=3132812 bytes_read=403620 bytes_retransmit=9 bytes_invalid=0 send_seq=53785 receive_seq=53785 retransmit_seq=2 srtt=0.003 rttvar=0.000 rto=0.025 ready_bytes=37 upcoming_bytes=0 freq=72001972 sd_pos=1260638 heater_bed: target=65 temp=65.0 pwm=0.110 sysload=0.41 cputime=79.918 memavail=2531632 print_time=1117.463 buffer_time=2.095 print_stall=0 extruder: target=220 temp=219.9 pwm=0.527
Stats 2567420.0: gcodein=0  mcu: mcu_awake=0.031 mcu_task_avg=0.000044 mcu_task_stddev=0.000035 bytes_write=3136508 bytes_read=404023 bytes_retransmit=9 bytes_invalid=0 send_seq=53846 receive_seq=53846 retransmit_seq=2 srtt=0.003 rttvar=0.000 rto=0.025 ready_bytes=49 upcoming_bytes=2602 freq=72001970 sd_pos=1263023 heater_bed: target=65 temp=64.9 pwm=0.651 sysload=0.41 cputime=80.026 memavail=2530960 print_time=1118.851 buffer_time=2.476 print_stall=0 extruder: target=220 temp=219.8 pwm=0.527
Stats 2567421.0: gcodein=0  mcu: mcu_awake=0.031 mcu_task_avg=0.000044 mcu_task_stddev=0.000035 bytes_write=3141478 bytes_read=404555 bytes_retransmit=9 bytes_invalid=0 send_seq=53928 receive_seq=53927 retransmit_seq=2 srtt=0.003 rttvar=0.000 rto=0.025 ready_bytes=23 upcoming_bytes=1876 freq=72001970 sd_pos=1263590 heater_bed: target=65 temp=65.0 pwm=0.213 sysload=0.41 cputime=80.127 memavail=2530960 print_time=1119.846 buffer_time=2.470 print_stall=0 extruder: target=220 temp=219.9 pwm=0.527
Stats 2567422.0: gcodein=0  mcu: mcu_awake=0.029 mcu_task_avg=0.000054 mcu_task_stddev=0.000032 bytes_write=3146432 bytes_read=405079 bytes_retransmit=9 bytes_invalid=0 send_seq=54010 receive_seq=54009 retransmit_seq=2 srtt=0.003 rttvar=0.000 rto=0.025 ready_bytes=8 upcoming_bytes=554 freq=72001968 sd_pos=1264822 heater_bed: target=65 temp=64.9 pwm=0.716 sysload=0.41 cputime=80.223 memavail=2530960 print_time=1120.953 buffer_time=2.576 print_stall=0 extruder: target=220 temp=219.9 pwm=0.527
Stats 2567423.0: gcodein=0  mcu: mcu_awake=0.029 mcu_task_avg=0.000054 mcu_task_stddev=0.000032 bytes_write=3149019 bytes_read=405387 bytes_retransmit=9 bytes_invalid=0 send_seq=54054 receive_seq=54051 retransmit_seq=2 srtt=0.003 rttvar=0.000 rto=0.025 ready_bytes=883 upcoming_bytes=0 freq=72001968 sd_pos=1267150 heater_bed: target=65 temp=64.9 pwm=0.613 sysload=0.41 cputime=80.299 memavail=2529996 print_time=1121.627 buffer_time=2.250 print_stall=0 extruder: target=220 temp=220.0 pwm=0.434
Stats 2567424.0: gcodein=0  mcu: mcu_awake=0.029 mcu_task_avg=0.000054 mcu_task_stddev=0.000032 bytes_write=3153858 bytes_read=405919 bytes_retransmit=9 bytes_invalid=0 send_seq=54135 receive_seq=54132 retransmit_seq=2 srtt=0.003 rttvar=0.000 rto=0.025 ready_bytes=234 upcoming_bytes=39 freq=72001968 sd_pos=1270461 heater_bed: target=65 temp=65.0 pwm=0.000 sysload=0.38 cputime=80.403 memavail=2529996 print_time=1122.656 buffer_time=2.277 print_stall=0 extruder: target=220 temp=220.0 pwm=0.520
Stats 2567425.0: gcodein=0  mcu: mcu_awake=0.029 mcu_task_avg=0.000054 mcu_task_stddev=0.000032 bytes_write=3157848 bytes_read=406357 bytes_retransmit=9 bytes_invalid=0 send_seq=54200 receive_seq=54200 retransmit_seq=2 srtt=0.003 rttvar=0.000 rto=0.025 ready_bytes=42 upcoming_bytes=21 freq=72001968 sd_pos=1271277 heater_bed: target=65 temp=64.9 pwm=0.525 sysload=0.38 cputime=80.490 memavail=2529996 print_time=1123.444 buffer_time=2.065 print_stall=0 extruder: target=220 temp=220.0 pwm=0.520
Stats 2567426.0: gcodein=0  mcu: mcu_awake=0.029 mcu_task_avg=0.000054 mcu_task_stddev=0.000032 bytes_write=3161950 bytes_read=406790 bytes_retransmit=9 bytes_invalid=0 send_seq=54267 receive_seq=54267 retransmit_seq=2 srtt=0.003 rttvar=0.000 rto=0.025 ready_bytes=50 upcoming_bytes=2202 freq=72001970 sd_pos=1272823 heater_bed: target=65 temp=65.0 pwm=0.154 sysload=0.38 cputime=80.599 memavail=2529996 print_time=1125.026 buffer_time=2.646 print_stall=0 extruder: target=220 temp=220.1 pwm=0.454
Stats 2567427.0: gcodein=0  mcu: mcu_awake=0.029 mcu_task_avg=0.000048 mcu_task_stddev=0.000035 bytes_write=3166606 bytes_read=407318 bytes_retransmit=9 bytes_invalid=0 send_seq=54344 receive_seq=54344 retransmit_seq=2 srtt=0.003 rttvar=0.000 rto=0.025 ready_bytes=52 upcoming_bytes=0 freq=72001972 sd_pos=1273908 heater_bed: target=65 temp=65.0 pwm=0.562 sysload=0.38 cputime=80.685 memavail=2529996 print_time=1125.467 buffer_time=2.087 print_stall=0 extruder: target=220 temp=220.1 pwm=0.454
Stats 2567428.0: gcodein=0  mcu: mcu_awake=0.029 mcu_task_avg=0.000048 mcu_task_stddev=0.000035 bytes_write=3170935 bytes_read=407771 bytes_retransmit=9 bytes_invalid=0 send_seq=54415 receive_seq=54415 retransmit_seq=2 srtt=0.003 rttvar=0.000 rto=0.025 ready_bytes=21 upcoming_bytes=0 freq=72001972 sd_pos=1276041 heater_bed: target=65 temp=64.9 pwm=0.473 sysload=0.38 cputime=80.777 memavail=2530000 print_time=1126.461 buffer_time=2.080 print_stall=0 extruder: target=220 temp=220.1 pwm=0.454
Stats 2567429.0: gcodein=0  mcu: mcu_awake=0.029 mcu_task_avg=0.000048 mcu_task_stddev=0.000035 bytes_write=3175119 bytes_read=408214 bytes_retransmit=9 bytes_invalid=0 send_seq=54484 receive_seq=54484 retransmit_seq=2 srtt=0.003 rttvar=0.000 rto=0.025 ready_bytes=42 upcoming_bytes=245 freq=72001970 sd_pos=1279395 heater_bed: target=65 temp=65.2 pwm=0.000 sysload=0.43 cputime=80.908 memavail=2529584 print_time=1127.493 buffer_time=2.111 print_stall=0 extruder: target=220 temp=220.1 pwm=0.454
Stats 2567430.0: gcodein=0  mcu: mcu_awake=0.029 mcu_task_avg=0.000048 mcu_task_stddev=0.000035 bytes_write=3179403 bytes_read=408696 bytes_retransmit=9 bytes_invalid=0 send_seq=54555 receive_seq=54555 retransmit_seq=2 srtt=0.003 rttvar=0.000 rto=0.025 ready_bytes=14 upcoming_bytes=631 freq=72001968 sd_pos=1281503 heater_bed: target=65 temp=65.0 pwm=0.400 sysload=0.43 cputime=81.014 memavail=2529584 print_time=1128.542 buffer_time=2.159 print_stall=0 extruder: target=220 temp=220.2 pwm=0.467
Stats 2567431.0: gcodein=0  mcu: mcu_awake=0.029 mcu_task_avg=0.000048 mcu_task_stddev=0.000035 bytes_write=3183870 bytes_read=409164 bytes_retransmit=9 bytes_invalid=0 send_seq=54629 receive_seq=54629 retransmit_seq=2 srtt=0.003 rttvar=0.000 rto=0.025 ready_bytes=50 upcoming_bytes=665 freq=72001969 sd_pos=1282840 heater_bed: target=65 temp=65.1 pwm=0.000 sysload=0.43 cputime=81.119 memavail=2529360 print_time=1129.568 buffer_time=2.184 print_stall=0 extruder: target=220 temp=220.1 pwm=0.526
Stats 2567432.0: gcodein=0  mcu: mcu_awake=0.031 mcu_task_avg=0.000054 mcu_task_stddev=0.000033 bytes_write=3187312 bytes_read=409563 bytes_retransmit=9 bytes_invalid=0 send_seq=54686 receive_seq=54686 retransmit_seq=2 srtt=0.003 rttvar=0.000 rto=0.025 ready_bytes=25 upcoming_bytes=0 freq=72001970 sd_pos=1283998 heater_bed: target=65 temp=65.1 pwm=0.000 sysload=0.43 cputime=81.196 memavail=2529360 print_time=1130.405 buffer_time=2.021 print_stall=0 extruder: target=220 temp=220.1 pwm=0.475
toolhead: max_velocity: 800.000000
max_accel: 2500.000000
minimum_cruise_ratio: 0.500000
square_corner_velocity: 5.000000
Stats 2567433.0: gcodein=0  mcu: mcu_awake=0.031 mcu_task_avg=0.000054 mcu_task_stddev=0.000033 bytes_write=3191352 bytes_read=410010 bytes_retransmit=9 bytes_invalid=0 send_seq=54753 receive_seq=54750 retransmit_seq=2 srtt=0.003 rttvar=0.000 rto=0.025 ready_bytes=575 upcoming_bytes=0 freq=72001967 sd_pos=1286350 heater_bed: target=65 temp=65.0 pwm=0.645 sysload=0.43 cputime=81.290 memavail=2528860 print_time=1131.596 buffer_time=2.211 print_stall=0 extruder: target=220 temp=220.1 pwm=0.475
toolhead: max_velocity: 800.000000
max_accel: 5000.000000
minimum_cruise_ratio: 0.500000
square_corner_velocity: 5.000000
Stats 2567434.0: gcodein=0  mcu: mcu_awake=0.031 mcu_task_avg=0.000054 mcu_task_stddev=0.000033 bytes_write=3193240 bytes_read=410288 bytes_retransmit=9 bytes_invalid=0 send_seq=54786 receive_seq=54786 retransmit_seq=2 srtt=0.003 rttvar=0.000 rto=0.025 ready_bytes=0 upcoming_bytes=0 freq=72001967 sd_pos=1287162 heater_bed: target=65 temp=65.2 pwm=0.000 sysload=0.39 cputime=81.340 memavail=2528860 print_time=1132.462 buffer_time=2.076 print_stall=0 extruder: target=220 temp=220.0 pwm=0.539
toolhead: max_velocity: 800.000000
max_accel: 2500.000000
minimum_cruise_ratio: 0.500000
square_corner_velocity: 5.000000
toolhead: max_velocity: 800.000000
max_accel: 5000.000000
minimum_cruise_ratio: 0.500000
square_corner_velocity: 5.000000
Stats 2567435.0: gcodein=0  mcu: mcu_awake=0.031 mcu_task_avg=0.000054 mcu_task_stddev=0.000033 bytes_write=3196031 bytes_read=410616 bytes_retransmit=9 bytes_invalid=0 send_seq=54832 receive_seq=54832 retransmit_seq=2 srtt=0.003 rttvar=0.000 rto=0.025 ready_bytes=8 upcoming_bytes=0 freq=72001974 sd_pos=1289159 heater_bed: target=65 temp=65.0 pwm=0.448 sysload=0.39 cputime=81.414 memavail=2528860 print_time=1133.697 buffer_time=2.311 print_stall=0 extruder: target=220 temp=219.9 pwm=0.539
Stats 2567436.0: gcodein=0  mcu: mcu_awake=0.031 mcu_task_avg=0.000054 mcu_task_stddev=0.000033 bytes_write=3198822 bytes_read=410976 bytes_retransmit=9 bytes_invalid=0 send_seq=54879 receive_seq=54879 retransmit_seq=2 srtt=0.004 rttvar=0.000 rto=0.025 ready_bytes=51 upcoming_bytes=0 freq=72001978 sd_pos=1291117 heater_bed: target=65 temp=65.1 pwm=0.108 sysload=0.39 cputime=81.489 memavail=2528860 print_time=1134.428 buffer_time=2.040 print_stall=0 extruder: target=220 temp=219.8 pwm=0.539
Stats 2567437.0: gcodein=0  mcu: mcu_awake=0.024 mcu_task_avg=0.000040 mcu_task_stddev=0.000036 bytes_write=3202539 bytes_read=411393 bytes_retransmit=9 bytes_invalid=0 send_seq=54941 receive_seq=54941 retransmit_seq=2 srtt=0.003 rttvar=0.000 rto=0.025 ready_bytes=0 upcoming_bytes=0 freq=72001979 sd_pos=1292772 heater_bed: target=65 temp=65.1 pwm=0.092 sysload=0.39 cputime=81.567 memavail=2528860 print_time=1135.430 buffer_time=2.042 print_stall=0 extruder: target=220 temp=219.9 pwm=0.539
Stats 2567438.0: gcodein=0  mcu: mcu_awake=0.024 mcu_task_avg=0.000040 mcu_task_stddev=0.000036 bytes_write=3206292 bytes_read=411799 bytes_retransmit=9 bytes_invalid=0 send_seq=55004 receive_seq=55004 retransmit_seq=2 srtt=0.003 rttvar=0.000 rto=0.025 ready_bytes=0 upcoming_bytes=2484 freq=72001979 sd_pos=1294392 heater_bed: target=65 temp=65.1 pwm=0.059 sysload=0.39 cputime=81.658 memavail=2528860 print_time=1136.867 buffer_time=2.478 print_stall=0 extruder: target=220 temp=219.9 pwm=0.539
Stats 2567439.0: gcodein=0  mcu: mcu_awake=0.024 mcu_task_avg=0.000040 mcu_task_stddev=0.000036 bytes_write=3211429 bytes_read=412337 bytes_retransmit=9 bytes_invalid=0 send_seq=55089 receive_seq=55088 retransmit_seq=2 srtt=0.003 rttvar=0.000 rto=0.025 ready_bytes=14 upcoming_bytes=1002 freq=72001980 sd_pos=1294934 heater_bed: target=65 temp=65.1 pwm=0.197 sysload=0.44 cputime=81.749 memavail=2529068 print_time=1137.858 buffer_time=2.468 print_stall=0 extruder: target=220 temp=219.8 pwm=0.532
Stats 2567440.0: gcodein=0  mcu: mcu_awake=0.024 mcu_task_avg=0.000040 mcu_task_stddev=0.000036 bytes_write=3215609 bytes_read=412782 bytes_retransmit=9 bytes_invalid=0 send_seq=55159 receive_seq=55158 retransmit_seq=2 srtt=0.003 rttvar=0.000 rto=0.025 ready_bytes=16 upcoming_bytes=168 freq=72001983 sd_pos=1295613 heater_bed: target=65 temp=65.0 pwm=0.457 sysload=0.44 cputime=81.823 memavail=2527724 print_time=1138.689 buffer_time=2.298 print_stall=0 extruder: target=220 temp=219.9 pwm=0.479
Stats 2567441.0: gcodein=0  mcu: mcu_awake=0.024 mcu_task_avg=0.000040 mcu_task_stddev=0.000036 bytes_write=3219099 bytes_read=413175 bytes_retransmit=9 bytes_invalid=0 send_seq=55217 receive_seq=55217 retransmit_seq=2 srtt=0.003 rttvar=0.000 rto=0.025 ready_bytes=54 upcoming_bytes=0 freq=72001981 sd_pos=1297201 heater_bed: target=65 temp=65.0 pwm=0.481 sysload=0.44 cputime=81.902 memavail=2527500 print_time=1139.742 buffer_time=2.349 print_stall=0 extruder: target=220 temp=220.0 pwm=0.479
Stats 2567442.0: gcodein=0  mcu: mcu_awake=0.028 mcu_task_avg=0.000044 mcu_task_stddev=0.000035 bytes_write=3222144 bytes_read=413583 bytes_retransmit=9 bytes_invalid=0 send_seq=55270 receive_seq=55270 retransmit_seq=2 srtt=0.003 rttvar=0.000 rto=0.025 ready_bytes=0 upcoming_bytes=0 freq=72001980 sd_pos=1299222 heater_bed: target=65 temp=65.0 pwm=0.538 sysload=0.44 cputime=81.978 memavail=2527500 print_time=1140.433 buffer_time=2.039 print_stall=0 extruder: target=220 temp=220.1 pwm=0.479
Stats 2567443.0: gcodein=0  mcu: mcu_awake=0.028 mcu_task_avg=0.000044 mcu_task_stddev=0.000035 bytes_write=3225969 bytes_read=414001 bytes_retransmit=9 bytes_invalid=0 send_seq=55334 receive_seq=55334 retransmit_seq=2 srtt=0.003 rttvar=0.000 rto=0.025 ready_bytes=0 upcoming_bytes=0 freq=72001978 sd_pos=1302505 heater_bed: target=65 temp=65.2 pwm=0.000 sysload=0.44 cputime=82.090 memavail=2527248 print_time=1141.388 buffer_time=1.987 print_stall=0 extruder: target=220 temp=220.2 pwm=0.479
Stats 2567444.0: gcodein=0  mcu: mcu_awake=0.028 mcu_task_avg=0.000044 mcu_task_stddev=0.000035 bytes_write=3230905 bytes_read=414509 bytes_retransmit=9 bytes_invalid=0 send_seq=55416 receive_seq=55416 retransmit_seq=2 srtt=0.003 rttvar=0.000 rto=0.025 ready_bytes=46 upcoming_bytes=273 freq=72001979 sd_pos=1305128 heater_bed: target=65 temp=65.1 pwm=0.194 sysload=0.41 cputime=82.203 memavail=2527252 print_time=1142.616 buffer_time=2.215 print_stall=0 extruder: target=220 temp=220.2 pwm=0.427
Stats 2567445.0: gcodein=0  mcu: mcu_awake=0.028 mcu_task_avg=0.000044 mcu_task_stddev=0.000035 bytes_write=3235004 bytes_read=414961 bytes_retransmit=9 bytes_invalid=0 send_seq=55484 receive_seq=55481 retransmit_seq=2 srtt=0.003 rttvar=0.000 rto=0.025 ready_bytes=15 upcoming_bytes=1599 freq=72001978 sd_pos=1307754 heater_bed: target=65 temp=65.1 pwm=0.000 sysload=0.41 cputime=82.321 memavail=2527252 print_time=1143.806 buffer_time=2.404 print_stall=0 extruder: target=220 temp=220.2 pwm=0.484
Stats 2567446.0: gcodein=0  mcu: mcu_awake=0.028 mcu_task_avg=0.000044 mcu_task_stddev=0.000035 bytes_write=3239290 bytes_read=415429 bytes_retransmit=9 bytes_invalid=0 send_seq=55555 receive_seq=55555 retransmit_seq=2 srtt=0.003 rttvar=0.000 rto=0.025 ready_bytes=51 upcoming_bytes=790 freq=72001976 sd_pos=1308756 heater_bed: target=65 temp=65.1 pwm=0.264 sysload=0.41 cputime=82.410 memavail=2527252 print_time=1144.416 buffer_time=2.012 print_stall=0 extruder: target=220 temp=220.3 pwm=0.433
Stats 2567447.0: gcodein=0  mcu: mcu_awake=0.031 mcu_task_avg=0.000049 mcu_task_stddev=0.000035 bytes_write=3243942 bytes_read=415928 bytes_retransmit=9 bytes_invalid=0 send_seq=55632 receive_seq=55632 retransmit_seq=2 srtt=0.003 rttvar=0.000 rto=0.025 ready_bytes=46 upcoming_bytes=1385 freq=72001974 sd_pos=1309810 heater_bed: target=65 temp=65.1 pwm=0.277 sysload=0.41 cputime=82.512 memavail=2526748 print_time=1145.408 buffer_time=2.003 print_stall=0 extruder: target=220 temp=220.3 pwm=0.483
Stats 2567448.0: gcodein=0  mcu: mcu_awake=0.031 mcu_task_avg=0.000049 mcu_task_stddev=0.000035 bytes_write=3249433 bytes_read=416500 bytes_retransmit=9 bytes_invalid=0 send_seq=55722 receive_seq=55721 retransmit_seq=2 srtt=0.003 rttvar=0.000 rto=0.025 ready_bytes=16 upcoming_bytes=683 freq=72001972 sd_pos=1310648 heater_bed: target=65 temp=65.0 pwm=0.455 sysload=0.41 cputime=82.611 memavail=2526500 print_time=1146.656 buffer_time=2.251 print_stall=0 extruder: target=220 temp=220.1 pwm=0.543
Stats 2567449.1: gcodein=0  mcu: mcu_awake=0.031 mcu_task_avg=0.000049 mcu_task_stddev=0.000035 bytes_write=3253238 bytes_read=416923 bytes_retransmit=9 bytes_invalid=0 send_seq=55786 receive_seq=55786 retransmit_seq=2 srtt=0.003 rttvar=0.000 rto=0.025 ready_bytes=45 upcoming_bytes=0 freq=72001972 sd_pos=1311853 heater_bed: target=65 temp=65.0 pwm=0.373 sysload=0.37 cputime=82.693 memavail=2526500 print_time=1147.567 buffer_time=2.161 print_stall=0 extruder: target=220 temp=220.0 pwm=0.543
Stats 2567450.1: gcodein=0  mcu: mcu_awake=0.031 mcu_task_avg=0.000049 mcu_task_stddev=0.000035 bytes_write=3258172 bytes_read=417431 bytes_retransmit=9 bytes_invalid=0 send_seq=55868 receive_seq=55868 retransmit_seq=2 srtt=0.003 rttvar=0.000 rto=0.025 ready_bytes=53 upcoming_bytes=0 freq=72001972 sd_pos=1313782 heater_bed: target=65 temp=65.0 pwm=0.592 sysload=0.37 cputime=82.781 memavail=2526500 print_time=1148.680 buffer_time=2.273 print_stall=0 extruder: target=220 temp=220.0 pwm=0.543
Stats 2567451.1: gcodein=0  mcu: mcu_awake=0.031 mcu_task_avg=0.000049 mcu_task_stddev=0.000035 bytes_write=3261887 bytes_read=417868 bytes_retransmit=9 bytes_invalid=0 send_seq=55930 receive_seq=55930 retransmit_seq=2 srtt=0.003 rttvar=0.000 rto=0.025 ready_bytes=42 upcoming_bytes=887 freq=72001970 sd_pos=1314989 heater_bed: target=65 temp=65.1 pwm=0.000 sysload=0.37 cputime=82.865 memavail=2526500 print_time=1149.740 buffer_time=2.332 print_stall=0 extruder: target=220 temp=219.9 pwm=0.543
Stats 2567452.1: gcodein=0  mcu: mcu_awake=0.031 mcu_task_avg=0.000050 mcu_task_stddev=0.000034 bytes_write=3265995 bytes_read=418327 bytes_retransmit=9 bytes_invalid=0 send_seq=55999 receive_seq=55999 retransmit_seq=2 srtt=0.003 rttvar=0.000 rto=0.025 ready_bytes=54 upcoming_bytes=0 freq=72001970 sd_pos=1316326 heater_bed: target=65 temp=64.9 pwm=0.893 sysload=0.37 cputime=82.956 memavail=2526756 print_time=1150.556 buffer_time=2.147 print_stall=0 extruder: target=220 temp=219.9 pwm=0.518
Stats 2567453.1: gcodein=0  mcu: mcu_awake=0.031 mcu_task_avg=0.000050 mcu_task_stddev=0.000034 bytes_write=3270655 bytes_read=418835 bytes_retransmit=9 bytes_invalid=0 send_seq=56078 receive_seq=56078 retransmit_seq=2 srtt=0.003 rttvar=0.000 rto=0.025 ready_bytes=58 upcoming_bytes=1133 freq=72001967 sd_pos=1318178 heater_bed: target=65 temp=65.0 pwm=0.119 sysload=0.37 cputime=83.050 memavail=2526516 print_time=1151.802 buffer_time=2.391 print_stall=0 extruder: target=220 temp=219.9 pwm=0.518
Stats 2567454.1: gcodein=0  mcu: mcu_awake=0.031 mcu_task_avg=0.000050 mcu_task_stddev=0.000034 bytes_write=3274767 bytes_read=419282 bytes_retransmit=9 bytes_invalid=0 send_seq=56145 receive_seq=56145 retransmit_seq=2 srtt=0.003 rttvar=0.000 rto=0.025 ready_bytes=14 upcoming_bytes=580 freq=72001971 sd_pos=1319353 heater_bed: target=65 temp=65.0 pwm=0.324 sysload=0.34 cputime=83.149 memavail=2526516 print_time=1152.751 buffer_time=2.340 print_stall=0 extruder: target=220 temp=220.0 pwm=0.455
Stats 2567455.1: gcodein=0  mcu: mcu_awake=0.031 mcu_task_avg=0.000050 mcu_task_stddev=0.000034 bytes_write=3279045 bytes_read=419730 bytes_retransmit=9 bytes_invalid=0 send_seq=56216 receive_seq=56215 retransmit_seq=2 srtt=0.003 rttvar=0.000 rto=0.025 ready_bytes=39 upcoming_bytes=956 freq=72001970 sd_pos=1321349 heater_bed: target=65 temp=65.0 pwm=0.316 sysload=0.34 cputime=83.251 memavail=2526276 print_time=1153.684 buffer_time=2.271 print_stall=0 extruder: target=220 temp=220.1 pwm=0.455
Stats 2567456.1: gcodein=0  mcu: mcu_awake=0.031 mcu_task_avg=0.000050 mcu_task_stddev=0.000034 bytes_write=3282998 bytes_read=420173 bytes_retransmit=9 bytes_invalid=0 send_seq=56281 receive_seq=56281 retransmit_seq=2 srtt=0.003 rttvar=0.000 rto=0.025 ready_bytes=39 upcoming_bytes=1904 freq=72001968 sd_pos=1323453 heater_bed: target=65 temp=65.0 pwm=0.219 sysload=0.34 cputime=83.349 memavail=2526276 print_time=1154.690 buffer_time=2.275 print_stall=0 extruder: target=220 temp=220.1 pwm=0.455
Stats 2567457.1: gcodein=0  mcu: mcu_awake=0.030 mcu_task_avg=0.000050 mcu_task_stddev=0.000033 bytes_write=3287698 bytes_read=420691 bytes_retransmit=9 bytes_invalid=0 send_seq=56359 receive_seq=56359 retransmit_seq=2 srtt=0.003 rttvar=0.000 rto=0.025 ready_bytes=38 upcoming_bytes=1268 freq=72001969 sd_pos=1324635 heater_bed: target=65 temp=65.0 pwm=0.122 sysload=0.34 cputime=83.457 memavail=2526276 print_time=1155.563 buffer_time=2.147 print_stall=0 extruder: target=220 temp=220.1 pwm=0.455
Stats 2567458.1: gcodein=0  mcu: mcu_awake=0.030 mcu_task_avg=0.000050 mcu_task_stddev=0.000033 bytes_write=3292783 bytes_read=421199 bytes_retransmit=9 bytes_invalid=0 send_seq=56442 receive_seq=56441 retransmit_seq=2 srtt=0.003 rttvar=0.000 rto=0.025 ready_bytes=23 upcoming_bytes=336 freq=72001972 sd_pos=1325164 heater_bed: target=65 temp=65.0 pwm=0.150 sysload=0.34 cputime=83.554 memavail=2526276 print_time=1156.553 buffer_time=2.136 print_stall=0 extruder: target=220 temp=220.2 pwm=0.506
Stats 2567459.1: gcodein=0  mcu: mcu_awake=0.030 mcu_task_avg=0.000050 mcu_task_stddev=0.000033 bytes_write=3296307 bytes_read=421617 bytes_retransmit=9 bytes_invalid=0 send_seq=56502 receive_seq=56502 retransmit_seq=2 srtt=0.003 rttvar=0.000 rto=0.025 ready_bytes=10 upcoming_bytes=0 freq=72001972 sd_pos=1325985 heater_bed: target=65 temp=65.0 pwm=0.153 sysload=0.31 cputime=83.628 memavail=2528976 print_time=1157.601 buffer_time=2.183 print_stall=0 extruder: target=220 temp=220.2 pwm=0.506
Stats 2567460.1: gcodein=0  mcu: mcu_awake=0.030 mcu_task_avg=0.000050 mcu_task_stddev=0.000033 bytes_write=3301792 bytes_read=422184 bytes_retransmit=9 bytes_invalid=0 send_seq=56593 receive_seq=56593 retransmit_seq=2 srtt=0.003 rttvar=0.000 rto=0.025 ready_bytes=47 upcoming_bytes=434 freq=72001970 sd_pos=1328909 heater_bed: target=65 temp=65.0 pwm=0.183 sysload=0.31 cputime=83.714 memavail=2528528 print_time=1158.847 buffer_time=2.429 print_stall=0 extruder: target=220 temp=220.1 pwm=0.506
Stats 2567461.1: gcodein=0  mcu: mcu_awake=0.030 mcu_task_avg=0.000050 mcu_task_stddev=0.000033 bytes_write=3304474 bytes_read=422518 bytes_retransmit=9 bytes_invalid=0 send_seq=56638 receive_seq=56638 retransmit_seq=2 srtt=0.003 rttvar=0.000 rto=0.025 ready_bytes=36 upcoming_bytes=785 freq=72001976 sd_pos=1330781 heater_bed: target=65 temp=65.0 pwm=0.072 sysload=0.31 cputime=83.797 memavail=2528560 print_time=1159.535 buffer_time=2.116 print_stall=0 extruder: target=220 temp=220.0 pwm=0.506
Stats 2567462.1: gcodein=0  mcu: mcu_awake=0.031 mcu_task_avg=0.000050 mcu_task_stddev=0.000034 bytes_write=3308879 bytes_read=423012 bytes_retransmit=9 bytes_invalid=0 send_seq=56711 receive_seq=56711 retransmit_seq=2 srtt=0.003 rttvar=0.000 rto=0.025 ready_bytes=11 upcoming_bytes=0 freq=72001977 sd_pos=1332837 heater_bed: target=65 temp=65.0 pwm=0.266 sysload=0.31 cputime=83.895 memavail=2528560 print_time=1160.518 buffer_time=2.099 print_stall=0 extruder: target=220 temp=220.0 pwm=0.489
toolhead: max_velocity: 800.000000
max_accel: 2500.000000
minimum_cruise_ratio: 0.500000
square_corner_velocity: 5.000000
toolhead: max_velocity: 800.000000
max_accel: 5000.000000
minimum_cruise_ratio: 0.500000
square_corner_velocity: 5.000000
Stats 2567463.1: gcodein=0  mcu: mcu_awake=0.031 mcu_task_avg=0.000050 mcu_task_stddev=0.000034 bytes_write=3311575 bytes_read=423354 bytes_retransmit=9 bytes_invalid=0 send_seq=56758 receive_seq=56757 retransmit_seq=2 srtt=0.003 rttvar=0.001 rto=0.025 ready_bytes=55 upcoming_bytes=0 freq=72001975 sd_pos=1335559 heater_bed: target=65 temp=64.9 pwm=0.528 sysload=0.31 cputime=83.978 memavail=2527704 print_time=1161.636 buffer_time=2.216 print_stall=0 extruder: target=220 temp=220.0 pwm=0.489
toolhead: max_velocity: 800.000000
max_accel: 2500.000000
minimum_cruise_ratio: 0.500000
square_corner_velocity: 5.000000
toolhead: max_velocity: 800.000000
max_accel: 5000.000000
minimum_cruise_ratio: 0.500000
square_corner_velocity: 5.000000
Stats 2567464.1: gcodein=0  mcu: mcu_awake=0.031 mcu_task_avg=0.000050 mcu_task_stddev=0.000034 bytes_write=3313719 bytes_read=423637 bytes_retransmit=9 bytes_invalid=0 send_seq=56794 receive_seq=56794 retransmit_seq=2 srtt=0.003 rttvar=0.000 rto=0.025 ready_bytes=0 upcoming_bytes=0 freq=72001974 sd_pos=1337603 heater_bed: target=65 temp=65.0 pwm=0.300 sysload=0.37 cputime=84.047 memavail=2527712 print_time=1162.671 buffer_time=2.249 print_stall=0 extruder: target=220 temp=220.0 pwm=0.489
Stats 2567465.1: gcodein=0  mcu: mcu_awake=0.031 mcu_task_avg=0.000050 mcu_task_stddev=0.000034 bytes_write=3317214 bytes_read=424035 bytes_retransmit=9 bytes_invalid=0 send_seq=56854 receive_seq=56851 retransmit_seq=2 srtt=0.003 rttvar=0.000 rto=0.025 ready_bytes=904 upcoming_bytes=0 freq=72001972 sd_pos=1340889 heater_bed: target=65 temp=65.0 pwm=0.291 sysload=0.37 cputime=84.147 memavail=2527712 print_time=1163.746 buffer_time=2.322 print_stall=0 extruder: target=220 temp=220.1 pwm=0.489
Stats 2567466.1: gcodein=0  mcu: mcu_awake=0.031 mcu_task_avg=0.000050 mcu_task_stddev=0.000034 bytes_write=3321432 bytes_read=424512 bytes_retransmit=9 bytes_invalid=0 send_seq=56924 receive_seq=56924 retransmit_seq=2 srtt=0.003 rttvar=0.000 rto=0.025 ready_bytes=56 upcoming_bytes=0 freq=72001979 sd_pos=1342761 heater_bed: target=65 temp=65.0 pwm=0.244 sysload=0.37 cputime=84.229 memavail=2527712 print_time=1164.662 buffer_time=2.236 print_stall=0 extruder: target=220 temp=220.0 pwm=0.525
Stats 2567467.1: gcodein=0  mcu: mcu_awake=0.025 mcu_task_avg=0.000040 mcu_task_stddev=0.000034 bytes_write=3325717 bytes_read=424976 bytes_retransmit=9 bytes_invalid=0 send_seq=56997 receive_seq=56994 retransmit_seq=2 srtt=0.003 rttvar=0.000 rto=0.025 ready_bytes=179 upcoming_bytes=568 freq=72001976 sd_pos=1344338 heater_bed: target=65 temp=64.9 pwm=0.386 sysload=0.37 cputime=84.321 memavail=2527712 print_time=1165.787 buffer_time=2.361 print_stall=0 extruder: target=220 temp=220.1 pwm=0.462
Stats 2567468.1: gcodein=0  mcu: mcu_awake=0.025 mcu_task_avg=0.000040 mcu_task_stddev=0.000034 bytes_write=3329415 bytes_read=425409 bytes_retransmit=9 bytes_invalid=0 send_seq=57059 receive_seq=57058 retransmit_seq=2 srtt=0.003 rttvar=0.001 rto=0.025 ready_bytes=15 upcoming_bytes=745 freq=72001975 sd_pos=1344882 heater_bed: target=65 temp=65.0 pwm=0.376 sysload=0.37 cputime=84.397 memavail=2527712 print_time=1166.818 buffer_time=2.390 print_stall=0 extruder: target=220 temp=220.1 pwm=0.462
Stats 2567469.1: gcodein=0  mcu: mcu_awake=0.025 mcu_task_avg=0.000040 mcu_task_stddev=0.000034 bytes_write=3333978 bytes_read=425901 bytes_retransmit=9 bytes_invalid=0 send_seq=57134 receive_seq=57134 retransmit_seq=2 srtt=0.003 rttvar=0.000 rto=0.025 ready_bytes=38 upcoming_bytes=226 freq=72001974 sd_pos=1345639 heater_bed: target=65 temp=65.0 pwm=0.316 sysload=0.50 cputime=84.482 memavail=2527488 print_time=1167.687 buffer_time=2.258 print_stall=0 extruder: target=220 temp=220.1 pwm=0.462
Stats 2567470.1: gcodein=0  mcu: mcu_awake=0.025 mcu_task_avg=0.000040 mcu_task_stddev=0.000034 bytes_write=3337917 bytes_read=426324 bytes_retransmit=9 bytes_invalid=0 send_seq=57199 receive_seq=57199 retransmit_seq=2 srtt=0.003 rttvar=0.000 rto=0.025 ready_bytes=40 upcoming_bytes=0 freq=72001974 sd_pos=1346671 heater_bed: target=65 temp=65.0 pwm=0.218 sysload=0.50 cputime=84.557 memavail=2526816 print_time=1168.465 buffer_time=2.035 print_stall=0 extruder: target=220 temp=220.1 pwm=0.462
Stats 2567471.1: gcodein=0  mcu: mcu_awake=0.025 mcu_task_avg=0.000040 mcu_task_stddev=0.000034 bytes_write=3342119 bytes_read=426782 bytes_retransmit=9 bytes_invalid=0 send_seq=57268 receive_seq=57268 retransmit_seq=2 srtt=0.003 rttvar=0.000 rto=0.025 ready_bytes=47 upcoming_bytes=145 freq=72001974 sd_pos=1348693 heater_bed: target=65 temp=65.0 pwm=0.267 sysload=0.50 cputime=84.652 memavail=2526816 print_time=1169.588 buffer_time=2.157 print_stall=0 extruder: target=220 temp=220.1 pwm=0.461
Stats 2567472.1: gcodein=0  mcu: mcu_awake=0.031 mcu_task_avg=0.000048 mcu_task_stddev=0.000035 bytes_write=3346499 bytes_read=427270 bytes_retransmit=9 bytes_invalid=0 send_seq=57340 receive_seq=57340 retransmit_seq=2 srtt=0.003 rttvar=0.001 rto=0.025 ready_bytes=16 upcoming_bytes=0 freq=72001974 sd_pos=1350816 heater_bed: target=65 temp=65.0 pwm=0.320 sysload=0.50 cputime=84.750 memavail=2526592 print_time=1170.556 buffer_time=2.124 print_stall=0 extruder: target=220 temp=220.0 pwm=0.515
Stats 2567473.1: gcodein=0  mcu: mcu_awake=0.031 mcu_task_avg=0.000048 mcu_task_stddev=0.000035 bytes_write=3349903 bytes_read=427648 bytes_retransmit=9 bytes_invalid=0 send_seq=57396 receive_seq=57396 retransmit_seq=2 srtt=0.003 rttvar=0.000 rto=0.025 ready_bytes=43 upcoming_bytes=0 freq=72001975 sd_pos=1352531 heater_bed: target=65 temp=65.0 pwm=0.573 sysload=0.50 cputime=84.843 memavail=2526356 print_time=1171.502 buffer_time=2.069 print_stall=0 extruder: target=220 temp=219.9 pwm=0.515
Stats 2567474.1: gcodein=0  mcu: mcu_awake=0.031 mcu_task_avg=0.000048 mcu_task_stddev=0.000035 bytes_write=3353786 bytes_read=428086 bytes_retransmit=9 bytes_invalid=0 send_seq=57461 receive_seq=57461 retransmit_seq=2 srtt=0.003 rttvar=0.000 rto=0.025 ready_bytes=40 upcoming_bytes=0 freq=72001974 sd_pos=1354304 heater_bed: target=65 temp=65.1 pwm=0.276 sysload=0.46 cputime=84.929 memavail=2526360 print_time=1173.012 buffer_time=2.578 print_stall=0 extruder: target=220 temp=219.9 pwm=0.515
Stats 2567475.1: gcodein=0  mcu: mcu_awake=0.031 mcu_task_avg=0.000048 mcu_task_stddev=0.000035 bytes_write=3355881 bytes_read=428378 bytes_retransmit=9 bytes_invalid=0 send_seq=57497 receive_seq=57497 retransmit_seq=2 srtt=0.003 rttvar=0.000 rto=0.025 ready_bytes=28 upcoming_bytes=0 freq=72001972 sd_pos=1355921 heater_bed: target=65 temp=65.0 pwm=0.445 sysload=0.46 cputime=84.994 memavail=2526360 print_time=1173.515 buffer_time=2.080 print_stall=0 extruder: target=220 temp=220.0 pwm=0.515
Stats 2567476.1: gcodein=0  mcu: mcu_awake=0.031 mcu_task_avg=0.000048 mcu_task_stddev=0.000035 bytes_write=3358372 bytes_read=428696 bytes_retransmit=9 bytes_invalid=0 send_seq=57541 receive_seq=57541 retransmit_seq=2 srtt=0.003 rttvar=0.000 rto=0.025 ready_bytes=36 upcoming_bytes=0 freq=72001970 sd_pos=1357960 heater_bed: target=65 temp=65.1 pwm=0.034 sysload=0.46 cputime=85.074 memavail=2526136 print_time=1174.679 buffer_time=2.243 print_stall=0 extruder: target=220 temp=220.1 pwm=0.460
Stats 2567477.1: gcodein=0  mcu: mcu_awake=0.024 mcu_task_avg=0.000043 mcu_task_stddev=0.000035 bytes_write=3361764 bytes_read=429090 bytes_retransmit=9 bytes_invalid=0 send_seq=57597 receive_seq=57594 retransmit_seq=2 srtt=0.003 rttvar=0.000 rto=0.025 ready_bytes=1518 upcoming_bytes=0 freq=72001970 sd_pos=1361399 heater_bed: target=65 temp=65.1 pwm=0.066 sysload=0.46 cputime=85.175 memavail=2526136 print_time=1175.886 buffer_time=2.431 print_stall=0 extruder: target=220 temp=220.2 pwm=0.460
Stats 2567478.1: gcodein=0  mcu: mcu_awake=0.024 mcu_task_avg=0.000043 mcu_task_stddev=0.000035 bytes_write=3366105 bytes_read=429582 bytes_retransmit=9 bytes_invalid=0 send_seq=57670 receive_seq=57670 retransmit_seq=2 srtt=0.003 rttvar=0.000 rto=0.025 ready_bytes=40 upcoming_bytes=0 freq=72001971 sd_pos=1363265 heater_bed: target=65 temp=65.0 pwm=0.708 sysload=0.46 cputime=85.261 memavail=2526136 print_time=1176.537 buffer_time=2.080 print_stall=0 extruder: target=220 temp=220.1 pwm=0.460
Stats 2567479.1: gcodein=0  mcu: mcu_awake=0.024 mcu_task_avg=0.000043 mcu_task_stddev=0.000035 bytes_write=3370474 bytes_read=430040 bytes_retransmit=9 bytes_invalid=0 send_seq=57742 receive_seq=57742 retransmit_seq=2 srtt=0.003 rttvar=0.000 rto=0.025 ready_bytes=56 upcoming_bytes=1868 freq=72001974 sd_pos=1364470 heater_bed: target=65 temp=65.0 pwm=0.303 sysload=0.50 cputime=85.367 memavail=2528120 print_time=1177.846 buffer_time=2.389 print_stall=0 extruder: target=220 temp=220.1 pwm=0.460
Stats 2567480.1: gcodein=0  mcu: mcu_awake=0.024 mcu_task_avg=0.000043 mcu_task_stddev=0.000035 bytes_write=3374876 bytes_read=430513 bytes_retransmit=9 bytes_invalid=0 send_seq=57815 receive_seq=57814 retransmit_seq=2 srtt=0.003 rttvar=0.001 rto=0.025 ready_bytes=26 upcoming_bytes=821 freq=72001973 sd_pos=1365168 heater_bed: target=65 temp=65.2 pwm=0.000 sysload=0.50 cputime=85.459 memavail=2528200 print_time=1178.707 buffer_time=2.249 print_stall=0 extruder: target=220 temp=220.2 pwm=0.478
Stats 2567481.1: gcodein=0  mcu: mcu_awake=0.024 mcu_task_avg=0.000043 mcu_task_stddev=0.000035 bytes_write=3379528 bytes_read=431015 bytes_retransmit=9 bytes_invalid=0 send_seq=57892 receive_seq=57892 retransmit_seq=2 srtt=0.003 rttvar=0.000 rto=0.025 ready_bytes=21 upcoming_bytes=0 freq=72001972 sd_pos=1365802 heater_bed: target=65 temp=65.1 pwm=0.101 sysload=0.50 cputime=85.540 memavail=2528456 print_time=1179.589 buffer_time=2.131 print_stall=0 extruder: target=220 temp=220.1 pwm=0.478
Stats 2567482.1: gcodein=0  mcu: mcu_awake=0.031 mcu_task_avg=0.000051 mcu_task_stddev=0.000035 bytes_write=3382869 bytes_read=431409 bytes_retransmit=9 bytes_invalid=0 send_seq=57948 receive_seq=57948 retransmit_seq=2 srtt=0.003 rttvar=0.000 rto=0.025 ready_bytes=0 upcoming_bytes=0 freq=72001971 sd_pos=1366706 heater_bed: target=65 temp=65.0 pwm=0.414 sysload=0.50 cputime=85.606 memavail=2528456 print_time=1180.625 buffer_time=2.166 print_stall=0 extruder: target=220 temp=220.1 pwm=0.478
Stats 2567483.1: gcodein=0  mcu: mcu_awake=0.031 mcu_task_avg=0.000051 mcu_task_stddev=0.000035 bytes_write=3386982 bytes_read=431881 bytes_retransmit=9 bytes_invalid=0 send_seq=58017 receive_seq=58017 retransmit_seq=2 srtt=0.003 rttvar=0.000 rto=0.025 ready_bytes=53 upcoming_bytes=0 freq=72001971 sd_pos=1368727 heater_bed: target=65 temp=65.1 pwm=0.187 sysload=0.50 cputime=85.682 memavail=2527196 print_time=1181.474 buffer_time=2.013 print_stall=0 extruder: target=220 temp=220.1 pwm=0.478
Stats 2567484.1: gcodein=0  mcu: mcu_awake=0.031 mcu_task_avg=0.000051 mcu_task_stddev=0.000035 bytes_write=3391184 bytes_read=432324 bytes_retransmit=9 bytes_invalid=0 send_seq=58087 receive_seq=58086 retransmit_seq=2 srtt=0.003 rttvar=0.000 rto=0.025 ready_bytes=22 upcoming_bytes=1978 freq=72001971 sd_pos=1371721 heater_bed: target=65 temp=65.1 pwm=0.022 sysload=0.54 cputime=85.796 memavail=2527200 print_time=1182.765 buffer_time=2.303 print_stall=0 extruder: target=220 temp=220.0 pwm=0.540
Stats 2567485.1: gcodein=0  mcu: mcu_awake=0.031 mcu_task_avg=0.000051 mcu_task_stddev=0.000035 bytes_write=3396081 bytes_read=432832 bytes_retransmit=9 bytes_invalid=0 send_seq=58168 receive_seq=58168 retransmit_seq=2 srtt=0.003 rttvar=0.000 rto=0.025 ready_bytes=58 upcoming_bytes=962 freq=72001971 sd_pos=1372566 heater_bed: target=65 temp=65.1 pwm=0.296 sysload=0.54 cputime=85.898 memavail=2527200 print_time=1183.572 buffer_time=2.110 print_stall=0 extruder: target=220 temp=220.0 pwm=0.484
Stats 2567486.1: gcodein=0  mcu: mcu_awake=0.031 mcu_task_avg=0.000051 mcu_task_stddev=0.000035 bytes_write=3401132 bytes_read=433369 bytes_retransmit=9 bytes_invalid=0 send_seq=58251 receive_seq=58250 retransmit_seq=2 srtt=0.003 rttvar=0.000 rto=0.025 ready_bytes=0 upcoming_bytes=1413 freq=72001970 sd_pos=1373575 heater_bed: target=65 temp=65.1 pwm=0.280 sysload=0.54 cputime=86.021 memavail=2527200 print_time=1185.086 buffer_time=2.622 print_stall=0 extruder: target=220 temp=220.0 pwm=0.484
Stats 2567487.1: gcodein=0  mcu: mcu_awake=0.030 mcu_task_avg=0.000051 mcu_task_stddev=0.000034 bytes_write=3405587 bytes_read=433858 bytes_retransmit=9 bytes_invalid=0 send_seq=58325 receive_seq=58325 retransmit_seq=2 srtt=0.003 rttvar=0.000 rto=0.025 ready_bytes=22 upcoming_bytes=0 freq=72001968 sd_pos=1374868 heater_bed: target=65 temp=65.1 pwm=0.440 sysload=0.54 cputime=86.106 memavail=2527200 print_time=1185.742 buffer_time=2.277 print_stall=0 extruder: target=220 temp=220.0 pwm=0.484
Stats 2567488.1: gcodein=0  mcu: mcu_awake=0.030 mcu_task_avg=0.000051 mcu_task_stddev=0.000034 bytes_write=3409229 bytes_read=434266 bytes_retransmit=9 bytes_invalid=0 send_seq=58387 receive_seq=58387 retransmit_seq=2 srtt=0.003 rttvar=0.000 rto=0.025 ready_bytes=54 upcoming_bytes=0 freq=72001965 sd_pos=1376680 heater_bed: target=65 temp=65.0 pwm=0.431 sysload=0.54 cputime=86.189 memavail=2527200 print_time=1186.670 buffer_time=2.204 print_stall=0 extruder: target=220 temp=220.0 pwm=0.484
Stats 2567489.1: gcodein=0  mcu: mcu_awake=0.030 mcu_task_avg=0.000051 mcu_task_stddev=0.000034 bytes_write=3413543 bytes_read=434758 bytes_retransmit=9 bytes_invalid=0 send_seq=58460 receive_seq=58460 retransmit_seq=2 srtt=0.003 rttvar=0.000 rto=0.025 ready_bytes=57 upcoming_bytes=985 freq=72001963 sd_pos=1378088 heater_bed: target=65 temp=65.1 pwm=0.127 sysload=0.50 cputime=86.278 memavail=2527200 print_time=1187.717 buffer_time=2.250 print_stall=0 extruder: target=220 temp=219.9 pwm=0.540
Stats 2567490.1: gcodein=0  mcu: mcu_awake=0.030 mcu_task_avg=0.000051 mcu_task_stddev=0.000034 bytes_write=3417582 bytes_read=435186 bytes_retransmit=9 bytes_invalid=0 send_seq=58527 receive_seq=58526 retransmit_seq=2 srtt=0.003 rttvar=0.000 rto=0.025 ready_bytes=0 upcoming_bytes=472 freq=72001962 sd_pos=1379820 heater_bed: target=65 temp=65.1 pwm=0.235 sysload=0.50 cputime=86.375 memavail=2525632 print_time=1188.573 buffer_time=2.105 print_stall=0 extruder: target=220 temp=219.9 pwm=0.478
toolhead: max_velocity: 800.000000
max_accel: 2500.000000
minimum_cruise_ratio: 0.500000
square_corner_velocity: 5.000000
Stats 2567491.1: gcodein=0  mcu: mcu_awake=0.030 mcu_task_avg=0.000051 mcu_task_stddev=0.000034 bytes_write=3421616 bytes_read=435624 bytes_retransmit=9 bytes_invalid=0 send_seq=58594 receive_seq=58594 retransmit_seq=2 srtt=0.003 rttvar=0.000 rto=0.025 ready_bytes=47 upcoming_bytes=0 freq=72001963 sd_pos=1381596 heater_bed: target=65 temp=65.0 pwm=0.558 sysload=0.50 cputime=86.479 memavail=2525636 print_time=1189.527 buffer_time=2.058 print_stall=0 extruder: target=220 temp=219.8 pwm=0.529
toolhead: max_velocity: 800.000000
max_accel: 5000.000000
minimum_cruise_ratio: 0.500000
square_corner_velocity: 5.000000
Stats 2567492.1: gcodein=0  mcu: mcu_awake=0.029 mcu_task_avg=0.000046 mcu_task_stddev=0.000034 bytes_write=3424099 bytes_read=435982 bytes_retransmit=9 bytes_invalid=0 send_seq=58637 receive_seq=58637 retransmit_seq=2 srtt=0.003 rttvar=0.000 rto=0.025 ready_bytes=11 upcoming_bytes=0 freq=72001962 sd_pos=1383256 heater_bed: target=65 temp=65.0 pwm=0.340 sysload=0.50 cputime=86.547 memavail=2525636 print_time=1190.656 buffer_time=2.187 print_stall=0 extruder: target=220 temp=219.9 pwm=0.479
toolhead: max_velocity: 800.000000
max_accel: 2500.000000
minimum_cruise_ratio: 0.500000
square_corner_velocity: 5.000000
toolhead: max_velocity: 800.000000
max_accel: 5000.000000
minimum_cruise_ratio: 0.500000
square_corner_velocity: 5.000000
Stats 2567493.1: gcodein=0  mcu: mcu_awake=0.029 mcu_task_avg=0.000046 mcu_task_stddev=0.000034 bytes_write=3425638 bytes_read=436215 bytes_retransmit=9 bytes_invalid=0 send_seq=58664 receive_seq=58664 retransmit_seq=2 srtt=0.003 rttvar=0.000 rto=0.025 ready_bytes=0 upcoming_bytes=0 freq=72001966 sd_pos=1384280 heater_bed: target=65 temp=65.1 pwm=0.333 sysload=0.50 cputime=86.599 memavail=2525384 print_time=1191.608 buffer_time=2.137 print_stall=0 extruder: target=220 temp=219.9 pwm=0.479
Stats 2567494.1: gcodein=0  mcu: mcu_awake=0.029 mcu_task_avg=0.000046 mcu_task_stddev=0.000034 bytes_write=3429993 bytes_read=436673 bytes_retransmit=9 bytes_invalid=0 send_seq=58736 receive_seq=58736 retransmit_seq=2 srtt=0.003 rttvar=0.000 rto=0.025 ready_bytes=33 upcoming_bytes=0 freq=72001965 sd_pos=1387143 heater_bed: target=65 temp=65.0 pwm=0.447 sysload=0.54 cputime=86.691 memavail=2525384 print_time=1192.715 buffer_time=2.244 print_stall=0 extruder: target=220 temp=219.8 pwm=0.532
Stats 2567495.1: gcodein=0  mcu: mcu_awake=0.029 mcu_task_avg=0.000046 mcu_task_stddev=0.000034 bytes_write=3433895 bytes_read=437135 bytes_retransmit=9 bytes_invalid=0 send_seq=58803 receive_seq=58803 retransmit_seq=2 srtt=0.003 rttvar=0.000 rto=0.025 ready_bytes=31 upcoming_bytes=1025 freq=72001964 sd_pos=1389250 heater_bed: target=65 temp=65.1 pwm=0.305 sysload=0.54 cputime=86.786 memavail=2525384 print_time=1193.786 buffer_time=2.313 print_stall=0 extruder: target=220 temp=219.8 pwm=0.520
Stats 2567496.1: gcodein=0  mcu: mcu_awake=0.029 mcu_task_avg=0.000046 mcu_task_stddev=0.000034 bytes_write=3438090 bytes_read=437569 bytes_retransmit=9 bytes_invalid=0 send_seq=58872 receive_seq=58871 retransmit_seq=2 srtt=0.003 rttvar=0.000 rto=0.025 ready_bytes=15 upcoming_bytes=1751 freq=72001963 sd_pos=1389905 heater_bed: target=65 temp=64.9 pwm=0.958 sysload=0.54 cputime=86.888 memavail=2525384 print_time=1194.738 buffer_time=2.265 print_stall=0 extruder: target=220 temp=220.0 pwm=0.462
Stats 2567497.1: gcodein=0  mcu: mcu_awake=0.026 mcu_task_avg=0.000045 mcu_task_stddev=0.000034 bytes_write=3442235 bytes_read=438021 bytes_retransmit=9 bytes_invalid=0 send_seq=58940 receive_seq=58940 retransmit_seq=2 srtt=0.003 rttvar=0.000 rto=0.025 ready_bytes=43 upcoming_bytes=0 freq=72001963 sd_pos=1390462 heater_bed: target=65 temp=65.2 pwm=0.000 sysload=0.54 cputime=86.981 memavail=2524716 print_time=1195.592 buffer_time=2.118 print_stall=0 extruder: target=220 temp=219.9 pwm=0.462
Stats 2567498.1: gcodein=0  mcu: mcu_awake=0.026 mcu_task_avg=0.000045 mcu_task_stddev=0.000034 bytes_write=3445739 bytes_read=438439 bytes_retransmit=9 bytes_invalid=0 send_seq=59000 receive_seq=59000 retransmit_seq=2 srtt=0.003 rttvar=0.000 rto=0.025 ready_bytes=0 upcoming_bytes=0 freq=72001962 sd_pos=1391180 heater_bed: target=65 temp=65.0 pwm=0.412 sysload=0.54 cputime=87.050 memavail=2524716 print_time=1196.620 buffer_time=2.145 print_stall=0 extruder: target=220 temp=220.0 pwm=0.462
Stats 2567499.1: gcodein=0  mcu: mcu_awake=0.026 mcu_task_avg=0.000045 mcu_task_stddev=0.000034 bytes_write=3449574 bytes_read=438850 bytes_retransmit=9 bytes_invalid=0 send_seq=59064 receive_seq=59064 retransmit_seq=2 srtt=0.003 rttvar=0.000 rto=0.025 ready_bytes=25 upcoming_bytes=0 freq=72001960 sd_pos=1392989 heater_bed: target=65 temp=65.0 pwm=0.327 sysload=0.50 cputime=87.138 memavail=2526428 print_time=1197.558 buffer_time=2.082 print_stall=0 extruder: target=220 temp=219.9 pwm=0.533
Stats 2567500.1: gcodein=0  mcu: mcu_awake=0.026 mcu_task_avg=0.000045 mcu_task_stddev=0.000034 bytes_write=3454381 bytes_read=439343 bytes_retransmit=9 bytes_invalid=0 send_seq=59144 receive_seq=59143 retransmit_seq=2 srtt=0.003 rttvar=0.000 rto=0.025 ready_bytes=10 upcoming_bytes=232 freq=72001962 sd_pos=1394118 heater_bed: target=65 temp=65.1 pwm=0.142 sysload=0.50 cputime=87.223 memavail=2526508 print_time=1198.723 buffer_time=2.246 print_stall=0 extruder: target=220 temp=219.9 pwm=0.533
Stats 2567501.1: gcodein=0  mcu: mcu_awake=0.026 mcu_task_avg=0.000045 mcu_task_stddev=0.000034 bytes_write=3458398 bytes_read=439805 bytes_retransmit=9 bytes_invalid=0 send_seq=59210 receive_seq=59210 retransmit_seq=2 srtt=0.003 rttvar=0.000 rto=0.025 ready_bytes=16 upcoming_bytes=498 freq=72001966 sd_pos=1396891 heater_bed: target=65 temp=65.1 pwm=0.000 sysload=0.50 cputime=87.328 memavail=2526508 print_time=1199.686 buffer_time=2.208 print_stall=0 extruder: target=220 temp=219.7 pwm=0.533
Stats 2567502.1: gcodein=0  mcu: mcu_awake=0.030 mcu_task_avg=0.000045 mcu_task_stddev=0.000035 bytes_write=3462950 bytes_read=440299 bytes_retransmit=9 bytes_invalid=0 send_seq=59286 receive_seq=59286 retransmit_seq=2 srtt=0.003 rttvar=0.000 rto=0.025 ready_bytes=58 upcoming_bytes=206 freq=72001967 sd_pos=1399198 heater_bed: target=65 temp=65.0 pwm=0.626 sysload=0.50 cputime=87.422 memavail=2526508 print_time=1200.712 buffer_time=2.234 print_stall=0 extruder: target=220 temp=219.9 pwm=0.533
Stats 2567503.1: gcodein=0  mcu: mcu_awake=0.030 mcu_task_avg=0.000045 mcu_task_stddev=0.000035 bytes_write=3466833 bytes_read=440712 bytes_retransmit=9 bytes_invalid=0 send_seq=59350 receive_seq=59349 retransmit_seq=2 srtt=0.003 rttvar=0.000 rto=0.025 ready_bytes=24 upcoming_bytes=334 freq=72001967 sd_pos=1401869 heater_bed: target=65 temp=65.1 pwm=0.160 sysload=0.50 cputime=87.529 memavail=2527560 print_time=1201.783 buffer_time=2.304 print_stall=0 extruder: target=220 temp=219.9 pwm=0.500
Stats 2567504.1: gcodein=0  mcu: mcu_awake=0.030 mcu_task_avg=0.000045 mcu_task_stddev=0.000035 bytes_write=3471000 bytes_read=441184 bytes_retransmit=9 bytes_invalid=0 send_seq=59419 receive_seq=59418 retransmit_seq=2 srtt=0.003 rttvar=0.000 rto=0.025 ready_bytes=7 upcoming_bytes=143 freq=72001966 sd_pos=1404638 heater_bed: target=65 temp=65.0 pwm=0.298 sysload=0.54 cputime=87.638 memavail=2527560 print_time=1202.576 buffer_time=2.096 print_stall=0 extruder: target=220 temp=219.9 pwm=0.500
Stats 2567505.1: gcodein=0  mcu: mcu_awake=0.030 mcu_task_avg=0.000045 mcu_task_stddev=0.000035 bytes_write=3475175 bytes_read=441627 bytes_retransmit=9 bytes_invalid=0 send_seq=59488 receive_seq=59487 retransmit_seq=2 srtt=0.003 rttvar=0.000 rto=0.025 ready_bytes=33 upcoming_bytes=2071 freq=72001968 sd_pos=1406452 heater_bed: target=65 temp=65.0 pwm=0.367 sysload=0.54 cputime=87.742 memavail=2527560 print_time=1203.931 buffer_time=2.449 print_stall=0 extruder: target=220 temp=219.9 pwm=0.500
Stats 2567506.1: gcodein=0  mcu: mcu_awake=0.030 mcu_task_avg=0.000045 mcu_task_stddev=0.000035 bytes_write=3479846 bytes_read=442110 bytes_retransmit=9 bytes_invalid=0 send_seq=59565 receive_seq=59564 retransmit_seq=2 srtt=0.003 rttvar=0.000 rto=0.025 ready_bytes=21 upcoming_bytes=3280 freq=72001969 sd_pos=1407778 heater_bed: target=65 temp=65.1 pwm=0.055 sysload=0.54 cputime=87.851 memavail=2527564 print_time=1205.023 buffer_time=2.542 print_stall=0 extruder: target=220 temp=220.0 pwm=0.448
Stats 2567507.1: gcodein=0  mcu: mcu_awake=0.031 mcu_task_avg=0.000053 mcu_task_stddev=0.000033 bytes_write=3484240 bytes_read=442618 bytes_retransmit=9 bytes_invalid=0 send_seq=59637 receive_seq=59637 retransmit_seq=2 srtt=0.003 rttvar=0.000 rto=0.025 ready_bytes=54 upcoming_bytes=753 freq=72001971 sd_pos=1408113 heater_bed: target=65 temp=65.1 pwm=0.108 sysload=0.54 cputime=87.936 memavail=2527340 print_time=1205.544 buffer_time=2.060 print_stall=0 extruder: target=220 temp=220.0 pwm=0.501
Stats 2567508.1: gcodein=0  mcu: mcu_awake=0.031 mcu_task_avg=0.000053 mcu_task_stddev=0.000033 bytes_write=3489867 bytes_read=443176 bytes_retransmit=9 bytes_invalid=0 send_seq=59730 receive_seq=59729 retransmit_seq=2 srtt=0.003 rttvar=0.000 rto=0.025 ready_bytes=11 upcoming_bytes=316 freq=72001970 sd_pos=1409495 heater_bed: target=65 temp=65.0 pwm=0.381 sysload=0.54 cputime=88.043 memavail=2526892 print_time=1206.913 buffer_time=2.429 print_stall=0 extruder: target=220 temp=220.1 pwm=0.511
Stats 2567509.1: gcodein=0  mcu: mcu_awake=0.031 mcu_task_avg=0.000053 mcu_task_stddev=0.000033 bytes_write=3494037 bytes_read=443624 bytes_retransmit=9 bytes_invalid=0 send_seq=59800 receive_seq=59799 retransmit_seq=2 srtt=0.003 rttvar=0.000 rto=0.025 ready_bytes=42 upcoming_bytes=780 freq=72001967 sd_pos=1411557 heater_bed: target=65 temp=65.0 pwm=0.410 sysload=0.65 cputime=88.119 memavail=2526892 print_time=1207.942 buffer_time=2.458 print_stall=0 extruder: target=220 temp=220.0 pwm=0.511
Stats 2567510.1: gcodein=0  mcu: mcu_awake=0.031 mcu_task_avg=0.000053 mcu_task_stddev=0.000033 bytes_write=3497390 bytes_read=444041 bytes_retransmit=9 bytes_invalid=0 send_seq=59857 receive_seq=59857 retransmit_seq=2 srtt=0.003 rttvar=0.000 rto=0.025 ready_bytes=55 upcoming_bytes=304 freq=72001968 sd_pos=1413346 heater_bed: target=65 temp=65.0 pwm=0.276 sysload=0.65 cputime=88.198 memavail=2526444 print_time=1208.576 buffer_time=2.090 print_stall=0 extruder: target=220 temp=220.0 pwm=0.507
Stats 2567511.1: gcodein=0  mcu: mcu_awake=0.031 mcu_task_avg=0.000053 mcu_task_stddev=0.000033 bytes_write=3502271 bytes_read=444544 bytes_retransmit=9 bytes_invalid=0 send_seq=59938 receive_seq=59938 retransmit_seq=2 srtt=0.003 rttvar=0.000 rto=0.025 ready_bytes=21 upcoming_bytes=82 freq=72001969 sd_pos=1416395 heater_bed: target=65 temp=65.0 pwm=0.362 sysload=0.65 cputime=88.318 memavail=2525996 print_time=1209.942 buffer_time=2.455 print_stall=0 extruder: target=220 temp=220.1 pwm=0.507
Stats 2567512.1: gcodein=0  mcu: mcu_awake=0.029 mcu_task_avg=0.000049 mcu_task_stddev=0.000034 bytes_write=3505662 bytes_read=444943 bytes_retransmit=9 bytes_invalid=0 send_seq=59995 receive_seq=59995 retransmit_seq=2 srtt=0.003 rttvar=0.000 rto=0.025 ready_bytes=49 upcoming_bytes=0 freq=72001970 sd_pos=1418734 heater_bed: target=65 temp=64.9 pwm=0.391 sysload=0.65 cputime=88.405 memavail=2525996 print_time=1210.979 buffer_time=2.491 print_stall=0 extruder: target=220 temp=220.1 pwm=0.507
Stats 2567513.1: gcodein=0  mcu: mcu_awake=0.029 mcu_task_avg=0.000049 mcu_task_stddev=0.000034 bytes_write=3508229 bytes_read=445295 bytes_retransmit=9 bytes_invalid=0 send_seq=60040 receive_seq=60040 retransmit_seq=2 srtt=0.003 rttvar=0.000 rto=0.025 ready_bytes=0 upcoming_bytes=0 freq=72001967 sd_pos=1420471 heater_bed: target=65 temp=65.0 pwm=0.094 sysload=0.65 cputime=88.476 memavail=2525520 print_time=1211.618 buffer_time=2.129 print_stall=0 extruder: target=220 temp=220.2 pwm=0.474
Stats 2567514.1: gcodein=0  mcu: mcu_awake=0.029 mcu_task_avg=0.000049 mcu_task_stddev=0.000034 bytes_write=3512952 bytes_read=445773 bytes_retransmit=9 bytes_invalid=0 send_seq=60118 receive_seq=60116 retransmit_seq=2 srtt=0.003 rttvar=0.000 rto=0.025 ready_bytes=15 upcoming_bytes=0 freq=72001965 sd_pos=1423663 heater_bed: target=65 temp=65.0 pwm=0.000 sysload=0.60 cputime=88.576 memavail=2525524 print_time=1212.738 buffer_time=2.249 print_stall=0 extruder: target=220 temp=220.2 pwm=0.474
Stats 2567515.1: gcodein=0  mcu: mcu_awake=0.029 mcu_task_avg=0.000049 mcu_task_stddev=0.000034 bytes_write=3516497 bytes_read=446176 bytes_retransmit=9 bytes_invalid=0 send_seq=60177 receive_seq=60177 retransmit_seq=2 srtt=0.003 rttvar=0.000 rto=0.025 ready_bytes=50 upcoming_bytes=91 freq=72001964 sd_pos=1424882 heater_bed: target=65 temp=64.9 pwm=0.221 sysload=0.60 cputime=88.655 memavail=2525524 print_time=1213.496 buffer_time=2.005 print_stall=0 extruder: target=220 temp=220.3 pwm=0.474
Stats 2567516.1: gcodein=0  mcu: mcu_awake=0.029 mcu_task_avg=0.000049 mcu_task_stddev=0.000034 bytes_write=3521035 bytes_read=446668 bytes_retransmit=9 bytes_invalid=0 send_seq=60251 receive_seq=60250 retransmit_seq=2 srtt=0.003 rttvar=0.000 rto=0.025 ready_bytes=25 upcoming_bytes=1354 freq=72001964 sd_pos=1425836 heater_bed: target=65 temp=64.9 pwm=0.466 sysload=0.60 cputime=88.762 memavail=2525524 print_time=1214.840 buffer_time=2.348 print_stall=0 extruder: target=220 temp=220.3 pwm=0.474
Stats 2567517.1: gcodein=0  mcu: mcu_awake=0.030 mcu_task_avg=0.000048 mcu_task_stddev=0.000035 bytes_write=3525531 bytes_read=447157 bytes_retransmit=9 bytes_invalid=0 send_seq=60325 receive_seq=60325 retransmit_seq=2 srtt=0.003 rttvar=0.000 rto=0.025 ready_bytes=55 upcoming_bytes=0 freq=72001964 sd_pos=1426505 heater_bed: target=65 temp=64.9 pwm=0.405 sysload=0.60 cputime=88.846 memavail=2525524 print_time=1215.682 buffer_time=2.190 print_stall=0 extruder: target=220 temp=220.3 pwm=0.457
Stats 2567518.1: gcodein=0  mcu: mcu_awake=0.030 mcu_task_avg=0.000048 mcu_task_stddev=0.000035 bytes_write=3529423 bytes_read=447580 bytes_retransmit=9 bytes_invalid=0 send_seq=60390 receive_seq=60390 retransmit_seq=2 srtt=0.003 rttvar=0.000 rto=0.025 ready_bytes=47 upcoming_bytes=0 freq=72001970 sd_pos=1427132 heater_bed: target=65 temp=65.0 pwm=0.394 sysload=0.60 cputime=88.916 memavail=2525524 print_time=1216.564 buffer_time=2.072 print_stall=0 extruder: target=220 temp=220.2 pwm=0.507
Stats 2567519.1: gcodein=0  mcu: mcu_awake=0.030 mcu_task_avg=0.000048 mcu_task_stddev=0.000035 bytes_write=3533462 bytes_read=448047 bytes_retransmit=9 bytes_invalid=0 send_seq=60458 receive_seq=60458 retransmit_seq=2 srtt=0.003 rttvar=0.001 rto=0.025 ready_bytes=11 upcoming_bytes=0 freq=72001970 sd_pos=1428877 heater_bed: target=65 temp=65.0 pwm=0.336 sysload=0.55 cputime=88.997 memavail=2525524 print_time=1217.655 buffer_time=2.161 print_stall=0 extruder: target=220 temp=220.2 pwm=0.466
Stats 2567520.1: gcodein=0  mcu: mcu_awake=0.030 mcu_task_avg=0.000048 mcu_task_stddev=0.000035 bytes_write=3538208 bytes_read=448530 bytes_retransmit=9 bytes_invalid=0 send_seq=60538 receive_seq=60535 retransmit_seq=2 srtt=0.003 rttvar=0.000 rto=0.025 ready_bytes=53 upcoming_bytes=1217 freq=72001967 sd_pos=1431728 heater_bed: target=65 temp=64.9 pwm=0.454 sysload=0.55 cputime=89.108 memavail=2524852 print_time=1218.913 buffer_time=2.418 print_stall=0 extruder: target=220 temp=220.1 pwm=0.466
Stats 2567521.1: gcodein=0  mcu: mcu_awake=0.030 mcu_task_avg=0.000048 mcu_task_stddev=0.000035 bytes_write=3541658 bytes_read=448923 bytes_retransmit=9 bytes_invalid=0 send_seq=60595 receive_seq=60594 retransmit_seq=2 srtt=0.003 rttvar=0.000 rto=0.025 ready_bytes=16 upcoming_bytes=1736 freq=72001968 sd_pos=1433401 heater_bed: target=65 temp=65.0 pwm=0.256 sysload=0.55 cputime=89.203 memavail=2524600 print_time=1219.683 buffer_time=2.186 print_stall=0 extruder: target=220 temp=220.2 pwm=0.466
Stats 2567522.1: gcodein=0  mcu: mcu_awake=0.031 mcu_task_avg=0.000048 mcu_task_stddev=0.000034 bytes_write=3546686 bytes_read=449481 bytes_retransmit=9 bytes_invalid=0 send_seq=60678 receive_seq=60677 retransmit_seq=2 srtt=0.003 rttvar=0.000 rto=0.025 ready_bytes=34 upcoming_bytes=2376 freq=72001967 sd_pos=1434397 heater_bed: target=65 temp=65.0 pwm=0.085 sysload=0.55 cputime=89.310 memavail=2524600 print_time=1221.147 buffer_time=2.648 print_stall=0 extruder: target=220 temp=220.2 pwm=0.466
Stats 2567523.1: gcodein=0  mcu: mcu_awake=0.031 mcu_task_avg=0.000048 mcu_task_stddev=0.000034 bytes_write=3551868 bytes_read=450009 bytes_retransmit=9 bytes_invalid=0 send_seq=60764 receive_seq=60763 retransmit_seq=2 srtt=0.003 rttvar=0.000 rto=0.025 ready_bytes=15 upcoming_bytes=93 freq=72001966 sd_pos=1435548 heater_bed: target=65 temp=65.1 pwm=0.000 sysload=0.55 cputime=89.407 memavail=2524380 print_time=1221.745 buffer_time=2.246 print_stall=0 extruder: target=220 temp=220.1 pwm=0.466
Stats 2567524.1: gcodein=0  mcu: mcu_awake=0.031 mcu_task_avg=0.000048 mcu_task_stddev=0.000034 bytes_write=3555971 bytes_read=450473 bytes_retransmit=9 bytes_invalid=0 send_seq=60834 receive_seq=60834 retransmit_seq=2 srtt=0.003 rttvar=0.000 rto=0.025 ready_bytes=0 upcoming_bytes=0 freq=72001966 sd_pos=1437477 heater_bed: target=65 temp=65.0 pwm=0.324 sysload=0.67 cputime=89.496 memavail=2524380 print_time=1222.692 buffer_time=2.193 print_stall=0 extruder: target=220 temp=220.1 pwm=0.489
Stats 2567525.1: gcodein=0  mcu: mcu_awake=0.031 mcu_task_avg=0.000048 mcu_task_stddev=0.000034 bytes_write=3560227 bytes_read=450950 bytes_retransmit=9 bytes_invalid=0 send_seq=60905 receive_seq=60904 retransmit_seq=2 srtt=0.003 rttvar=0.001 rto=0.025 ready_bytes=7 upcoming_bytes=1449 freq=72001968 sd_pos=1438966 heater_bed: target=65 temp=65.1 pwm=0.000 sysload=0.67 cputime=89.590 memavail=2528180 print_time=1223.974 buffer_time=2.474 print_stall=0 extruder: target=220 temp=220.0 pwm=0.519
Stats 2567526.1: gcodein=0  mcu: mcu_awake=0.031 mcu_task_avg=0.000048 mcu_task_stddev=0.000034 bytes_write=3564211 bytes_read=451378 bytes_retransmit=9 bytes_invalid=0 send_seq=60971 receive_seq=60970 retransmit_seq=2 srtt=0.003 rttvar=0.000 rto=0.025 ready_bytes=8 upcoming_bytes=443 freq=72001969 sd_pos=1440678 heater_bed: target=65 temp=65.0 pwm=0.330 sysload=0.67 cputime=89.689 memavail=2528188 print_time=1224.691 buffer_time=2.189 print_stall=0 extruder: target=220 temp=220.0 pwm=0.519
Stats 2567527.1: gcodein=0  mcu: mcu_awake=0.032 mcu_task_avg=0.000049 mcu_task_stddev=0.000034 bytes_write=3567964 bytes_read=451812 bytes_retransmit=9 bytes_invalid=0 send_seq=61034 receive_seq=61034 retransmit_seq=2 srtt=0.003 rttvar=0.001 rto=0.025 ready_bytes=0 upcoming_bytes=0 freq=72001968 sd_pos=1442764 heater_bed: target=65 temp=65.0 pwm=0.388 sysload=0.67 cputime=89.785 memavail=2527964 print_time=1225.748 buffer_time=2.245 print_stall=0 extruder: target=220 temp=219.9 pwm=0.519
Stats 2567528.1: gcodein=0  mcu: mcu_awake=0.032 mcu_task_avg=0.000049 mcu_task_stddev=0.000034 bytes_write=3570694 bytes_read=452169 bytes_retransmit=9 bytes_invalid=0 send_seq=61080 receive_seq=61080 retransmit_seq=2 srtt=0.003 rttvar=0.001 rto=0.025 ready_bytes=0 upcoming_bytes=0 freq=72001968 sd_pos=1444439 heater_bed: target=65 temp=65.1 pwm=0.226 sysload=0.67 cputime=89.856 memavail=2527964 print_time=1226.788 buffer_time=2.285 print_stall=0 extruder: target=220 temp=219.8 pwm=0.519
Stats 2567529.1: gcodein=0  mcu: mcu_awake=0.032 mcu_task_avg=0.000049 mcu_task_stddev=0.000034 bytes_write=3573781 bytes_read=452532 bytes_retransmit=9 bytes_invalid=0 send_seq=61133 receive_seq=61133 retransmit_seq=2 srtt=0.003 rttvar=0.000 rto=0.025 ready_bytes=0 upcoming_bytes=0 freq=72001965 sd_pos=1446292 heater_bed: target=65 temp=65.1 pwm=0.009 sysload=0.62 cputime=89.930 memavail=2527964 print_time=1227.540 buffer_time=2.036 print_stall=0 extruder: target=220 temp=219.8 pwm=0.519
Stats 2567530.1: gcodein=0  mcu: mcu_awake=0.032 mcu_task_avg=0.000049 mcu_task_stddev=0.000034 bytes_write=3578445 bytes_read=453025 bytes_retransmit=9 bytes_invalid=0 send_seq=61212 receive_seq=61212 retransmit_seq=2 srtt=0.003 rttvar=0.000 rto=0.025 ready_bytes=21 upcoming_bytes=0 freq=72001964 sd_pos=1448668 heater_bed: target=65 temp=65.1 pwm=0.000 sysload=0.62 cputime=90.022 memavail=2528744 print_time=1228.637 buffer_time=2.131 print_stall=0 extruder: target=220 temp=219.8 pwm=0.493
Stats 2567531.1: gcodein=0  mcu: mcu_awake=0.032 mcu_task_avg=0.000049 mcu_task_stddev=0.000034 bytes_write=3582683 bytes_read=453497 bytes_retransmit=9 bytes_invalid=0 send_seq=61282 receive_seq=61281 retransmit_seq=2 srtt=0.003 rttvar=0.000 rto=0.025 ready_bytes=17 upcoming_bytes=1293 freq=72001964 sd_pos=1449424 heater_bed: target=65 temp=65.0 pwm=0.493 sysload=0.62 cputime=90.105 memavail=2528748 print_time=1229.690 buffer_time=2.184 print_stall=0 extruder: target=220 temp=219.7 pwm=0.550
Stats 2567532.1: gcodein=0  mcu: mcu_awake=0.027 mcu_task_avg=0.000044 mcu_task_stddev=0.000035 bytes_write=3586976 bytes_read=453966 bytes_retransmit=9 bytes_invalid=0 send_seq=61353 receive_seq=61352 retransmit_seq=2 srtt=0.003 rttvar=0.000 rto=0.025 ready_bytes=27 upcoming_bytes=626 freq=72001967 sd_pos=1450174 heater_bed: target=65 temp=65.1 pwm=0.061 sysload=0.62 cputime=90.198 memavail=2528748 print_time=1230.842 buffer_time=2.336 print_stall=0 extruder: target=220 temp=219.9 pwm=0.485
Stats 2567533.1: gcodein=0  mcu: mcu_awake=0.027 mcu_task_avg=0.000044 mcu_task_stddev=0.000035 bytes_write=3590375 bytes_read=454354 bytes_retransmit=9 bytes_invalid=0 send_seq=61410 receive_seq=61410 retransmit_seq=2 srtt=0.003 rttvar=0.000 rto=0.025 ready_bytes=8 upcoming_bytes=0 freq=72001965 sd_pos=1450828 heater_bed: target=65 temp=65.1 pwm=0.185 sysload=0.62 cputime=90.263 memavail=2528256 print_time=1231.686 buffer_time=2.179 print_stall=0 extruder: target=220 temp=219.9 pwm=0.485
Stats 2567534.1: gcodein=0  mcu: mcu_awake=0.027 mcu_task_avg=0.000044 mcu_task_stddev=0.000035 bytes_write=3594313 bytes_read=454811 bytes_retransmit=9 bytes_invalid=0 send_seq=61476 receive_seq=61476 retransmit_seq=2 srtt=0.003 rttvar=0.000 rto=0.025 ready_bytes=19 upcoming_bytes=0 freq=72001965 sd_pos=1452537 heater_bed: target=65 temp=65.1 pwm=0.225 sysload=0.65 cputime=90.346 memavail=2528032 print_time=1232.645 buffer_time=2.138 print_stall=0 extruder: target=220 temp=219.9 pwm=0.485
Stats 2567535.2: gcodein=0  mcu: mcu_awake=0.027 mcu_task_avg=0.000044 mcu_task_stddev=0.000035 bytes_write=3598905 bytes_read=455289 bytes_retransmit=9 bytes_invalid=0 send_seq=61552 receive_seq=61552 retransmit_seq=2 srtt=0.003 rttvar=0.000 rto=0.025 ready_bytes=56 upcoming_bytes=442 freq=72001967 sd_pos=1453638 heater_bed: target=65 temp=65.0 pwm=0.334 sysload=0.65 cputime=90.429 memavail=2528032 print_time=1233.815 buffer_time=2.307 print_stall=0 extruder: target=220 temp=219.9 pwm=0.485
Stats 2567536.2: gcodein=0  mcu: mcu_awake=0.027 mcu_task_avg=0.000044 mcu_task_stddev=0.000035 bytes_write=3602799 bytes_read=455722 bytes_retransmit=9 bytes_invalid=0 send_seq=61616 receive_seq=61616 retransmit_seq=2 srtt=0.003 rttvar=0.000 rto=0.025 ready_bytes=53 upcoming_bytes=773 freq=72001968 sd_pos=1456579 heater_bed: target=65 temp=65.0 pwm=0.331 sysload=0.65 cputime=90.533 memavail=2528032 print_time=1234.774 buffer_time=2.265 print_stall=0 extruder: target=220 temp=219.9 pwm=0.488
Stats 2567537.2: gcodein=0  mcu: mcu_awake=0.029 mcu_task_avg=0.000046 mcu_task_stddev=0.000035 bytes_write=3607426 bytes_read=456215 bytes_retransmit=9 bytes_invalid=0 send_seq=61692 receive_seq=61689 retransmit_seq=2 srtt=0.003 rttvar=0.000 rto=0.025 ready_bytes=217 upcoming_bytes=188 freq=72001968 sd_pos=1458841 heater_bed: target=65 temp=65.0 pwm=0.204 sysload=0.65 cputime=90.634 memavail=2528032 print_time=1235.798 buffer_time=2.288 print_stall=0 extruder: target=220 temp=219.9 pwm=0.488
Stats 2567538.2: gcodein=0  mcu: mcu_awake=0.029 mcu_task_avg=0.000046 mcu_task_stddev=0.000035 bytes_write=3611204 bytes_read=456638 bytes_retransmit=9 bytes_invalid=0 send_seq=61755 receive_seq=61754 retransmit_seq=2 srtt=0.003 rttvar=0.000 rto=0.025 ready_bytes=16 upcoming_bytes=675 freq=72001968 sd_pos=1461675 heater_bed: target=65 temp=65.1 pwm=0.015 sysload=0.65 cputime=90.744 memavail=2528036 print_time=1236.877 buffer_time=2.365 print_stall=0 extruder: target=220 temp=220.0 pwm=0.488
Stats 2567539.2: gcodein=0  mcu: mcu_awake=0.029 mcu_task_avg=0.000046 mcu_task_stddev=0.000035 bytes_write=3615312 bytes_read=457091 bytes_retransmit=9 bytes_invalid=0 send_seq=61823 receive_seq=61822 retransmit_seq=2 srtt=0.003 rttvar=0.000 rto=0.025 ready_bytes=8 upcoming_bytes=595 freq=72001969 sd_pos=1464500 heater_bed: target=65 temp=65.0 pwm=0.425 sysload=0.59 cputime=90.846 memavail=2528036 print_time=1237.672 buffer_time=2.159 print_stall=0 extruder: target=220 temp=219.9 pwm=0.488
Stats 2567540.2: gcodein=0  mcu: mcu_awake=0.029 mcu_task_avg=0.000046 mcu_task_stddev=0.000035 bytes_write=3619688 bytes_read=457568 bytes_retransmit=9 bytes_invalid=0 send_seq=61895 receive_seq=61895 retransmit_seq=2 srtt=0.003 rttvar=0.000 rto=0.025 ready_bytes=43 upcoming_bytes=0 freq=72001976 sd_pos=1465812 heater_bed: target=65 temp=65.0 pwm=0.327 sysload=0.59 cputime=90.940 memavail=2527588 print_time=1238.513 buffer_time=2.000 print_stall=0 extruder: target=220 temp=219.9 pwm=0.496
Stats 2567541.2: gcodein=0  mcu: mcu_awake=0.029 mcu_task_avg=0.000046 mcu_task_stddev=0.000035 bytes_write=3624222 bytes_read=458036 bytes_retransmit=9 bytes_invalid=0 send_seq=61970 receive_seq=61969 retransmit_seq=2 srtt=0.003 rttvar=0.000 rto=0.025 ready_bytes=16 upcoming_bytes=1311 freq=72001978 sd_pos=1467282 heater_bed: target=65 temp=65.0 pwm=0.433 sysload=0.59 cputime=91.049 memavail=2525348 print_time=1239.618 buffer_time=2.103 print_stall=0 extruder: target=220 temp=219.9 pwm=0.496
Stats 2567542.2: gcodein=0  mcu: mcu_awake=0.031 mcu_task_avg=0.000054 mcu_task_stddev=0.000033 bytes_write=3628797 bytes_read=458545 bytes_retransmit=9 bytes_invalid=0 send_seq=62045 receive_seq=62045 retransmit_seq=2 srtt=0.003 rttvar=0.000 rto=0.025 ready_bytes=57 upcoming_bytes=1260 freq=72001976 sd_pos=1468174 heater_bed: target=65 temp=65.0 pwm=0.122 sysload=0.59 cputime=91.145 memavail=2525348 print_time=1240.702 buffer_time=2.185 print_stall=0 extruder: target=220 temp=219.9 pwm=0.496
Stats 2567543.2: gcodein=0  mcu: mcu_awake=0.031 mcu_task_avg=0.000054 mcu_task_stddev=0.000033 bytes_write=3634281 bytes_read=459107 bytes_retransmit=9 bytes_invalid=0 send_seq=62135 receive_seq=62135 retransmit_seq=2 srtt=0.003 rttvar=0.000 rto=0.025 ready_bytes=51 upcoming_bytes=1090 freq=72001973 sd_pos=1469978 heater_bed: target=65 temp=64.9 pwm=0.800 sysload=0.59 cputime=91.256 memavail=2524608 print_time=1242.094 buffer_time=2.575 print_stall=0 extruder: target=220 temp=219.8 pwm=0.496
Stats 2567544.2: gcodein=0  mcu: mcu_awake=0.031 mcu_task_avg=0.000054 mcu_task_stddev=0.000033 bytes_write=3638803 bytes_read=459585 bytes_retransmit=9 bytes_invalid=0 send_seq=62211 receive_seq=62211 retransmit_seq=2 srtt=0.003 rttvar=0.000 rto=0.025 ready_bytes=42 upcoming_bytes=1070 freq=72001974 sd_pos=1471727 heater_bed: target=65 temp=65.0 pwm=0.000 sysload=0.55 cputime=91.342 memavail=2524608 print_time=1243.105 buffer_time=2.586 print_stall=0 extruder: target=220 temp=219.8 pwm=0.540
Stats 2567545.2: gcodein=0  mcu: mcu_awake=0.031 mcu_task_avg=0.000054 mcu_task_stddev=0.000033 bytes_write=3642261 bytes_read=459988 bytes_retransmit=9 bytes_invalid=0 send_seq=62269 receive_seq=62269 retransmit_seq=2 srtt=0.003 rttvar=0.000 rto=0.025 ready_bytes=35 upcoming_bytes=836 freq=72001974 sd_pos=1474151 heater_bed: target=65 temp=64.9 pwm=0.419 sysload=0.55 cputime=91.436 memavail=2524356 print_time=1243.845 buffer_time=2.325 print_stall=0 extruder: target=220 temp=219.8 pwm=0.540
Stats 2567546.2: gcodein=0  mcu: mcu_awake=0.031 mcu_task_avg=0.000054 mcu_task_stddev=0.000033 bytes_write=3646132 bytes_read=460425 bytes_retransmit=9 bytes_invalid=0 send_seq=62334 receive_seq=62334 retransmit_seq=2 srtt=0.003 rttvar=0.000 rto=0.025 ready_bytes=0 upcoming_bytes=0 freq=72001973 sd_pos=1476249 heater_bed: target=65 temp=65.0 pwm=0.178 sysload=0.55 cputime=91.537 memavail=2524356 print_time=1244.564 buffer_time=2.044 print_stall=0 extruder: target=220 temp=219.8 pwm=0.473
Stats 2567547.2: gcodein=0  mcu: mcu_awake=0.030 mcu_task_avg=0.000050 mcu_task_stddev=0.000034 bytes_write=3650390 bytes_read=460879 bytes_retransmit=9 bytes_invalid=0 send_seq=62405 receive_seq=62402 retransmit_seq=2 srtt=0.003 rttvar=0.000 rto=0.025 ready_bytes=214 upcoming_bytes=0 freq=72001979 sd_pos=1479629 heater_bed: target=65 temp=64.9 pwm=0.657 sysload=0.55 cputime=91.648 memavail=2524356 print_time=1245.763 buffer_time=2.242 print_stall=0 extruder: target=220 temp=219.9 pwm=0.473
Stats 2567548.2: gcodein=0  mcu: mcu_awake=0.030 mcu_task_avg=0.000050 mcu_task_stddev=0.000034 bytes_write=3654185 bytes_read=461322 bytes_retransmit=9 bytes_invalid=0 send_seq=62468 receive_seq=62468 retransmit_seq=2 srtt=0.003 rttvar=0.000 rto=0.025 ready_bytes=13 upcoming_bytes=0 freq=72001980 sd_pos=1482187 heater_bed: target=65 temp=64.9 pwm=0.790 sysload=0.55 cputime=91.744 memavail=2524356 print_time=1246.692 buffer_time=2.170 print_stall=0 extruder: target=220 temp=220.1 pwm=0.406
Stats 2567549.2: gcodein=0  mcu: mcu_awake=0.030 mcu_task_avg=0.000050 mcu_task_stddev=0.000034 bytes_write=3658189 bytes_read=461769 bytes_retransmit=9 bytes_invalid=0 send_seq=62535 receive_seq=62535 retransmit_seq=2 srtt=0.003 rttvar=0.000 rto=0.025 ready_bytes=7 upcoming_bytes=0 freq=72001979 sd_pos=1484923 heater_bed: target=65 temp=65.0 pwm=0.219 sysload=0.58 cputime=91.833 memavail=2524356 print_time=1247.680 buffer_time=2.157 print_stall=0 extruder: target=220 temp=220.1 pwm=0.458
Stats 2567550.2: gcodein=0  mcu: mcu_awake=0.030 mcu_task_avg=0.000050 mcu_task_stddev=0.000034 bytes_write=3662364 bytes_read=462207 bytes_retransmit=9 bytes_invalid=0 send_seq=62604 receive_seq=62603 retransmit_seq=2 srtt=0.003 rttvar=0.000 rto=0.025 ready_bytes=25 upcoming_bytes=2778 freq=72001980 sd_pos=1486643 heater_bed: target=65 temp=64.9 pwm=0.342 sysload=0.58 cputime=91.931 memavail=2527940 print_time=1248.993 buffer_time=2.469 print_stall=0 extruder: target=220 temp=220.1 pwm=0.458
Stats 2567551.2: gcodein=0  mcu: mcu_awake=0.030 mcu_task_avg=0.000050 mcu_task_stddev=0.000034 bytes_write=3666897 bytes_read=462695 bytes_retransmit=9 bytes_invalid=0 send_seq=62679 receive_seq=62678 retransmit_seq=2 srtt=0.003 rttvar=0.000 rto=0.025 ready_bytes=17 upcoming_bytes=2543 freq=72001979 sd_pos=1487540 heater_bed: target=65 temp=65.0 pwm=0.151 sysload=0.58 cputime=92.018 memavail=2524580 print_time=1249.756 buffer_time=2.232 print_stall=0 extruder: target=220 temp=220.0 pwm=0.516
Stats 2567552.2: gcodein=0  mcu: mcu_awake=0.032 mcu_task_avg=0.000049 mcu_task_stddev=0.000034 bytes_write=3671994 bytes_read=463243 bytes_retransmit=9 bytes_invalid=0 send_seq=62763 receive_seq=62762 retransmit_seq=2 srtt=0.003 rttvar=0.000 rto=0.025 ready_bytes=17 upcoming_bytes=4368 freq=72001979 sd_pos=1489398 heater_bed: target=65 temp=64.9 pwm=0.417 sysload=0.58 cputime=92.135 memavail=2524132 print_time=1251.234 buffer_time=2.709 print_stall=0 extruder: target=220 temp=220.0 pwm=0.516
Stats 2567553.2: gcodein=0  mcu: mcu_awake=0.032 mcu_task_avg=0.000049 mcu_task_stddev=0.000034 bytes_write=3677748 bytes_read=463821 bytes_retransmit=9 bytes_invalid=0 send_seq=62858 receive_seq=62858 retransmit_seq=2 srtt=0.003 rttvar=0.000 rto=0.025 ready_bytes=16 upcoming_bytes=3053 freq=72001978 sd_pos=1490231 heater_bed: target=65 temp=65.0 pwm=0.219 sysload=0.58 cputime=92.224 memavail=2523408 print_time=1251.998 buffer_time=2.471 print_stall=0 extruder: target=220 temp=220.0 pwm=0.516
Stats 2567554.2: gcodein=0  mcu: mcu_awake=0.032 mcu_task_avg=0.000049 mcu_task_stddev=0.000034 bytes_write=3682453 bytes_read=464319 bytes_retransmit=9 bytes_invalid=0 send_seq=62935 receive_seq=62935 retransmit_seq=2 srtt=0.003 rttvar=0.000 rto=0.025 ready_bytes=40 upcoming_bytes=1999 freq=72001978 sd_pos=1491151 heater_bed: target=65 temp=65.1 pwm=0.000 sysload=0.54 cputime=92.315 memavail=2523188 print_time=1252.648 buffer_time=2.121 print_stall=0 extruder: target=220 temp=220.0 pwm=0.516
Stats 2567555.2: gcodein=0  mcu: mcu_awake=0.032 mcu_task_avg=0.000049 mcu_task_stddev=0.000034 bytes_write=3687692 bytes_read=464861 bytes_retransmit=9 bytes_invalid=0 send_seq=63021 receive_seq=63021 retransmit_seq=2 srtt=0.003 rttvar=0.000 rto=0.025 ready_bytes=41 upcoming_bytes=2781 freq=72001978 sd_pos=1492866 heater_bed: target=65 temp=65.0 pwm=0.372 sysload=0.54 cputime=92.422 memavail=2523188 print_time=1254.029 buffer_time=2.501 print_stall=0 extruder: target=220 temp=220.0 pwm=0.492
Stats 2567556.2: gcodein=0  mcu: mcu_awake=0.032 mcu_task_avg=0.000049 mcu_task_stddev=0.000034 bytes_write=3693195 bytes_read=465397 bytes_retransmit=9 bytes_invalid=0 send_seq=63111 receive_seq=63110 retransmit_seq=2 srtt=0.003 rttvar=0.000 rto=0.025 ready_bytes=51 upcoming_bytes=1965 freq=72001974 sd_pos=1494963 heater_bed: target=65 temp=65.0 pwm=0.069 sysload=0.54 cputime=92.541 memavail=2523188 print_time=1254.962 buffer_time=2.432 print_stall=0 extruder: target=220 temp=220.1 pwm=0.434
Stats 2567557.2: gcodein=0  mcu: mcu_awake=0.034 mcu_task_avg=0.000060 mcu_task_stddev=0.000028 bytes_write=3697891 bytes_read=465908 bytes_retransmit=9 bytes_invalid=0 send_seq=63189 receive_seq=63188 retransmit_seq=2 srtt=0.003 rttvar=0.000 rto=0.025 ready_bytes=8 upcoming_bytes=2401 freq=72001974 sd_pos=1497117 heater_bed: target=65 temp=65.2 pwm=0.000 sysload=0.54 cputime=92.646 memavail=2523188 print_time=1255.970 buffer_time=2.439 print_stall=0 extruder: target=220 temp=220.1 pwm=0.434
Stats 2567558.2: gcodein=0  mcu: mcu_awake=0.034 mcu_task_avg=0.000060 mcu_task_stddev=0.000028 bytes_write=3702429 bytes_read=466387 bytes_retransmit=9 bytes_invalid=0 send_seq=63264 receive_seq=63263 retransmit_seq=2 srtt=0.003 rttvar=0.000 rto=0.025 ready_bytes=48 upcoming_bytes=3600 freq=72001979 sd_pos=1498918 heater_bed: target=65 temp=65.0 pwm=0.363 sysload=0.54 cputime=92.754 memavail=2523188 print_time=1257.243 buffer_time=2.710 print_stall=0 extruder: target=220 temp=220.3 pwm=0.378
Stats 2567559.2: gcodein=0  mcu: mcu_awake=0.034 mcu_task_avg=0.000060 mcu_task_stddev=0.000028 bytes_write=3707328 bytes_read=466885 bytes_retransmit=9 bytes_invalid=0 send_seq=63344 receive_seq=63344 retransmit_seq=2 srtt=0.003 rttvar=0.000 rto=0.025 ready_bytes=58 upcoming_bytes=2649 freq=72001979 sd_pos=1499777 heater_bed: target=65 temp=65.0 pwm=0.083 sysload=0.49 cputime=92.840 memavail=2523188 print_time=1257.919 buffer_time=2.385 print_stall=0 extruder: target=220 temp=220.4 pwm=0.378
Stats 2567560.2: gcodein=0  mcu: mcu_awake=0.034 mcu_task_avg=0.000060 mcu_task_stddev=0.000028 bytes_write=3712227 bytes_read=467398 bytes_retransmit=9 bytes_invalid=0 send_seq=63425 receive_seq=63424 retransmit_seq=2 srtt=0.003 rttvar=0.000 rto=0.025 ready_bytes=32 upcoming_bytes=1956 freq=72001979 sd_pos=1500772 heater_bed: target=65 temp=64.9 pwm=0.686 sysload=0.49 cputime=92.939 memavail=2526924 print_time=1258.625 buffer_time=2.091 print_stall=0 extruder: target=220 temp=220.4 pwm=0.442
Stats 2567561.2: gcodein=0  mcu: mcu_awake=0.034 mcu_task_avg=0.000060 mcu_task_stddev=0.000028 bytes_write=3717519 bytes_read=467945 bytes_retransmit=9 bytes_invalid=0 send_seq=63512 receive_seq=63511 retransmit_seq=2 srtt=0.003 rttvar=0.000 rto=0.025 ready_bytes=39 upcoming_bytes=1097 freq=72001977 sd_pos=1502041 heater_bed: target=65 temp=65.0 pwm=0.325 sysload=0.49 cputime=93.040 memavail=2527020 print_time=1259.617 buffer_time=2.082 print_stall=0 extruder: target=220 temp=220.3 pwm=0.442
Stats 2567562.2: gcodein=0  mcu: mcu_awake=0.034 mcu_task_avg=0.000060 mcu_task_stddev=0.000028 bytes_write=3722518 bytes_read=468448 bytes_retransmit=9 bytes_invalid=0 send_seq=63595 receive_seq=63592 retransmit_seq=2 srtt=0.003 rttvar=0.000 rto=0.025 ready_bytes=576 upcoming_bytes=552 freq=72001976 sd_pos=1504281 heater_bed: target=65 temp=65.1 pwm=0.170 sysload=0.49 cputime=93.157 memavail=2526796 print_time=1260.824 buffer_time=2.287 print_stall=0 extruder: target=220 temp=220.2 pwm=0.508
Stats 2567563.2: gcodein=0  mcu: mcu_awake=0.032 mcu_task_avg=0.000060 mcu_task_stddev=0.000028 bytes_write=3727526 bytes_read=469007 bytes_retransmit=9 bytes_invalid=0 send_seq=63678 receive_seq=63678 retransmit_seq=2 srtt=0.003 rttvar=0.000 rto=0.025 ready_bytes=44 upcoming_bytes=1249 freq=72001977 sd_pos=1505656 heater_bed: target=65 temp=65.1 pwm=0.080 sysload=0.49 cputime=93.255 memavail=2523872 print_time=1261.950 buffer_time=2.412 print_stall=0 extruder: target=220 temp=220.1 pwm=0.508
Stats 2567564.2: gcodein=0  mcu: mcu_awake=0.032 mcu_task_avg=0.000060 mcu_task_stddev=0.000028 bytes_write=3731557 bytes_read=469454 bytes_retransmit=9 bytes_invalid=0 send_seq=63745 receive_seq=63745 retransmit_seq=2 srtt=0.003 rttvar=0.000 rto=0.025 ready_bytes=33 upcoming_bytes=500 freq=72001977 sd_pos=1507777 heater_bed: target=65 temp=65.0 pwm=0.413 sysload=0.53 cputime=93.354 memavail=2523872 print_time=1262.730 buffer_time=2.191 print_stall=0 extruder: target=220 temp=219.9 pwm=0.560
Stats 2567565.2: gcodein=0  mcu: mcu_awake=0.032 mcu_task_avg=0.000060 mcu_task_stddev=0.000028 bytes_write=3736031 bytes_read=469922 bytes_retransmit=9 bytes_invalid=0 send_seq=63819 receive_seq=63819 retransmit_seq=2 srtt=0.003 rttvar=0.000 rto=0.025 ready_bytes=48 upcoming_bytes=0 freq=72001976 sd_pos=1510033 heater_bed: target=65 temp=65.1 pwm=0.294 sysload=0.53 cputime=93.461 memavail=2523648 print_time=1263.796 buffer_time=2.255 print_stall=0 extruder: target=220 temp=219.8 pwm=0.560
Stats 2567566.2: gcodein=0  mcu: mcu_awake=0.032 mcu_task_avg=0.000060 mcu_task_stddev=0.000028 bytes_write=3739706 bytes_read=470330 bytes_retransmit=9 bytes_invalid=0 send_seq=63881 receive_seq=63878 retransmit_seq=2 srtt=0.003 rttvar=0.001 rto=0.025 ready_bytes=7 upcoming_bytes=0 freq=72001976 sd_pos=1512332 heater_bed: target=65 temp=65.1 pwm=0.304 sysload=0.53 cputime=93.550 memavail=2523648 print_time=1264.791 buffer_time=2.250 print_stall=0 extruder: target=220 temp=219.7 pwm=0.560
Stats 2567567.2: gcodein=0  mcu: mcu_awake=0.032 mcu_task_avg=0.000060 mcu_task_stddev=0.000028 bytes_write=3743937 bytes_read=470792 bytes_retransmit=9 bytes_invalid=0 send_seq=63951 receive_seq=63948 retransmit_seq=2 srtt=0.003 rttvar=0.000 rto=0.025 ready_bytes=101 upcoming_bytes=338 freq=72001977 sd_pos=1515028 heater_bed: target=65 temp=65.1 pwm=0.003 sysload=0.53 cputime=93.643 memavail=2523648 print_time=1265.942 buffer_time=2.399 print_stall=0 extruder: target=220 temp=219.7 pwm=0.560
Stats 2567568.2: gcodein=0  mcu: mcu_awake=0.031 mcu_task_avg=0.000045 mcu_task_stddev=0.000035 bytes_write=3747793 bytes_read=471236 bytes_retransmit=9 bytes_invalid=0 send_seq=64015 receive_seq=64014 retransmit_seq=2 srtt=0.003 rttvar=0.000 rto=0.025 ready_bytes=16 upcoming_bytes=3225 freq=72001975 sd_pos=1516705 heater_bed: target=65 temp=65.0 pwm=0.375 sysload=0.53 cputime=93.721 memavail=2519652 print_time=1267.198 buffer_time=2.655 print_stall=0 extruder: target=220 temp=219.7 pwm=0.495
Stats 2567569.2: gcodein=0  mcu: mcu_awake=0.031 mcu_task_avg=0.000045 mcu_task_stddev=0.000035 bytes_write=3751911 bytes_read=471694 bytes_retransmit=9 bytes_invalid=0 send_seq=64083 receive_seq=64083 retransmit_seq=2 srtt=0.003 rttvar=0.000 rto=0.025 ready_bytes=33 upcoming_bytes=3573 freq=72001974 sd_pos=1517577 heater_bed: target=65 temp=65.0 pwm=0.666 sysload=0.57 cputime=93.804 memavail=2519652 print_time=1267.982 buffer_time=2.437 print_stall=0 extruder: target=220 temp=219.8 pwm=0.495
Stats 2567570.2: gcodein=0  mcu: mcu_awake=0.031 mcu_task_avg=0.000045 mcu_task_stddev=0.000035 bytes_write=3756973 bytes_read=472216 bytes_retransmit=9 bytes_invalid=0 send_seq=64166 receive_seq=64165 retransmit_seq=2 srtt=0.003 rttvar=0.000 rto=0.025 ready_bytes=7 upcoming_bytes=2851 freq=72001975 sd_pos=1518441 heater_bed: target=65 temp=65.1 pwm=0.111 sysload=0.57 cputime=93.902 memavail=2523452 print_time=1269.078 buffer_time=2.532 print_stall=0 extruder: target=220 temp=219.8 pwm=0.495
Stats 2567571.2: gcodein=0  mcu: mcu_awake=0.031 mcu_task_avg=0.000045 mcu_task_stddev=0.000035 bytes_write=3762666 bytes_read=472784 bytes_retransmit=9 bytes_invalid=0 send_seq=64260 receive_seq=64259 retransmit_seq=2 srtt=0.003 rttvar=0.000 rto=0.025 ready_bytes=25 upcoming_bytes=1157 freq=72001972 sd_pos=1519227 heater_bed: target=65 temp=65.1 pwm=0.000 sysload=0.57 cputime=93.994 memavail=2520972 print_time=1269.754 buffer_time=2.207 print_stall=0 extruder: target=220 temp=220.0 pwm=0.495
Stats 2567572.2: gcodein=0  mcu: mcu_awake=0.031 mcu_task_avg=0.000045 mcu_task_stddev=0.000035 bytes_write=3766464 bytes_read=473217 bytes_retransmit=9 bytes_invalid=0 send_seq=64323 receive_seq=64323 retransmit_seq=2 srtt=0.003 rttvar=0.000 rto=0.025 ready_bytes=39 upcoming_bytes=1890 freq=72001971 sd_pos=1520399 heater_bed: target=65 temp=65.1 pwm=0.189 sysload=0.57 cputime=94.087 memavail=2519852 print_time=1270.867 buffer_time=2.318 print_stall=0 extruder: target=220 temp=219.9 pwm=0.495
Stats 2567573.2: gcodein=0  mcu: mcu_awake=0.030 mcu_task_avg=0.000057 mcu_task_stddev=0.000030 bytes_write=3771921 bytes_read=473785 bytes_retransmit=9 bytes_invalid=0 send_seq=64414 receive_seq=64411 retransmit_seq=2 srtt=0.003 rttvar=0.000 rto=0.025 ready_bytes=254 upcoming_bytes=311 freq=72001968 sd_pos=1522044 heater_bed: target=65 temp=65.1 pwm=0.038 sysload=0.57 cputime=94.196 memavail=2519852 print_time=1271.819 buffer_time=2.269 print_stall=0 extruder: target=220 temp=220.0 pwm=0.500
Stats 2567574.2: gcodein=0  mcu: mcu_awake=0.030 mcu_task_avg=0.000057 mcu_task_stddev=0.000030 bytes_write=3776812 bytes_read=474293 bytes_retransmit=9 bytes_invalid=0 send_seq=64494 receive_seq=64493 retransmit_seq=2 srtt=0.003 rttvar=0.000 rto=0.025 ready_bytes=15 upcoming_bytes=991 freq=72001967 sd_pos=1523346 heater_bed: target=65 temp=65.1 pwm=0.229 sysload=0.53 cputime=94.276 memavail=2519852 print_time=1272.841 buffer_time=2.290 print_stall=0 extruder: target=220 temp=220.1 pwm=0.500
Stats 2567575.2: gcodein=0  mcu: mcu_awake=0.030 mcu_task_avg=0.000057 mcu_task_stddev=0.000030 bytes_write=3780506 bytes_read=474711 bytes_retransmit=9 bytes_invalid=0 send_seq=64555 receive_seq=64554 retransmit_seq=2 srtt=0.003 rttvar=0.000 rto=0.025 ready_bytes=25 upcoming_bytes=765 freq=72001966 sd_pos=1525262 heater_bed: target=65 temp=65.1 pwm=0.420 sysload=0.53 cputime=94.372 memavail=2519628 print_time=1273.810 buffer_time=2.258 print_stall=0 extruder: target=220 temp=220.1 pwm=0.466
Stats 2567576.2: gcodein=0  mcu: mcu_awake=0.030 mcu_task_avg=0.000057 mcu_task_stddev=0.000030 bytes_write=3785121 bytes_read=475208 bytes_retransmit=9 bytes_invalid=0 send_seq=64631 receive_seq=64631 retransmit_seq=2 srtt=0.003 rttvar=0.000 rto=0.025 ready_bytes=30 upcoming_bytes=0 freq=72001963 sd_pos=1527252 heater_bed: target=65 temp=65.0 pwm=0.261 sysload=0.53 cputime=94.472 memavail=2519628 print_time=1274.741 buffer_time=2.188 print_stall=0 extruder: target=220 temp=220.3 pwm=0.402
Stats 2567577.2: gcodein=0  mcu: mcu_awake=0.030 mcu_task_avg=0.000057 mcu_task_stddev=0.000030 bytes_write=3789031 bytes_read=475631 bytes_retransmit=9 bytes_invalid=0 send_seq=64696 receive_seq=64696 retransmit_seq=2 srtt=0.003 rttvar=0.000 rto=0.025 ready_bytes=50 upcoming_bytes=534 freq=72001963 sd_pos=1530843 heater_bed: target=65 temp=65.0 pwm=0.329 sysload=0.53 cputime=94.589 memavail=2519628 print_time=1275.707 buffer_time=2.153 print_stall=0 extruder: target=220 temp=220.3 pwm=0.463
Stats 2567578.2: gcodein=0  mcu: mcu_awake=0.031 mcu_task_avg=0.000050 mcu_task_stddev=0.000034 bytes_write=3793394 bytes_read=476120 bytes_retransmit=9 bytes_invalid=0 send_seq=64768 receive_seq=64768 retransmit_seq=2 srtt=0.003 rttvar=0.000 rto=0.025 ready_bytes=7 upcoming_bytes=0 freq=72001961 sd_pos=1532770 heater_bed: target=65 temp=65.0 pwm=0.416 sysload=0.53 cputime=94.689 memavail=2519628 print_time=1276.639 buffer_time=2.085 print_stall=0 extruder: target=220 temp=220.2 pwm=0.463
Stats 2567579.2: gcodein=0  mcu: mcu_awake=0.031 mcu_task_avg=0.000050 mcu_task_stddev=0.000034 bytes_write=3797929 bytes_read=476602 bytes_retransmit=9 bytes_invalid=0 send_seq=64843 receive_seq=64842 retransmit_seq=2 srtt=0.003 rttvar=0.001 rto=0.025 ready_bytes=16 upcoming_bytes=1772 freq=72001966 sd_pos=1535777 heater_bed: target=65 temp=64.9 pwm=0.638 sysload=0.80 cputime=94.813 memavail=2519404 print_time=1278.002 buffer_time=2.447 print_stall=0 extruder: target=220 temp=220.2 pwm=0.463
Stats 2567580.2: gcodein=0  mcu: mcu_awake=0.031 mcu_task_avg=0.000050 mcu_task_stddev=0.000034 bytes_write=3802128 bytes_read=477045 bytes_retransmit=9 bytes_invalid=0 send_seq=64912 receive_seq=64911 retransmit_seq=2 srtt=0.003 rttvar=0.000 rto=0.025 ready_bytes=8 upcoming_bytes=2070 freq=72001965 sd_pos=1537064 heater_bed: target=65 temp=65.1 pwm=0.010 sysload=0.80 cputime=94.899 memavail=2523224 print_time=1278.748 buffer_time=2.191 print_stall=0 extruder: target=220 temp=220.1 pwm=0.521
Stats 2567581.2: gcodein=0  mcu: mcu_awake=0.031 mcu_task_avg=0.000050 mcu_task_stddev=0.000034 bytes_write=3806803 bytes_read=477548 bytes_retransmit=9 bytes_invalid=0 send_seq=64989 receive_seq=64989 retransmit_seq=2 srtt=0.003 rttvar=0.000 rto=0.025 ready_bytes=55 upcoming_bytes=4766 freq=72001967 sd_pos=1539069 heater_bed: target=65 temp=65.0 pwm=0.326 sysload=0.80 cputime=95.012 memavail=2523224 print_time=1280.070 buffer_time=2.512 print_stall=0 extruder: target=220 temp=220.0 pwm=0.521
Stats 2567582.2: gcodein=0  mcu: mcu_awake=0.031 mcu_task_avg=0.000050 mcu_task_stddev=0.000034 bytes_write=3812563 bytes_read=478130 bytes_retransmit=9 bytes_invalid=0 send_seq=65084 receive_seq=65083 retransmit_seq=2 srtt=0.003 rttvar=0.000 rto=0.025 ready_bytes=25 upcoming_bytes=3047 freq=72001967 sd_pos=1539938 heater_bed: target=65 temp=65.0 pwm=0.138 sysload=0.80 cputime=95.105 memavail=2521880 print_time=1280.967 buffer_time=2.409 print_stall=0 extruder: target=220 temp=219.9 pwm=0.521
Stats 2567583.2: gcodein=0  mcu: mcu_awake=0.032 mcu_task_avg=0.000057 mcu_task_stddev=0.000031 bytes_write=3818473 bytes_read=478729 bytes_retransmit=9 bytes_invalid=0 send_seq=65181 receive_seq=65180 retransmit_seq=2 srtt=0.003 rttvar=0.000 rto=0.025 ready_bytes=24 upcoming_bytes=647 freq=72001967 sd_pos=1541097 heater_bed: target=65 temp=65.0 pwm=0.297 sysload=0.80 cputime=95.198 memavail=2521660 print_time=1281.597 buffer_time=2.037 print_stall=0 extruder: target=220 temp=219.8 pwm=0.521
Stats 2567584.2: gcodein=0  mcu: mcu_awake=0.032 mcu_task_avg=0.000057 mcu_task_stddev=0.000031 bytes_write=3822208 bytes_read=479166 bytes_retransmit=9 bytes_invalid=0 send_seq=65243 receive_seq=65242 retransmit_seq=2 srtt=0.003 rttvar=0.000 rto=0.025 ready_bytes=0 upcoming_bytes=0 freq=72001966 sd_pos=1542108 heater_bed: target=65 temp=64.9 pwm=0.555 sysload=0.74 cputime=95.281 memavail=2521440 print_time=1282.630 buffer_time=2.070 print_stall=0 extruder: target=220 temp=219.8 pwm=0.492
Stats 2567585.2: gcodein=0  mcu: mcu_awake=0.032 mcu_task_avg=0.000057 mcu_task_stddev=0.000031 bytes_write=3826490 bytes_read=479629 bytes_retransmit=9 bytes_invalid=0 send_seq=65315 receive_seq=65315 retransmit_seq=2 srtt=0.003 rttvar=0.000 rto=0.025 ready_bytes=6 upcoming_bytes=0 freq=72001964 sd_pos=1543914 heater_bed: target=65 temp=64.9 pwm=0.235 sysload=0.74 cputime=95.356 memavail=2521440 print_time=1283.617 buffer_time=2.055 print_stall=0 extruder: target=220 temp=219.8 pwm=0.492
Stats 2567586.2: gcodein=0  mcu: mcu_awake=0.032 mcu_task_avg=0.000057 mcu_task_stddev=0.000031 bytes_write=3830910 bytes_read=480087 bytes_retransmit=9 bytes_invalid=0 send_seq=65388 receive_seq=65387 retransmit_seq=2 srtt=0.003 rttvar=0.000 rto=0.025 ready_bytes=23 upcoming_bytes=280 freq=72001963 sd_pos=1547071 heater_bed: target=65 temp=64.9 pwm=0.358 sysload=0.74 cputime=95.469 memavail=2521440 print_time=1284.741 buffer_time=2.179 print_stall=0 extruder: target=220 temp=219.9 pwm=0.492
Stats 2567587.2: gcodein=0  mcu: mcu_awake=0.032 mcu_task_avg=0.000057 mcu_task_stddev=0.000031 bytes_write=3835000 bytes_read=480559 bytes_retransmit=9 bytes_invalid=0 send_seq=65456 receive_seq=65456 retransmit_seq=2 srtt=0.003 rttvar=0.000 rto=0.025 ready_bytes=14 upcoming_bytes=0 freq=72001963 sd_pos=1549564 heater_bed: target=65 temp=65.0 pwm=0.270 sysload=0.74 cputime=95.572 memavail=2521440 print_time=1285.708 buffer_time=2.144 print_stall=0 extruder: target=220 temp=219.9 pwm=0.492
Stats 2567588.2: gcodein=0  mcu: mcu_awake=0.031 mcu_task_avg=0.000048 mcu_task_stddev=0.000034 bytes_write=3838360 bytes_read=480963 bytes_retransmit=9 bytes_invalid=0 send_seq=65515 receive_seq=65514 retransmit_seq=2 srtt=0.003 rttvar=0.000 rto=0.025 ready_bytes=0 upcoming_bytes=0 freq=72001964 sd_pos=1552062 heater_bed: target=65 temp=64.9 pwm=0.253 sysload=0.74 cputime=95.659 memavail=2521440 print_time=1286.598 buffer_time=2.034 print_stall=0 extruder: target=220 temp=220.1 pwm=0.413
Stats 2567589.2: gcodein=0  mcu: mcu_awake=0.031 mcu_task_avg=0.000048 mcu_task_stddev=0.000034 bytes_write=3843365 bytes_read=481497 bytes_retransmit=9 bytes_invalid=0 send_seq=65599 receive_seq=65599 retransmit_seq=2 srtt=0.003 rttvar=0.001 rto=0.025 ready_bytes=15 upcoming_bytes=0 freq=72001962 sd_pos=1555331 heater_bed: target=65 temp=64.9 pwm=0.420 sysload=0.68 cputime=95.771 memavail=2521440 print_time=1287.828 buffer_time=2.262 print_stall=0 extruder: target=220 temp=220.2 pwm=0.413
Stats 2567590.2: gcodein=0  mcu: mcu_awake=0.031 mcu_task_avg=0.000048 mcu_task_stddev=0.000034 bytes_write=3847105 bytes_read=481934 bytes_retransmit=9 bytes_invalid=0 send_seq=65661 receive_seq=65661 retransmit_seq=2 srtt=0.003 rttvar=0.000 rto=0.025 ready_bytes=39 upcoming_bytes=1345 freq=72001964 sd_pos=1556991 heater_bed: target=65 temp=65.0 pwm=0.127 sysload=0.68 cputime=95.859 memavail=2521440 print_time=1288.909 buffer_time=2.343 print_stall=0 extruder: target=220 temp=220.4 pwm=0.364
Stats 2567591.2: gcodein=0  mcu: mcu_awake=0.031 mcu_task_avg=0.000048 mcu_task_stddev=0.000034 bytes_write=3851487 bytes_read=482392 bytes_retransmit=9 bytes_invalid=0 send_seq=65733 receive_seq=65733 retransmit_seq=2 srtt=0.003 rttvar=0.001 rto=0.025 ready_bytes=56 upcoming_bytes=1082 freq=72001963 sd_pos=1557754 heater_bed: target=65 temp=65.0 pwm=0.240 sysload=0.68 cputime=95.946 memavail=2528604 print_time=1289.658 buffer_time=2.091 print_stall=0 extruder: target=220 temp=220.3 pwm=0.431
Stats 2567592.2: gcodein=0  mcu: mcu_awake=0.031 mcu_task_avg=0.000048 mcu_task_stddev=0.000034 bytes_write=3856219 bytes_read=482875 bytes_retransmit=9 bytes_invalid=0 send_seq=65811 receive_seq=65810 retransmit_seq=2 srtt=0.003 rttvar=0.000 rto=0.025 ready_bytes=32 upcoming_bytes=4657 freq=72001959 sd_pos=1559494 heater_bed: target=65 temp=65.0 pwm=0.014 sysload=0.68 cputime=96.058 memavail=2527952 print_time=1291.237 buffer_time=2.669 print_stall=0 extruder: target=220 temp=220.2 pwm=0.483
Stats 2567593.2: gcodein=0  mcu: mcu_awake=0.030 mcu_task_avg=0.000049 mcu_task_stddev=0.000034 bytes_write=3861658 bytes_read=483473 bytes_retransmit=9 bytes_invalid=0 send_seq=65901 receive_seq=65901 retransmit_seq=2 srtt=0.003 rttvar=0.000 rto=0.025 ready_bytes=38 upcoming_bytes=1137 freq=72001959 sd_pos=1559803 heater_bed: target=65 temp=64.9 pwm=0.486 sysload=0.68 cputime=96.148 memavail=2527452 print_time=1291.775 buffer_time=2.207 print_stall=0 extruder: target=220 temp=220.1 pwm=0.483
Stats 2567594.2: gcodein=0  mcu: mcu_awake=0.030 mcu_task_avg=0.000049 mcu_task_stddev=0.000034 bytes_write=3867111 bytes_read=484016 bytes_retransmit=9 bytes_invalid=0 send_seq=65991 receive_seq=65990 retransmit_seq=2 srtt=0.003 rttvar=0.000 rto=0.025 ready_bytes=34 upcoming_bytes=3433 freq=72001958 sd_pos=1561501 heater_bed: target=65 temp=64.9 pwm=0.456 sysload=0.63 cputime=96.259 memavail=2527232 print_time=1293.245 buffer_time=2.660 print_stall=0 extruder: target=220 temp=219.9 pwm=0.574
Stats 2567595.2: gcodein=0  mcu: mcu_awake=0.030 mcu_task_avg=0.000049 mcu_task_stddev=0.000034 bytes_write=3871769 bytes_read=484504 bytes_retransmit=9 bytes_invalid=0 send_seq=66068 receive_seq=66068 retransmit_seq=2 srtt=0.003 rttvar=0.000 rto=0.025 ready_bytes=26 upcoming_bytes=2748 freq=72001957 sd_pos=1562192 heater_bed: target=65 temp=65.0 pwm=0.227 sysload=0.63 cputime=96.341 memavail=2527232 print_time=1293.964 buffer_time=2.378 print_stall=0 extruder: target=220 temp=219.9 pwm=0.519
Stats 2567596.2: gcodein=0  mcu: mcu_awake=0.030 mcu_task_avg=0.000049 mcu_task_stddev=0.000034 bytes_write=3876876 bytes_read=485046 bytes_retransmit=9 bytes_invalid=0 send_seq=66152 receive_seq=66151 retransmit_seq=2 srtt=0.003 rttvar=0.000 rto=0.025 ready_bytes=25 upcoming_bytes=2054 freq=72001958 sd_pos=1563211 heater_bed: target=65 temp=65.0 pwm=0.359 sysload=0.63 cputime=96.434 memavail=2527232 print_time=1294.747 buffer_time=2.159 print_stall=0 extruder: target=220 temp=219.9 pwm=0.519
Stats 2567597.2: gcodein=0  mcu: mcu_awake=0.030 mcu_task_avg=0.000049 mcu_task_stddev=0.000034 bytes_write=3882173 bytes_read=485579 bytes_retransmit=9 bytes_invalid=0 send_seq=66239 receive_seq=66238 retransmit_seq=2 srtt=0.003 rttvar=0.000 rto=0.025 ready_bytes=24 upcoming_bytes=952 freq=72001958 sd_pos=1564454 heater_bed: target=65 temp=65.0 pwm=0.000 sysload=0.63 cputime=96.539 memavail=2527232 print_time=1295.819 buffer_time=2.230 print_stall=0 extruder: target=220 temp=219.9 pwm=0.519
Stats 2567598.2: gcodein=0  mcu: mcu_awake=0.033 mcu_task_avg=0.000060 mcu_task_stddev=0.000027 bytes_write=3887501 bytes_read=486133 bytes_retransmit=9 bytes_invalid=0 send_seq=66327 receive_seq=66326 retransmit_seq=2 srtt=0.003 rttvar=0.000 rto=0.025 ready_bytes=22 upcoming_bytes=0 freq=72001959 sd_pos=1566516 heater_bed: target=65 temp=65.0 pwm=0.236 sysload=0.63 cputime=96.652 memavail=2527232 print_time=1296.701 buffer_time=2.111 print_stall=0 extruder: target=220 temp=220.0 pwm=0.465
Stats 2567599.2: gcodein=0  mcu: mcu_awake=0.033 mcu_task_avg=0.000060 mcu_task_stddev=0.000027 bytes_write=3891581 bytes_read=486605 bytes_retransmit=9 bytes_invalid=0 send_seq=66395 receive_seq=66395 retransmit_seq=2 srtt=0.003 rttvar=0.000 rto=0.025 ready_bytes=0 upcoming_bytes=1602 freq=72001959 sd_pos=1569597 heater_bed: target=65 temp=65.1 pwm=0.000 sysload=0.58 cputime=96.769 memavail=2527232 print_time=1297.852 buffer_time=2.261 print_stall=0 extruder: target=220 temp=220.1 pwm=0.465
Stats 2567600.2: gcodein=0  mcu: mcu_awake=0.033 mcu_task_avg=0.000060 mcu_task_stddev=0.000027 bytes_write=3896074 bytes_read=487073 bytes_retransmit=9 bytes_invalid=0 send_seq=66469 receive_seq=66469 retransmit_seq=2 srtt=0.003 rttvar=0.000 rto=0.025 ready_bytes=50 upcoming_bytes=3537 freq=72001961 sd_pos=1571401 heater_bed: target=65 temp=65.1 pwm=0.131 sysload=0.58 cputime=96.880 memavail=2527232 print_time=1299.306 buffer_time=2.714 print_stall=0 extruder: target=220 temp=220.3 pwm=0.408
Stats 2567601.2: gcodein=0  mcu: mcu_awake=0.033 mcu_task_avg=0.000060 mcu_task_stddev=0.000027 bytes_write=3901131 bytes_read=487581 bytes_retransmit=9 bytes_invalid=0 send_seq=66552 receive_seq=66551 retransmit_seq=2 srtt=0.003 rttvar=0.000 rto=0.025 ready_bytes=8 upcoming_bytes=2809 freq=72001962 sd_pos=1572181 heater_bed: target=65 temp=65.0 pwm=0.414 sysload=0.58 cputime=96.975 memavail=2526536 print_time=1300.086 buffer_time=2.493 print_stall=0 extruder: target=220 temp=220.4 pwm=0.408
Stats 2567602.2: gcodein=0  mcu: mcu_awake=0.033 mcu_task_avg=0.000060 mcu_task_stddev=0.000027 bytes_write=3905771 bytes_read=488093 bytes_retransmit=9 bytes_invalid=0 send_seq=66628 receive_seq=66628 retransmit_seq=2 srtt=0.003 rttvar=0.000 rto=0.025 ready_bytes=48 upcoming_bytes=2587 freq=72001963 sd_pos=1573131 heater_bed: target=65 temp=65.0 pwm=0.114 sysload=0.58 cputime=97.068 memavail=2526536 print_time=1300.893 buffer_time=2.299 print_stall=0 extruder: target=220 temp=220.4 pwm=0.408
Stats 2567603.2: gcodein=0  mcu: mcu_awake=0.032 mcu_task_avg=0.000058 mcu_task_stddev=0.000030 bytes_write=3911097 bytes_read=488637 bytes_retransmit=9 bytes_invalid=0 send_seq=66715 receive_seq=66714 retransmit_seq=2 srtt=0.003 rttvar=0.000 rto=0.025 ready_bytes=32 upcoming_bytes=902 freq=72001968 sd_pos=1573799 heater_bed: target=65 temp=65.1 pwm=0.073 sysload=0.58 cputime=97.160 memavail=2526284 print_time=1301.621 buffer_time=2.025 print_stall=0 extruder: target=220 temp=220.4 pwm=0.408
Stats 2567604.2: gcodein=0  mcu: mcu_awake=0.032 mcu_task_avg=0.000058 mcu_task_stddev=0.000030 bytes_write=3916291 bytes_read=489165 bytes_retransmit=9 bytes_invalid=0 send_seq=66801 receive_seq=66800 retransmit_seq=2 srtt=0.003 rttvar=0.000 rto=0.025 ready_bytes=8 upcoming_bytes=1189 freq=72001971 sd_pos=1576321 heater_bed: target=65 temp=65.1 pwm=0.283 sysload=0.53 cputime=97.304 memavail=2526288 print_time=1302.884 buffer_time=2.284 print_stall=0 extruder: target=220 temp=220.3 pwm=0.461
Stats 2567605.2: gcodein=0  mcu: mcu_awake=0.032 mcu_task_avg=0.000058 mcu_task_stddev=0.000030 bytes_write=3920938 bytes_read=489682 bytes_retransmit=9 bytes_invalid=0 send_seq=66878 receive_seq=66878 retransmit_seq=2 srtt=0.003 rttvar=0.000 rto=0.025 ready_bytes=52 upcoming_bytes=1173 freq=72001973 sd_pos=1577907 heater_bed: target=65 temp=65.2 pwm=0.000 sysload=0.53 cputime=97.405 memavail=2526048 print_time=1303.809 buffer_time=2.208 print_stall=0 extruder: target=220 temp=220.2 pwm=0.461
Stats 2567606.2: gcodein=0  mcu: mcu_awake=0.032 mcu_task_avg=0.000058 mcu_task_stddev=0.000030 bytes_write=3925435 bytes_read=490150 bytes_retransmit=9 bytes_invalid=0 send_seq=66952 receive_seq=66952 retransmit_seq=2 srtt=0.003 rttvar=0.000 rto=0.025 ready_bytes=44 upcoming_bytes=106 freq=72001973 sd_pos=1579315 heater_bed: target=65 temp=65.0 pwm=0.309 sysload=0.53 cputime=97.505 memavail=2526048 print_time=1304.716 buffer_time=2.114 print_stall=0 extruder: target=220 temp=220.0 pwm=0.527
Stats 2567607.2: gcodein=0  mcu: mcu_awake=0.032 mcu_task_avg=0.000058 mcu_task_stddev=0.000030 bytes_write=3929948 bytes_read=490623 bytes_retransmit=9 bytes_invalid=0 send_seq=67027 receive_seq=67027 retransmit_seq=2 srtt=0.003 rttvar=0.000 rto=0.025 ready_bytes=24 upcoming_bytes=0 freq=72001972 sd_pos=1581665 heater_bed: target=65 temp=65.1 pwm=0.231 sysload=0.53 cputime=97.616 memavail=2526048 print_time=1305.802 buffer_time=2.200 print_stall=0 extruder: target=220 temp=219.9 pwm=0.527
Stats 2567608.2: gcodein=0  mcu: mcu_awake=0.032 mcu_task_avg=0.000055 mcu_task_stddev=0.000031 bytes_write=3933417 bytes_read=491061 bytes_retransmit=9 bytes_invalid=0 send_seq=67086 receive_seq=67086 retransmit_seq=2 srtt=0.003 rttvar=0.000 rto=0.025 ready_bytes=37 upcoming_bytes=0 freq=72001971 sd_pos=1583962 heater_bed: target=65 temp=65.1 pwm=0.169 sysload=0.53 cputime=97.704 memavail=2526048 print_time=1306.773 buffer_time=2.170 print_stall=0 extruder: target=220 temp=219.7 pwm=0.527
Stats 2567609.2: gcodein=0  mcu: mcu_awake=0.032 mcu_task_avg=0.000055 mcu_task_stddev=0.000031 bytes_write=3937860 bytes_read=491534 bytes_retransmit=9 bytes_invalid=0 send_seq=67161 receive_seq=67161 retransmit_seq=2 srtt=0.003 rttvar=0.000 rto=0.025 ready_bytes=14 upcoming_bytes=0 freq=72001971 sd_pos=1586423 heater_bed: target=65 temp=65.1 pwm=0.000 sysload=0.49 cputime=97.805 memavail=2526048 print_time=1307.850 buffer_time=2.246 print_stall=0 extruder: target=220 temp=219.6 pwm=0.590
Stats 2567610.2: gcodein=0  mcu: mcu_awake=0.032 mcu_task_avg=0.000055 mcu_task_stddev=0.000031 bytes_write=3941963 bytes_read=491982 bytes_retransmit=9 bytes_invalid=0 send_seq=67231 receive_seq=67231 retransmit_seq=2 srtt=0.003 rttvar=0.000 rto=0.025 ready_bytes=34 upcoming_bytes=429 freq=72001968 sd_pos=1588415 heater_bed: target=65 temp=65.1 pwm=0.143 sysload=0.49 cputime=97.898 memavail=2526048 print_time=1308.802 buffer_time=2.197 print_stall=0 extruder: target=220 temp=219.6 pwm=0.539
Stats 2567611.3: gcodein=0  mcu: mcu_awake=0.032 mcu_task_avg=0.000055 mcu_task_stddev=0.000031 bytes_write=3946066 bytes_read=492444 bytes_retransmit=9 bytes_invalid=0 send_seq=67298 receive_seq=67298 retransmit_seq=2 srtt=0.003 rttvar=0.000 rto=0.025 ready_bytes=55 upcoming_bytes=4562 freq=72001972 sd_pos=1589980 heater_bed: target=65 temp=65.1 pwm=0.000 sysload=0.49 cputime=98.001 memavail=2525076 print_time=1310.347 buffer_time=2.722 print_stall=0 extruder: target=220 temp=219.6 pwm=0.539
Stats 2567612.3: gcodein=0  mcu: mcu_awake=0.032 mcu_task_avg=0.000055 mcu_task_stddev=0.000031 bytes_write=3950775 bytes_read=492927 bytes_retransmit=9 bytes_invalid=0 send_seq=67375 receive_seq=67375 retransmit_seq=2 srtt=0.003 rttvar=0.000 rto=0.025 ready_bytes=46 upcoming_bytes=2437 freq=72001971 sd_pos=1590256 heater_bed: target=65 temp=65.1 pwm=0.366 sysload=0.49 cputime=98.083 memavail=2524736 print_time=1310.758 buffer_time=2.132 print_stall=0 extruder: target=220 temp=219.7 pwm=0.472
Stats 2567613.3: gcodein=0  mcu: mcu_awake=0.030 mcu_task_avg=0.000046 mcu_task_stddev=0.000034 bytes_write=3956463 bytes_read=493521 bytes_retransmit=9 bytes_invalid=0 send_seq=67468 receive_seq=67468 retransmit_seq=2 srtt=0.003 rttvar=0.000 rto=0.025 ready_bytes=36 upcoming_bytes=1614 freq=72001971 sd_pos=1591463 heater_bed: target=65 temp=65.0 pwm=0.592 sysload=0.49 cputime=98.194 memavail=2524020 print_time=1312.092 buffer_time=2.465 print_stall=0 extruder: target=220 temp=219.7 pwm=0.472
Stats 2567614.3: gcodein=0  mcu: mcu_awake=0.030 mcu_task_avg=0.000046 mcu_task_stddev=0.000034 bytes_write=3962193 bytes_read=494103 bytes_retransmit=9 bytes_invalid=0 send_seq=67562 receive_seq=67562 retransmit_seq=2 srtt=0.003 rttvar=0.000 rto=0.025 ready_bytes=8 upcoming_bytes=173 freq=72001970 sd_pos=1592258 heater_bed: target=65 temp=65.1 pwm=0.355 sysload=0.45 cputime=98.286 memavail=2524020 print_time=1312.848 buffer_time=2.219 print_stall=0 extruder: target=220 temp=219.8 pwm=0.472
Stats 2567615.3: gcodein=0  mcu: mcu_awake=0.030 mcu_task_avg=0.000046 mcu_task_stddev=0.000034 bytes_write=3965405 bytes_read=494468 bytes_retransmit=9 bytes_invalid=0 send_seq=67616 receive_seq=67616 retransmit_seq=2 srtt=0.003 rttvar=0.000 rto=0.025 ready_bytes=55 upcoming_bytes=3164 freq=72001967 sd_pos=1593423 heater_bed: target=65 temp=65.1 pwm=0.158 sysload=0.45 cputime=98.378 memavail=2523796 print_time=1314.165 buffer_time=2.535 print_stall=0 extruder: target=220 temp=219.9 pwm=0.472
Stats 2567616.3: gcodein=0  mcu: mcu_awake=0.030 mcu_task_avg=0.000046 mcu_task_stddev=0.000034 bytes_write=3970652 bytes_read=495002 bytes_retransmit=9 bytes_invalid=0 send_seq=67703 receive_seq=67702 retransmit_seq=2 srtt=0.003 rttvar=0.000 rto=0.025 ready_bytes=15 upcoming_bytes=769 freq=72001965 sd_pos=1594553 heater_bed: target=65 temp=65.1 pwm=0.024 sysload=0.45 cputime=98.483 memavail=2523796 print_time=1314.913 buffer_time=2.283 print_stall=0 extruder: target=220 temp=219.9 pwm=0.472
Stats 2567617.3: gcodein=0  mcu: mcu_awake=0.030 mcu_task_avg=0.000046 mcu_task_stddev=0.000034 bytes_write=3975961 bytes_read=495556 bytes_retransmit=9 bytes_invalid=0 send_seq=67792 receive_seq=67792 retransmit_seq=2 srtt=0.003 rttvar=0.000 rto=0.025 ready_bytes=48 upcoming_bytes=0 freq=72001963 sd_pos=1596055 heater_bed: target=65 temp=65.0 pwm=0.361 sysload=0.45 cputime=98.574 memavail=2523796 print_time=1315.869 buffer_time=2.238 print_stall=0 extruder: target=220 temp=219.9 pwm=0.499
Stats 2567618.3: gcodein=0  mcu: mcu_awake=0.033 mcu_task_avg=0.000054 mcu_task_stddev=0.000031 bytes_write=3979916 bytes_read=495983 bytes_retransmit=9 bytes_invalid=0 send_seq=67857 receive_seq=67856 retransmit_seq=2 srtt=0.003 rttvar=0.000 rto=0.025 ready_bytes=24 upcoming_bytes=160 freq=72001963 sd_pos=1597143 heater_bed: target=65 temp=65.0 pwm=0.394 sysload=0.45 cputime=98.658 memavail=2523796 print_time=1316.949 buffer_time=2.317 print_stall=0 extruder: target=220 temp=220.1 pwm=0.437
Stats 2567619.3: gcodein=0  mcu: mcu_awake=0.033 mcu_task_avg=0.000054 mcu_task_stddev=0.000031 bytes_write=3983829 bytes_read=496418 bytes_retransmit=9 bytes_invalid=0 send_seq=67922 receive_seq=67921 retransmit_seq=2 srtt=0.003 rttvar=0.000 rto=0.025 ready_bytes=14 upcoming_bytes=285 freq=72001961 sd_pos=1599893 heater_bed: target=65 temp=65.0 pwm=0.205 sysload=0.41 cputime=98.761 memavail=2523796 print_time=1317.751 buffer_time=2.118 print_stall=0 extruder: target=220 temp=220.1 pwm=0.437
Stats 2567620.3: gcodein=0  mcu: mcu_awake=0.033 mcu_task_avg=0.000054 mcu_task_stddev=0.000031 bytes_write=3987617 bytes_read=496850 bytes_retransmit=9 bytes_invalid=0 send_seq=67985 receive_seq=67985 retransmit_seq=2 srtt=0.003 rttvar=0.000 rto=0.025 ready_bytes=8 upcoming_bytes=0 freq=72001959 sd_pos=1601672 heater_bed: target=65 temp=65.0 pwm=0.284 sysload=0.41 cputime=98.852 memavail=2523572 print_time=1318.659 buffer_time=2.024 print_stall=0 extruder: target=220 temp=220.1 pwm=0.440
Stats 2567621.3: gcodein=0  mcu: mcu_awake=0.033 mcu_task_avg=0.000054 mcu_task_stddev=0.000031 bytes_write=3991578 bytes_read=497278 bytes_retransmit=9 bytes_invalid=0 send_seq=68051 receive_seq=68051 retransmit_seq=2 srtt=0.003 rttvar=0.000 rto=0.025 ready_bytes=36 upcoming_bytes=0 freq=72001957 sd_pos=1605624 heater_bed: target=65 temp=65.0 pwm=0.406 sysload=0.41 cputime=98.984 memavail=2526452 print_time=1319.618 buffer_time=1.982 print_stall=0 extruder: target=220 temp=220.1 pwm=0.500
Stats 2567622.3: gcodein=0  mcu: mcu_awake=0.033 mcu_task_avg=0.000054 mcu_task_stddev=0.000031 bytes_write=3996483 bytes_read=497796 bytes_retransmit=9 bytes_invalid=0 send_seq=68132 receive_seq=68132 retransmit_seq=2 srtt=0.003 rttvar=0.000 rto=0.025 ready_bytes=29 upcoming_bytes=798 freq=72001956 sd_pos=1607785 heater_bed: target=65 temp=65.1 pwm=0.188 sysload=0.41 cputime=99.092 memavail=2525588 print_time=1320.919 buffer_time=2.281 print_stall=0 extruder: target=220 temp=220.1 pwm=0.500
Stats 2567623.3: gcodein=0  mcu: mcu_awake=0.030 mcu_task_avg=0.000048 mcu_task_stddev=0.000034 bytes_write=4000858 bytes_read=498284 bytes_retransmit=9 bytes_invalid=0 send_seq=68204 receive_seq=68204 retransmit_seq=2 srtt=0.003 rttvar=0.000 rto=0.025 ready_bytes=48 upcoming_bytes=3585 freq=72001956 sd_pos=1609609 heater_bed: target=65 temp=64.9 pwm=0.357 sysload=0.41 cputime=99.185 memavail=2524664 print_time=1322.282 buffer_time=2.644 print_stall=0 extruder: target=220 temp=220.1 pwm=0.500
Stats 2567624.3: gcodein=0  mcu: mcu_awake=0.030 mcu_task_avg=0.000048 mcu_task_stddev=0.000034 bytes_write=4005659 bytes_read=498777 bytes_retransmit=9 bytes_invalid=0 send_seq=68283 receive_seq=68283 retransmit_seq=2 srtt=0.003 rttvar=0.000 rto=0.025 ready_bytes=33 upcoming_bytes=2810 freq=72001960 sd_pos=1610519 heater_bed: target=65 temp=65.0 pwm=0.316 sysload=0.46 cputime=99.275 memavail=2524672 print_time=1323.012 buffer_time=2.374 print_stall=0 extruder: target=220 temp=219.9 pwm=0.500
Stats 2567625.3: gcodein=0  mcu: mcu_awake=0.030 mcu_task_avg=0.000048 mcu_task_stddev=0.000034 bytes_write=4010703 bytes_read=499305 bytes_retransmit=9 bytes_invalid=0 send_seq=68366 receive_seq=68366 retransmit_seq=2 srtt=0.003 rttvar=0.000 rto=0.025 ready_bytes=57 upcoming_bytes=654 freq=72001959 sd_pos=1611021 heater_bed: target=65 temp=65.0 pwm=0.359 sysload=0.46 cputime=99.357 memavail=2524672 print_time=1323.681 buffer_time=2.042 print_stall=0 extruder: target=220 temp=219.8 pwm=0.500
Stats 2567626.3: gcodein=0  mcu: mcu_awake=0.030 mcu_task_avg=0.000048 mcu_task_stddev=0.000034 bytes_write=4016199 bytes_read=499867 bytes_retransmit=9 bytes_invalid=0 send_seq=68456 receive_seq=68456 retransmit_seq=2 srtt=0.003 rttvar=0.000 rto=0.025 ready_bytes=58 upcoming_bytes=1968 freq=72001960 sd_pos=1612570 heater_bed: target=65 temp=65.0 pwm=0.317 sysload=0.46 cputime=99.469 memavail=2524672 print_time=1325.040 buffer_time=2.400 print_stall=0 extruder: target=220 temp=219.8 pwm=0.560
Stats 2567627.3: gcodein=0  mcu: mcu_awake=0.030 mcu_task_avg=0.000048 mcu_task_stddev=0.000034 bytes_write=4020582 bytes_read=500325 bytes_retransmit=9 bytes_invalid=0 send_seq=68528 receive_seq=68528 retransmit_seq=2 srtt=0.003 rttvar=0.000 rto=0.025 ready_bytes=51 upcoming_bytes=1551 freq=72001961 sd_pos=1613802 heater_bed: target=65 temp=65.1 pwm=0.000 sysload=0.46 cputime=99.556 memavail=2524672 print_time=1325.789 buffer_time=2.147 print_stall=0 extruder: target=220 temp=219.8 pwm=0.487
Stats 2567628.3: gcodein=0  mcu: mcu_awake=0.032 mcu_task_avg=0.000059 mcu_task_stddev=0.000028 bytes_write=4024999 bytes_read=500819 bytes_retransmit=9 bytes_invalid=0 send_seq=68601 receive_seq=68601 retransmit_seq=2 srtt=0.003 rttvar=0.000 rto=0.025 ready_bytes=39 upcoming_bytes=0 freq=72001959 sd_pos=1614993 heater_bed: target=65 temp=65.0 pwm=0.166 sysload=0.46 cputime=99.648 memavail=2524672 print_time=1326.697 buffer_time=2.054 print_stall=0 extruder: target=220 temp=219.7 pwm=0.561
Stats 2567629.3: gcodein=0  mcu: mcu_awake=0.032 mcu_task_avg=0.000059 mcu_task_stddev=0.000028 bytes_write=4029301 bytes_read=501296 bytes_retransmit=9 bytes_invalid=0 send_seq=68674 receive_seq=68674 retransmit_seq=2 srtt=0.003 rttvar=0.000 rto=0.025 ready_bytes=0 upcoming_bytes=0 freq=72001957 sd_pos=1617344 heater_bed: target=65 temp=65.0 pwm=0.295 sysload=0.42 cputime=99.744 memavail=2524672 print_time=1327.749 buffer_time=2.105 print_stall=0 extruder: target=220 temp=219.8 pwm=0.448
Stats 2567630.3: gcodein=0  mcu: mcu_awake=0.032 mcu_task_avg=0.000059 mcu_task_stddev=0.000028 bytes_write=4032844 bytes_read=501689 bytes_retransmit=9 bytes_invalid=0 send_seq=68733 receive_seq=68733 retransmit_seq=2 srtt=0.003 rttvar=0.000 rto=0.025 ready_bytes=32 upcoming_bytes=0 freq=72001957 sd_pos=1619680 heater_bed: target=65 temp=65.0 pwm=0.281 sysload=0.42 cputime=99.833 memavail=2524672 print_time=1328.739 buffer_time=2.094 print_stall=0 extruder: target=220 temp=219.9 pwm=0.448
Stats 2567631.3: gcodein=0  mcu: mcu_awake=0.032 mcu_task_avg=0.000059 mcu_task_stddev=0.000028 bytes_write=4037110 bytes_read=502152 bytes_retransmit=9 bytes_invalid=0 send_seq=68803 receive_seq=68803 retransmit_seq=2 srtt=0.003 rttvar=0.000 rto=0.025 ready_bytes=56 upcoming_bytes=0 freq=72001957 sd_pos=1622071 heater_bed: target=65 temp=64.9 pwm=0.445 sysload=0.42 cputime=99.924 memavail=2524896 print_time=1329.792 buffer_time=2.144 print_stall=0 extruder: target=220 temp=220.0 pwm=0.448
Stats 2567632.3: gcodein=0  mcu: mcu_awake=0.032 mcu_task_avg=0.000059 mcu_task_stddev=0.000028 bytes_write=4041470 bytes_read=502624 bytes_retransmit=9 bytes_invalid=0 send_seq=68875 receive_seq=68875 retransmit_seq=2 srtt=0.003 rttvar=0.001 rto=0.025 ready_bytes=41 upcoming_bytes=300 freq=72001958 sd_pos=1623983 heater_bed: target=65 temp=64.9 pwm=0.349 sysload=0.42 cputime=100.015 memavail=2525004 print_time=1330.775 buffer_time=2.127 print_stall=0 extruder: target=220 temp=220.1 pwm=0.453
Stats 2567633.3: gcodein=0  mcu: mcu_awake=0.031 mcu_task_avg=0.000045 mcu_task_stddev=0.000035 bytes_write=4045900 bytes_read=503098 bytes_retransmit=9 bytes_invalid=0 send_seq=68947 receive_seq=68947 retransmit_seq=2 srtt=0.003 rttvar=0.000 rto=0.025 ready_bytes=39 upcoming_bytes=3903 freq=72001968 sd_pos=1625522 heater_bed: target=65 temp=64.9 pwm=0.310 sysload=0.42 cputime=100.110 memavail=2524752 print_time=1332.267 buffer_time=2.618 print_stall=0 extruder: target=220 temp=220.2 pwm=0.453
Stats 2567634.3: gcodein=0  mcu: mcu_awake=0.031 mcu_task_avg=0.000045 mcu_task_stddev=0.000035 bytes_write=4050664 bytes_read=503596 bytes_retransmit=9 bytes_invalid=0 send_seq=69025 receive_seq=69024 retransmit_seq=2 srtt=0.003 rttvar=0.000 rto=0.025 ready_bytes=41 upcoming_bytes=2337 freq=72001966 sd_pos=1625983 heater_bed: target=65 temp=65.0 pwm=0.046 sysload=0.39 cputime=100.196 memavail=2524752 print_time=1332.989 buffer_time=2.339 print_stall=0 extruder: target=220 temp=220.2 pwm=0.453
Stats 2567635.3: gcodein=0  mcu: mcu_awake=0.031 mcu_task_avg=0.000045 mcu_task_stddev=0.000035 bytes_write=4056137 bytes_read=504163 bytes_retransmit=9 bytes_invalid=0 send_seq=69115 receive_seq=69115 retransmit_seq=2 srtt=0.003 rttvar=0.000 rto=0.025 ready_bytes=32 upcoming_bytes=3031 freq=72001967 sd_pos=1627400 heater_bed: target=65 temp=65.0 pwm=0.101 sysload=0.39 cputime=100.310 memavail=2524288 print_time=1334.176 buffer_time=2.525 print_stall=0 extruder: target=220 temp=220.2 pwm=0.453
Stats 2567636.3: gcodein=0  mcu: mcu_awake=0.031 mcu_task_avg=0.000045 mcu_task_stddev=0.000035 bytes_write=4061717 bytes_read=504716 bytes_retransmit=9 bytes_invalid=0 send_seq=69206 receive_seq=69206 retransmit_seq=2 srtt=0.003 rttvar=0.000 rto=0.025 ready_bytes=8 upcoming_bytes=1829 freq=72001966 sd_pos=1628196 heater_bed: target=65 temp=64.9 pwm=0.329 sysload=0.39 cputime=100.404 memavail=2524292 print_time=1334.924 buffer_time=2.271 print_stall=0 extruder: target=220 temp=220.2 pwm=0.505
Stats 2567637.3: gcodein=0  mcu: mcu_awake=0.031 mcu_task_avg=0.000045 mcu_task_stddev=0.000035 bytes_write=4065935 bytes_read=505174 bytes_retransmit=9 bytes_invalid=0 send_seq=69275 receive_seq=69275 retransmit_seq=2 srtt=0.003 rttvar=0.000 rto=0.025 ready_bytes=33 upcoming_bytes=2805 freq=72001965 sd_pos=1629034 heater_bed: target=65 temp=65.0 pwm=0.050 sysload=0.39 cputime=100.497 memavail=2524292 print_time=1336.120 buffer_time=2.466 print_stall=0 extruder: target=220 temp=220.1 pwm=0.505
Stats 2567638.3: gcodein=0  mcu: mcu_awake=0.033 mcu_task_avg=0.000059 mcu_task_stddev=0.000029 bytes_write=4071237 bytes_read=505742 bytes_retransmit=9 bytes_invalid=0 send_seq=69363 receive_seq=69363 retransmit_seq=2 srtt=0.003 rttvar=0.000 rto=0.025 ready_bytes=22 upcoming_bytes=0 freq=72001964 sd_pos=1630533 heater_bed: target=65 temp=64.9 pwm=0.331 sysload=0.39 cputime=100.594 memavail=2524292 print_time=1336.670 buffer_time=2.016 print_stall=0 extruder: target=220 temp=220.0 pwm=0.505
Stats 2567639.3: gcodein=0  mcu: mcu_awake=0.033 mcu_task_avg=0.000059 mcu_task_stddev=0.000029 bytes_write=4075519 bytes_read=506190 bytes_retransmit=9 bytes_invalid=0 send_seq=69433 receive_seq=69433 retransmit_seq=2 srtt=0.003 rttvar=0.000 rto=0.025 ready_bytes=7 upcoming_bytes=0 freq=72001963 sd_pos=1633124 heater_bed: target=65 temp=64.8 pwm=0.808 sysload=0.36 cputime=100.694 memavail=2524292 print_time=1337.775 buffer_time=2.119 print_stall=0 extruder: target=220 temp=220.0 pwm=0.505
Stats 2567640.3: gcodein=0  mcu: mcu_awake=0.033 mcu_task_avg=0.000059 mcu_task_stddev=0.000029 bytes_write=4080008 bytes_read=506683 bytes_retransmit=9 bytes_invalid=0 send_seq=69509 receive_seq=69509 retransmit_seq=2 srtt=0.003 rttvar=0.000 rto=0.025 ready_bytes=36 upcoming_bytes=0 freq=72001962 sd_pos=1636459 heater_bed: target=65 temp=64.9 pwm=0.306 sysload=0.36 cputime=100.815 memavail=2524292 print_time=1338.697 buffer_time=2.041 print_stall=0 extruder: target=220 temp=220.0 pwm=0.531
Stats 2567641.3: gcodein=0  mcu: mcu_awake=0.033 mcu_task_avg=0.000059 mcu_task_stddev=0.000029 bytes_write=4083854 bytes_read=507100 bytes_retransmit=9 bytes_invalid=0 send_seq=69573 receive_seq=69570 retransmit_seq=2 srtt=0.003 rttvar=0.000 rto=0.025 ready_bytes=192 upcoming_bytes=1275 freq=72001962 sd_pos=1639818 heater_bed: target=65 temp=64.9 pwm=0.387 sysload=0.36 cputime=100.939 memavail=2524824 print_time=1340.012 buffer_time=2.352 print_stall=0 extruder: target=220 temp=220.1 pwm=0.465
Stats 2567642.3: gcodein=0  mcu: mcu_awake=0.033 mcu_task_avg=0.000059 mcu_task_stddev=0.000029 bytes_write=4088812 bytes_read=507618 bytes_retransmit=9 bytes_invalid=0 send_seq=69654 receive_seq=69654 retransmit_seq=2 srtt=0.003 rttvar=0.000 rto=0.025 ready_bytes=40 upcoming_bytes=1343 freq=72001963 sd_pos=1641160 heater_bed: target=65 temp=64.9 pwm=0.314 sysload=0.36 cputime=101.036 memavail=2524152 print_time=1341.034 buffer_time=2.372 print_stall=0 extruder: target=220 temp=220.1 pwm=0.465
Stats 2567643.3: gcodein=0  mcu: mcu_awake=0.032 mcu_task_avg=0.000051 mcu_task_stddev=0.000034 bytes_write=4092888 bytes_read=508091 bytes_retransmit=9 bytes_invalid=0 send_seq=69721 receive_seq=69720 retransmit_seq=2 srtt=0.003 rttvar=0.000 rto=0.025 ready_bytes=15 upcoming_bytes=744 freq=72001964 sd_pos=1641941 heater_bed: target=65 temp=64.9 pwm=0.507 sysload=0.36 cputime=101.117 memavail=2523200 print_time=1341.661 buffer_time=2.000 print_stall=0 extruder: target=220 temp=220.2 pwm=0.465
Stats 2567644.3: gcodein=0  mcu: mcu_awake=0.032 mcu_task_avg=0.000051 mcu_task_stddev=0.000034 bytes_write=4097662 bytes_read=508584 bytes_retransmit=9 bytes_invalid=0 send_seq=69799 receive_seq=69799 retransmit_seq=2 srtt=0.003 rttvar=0.000 rto=0.025 ready_bytes=41 upcoming_bytes=4187 freq=72001964 sd_pos=1643816 heater_bed: target=65 temp=65.0 pwm=0.000 sysload=0.41 cputime=101.223 memavail=2523200 print_time=1343.216 buffer_time=2.553 print_stall=0 extruder: target=220 temp=220.2 pwm=0.465
Stats 2567645.3: gcodein=0  mcu: mcu_awake=0.032 mcu_task_avg=0.000051 mcu_task_stddev=0.000034 bytes_write=4103224 bytes_read=509132 bytes_retransmit=9 bytes_invalid=0 send_seq=69890 receive_seq=69889 retransmit_seq=2 srtt=0.003 rttvar=0.000 rto=0.025 ready_bytes=35 upcoming_bytes=2542 freq=72001964 sd_pos=1644701 heater_bed: target=65 temp=65.0 pwm=0.188 sysload=0.41 cputime=101.319 memavail=2522980 print_time=1343.899 buffer_time=2.234 print_stall=0 extruder: target=220 temp=220.2 pwm=0.482
Stats 2567646.3: gcodein=0  mcu: mcu_awake=0.032 mcu_task_avg=0.000051 mcu_task_stddev=0.000034 bytes_write=4108766 bytes_read=509719 bytes_retransmit=9 bytes_invalid=0 send_seq=69981 receive_seq=69981 retransmit_seq=2 srtt=0.003 rttvar=0.000 rto=0.025 ready_bytes=49 upcoming_bytes=874 freq=72001963 sd_pos=1645421 heater_bed: target=65 temp=64.9 pwm=0.376 sysload=0.41 cputime=101.412 memavail=2521188 print_time=1344.809 buffer_time=2.143 print_stall=0 extruder: target=220 temp=220.1 pwm=0.482
Stats 2567647.3: gcodein=0  mcu: mcu_awake=0.032 mcu_task_avg=0.000051 mcu_task_stddev=0.000034 bytes_write=4114204 bytes_read=510257 bytes_retransmit=9 bytes_invalid=0 send_seq=70070 receive_seq=70069 retransmit_seq=2 srtt=0.003 rttvar=0.000 rto=0.025 ready_bytes=23 upcoming_bytes=1000 freq=72001960 sd_pos=1646778 heater_bed: target=65 temp=64.9 pwm=0.242 sysload=0.41 cputime=101.519 memavail=2520740 print_time=1346.017 buffer_time=2.350 print_stall=0 extruder: target=220 temp=220.1 pwm=0.482
Stats 2567648.3: gcodein=0  mcu: mcu_awake=0.033 mcu_task_avg=0.000061 mcu_task_stddev=0.000028 bytes_write=4117874 bytes_read=510671 bytes_retransmit=9 bytes_invalid=0 send_seq=70130 receive_seq=70129 retransmit_seq=2 srtt=0.003 rttvar=0.000 rto=0.025 ready_bytes=0 upcoming_bytes=0 freq=72001963 sd_pos=1647997 heater_bed: target=65 temp=64.9 pwm=0.303 sysload=0.41 cputime=101.608 memavail=2520740 print_time=1346.728 buffer_time=2.059 print_stall=0 extruder: target=220 temp=220.1 pwm=0.482
Stats 2567649.3: gcodein=0  mcu: mcu_awake=0.033 mcu_task_avg=0.000061 mcu_task_stddev=0.000028 bytes_write=4123398 bytes_read=511264 bytes_retransmit=9 bytes_invalid=0 send_seq=70221 receive_seq=70220 retransmit_seq=2 srtt=0.003 rttvar=0.000 rto=0.025 ready_bytes=30 upcoming_bytes=0 freq=72001963 sd_pos=1649514 heater_bed: target=65 temp=64.9 pwm=0.597 sysload=0.37 cputime=101.701 memavail=2520740 print_time=1347.790 buffer_time=2.121 print_stall=0 extruder: target=220 temp=220.0 pwm=0.483
Stats 2567650.3: gcodein=0  mcu: mcu_awake=0.033 mcu_task_avg=0.000061 mcu_task_stddev=0.000028 bytes_write=4126830 bytes_read=511652 bytes_retransmit=9 bytes_invalid=0 send_seq=70278 receive_seq=70278 retransmit_seq=2 srtt=0.003 rttvar=0.000 rto=0.025 ready_bytes=39 upcoming_bytes=759 freq=72001960 sd_pos=1650989 heater_bed: target=65 temp=64.9 pwm=0.284 sysload=0.37 cputime=101.791 memavail=2520740 print_time=1348.738 buffer_time=2.068 print_stall=0 extruder: target=220 temp=220.1 pwm=0.483
Stats 2567651.3: gcodein=0  mcu: mcu_awake=0.033 mcu_task_avg=0.000061 mcu_task_stddev=0.000028 bytes_write=4132032 bytes_read=512175 bytes_retransmit=9 bytes_invalid=0 send_seq=70364 receive_seq=70363 retransmit_seq=2 srtt=0.003 rttvar=0.000 rto=0.025 ready_bytes=8 upcoming_bytes=2571 freq=72001959 sd_pos=1653880 heater_bed: target=65 temp=65.0 pwm=0.097 sysload=0.37 cputime=101.931 memavail=2524576 print_time=1350.181 buffer_time=2.509 print_stall=0 extruder: target=220 temp=220.1 pwm=0.483
Stats 2567652.3: gcodein=0  mcu: mcu_awake=0.033 mcu_task_avg=0.000061 mcu_task_stddev=0.000028 bytes_write=4136538 bytes_read=512677 bytes_retransmit=9 bytes_invalid=0 send_seq=70438 receive_seq=70438 retransmit_seq=2 srtt=0.003 rttvar=0.000 rto=0.025 ready_bytes=53 upcoming_bytes=627 freq=72001959 sd_pos=1654675 heater_bed: target=65 temp=64.9 pwm=0.394 sysload=0.37 cputime=102.017 memavail=2524352 print_time=1350.921 buffer_time=2.249 print_stall=0 extruder: target=220 temp=220.0 pwm=0.483
Stats 2567653.3: gcodein=0  mcu: mcu_awake=0.030 mcu_task_avg=0.000056 mcu_task_stddev=0.000031 bytes_write=4141159 bytes_read=513176 bytes_retransmit=9 bytes_invalid=0 send_seq=70515 receive_seq=70515 retransmit_seq=2 srtt=0.003 rttvar=0.000 rto=0.025 ready_bytes=37 upcoming_bytes=740 freq=72001958 sd_pos=1656761 heater_bed: target=65 temp=64.9 pwm=0.347 sysload=0.37 cputime=102.125 memavail=2523868 print_time=1351.856 buffer_time=2.182 print_stall=0 extruder: target=220 temp=220.0 pwm=0.502
Stats 2567654.3: gcodein=0  mcu: mcu_awake=0.030 mcu_task_avg=0.000056 mcu_task_stddev=0.000031 bytes_write=4145043 bytes_read=513589 bytes_retransmit=9 bytes_invalid=0 send_seq=70579 receive_seq=70578 retransmit_seq=2 srtt=0.003 rttvar=0.000 rto=0.025 ready_bytes=17 upcoming_bytes=1792 freq=72001958 sd_pos=1658804 heater_bed: target=65 temp=64.9 pwm=0.449 sysload=0.34 cputime=102.234 memavail=2523868 print_time=1352.886 buffer_time=2.212 print_stall=0 extruder: target=220 temp=220.0 pwm=0.502
Stats 2567655.3: gcodein=0  mcu: mcu_awake=0.030 mcu_task_avg=0.000056 mcu_task_stddev=0.000031 bytes_write=4150056 bytes_read=514136 bytes_retransmit=9 bytes_invalid=0 send_seq=70662 receive_seq=70662 retransmit_seq=2 srtt=0.003 rttvar=0.000 rto=0.025 ready_bytes=49 upcoming_bytes=3762 freq=72001959 sd_pos=1660650 heater_bed: target=65 temp=64.9 pwm=0.365 sysload=0.34 cputime=102.336 memavail=2523868 print_time=1354.209 buffer_time=2.533 print_stall=0 extruder: target=220 temp=219.9 pwm=0.502
Stats 2567656.3: gcodein=0  mcu: mcu_awake=0.030 mcu_task_avg=0.000056 mcu_task_stddev=0.000031 bytes_write=4155269 bytes_read=514659 bytes_retransmit=9 bytes_invalid=0 send_seq=70747 receive_seq=70747 retransmit_seq=2 srtt=0.003 rttvar=0.000 rto=0.025 ready_bytes=53 upcoming_bytes=2780 freq=72001959 sd_pos=1661345 heater_bed: target=65 temp=64.8 pwm=0.829 sysload=0.34 cputime=102.426 memavail=2523868 print_time=1354.954 buffer_time=2.277 print_stall=0 extruder: target=220 temp=219.9 pwm=0.502
Stats 2567657.3: gcodein=0  mcu: mcu_awake=0.030 mcu_task_avg=0.000056 mcu_task_stddev=0.000031 bytes_write=4160721 bytes_read=515202 bytes_retransmit=9 bytes_invalid=0 send_seq=70836 receive_seq=70836 retransmit_seq=2 srtt=0.003 rttvar=0.000 rto=0.025 ready_bytes=39 upcoming_bytes=4326 freq=72001960 sd_pos=1662897 heater_bed: target=65 temp=64.9 pwm=0.139 sysload=0.34 cputime=102.542 memavail=2523868 print_time=1356.273 buffer_time=2.595 print_stall=0 extruder: target=220 temp=219.9 pwm=0.502
Stats 2567658.3: gcodein=0  mcu: mcu_awake=0.033 mcu_task_avg=0.000059 mcu_task_stddev=0.000029 bytes_write=4166279 bytes_read=515800 bytes_retransmit=9 bytes_invalid=0 send_seq=70927 receive_seq=70927 retransmit_seq=2 srtt=0.003 rttvar=0.000 rto=0.025 ready_bytes=58 upcoming_bytes=1055 freq=72001960 sd_pos=1663848 heater_bed: target=65 temp=65.0 pwm=0.113 sysload=0.34 cputime=102.645 memavail=2523616 print_time=1356.919 buffer_time=2.240 print_stall=0 extruder: target=220 temp=219.9 pwm=0.475
Stats 2567659.3: gcodein=0  mcu: mcu_awake=0.033 mcu_task_avg=0.000059 mcu_task_stddev=0.000029 bytes_write=4170952 bytes_read=516283 bytes_retransmit=9 bytes_invalid=0 send_seq=71004 receive_seq=71004 retransmit_seq=2 srtt=0.003 rttvar=0.000 rto=0.025 ready_bytes=38 upcoming_bytes=0 freq=72001960 sd_pos=1666004 heater_bed: target=65 temp=65.0 pwm=0.208 sysload=0.40 cputime=102.743 memavail=2523616 print_time=1357.754 buffer_time=2.075 print_stall=0 extruder: target=220 temp=219.9 pwm=0.475
Stats 2567660.3: gcodein=0  mcu: mcu_awake=0.033 mcu_task_avg=0.000059 mcu_task_stddev=0.000029 bytes_write=4175015 bytes_read=516716 bytes_retransmit=9 bytes_invalid=0 send_seq=71071 receive_seq=71071 retransmit_seq=2 srtt=0.003 rttvar=0.001 rto=0.025 ready_bytes=29 upcoming_bytes=0 freq=72001958 sd_pos=1668640 heater_bed: target=65 temp=64.9 pwm=0.416 sysload=0.40 cputime=102.834 memavail=2523616 print_time=1358.750 buffer_time=2.070 print_stall=0 extruder: target=220 temp=219.8 pwm=0.555
Stats 2567661.3: gcodein=0  mcu: mcu_awake=0.033 mcu_task_avg=0.000059 mcu_task_stddev=0.000029 bytes_write=4178787 bytes_read=517153 bytes_retransmit=9 bytes_invalid=0 send_seq=71136 receive_seq=71133 retransmit_seq=2 srtt=0.003 rttvar=0.000 rto=0.025 ready_bytes=809 upcoming_bytes=657 freq=72001956 sd_pos=1672196 heater_bed: target=65 temp=64.9 pwm=0.685 sysload=0.40 cputime=102.950 memavail=2527424 print_time=1360.127 buffer_time=2.430 print_stall=0 extruder: target=220 temp=219.8 pwm=0.504
Stats 2567662.3: gcodein=0  mcu: mcu_awake=0.033 mcu_task_avg=0.000059 mcu_task_stddev=0.000029 bytes_write=4183589 bytes_read=517671 bytes_retransmit=9 bytes_invalid=0 send_seq=71217 receive_seq=71217 retransmit_seq=2 srtt=0.003 rttvar=0.000 rto=0.025 ready_bytes=21 upcoming_bytes=0 freq=72001956 sd_pos=1674177 heater_bed: target=65 temp=64.9 pwm=0.597 sysload=0.40 cputime=103.032 memavail=2527200 print_time=1360.897 buffer_time=2.199 print_stall=0 extruder: target=220 temp=219.9 pwm=0.481
Stats 2567663.3: gcodein=0  mcu: mcu_awake=0.031 mcu_task_avg=0.000048 mcu_task_stddev=0.000034 bytes_write=4187091 bytes_read=518075 bytes_retransmit=9 bytes_invalid=0 send_seq=71275 receive_seq=71275 retransmit_seq=2 srtt=0.003 rttvar=0.000 rto=0.025 ready_bytes=42 upcoming_bytes=0 freq=72001958 sd_pos=1675783 heater_bed: target=65 temp=65.0 pwm=0.403 sysload=0.40 cputime=103.115 memavail=2527252 print_time=1361.743 buffer_time=2.043 print_stall=0 extruder: target=220 temp=219.9 pwm=0.481
Stats 2567664.3: gcodein=0  mcu: mcu_awake=0.031 mcu_task_avg=0.000048 mcu_task_stddev=0.000034 bytes_write=4192156 bytes_read=518612 bytes_retransmit=9 bytes_invalid=0 send_seq=71358 receive_seq=71357 retransmit_seq=2 srtt=0.003 rttvar=0.000 rto=0.025 ready_bytes=40 upcoming_bytes=3220 freq=72001959 sd_pos=1677333 heater_bed: target=65 temp=64.9 pwm=0.823 sysload=0.37 cputime=103.217 memavail=2527000 print_time=1363.254 buffer_time=2.552 print_stall=0 extruder: target=220 temp=219.9 pwm=0.489
Stats 2567665.3: gcodein=0  mcu: mcu_awake=0.031 mcu_task_avg=0.000048 mcu_task_stddev=0.000034 bytes_write=4196398 bytes_read=519060 bytes_retransmit=9 bytes_invalid=0 send_seq=71428 receive_seq=71427 retransmit_seq=2 srtt=0.003 rttvar=0.000 rto=0.025 ready_bytes=24 upcoming_bytes=3315 freq=72001957 sd_pos=1678057 heater_bed: target=65 temp=65.0 pwm=0.103 sysload=0.37 cputime=103.300 memavail=2526776 print_time=1364.009 buffer_time=2.306 print_stall=0 extruder: target=220 temp=219.9 pwm=0.489
Stats 2567666.3: gcodein=0  mcu: mcu_awake=0.031 mcu_task_avg=0.000048 mcu_task_stddev=0.000034 bytes_write=4202041 bytes_read=519628 bytes_retransmit=9 bytes_invalid=0 send_seq=71521 receive_seq=71521 retransmit_seq=2 srtt=0.003 rttvar=0.000 rto=0.025 ready_bytes=50 upcoming_bytes=2081 freq=72001957 sd_pos=1678971 heater_bed: target=65 temp=65.0 pwm=0.270 sysload=0.37 cputime=103.394 memavail=2526776 print_time=1364.768 buffer_time=2.065 print_stall=0 extruder: target=220 temp=219.9 pwm=0.489
Stats 2567667.3: gcodein=0  mcu: mcu_awake=0.031 mcu_task_avg=0.000048 mcu_task_stddev=0.000034 bytes_write=4207727 bytes_read=520220 bytes_retransmit=9 bytes_invalid=0 send_seq=71614 receive_seq=71614 retransmit_seq=2 srtt=0.003 rttvar=0.000 rto=0.025 ready_bytes=24 upcoming_bytes=2531 freq=72001958 sd_pos=1680227 heater_bed: target=65 temp=65.0 pwm=0.447 sysload=0.37 cputime=103.500 memavail=2526556 print_time=1366.102 buffer_time=2.398 print_stall=0 extruder: target=220 temp=220.0 pwm=0.489
Stats 2567668.3: gcodein=0  mcu: mcu_awake=0.033 mcu_task_avg=0.000059 mcu_task_stddev=0.000030 bytes_write=4213502 bytes_read=520809 bytes_retransmit=9 bytes_invalid=0 send_seq=71709 receive_seq=71709 retransmit_seq=2 srtt=0.003 rttvar=0.000 rto=0.025 ready_bytes=40 upcoming_bytes=1001 freq=72001958 sd_pos=1681002 heater_bed: target=65 temp=65.1 pwm=0.205 sysload=0.37 cputime=103.593 memavail=2526332 print_time=1366.872 buffer_time=2.166 print_stall=0 extruder: target=220 temp=220.0 pwm=0.503
Stats 2567669.3: gcodein=0  mcu: mcu_awake=0.033 mcu_task_avg=0.000059 mcu_task_stddev=0.000030 bytes_write=4217819 bytes_read=521262 bytes_retransmit=9 bytes_invalid=0 send_seq=71780 receive_seq=71780 retransmit_seq=2 srtt=0.003 rttvar=0.000 rto=0.025 ready_bytes=37 upcoming_bytes=3713 freq=72001958 sd_pos=1682254 heater_bed: target=65 temp=65.0 pwm=0.366 sysload=0.42 cputime=103.688 memavail=2526332 print_time=1368.237 buffer_time=2.531 print_stall=0 extruder: target=220 temp=220.0 pwm=0.503
Stats 2567670.3: gcodein=0  mcu: mcu_awake=0.033 mcu_task_avg=0.000059 mcu_task_stddev=0.000030 bytes_write=4223251 bytes_read=521829 bytes_retransmit=9 bytes_invalid=0 send_seq=71869 receive_seq=71868 retransmit_seq=2 srtt=0.003 rttvar=0.000 rto=0.025 ready_bytes=42 upcoming_bytes=3202 freq=72001961 sd_pos=1683889 heater_bed: target=65 temp=65.0 pwm=0.393 sysload=0.42 cputime=103.796 memavail=2526332 print_time=1369.361 buffer_time=2.653 print_stall=0 extruder: target=220 temp=220.1 pwm=0.444
Stats 2567671.3: gcodein=0  mcu: mcu_awake=0.033 mcu_task_avg=0.000059 mcu_task_stddev=0.000030 bytes_write=4228436 bytes_read=522362 bytes_retransmit=9 bytes_invalid=0 send_seq=71955 receive_seq=71955 retransmit_seq=2 srtt=0.003 rttvar=0.000 rto=0.025 ready_bytes=58 upcoming_bytes=1046 freq=72001962 sd_pos=1685409 heater_bed: target=65 temp=65.0 pwm=0.477 sysload=0.42 cputime=103.893 memavail=2526332 print_time=1369.934 buffer_time=2.227 print_stall=0 extruder: target=220 temp=220.3 pwm=0.392
Stats 2567672.3: gcodein=0  mcu: mcu_awake=0.033 mcu_task_avg=0.000059 mcu_task_stddev=0.000030 bytes_write=4233355 bytes_read=522870 bytes_retransmit=9 bytes_invalid=0 send_seq=72037 receive_seq=72037 retransmit_seq=2 srtt=0.003 rttvar=0.000 rto=0.025 ready_bytes=33 upcoming_bytes=509 freq=72001961 sd_pos=1687282 heater_bed: target=65 temp=65.1 pwm=0.191 sysload=0.42 cputime=103.996 memavail=2532860 print_time=1370.912 buffer_time=2.204 print_stall=0 extruder: target=220 temp=220.3 pwm=0.392
Stats 2567673.3: gcodein=0  mcu: mcu_awake=0.033 mcu_task_avg=0.000058 mcu_task_stddev=0.000029 bytes_write=4237761 bytes_read=523378 bytes_retransmit=9 bytes_invalid=0 send_seq=72110 receive_seq=72110 retransmit_seq=2 srtt=0.003 rttvar=0.000 rto=0.025 ready_bytes=14 upcoming_bytes=675 freq=72001960 sd_pos=1689766 heater_bed: target=65 temp=65.1 pwm=0.000 sysload=0.42 cputime=104.104 memavail=2532124 print_time=1371.992 buffer_time=2.283 print_stall=0 extruder: target=220 temp=220.5 pwm=0.392
Stats 2567674.3: gcodein=0  mcu: mcu_awake=0.033 mcu_task_avg=0.000058 mcu_task_stddev=0.000029 bytes_write=4241427 bytes_read=523786 bytes_retransmit=9 bytes_invalid=0 send_seq=72172 receive_seq=72172 retransmit_seq=2 srtt=0.003 rttvar=0.000 rto=0.025 ready_bytes=28 upcoming_bytes=0 freq=72001959 sd_pos=1691619 heater_bed: target=65 temp=65.1 pwm=0.290 sysload=0.38 cputime=104.195 memavail=2532124 print_time=1372.710 buffer_time=2.000 print_stall=0 extruder: target=220 temp=220.5 pwm=0.392
Stats 2567675.3: gcodein=0  mcu: mcu_awake=0.033 mcu_task_avg=0.000058 mcu_task_stddev=0.000029 bytes_write=4245573 bytes_read=524230 bytes_retransmit=9 bytes_invalid=0 send_seq=72241 receive_seq=72240 retransmit_seq=2 srtt=0.003 rttvar=0.000 rto=0.025 ready_bytes=9 upcoming_bytes=0 freq=72001958 sd_pos=1694238 heater_bed: target=65 temp=65.1 pwm=0.174 sysload=0.38 cputime=104.288 memavail=2532124 print_time=1373.712 buffer_time=2.002 print_stall=0 extruder: target=220 temp=220.5 pwm=0.449
Stats 2567676.3: gcodein=0  mcu: mcu_awake=0.033 mcu_task_avg=0.000058 mcu_task_stddev=0.000029 bytes_write=4250368 bytes_read=524734 bytes_retransmit=9 bytes_invalid=0 send_seq=72321 receive_seq=72320 retransmit_seq=2 srtt=0.003 rttvar=0.001 rto=0.025 ready_bytes=14 upcoming_bytes=580 freq=72001956 sd_pos=1697845 heater_bed: target=65 temp=65.2 pwm=0.000 sysload=0.38 cputime=104.403 memavail=2532124 print_time=1375.085 buffer_time=2.374 print_stall=0 extruder: target=220 temp=220.4 pwm=0.470
Stats 2567677.4: gcodein=0  mcu: mcu_awake=0.033 mcu_task_avg=0.000058 mcu_task_stddev=0.000029 bytes_write=4254207 bytes_read=525150 bytes_retransmit=9 bytes_invalid=0 send_seq=72385 receive_seq=72385 retransmit_seq=2 srtt=0.003 rttvar=0.000 rto=0.025 ready_bytes=44 upcoming_bytes=0 freq=72001956 sd_pos=1699913 heater_bed: target=65 temp=65.1 pwm=0.000 sysload=0.38 cputime=104.489 memavail=2529884 print_time=1375.873 buffer_time=2.161 print_stall=0 extruder: target=220 temp=220.3 pwm=0.470
Stats 2567678.4: gcodein=0  mcu: mcu_awake=0.030 mcu_task_avg=0.000048 mcu_task_stddev=0.000034 bytes_write=4258263 bytes_read=525607 bytes_retransmit=9 bytes_invalid=0 send_seq=72452 receive_seq=72452 retransmit_seq=2 srtt=0.003 rttvar=0.000 rto=0.025 ready_bytes=57 upcoming_bytes=718 freq=72001957 sd_pos=1701667 heater_bed: target=65 temp=65.1 pwm=0.270 sysload=0.38 cputime=104.583 memavail=2529884 print_time=1376.894 buffer_time=2.181 print_stall=0 extruder: target=220 temp=220.2 pwm=0.540
Stats 2567679.4: gcodein=0  mcu: mcu_awake=0.030 mcu_task_avg=0.000048 mcu_task_stddev=0.000034 bytes_write=4262903 bytes_read=526099 bytes_retransmit=9 bytes_invalid=0 send_seq=72528 receive_seq=72528 retransmit_seq=2 srtt=0.003 rttvar=0.000 rto=0.025 ready_bytes=34 upcoming_bytes=2876 freq=72001957 sd_pos=1703355 heater_bed: target=65 temp=65.1 pwm=0.473 sysload=0.35 cputime=104.693 memavail=2529884 print_time=1378.219 buffer_time=2.504 print_stall=0 extruder: target=220 temp=220.0 pwm=0.540
Stats 2567680.4: gcodein=0  mcu: mcu_awake=0.030 mcu_task_avg=0.000048 mcu_task_stddev=0.000034 bytes_write=4267546 bytes_read=526572 bytes_retransmit=9 bytes_invalid=0 send_seq=72604 receive_seq=72603 retransmit_seq=2 srtt=0.003 rttvar=0.000 rto=0.025 ready_bytes=23 upcoming_bytes=1911 freq=72001959 sd_pos=1704152 heater_bed: target=65 temp=65.1 pwm=0.284 sysload=0.35 cputime=104.783 memavail=2529884 print_time=1378.919 buffer_time=2.203 print_stall=0 extruder: target=220 temp=219.8 pwm=0.540
Stats 2567681.4: gcodein=0  mcu: mcu_awake=0.030 mcu_task_avg=0.000048 mcu_task_stddev=0.000034 bytes_write=4272699 bytes_read=527110 bytes_retransmit=9 bytes_invalid=0 send_seq=72688 receive_seq=72688 retransmit_seq=2 srtt=0.003 rttvar=0.000 rto=0.025 ready_bytes=49 upcoming_bytes=2307 freq=72001959 sd_pos=1705512 heater_bed: target=65 temp=65.1 pwm=0.200 sysload=0.35 cputime=104.890 memavail=2529884 print_time=1380.207 buffer_time=2.490 print_stall=0 extruder: target=220 temp=219.8 pwm=0.540
Stats 2567682.4: gcodein=0  mcu: mcu_awake=0.030 mcu_task_avg=0.000048 mcu_task_stddev=0.000034 bytes_write=4277987 bytes_read=527657 bytes_retransmit=9 bytes_invalid=0 send_seq=72775 receive_seq=72775 retransmit_seq=2 srtt=0.003 rttvar=0.000 rto=0.025 ready_bytes=32 upcoming_bytes=1018 freq=72001957 sd_pos=1706239 heater_bed: target=65 temp=65.1 pwm=0.330 sysload=0.35 cputime=104.973 memavail=2529884 print_time=1380.900 buffer_time=2.182 print_stall=0 extruder: target=220 temp=219.7 pwm=0.525
Stats 2567683.4: gcodein=0  mcu: mcu_awake=0.033 mcu_task_avg=0.000059 mcu_task_stddev=0.000030 bytes_write=4282021 bytes_read=528101 bytes_retransmit=9 bytes_invalid=0 send_seq=72841 receive_seq=72841 retransmit_seq=2 srtt=0.003 rttvar=0.000 rto=0.025 ready_bytes=42 upcoming_bytes=4543 freq=72001956 sd_pos=1707926 heater_bed: target=65 temp=65.2 pwm=0.000 sysload=0.35 cputime=105.073 memavail=2529636 print_time=1382.344 buffer_time=2.627 print_stall=0 extruder: target=220 temp=219.7 pwm=0.535
Stats 2567684.4: gcodein=0  mcu: mcu_awake=0.033 mcu_task_avg=0.000059 mcu_task_stddev=0.000030 bytes_write=4287505 bytes_read=528659 bytes_retransmit=9 bytes_invalid=0 send_seq=72931 receive_seq=72930 retransmit_seq=2 srtt=0.003 rttvar=0.000 rto=0.025 ready_bytes=33 upcoming_bytes=2973 freq=72001954 sd_pos=1709091 heater_bed: target=65 temp=65.1 pwm=0.273 sysload=0.40 cputime=105.181 memavail=2529636 print_time=1383.345 buffer_time=2.627 print_stall=0 extruder: target=220 temp=219.8 pwm=0.455
Stats 2567685.4: gcodein=0  mcu: mcu_awake=0.033 mcu_task_avg=0.000059 mcu_task_stddev=0.000030 bytes_write=4292710 bytes_read=529206 bytes_retransmit=9 bytes_invalid=0 send_seq=73017 receive_seq=73017 retransmit_seq=2 srtt=0.003 rttvar=0.000 rto=0.025 ready_bytes=55 upcoming_bytes=366 freq=72001954 sd_pos=1710206 heater_bed: target=65 temp=65.1 pwm=0.257 sysload=0.40 cputime=105.271 memavail=2529640 print_time=1383.817 buffer_time=2.099 print_stall=0 extruder: target=220 temp=220.1 pwm=0.380
Stats 2567686.4: gcodein=0  mcu: mcu_awake=0.033 mcu_task_avg=0.000059 mcu_task_stddev=0.000030 bytes_write=4297442 bytes_read=529694 bytes_retransmit=9 bytes_invalid=0 send_seq=73095 receive_seq=73095 retransmit_seq=2 srtt=0.003 rttvar=0.000 rto=0.025 ready_bytes=55 upcoming_bytes=0 freq=72001957 sd_pos=1712378 heater_bed: target=65 temp=65.0 pwm=0.567 sysload=0.40 cputime=105.373 memavail=2529640 print_time=1384.746 buffer_time=2.026 print_stall=0 extruder: target=220 temp=220.1 pwm=0.380
Stats 2567687.4: gcodein=0  mcu: mcu_awake=0.033 mcu_task_avg=0.000059 mcu_task_stddev=0.000030 bytes_write=4301790 bytes_read=530162 bytes_retransmit=9 bytes_invalid=0 send_seq=73167 receive_seq=73166 retransmit_seq=2 srtt=0.003 rttvar=0.000 rto=0.025 ready_bytes=0 upcoming_bytes=1062 freq=72001958 sd_pos=1714545 heater_bed: target=65 temp=65.1 pwm=0.328 sysload=0.40 cputime=105.481 memavail=2529636 print_time=1385.832 buffer_time=2.112 print_stall=0 extruder: target=220 temp=220.2 pwm=0.380
Stats 2567688.4: gcodein=0  mcu: mcu_awake=0.031 mcu_task_avg=0.000058 mcu_task_stddev=0.000029 bytes_write=4306558 bytes_read=530685 bytes_retransmit=9 bytes_invalid=0 send_seq=73245 receive_seq=73245 retransmit_seq=2 srtt=0.003 rttvar=0.000 rto=0.025 ready_bytes=36 upcoming_bytes=3921 freq=72001959 sd_pos=1716262 heater_bed: target=65 temp=65.0 pwm=0.663 sysload=0.40 cputime=105.581 memavail=2529640 print_time=1387.345 buffer_time=2.625 print_stall=0 extruder: target=220 temp=220.3 pwm=0.434
Stats 2567689.4: gcodein=0  mcu: mcu_awake=0.031 mcu_task_avg=0.000058 mcu_task_stddev=0.000029 bytes_write=4311750 bytes_read=531203 bytes_retransmit=9 bytes_invalid=0 send_seq=73330 receive_seq=73329 retransmit_seq=2 srtt=0.003 rttvar=0.000 rto=0.025 ready_bytes=25 upcoming_bytes=1945 freq=72001960 sd_pos=1716918 heater_bed: target=65 temp=65.1 pwm=0.265 sysload=0.37 cputime=105.663 memavail=2529640 print_time=1387.947 buffer_time=2.227 print_stall=0 extruder: target=220 temp=220.4 pwm=0.379
Stats 2567690.4: gcodein=0  mcu: mcu_awake=0.031 mcu_task_avg=0.000058 mcu_task_stddev=0.000029 bytes_write=4316967 bytes_read=531751 bytes_retransmit=9 bytes_invalid=0 send_seq=73416 receive_seq=73416 retransmit_seq=2 srtt=0.003 rttvar=0.000 rto=0.025 ready_bytes=36 upcoming_bytes=1136 freq=72001961 sd_pos=1718377 heater_bed: target=65 temp=65.1 pwm=0.512 sysload=0.37 cputime=105.767 memavail=2529640 print_time=1388.958 buffer_time=2.236 print_stall=0 extruder: target=220 temp=220.2 pwm=0.469
Stats 2567691.4: gcodein=0  mcu: mcu_awake=0.031 mcu_task_avg=0.000058 mcu_task_stddev=0.000029 bytes_write=4322018 bytes_read=532283 bytes_retransmit=9 bytes_invalid=0 send_seq=73500 receive_seq=73500 retransmit_seq=2 srtt=0.003 rttvar=0.000 rto=0.025 ready_bytes=31 upcoming_bytes=515 freq=72001961 sd_pos=1720604 heater_bed: target=65 temp=65.1 pwm=0.319 sysload=0.37 cputime=105.884 memavail=2529640 print_time=1389.875 buffer_time=2.153 print_stall=0 extruder: target=220 temp=220.1 pwm=0.527
Stats 2567692.4: gcodein=0  mcu: mcu_awake=0.031 mcu_task_avg=0.000058 mcu_task_stddev=0.000029 bytes_write=4326237 bytes_read=532726 bytes_retransmit=9 bytes_invalid=0 send_seq=73569 receive_seq=73569 retransmit_seq=2 srtt=0.003 rttvar=0.000 rto=0.025 ready_bytes=55 upcoming_bytes=1309 freq=72001960 sd_pos=1721925 heater_bed: target=65 temp=65.1 pwm=0.454 sysload=0.37 cputime=105.982 memavail=2529192 print_time=1391.064 buffer_time=2.341 print_stall=0 extruder: target=220 temp=219.9 pwm=0.527
Stats 2567693.4: gcodein=0  mcu: mcu_awake=0.033 mcu_task_avg=0.000061 mcu_task_stddev=0.000028 bytes_write=4331025 bytes_read=533245 bytes_retransmit=9 bytes_invalid=0 send_seq=73648 receive_seq=73647 retransmit_seq=2 srtt=0.003 rttvar=0.000 rto=0.025 ready_bytes=24 upcoming_bytes=34 freq=72001960 sd_pos=1723978 heater_bed: target=65 temp=65.2 pwm=0.140 sysload=0.37 cputime=106.089 memavail=2528296 print_time=1391.876 buffer_time=2.152 print_stall=0 extruder: target=220 temp=219.8 pwm=0.532
Stats 2567694.4: gcodein=0  mcu: mcu_awake=0.033 mcu_task_avg=0.000061 mcu_task_stddev=0.000028 bytes_write=4334497 bytes_read=533657 bytes_retransmit=9 bytes_invalid=0 send_seq=73707 receive_seq=73707 retransmit_seq=2 srtt=0.003 rttvar=0.000 rto=0.025 ready_bytes=57 upcoming_bytes=0 freq=72001959 sd_pos=1726004 heater_bed: target=65 temp=65.2 pwm=0.086 sysload=0.42 cputime=106.177 memavail=2528296 print_time=1392.774 buffer_time=2.050 print_stall=0 extruder: target=220 temp=219.7 pwm=0.533
Stats 2567695.4: gcodein=0  mcu: mcu_awake=0.033 mcu_task_avg=0.000061 mcu_task_stddev=0.000028 bytes_write=4338871 bytes_read=534120 bytes_retransmit=9 bytes_invalid=0 send_seq=73780 receive_seq=73780 retransmit_seq=2 srtt=0.003 rttvar=0.001 rto=0.025 ready_bytes=44 upcoming_bytes=0 freq=72001957 sd_pos=1728638 heater_bed: target=65 temp=65.0 pwm=0.541 sysload=0.42 cputime=106.274 memavail=2527176 print_time=1393.926 buffer_time=2.201 print_stall=0 extruder: target=220 temp=219.6 pwm=0.533
Stats 2567696.4: gcodein=0  mcu: mcu_awake=0.033 mcu_task_avg=0.000061 mcu_task_stddev=0.000028 bytes_write=4343295 bytes_read=534588 bytes_retransmit=9 bytes_invalid=0 send_seq=73853 receive_seq=73851 retransmit_seq=2 srtt=0.003 rttvar=0.000 rto=0.025 ready_bytes=24 upcoming_bytes=886 freq=72001956 sd_pos=1731178 heater_bed: target=65 temp=65.1 pwm=0.320 sysload=0.42 cputime=106.371 memavail=2527176 print_time=1395.194 buffer_time=2.468 print_stall=0 extruder: target=220 temp=219.7 pwm=0.533
Stats 2567697.4: gcodein=0  mcu: mcu_awake=0.033 mcu_task_avg=0.000061 mcu_task_stddev=0.000028 bytes_write=4347071 bytes_read=535020 bytes_retransmit=9 bytes_invalid=0 send_seq=73915 receive_seq=73915 retransmit_seq=2 srtt=0.003 rttvar=0.000 rto=0.025 ready_bytes=41 upcoming_bytes=1072 freq=72001956 sd_pos=1732007 heater_bed: target=65 temp=65.2 pwm=0.000 sysload=0.42 cputime=106.449 memavail=2527176 print_time=1395.908 buffer_time=2.181 print_stall=0 extruder: target=220 temp=219.7 pwm=0.533
Stats 2567698.4: gcodein=0  mcu: mcu_awake=0.031 mcu_task_avg=0.000044 mcu_task_stddev=0.000036 bytes_write=4351437 bytes_read=535494 bytes_retransmit=9 bytes_invalid=0 send_seq=73987 receive_seq=73987 retransmit_seq=2 srtt=0.003 rttvar=0.000 rto=0.025 ready_bytes=32 upcoming_bytes=3076 freq=72001955 sd_pos=1733258 heater_bed: target=65 temp=65.1 pwm=0.271 sysload=0.42 cputime=106.550 memavail=2527176 print_time=1397.096 buffer_time=2.367 print_stall=0 extruder: target=220 temp=219.7 pwm=0.492
Stats 2567699.4: gcodein=0  mcu: mcu_awake=0.031 mcu_task_avg=0.000044 mcu_task_stddev=0.000036 bytes_write=4356665 bytes_read=536032 bytes_retransmit=9 bytes_invalid=0 send_seq=74073 receive_seq=74072 retransmit_seq=2 srtt=0.003 rttvar=0.000 rto=0.025 ready_bytes=8 upcoming_bytes=195 freq=72001954 sd_pos=1733632 heater_bed: target=65 temp=65.1 pwm=0.312 sysload=0.39 cputime=106.639 memavail=2527176 print_time=1397.826 buffer_time=2.096 print_stall=0 extruder: target=220 temp=219.8 pwm=0.492
Stats 2567700.4: gcodein=0  mcu: mcu_awake=0.031 mcu_task_avg=0.000044 mcu_task_stddev=0.000036 bytes_write=4362086 bytes_read=536594 bytes_retransmit=9 bytes_invalid=0 send_seq=74162 receive_seq=74162 retransmit_seq=2 srtt=0.003 rttvar=0.000 rto=0.025 ready_bytes=23 upcoming_bytes=1939 freq=72001956 sd_pos=1735275 heater_bed: target=65 temp=65.0 pwm=0.603 sysload=0.39 cputime=106.747 memavail=2526952 print_time=1399.218 buffer_time=2.487 print_stall=0 extruder: target=220 temp=219.8 pwm=0.492
Stats 2567701.4: gcodein=0  mcu: mcu_awake=0.031 mcu_task_avg=0.000044 mcu_task_stddev=0.000036 bytes_write=4365729 bytes_read=536992 bytes_retransmit=9 bytes_invalid=0 send_seq=74222 receive_seq=74222 retransmit_seq=2 srtt=0.003 rttvar=0.000 rto=0.025 ready_bytes=49 upcoming_bytes=1855 freq=72001957 sd_pos=1736285 heater_bed: target=65 temp=65.2 pwm=0.000 sysload=0.39 cputime=106.827 memavail=2526952 print_time=1400.202 buffer_time=2.471 print_stall=0 extruder: target=220 temp=220.0 pwm=0.492
Stats 2567702.4: gcodein=0  mcu: mcu_awake=0.031 mcu_task_avg=0.000044 mcu_task_stddev=0.000036 bytes_write=4370355 bytes_read=537495 bytes_retransmit=9 bytes_invalid=0 send_seq=74300 receive_seq=74300 retransmit_seq=2 srtt=0.003 rttvar=0.000 rto=0.025 ready_bytes=7 upcoming_bytes=0 freq=72001958 sd_pos=1737532 heater_bed: target=65 temp=65.1 pwm=0.265 sysload=0.39 cputime=106.912 memavail=2530772 print_time=1400.905 buffer_time=2.172 print_stall=0 extruder: target=220 temp=220.0 pwm=0.429
Stats 2567703.4: gcodein=0  mcu: mcu_awake=0.030 mcu_task_avg=0.000055 mcu_task_stddev=0.000030 bytes_write=4375798 bytes_read=538073 bytes_retransmit=9 bytes_invalid=0 send_seq=74390 receive_seq=74390 retransmit_seq=2 srtt=0.003 rttvar=0.000 rto=0.025 ready_bytes=58 upcoming_bytes=242 freq=72001957 sd_pos=1739114 heater_bed: target=65 temp=65.1 pwm=0.013 sysload=0.39 cputime=107.007 memavail=2529844 print_time=1402.025 buffer_time=2.292 print_stall=0 extruder: target=220 temp=220.1 pwm=0.429
Stats 2567704.4: gcodein=0  mcu: mcu_awake=0.030 mcu_task_avg=0.000055 mcu_task_stddev=0.000030 bytes_write=4379001 bytes_read=538436 bytes_retransmit=9 bytes_invalid=0 send_seq=74443 receive_seq=74443 retransmit_seq=2 srtt=0.003 rttvar=0.000 rto=0.025 ready_bytes=40 upcoming_bytes=466 freq=72001957 sd_pos=1740788 heater_bed: target=65 temp=65.1 pwm=0.326 sysload=0.44 cputime=107.090 memavail=2529844 print_time=1403.036 buffer_time=2.302 print_stall=0 extruder: target=220 temp=220.2 pwm=0.429
Stats 2567705.4: gcodein=0  mcu: mcu_awake=0.030 mcu_task_avg=0.000055 mcu_task_stddev=0.000030 bytes_write=4382567 bytes_read=538844 bytes_retransmit=9 bytes_invalid=0 send_seq=74502 receive_seq=74502 retransmit_seq=2 srtt=0.003 rttvar=0.000 rto=0.025 ready_bytes=41 upcoming_bytes=0 freq=72001955 sd_pos=1742882 heater_bed: target=65 temp=65.1 pwm=0.264 sysload=0.44 cputime=107.177 memavail=2529844 print_time=1403.749 buffer_time=2.014 print_stall=0 extruder: target=220 temp=220.3 pwm=0.429
Stats 2567706.4: gcodein=0  mcu: mcu_awake=0.030 mcu_task_avg=0.000055 mcu_task_stddev=0.000030 bytes_write=4386792 bytes_read=539301 bytes_retransmit=9 bytes_invalid=0 send_seq=74574 receive_seq=74571 retransmit_seq=2 srtt=0.003 rttvar=0.000 rto=0.025 ready_bytes=164 upcoming_bytes=1189 freq=72001954 sd_pos=1746983 heater_bed: target=65 temp=65.0 pwm=0.428 sysload=0.44 cputime=107.298 memavail=2529396 print_time=1405.045 buffer_time=2.307 print_stall=0 extruder: target=220 temp=220.3 pwm=0.434
Stats 2567707.4: gcodein=0  mcu: mcu_awake=0.030 mcu_task_avg=0.000055 mcu_task_stddev=0.000030 bytes_write=4391450 bytes_read=539794 bytes_retransmit=9 bytes_invalid=0 send_seq=74651 receive_seq=74650 retransmit_seq=2 srtt=0.003 rttvar=0.000 rto=0.025 ready_bytes=31 upcoming_bytes=312 freq=72001955 sd_pos=1748958 heater_bed: target=65 temp=65.1 pwm=0.337 sysload=0.44 cputime=107.397 memavail=2529396 print_time=1405.958 buffer_time=2.219 print_stall=0 extruder: target=220 temp=220.2 pwm=0.434
Stats 2567708.4: gcodein=0  mcu: mcu_awake=0.030 mcu_task_avg=0.000046 mcu_task_stddev=0.000035 bytes_write=4395633 bytes_read=540273 bytes_retransmit=9 bytes_invalid=0 send_seq=74720 receive_seq=74720 retransmit_seq=2 srtt=0.003 rttvar=0.000 rto=0.025 ready_bytes=50 upcoming_bytes=2760 freq=72001954 sd_pos=1751995 heater_bed: target=65 temp=65.0 pwm=0.421 sysload=0.44 cputime=107.510 memavail=2529396 print_time=1407.382 buffer_time=2.642 print_stall=0 extruder: target=220 temp=220.1 pwm=0.529
Stats 2567709.4: gcodein=0  mcu: mcu_awake=0.030 mcu_task_avg=0.000046 mcu_task_stddev=0.000035 bytes_write=4399793 bytes_read=540725 bytes_retransmit=9 bytes_invalid=0 send_seq=74788 receive_seq=74788 retransmit_seq=2 srtt=0.003 rttvar=0.000 rto=0.025 ready_bytes=56 upcoming_bytes=2278 freq=72001954 sd_pos=1752782 heater_bed: target=65 temp=65.0 pwm=0.354 sysload=0.40 cputime=107.592 memavail=2529396 print_time=1408.091 buffer_time=2.350 print_stall=0 extruder: target=220 temp=220.0 pwm=0.529
Stats 2567710.4: gcodein=0  mcu: mcu_awake=0.030 mcu_task_avg=0.000046 mcu_task_stddev=0.000035 bytes_write=4404476 bytes_read=541219 bytes_retransmit=9 bytes_invalid=0 send_seq=74865 receive_seq=74865 retransmit_seq=2 srtt=0.003 rttvar=0.000 rto=0.025 ready_bytes=40 upcoming_bytes=3435 freq=72001957 sd_pos=1754181 heater_bed: target=65 temp=65.0 pwm=0.163 sysload=0.40 cputime=107.699 memavail=2529396 print_time=1409.322 buffer_time=2.569 print_stall=0 extruder: target=220 temp=219.9 pwm=0.529
Stats 2567711.4: gcodein=0  mcu: mcu_awake=0.030 mcu_task_avg=0.000046 mcu_task_stddev=0.000035 bytes_write=4409857 bytes_read=541772 bytes_retransmit=9 bytes_invalid=0 send_seq=74954 receive_seq=74953 retransmit_seq=2 srtt=0.003 rttvar=0.000 rto=0.025 ready_bytes=27 upcoming_bytes=1790 freq=72001958 sd_pos=1755028 heater_bed: target=65 temp=65.0 pwm=0.118 sysload=0.40 cputime=107.795 memavail=2529396 print_time=1410.118 buffer_time=2.363 print_stall=0 extruder: target=220 temp=219.8 pwm=0.529
Stats 2567712.4: gcodein=0  mcu: mcu_awake=0.030 mcu_task_avg=0.000046 mcu_task_stddev=0.000035 bytes_write=4414985 bytes_read=542304 bytes_retransmit=9 bytes_invalid=0 send_seq=75038 receive_seq=75037 retransmit_seq=2 srtt=0.003 rttvar=0.000 rto=0.025 ready_bytes=32 upcoming_bytes=3315 freq=72001958 sd_pos=1756852 heater_bed: target=65 temp=65.0 pwm=0.351 sysload=0.40 cputime=107.912 memavail=2531188 print_time=1411.406 buffer_time=2.651 print_stall=0 extruder: target=220 temp=219.7 pwm=0.524
Stats 2567713.4: gcodein=0  mcu: mcu_awake=0.032 mcu_task_avg=0.000060 mcu_task_stddev=0.000029 bytes_write=4419217 bytes_read=542773 bytes_retransmit=9 bytes_invalid=0 send_seq=75108 receive_seq=75108 retransmit_seq=2 srtt=0.003 rttvar=0.000 rto=0.025 ready_bytes=35 upcoming_bytes=1598 freq=72001960 sd_pos=1757612 heater_bed: target=65 temp=64.9 pwm=0.573 sysload=0.40 cputime=107.991 memavail=2529988 print_time=1412.228 buffer_time=2.471 print_stall=0 extruder: target=220 temp=219.7 pwm=0.524
Stats 2567714.4: gcodein=0  mcu: mcu_awake=0.032 mcu_task_avg=0.000060 mcu_task_stddev=0.000029 bytes_write=4424227 bytes_read=543301 bytes_retransmit=9 bytes_invalid=0 send_seq=75191 receive_seq=75191 retransmit_seq=2 srtt=0.003 rttvar=0.000 rto=0.025 ready_bytes=31 upcoming_bytes=292 freq=72001969 sd_pos=1759742 heater_bed: target=65 temp=64.8 pwm=0.932 sysload=0.45 cputime=108.087 memavail=2529988 print_time=1413.119 buffer_time=2.361 print_stall=0 extruder: target=220 temp=219.7 pwm=0.524
Stats 2567715.4: gcodein=0  mcu: mcu_awake=0.032 mcu_task_avg=0.000060 mcu_task_stddev=0.000029 bytes_write=4427141 bytes_read=543663 bytes_retransmit=9 bytes_invalid=0 send_seq=75241 receive_seq=75241 retransmit_seq=2 srtt=0.003 rttvar=0.000 rto=0.025 ready_bytes=0 upcoming_bytes=0 freq=72001970 sd_pos=1761113 heater_bed: target=65 temp=65.0 pwm=0.227 sysload=0.45 cputime=108.155 memavail=2529540 print_time=1413.762 buffer_time=2.003 print_stall=0 extruder: target=220 temp=219.8 pwm=0.461
Stats 2567716.4: gcodein=0  mcu: mcu_awake=0.032 mcu_task_avg=0.000060 mcu_task_stddev=0.000029 bytes_write=4431037 bytes_read=544071 bytes_retransmit=9 bytes_invalid=0 send_seq=75306 receive_seq=75303 retransmit_seq=2 srtt=0.003 rttvar=0.000 rto=0.025 ready_bytes=795 upcoming_bytes=531 freq=72001970 sd_pos=1764152 heater_bed: target=65 temp=64.8 pwm=0.805 sysload=0.45 cputime=108.256 memavail=2527748 print_time=1415.159 buffer_time=2.400 print_stall=0 extruder: target=220 temp=219.9 pwm=0.461
Stats 2567717.4: gcodein=0  mcu: mcu_awake=0.032 mcu_task_avg=0.000060 mcu_task_stddev=0.000029 bytes_write=4435430 bytes_read=544578 bytes_retransmit=9 bytes_invalid=0 send_seq=75380 receive_seq=75379 retransmit_seq=2 srtt=0.003 rttvar=0.000 rto=0.025 ready_bytes=0 upcoming_bytes=0 freq=72001968 sd_pos=1765856 heater_bed: target=65 temp=64.9 pwm=0.217 sysload=0.45 cputime=108.331 memavail=2527748 print_time=1415.876 buffer_time=2.115 print_stall=0 extruder: target=220 temp=220.0 pwm=0.461
Stats 2567718.4: gcodein=0  mcu: mcu_awake=0.031 mcu_task_avg=0.000044 mcu_task_stddev=0.000035 bytes_write=4439926 bytes_read=545067 bytes_retransmit=9 bytes_invalid=0 send_seq=75455 receive_seq=75454 retransmit_seq=2 srtt=0.003 rttvar=0.000 rto=0.025 ready_bytes=16 upcoming_bytes=60 freq=72001969 sd_pos=1767447 heater_bed: target=65 temp=64.9 pwm=0.309 sysload=0.45 cputime=108.423 memavail=2527524 print_time=1416.874 buffer_time=2.112 print_stall=0 extruder: target=220 temp=220.0 pwm=0.461
Stats 2567719.4: gcodein=0  mcu: mcu_awake=0.031 mcu_task_avg=0.000044 mcu_task_stddev=0.000035 bytes_write=4443925 bytes_read=545500 bytes_retransmit=9 bytes_invalid=0 send_seq=75521 receive_seq=75521 retransmit_seq=2 srtt=0.003 rttvar=0.000 rto=0.025 ready_bytes=51 upcoming_bytes=1264 freq=72001968 sd_pos=1769176 heater_bed: target=65 temp=65.0 pwm=0.009 sysload=0.41 cputime=108.517 memavail=2527076 print_time=1417.986 buffer_time=2.224 print_stall=0 extruder: target=220 temp=220.2 pwm=0.461
Stats 2567720.4: gcodein=0  mcu: mcu_awake=0.031 mcu_task_avg=0.000044 mcu_task_stddev=0.000035 bytes_write=4448717 bytes_read=546022 bytes_retransmit=9 bytes_invalid=0 send_seq=75601 receive_seq=75600 retransmit_seq=2 srtt=0.003 rttvar=0.000 rto=0.025 ready_bytes=16 upcoming_bytes=2405 freq=72001969 sd_pos=1770769 heater_bed: target=65 temp=65.0 pwm=0.240 sysload=0.41 cputime=108.620 memavail=2526856 print_time=1419.113 buffer_time=2.351 print_stall=0 extruder: target=220 temp=220.1 pwm=0.444
Stats 2567721.4: gcodein=0  mcu: mcu_awake=0.031 mcu_task_avg=0.000044 mcu_task_stddev=0.000035 bytes_write=4453361 bytes_read=546510 bytes_retransmit=9 bytes_invalid=0 send_seq=75678 receive_seq=75678 retransmit_seq=2 srtt=0.003 rttvar=0.000 rto=0.025 ready_bytes=7 upcoming_bytes=0 freq=72001970 sd_pos=1771339 heater_bed: target=65 temp=65.0 pwm=0.039 sysload=0.41 cputime=108.717 memavail=2526856 print_time=1419.907 buffer_time=2.143 print_stall=0 extruder: target=220 temp=220.1 pwm=0.502
Stats 2567722.4: gcodein=0  mcu: mcu_awake=0.031 mcu_task_avg=0.000044 mcu_task_stddev=0.000035 bytes_write=4458504 bytes_read=547038 bytes_retransmit=9 bytes_invalid=0 send_seq=75764 receive_seq=75764 retransmit_seq=2 srtt=0.003 rttvar=0.000 rto=0.025 ready_bytes=38 upcoming_bytes=0 freq=72001968 sd_pos=1774679 heater_bed: target=65 temp=64.9 pwm=0.433 sysload=0.41 cputime=108.831 memavail=2526632 print_time=1421.047 buffer_time=2.281 print_stall=0 extruder: target=220 temp=220.1 pwm=0.502
Stats 2567723.4: gcodein=0  mcu: mcu_awake=0.030 mcu_task_avg=0.000054 mcu_task_stddev=0.000033 bytes_write=4461802 bytes_read=547461 bytes_retransmit=9 bytes_invalid=0 send_seq=75820 receive_seq=75820 retransmit_seq=2 srtt=0.003 rttvar=0.000 rto=0.025 ready_bytes=0 upcoming_bytes=28 freq=72001968 sd_pos=1776948 heater_bed: target=65 temp=64.9 pwm=0.072 sysload=0.41 cputime=108.913 memavail=2525484 print_time=1421.858 buffer_time=2.092 print_stall=0 extruder: target=220 temp=220.0 pwm=0.502
Stats 2567724.4: gcodein=0  mcu: mcu_awake=0.030 mcu_task_avg=0.000054 mcu_task_stddev=0.000033 bytes_write=4465547 bytes_read=547869 bytes_retransmit=9 bytes_invalid=0 send_seq=75882 receive_seq=75882 retransmit_seq=2 srtt=0.003 rttvar=0.000 rto=0.025 ready_bytes=0 upcoming_bytes=0 freq=72001968 sd_pos=1779270 heater_bed: target=65 temp=64.9 pwm=0.364 sysload=0.38 cputime=109.014 memavail=2525484 print_time=1422.846 buffer_time=2.079 print_stall=0 extruder: target=220 temp=220.0 pwm=0.502
Stats 2567725.4: gcodein=0  mcu: mcu_awake=0.030 mcu_task_avg=0.000054 mcu_task_stddev=0.000033 bytes_write=4470332 bytes_read=548362 bytes_retransmit=9 bytes_invalid=0 send_seq=75961 receive_seq=75961 retransmit_seq=2 srtt=0.003 rttvar=0.000 rto=0.025 ready_bytes=24 upcoming_bytes=397 freq=72001968 sd_pos=1782523 heater_bed: target=65 temp=64.9 pwm=0.697 sysload=0.38 cputime=109.136 memavail=2524812 print_time=1424.011 buffer_time=2.242 print_stall=0 extruder: target=220 temp=219.9 pwm=0.502
Stats 2567726.4: gcodein=0  mcu: mcu_awake=0.030 mcu_task_avg=0.000054 mcu_task_stddev=0.000033 bytes_write=4474221 bytes_read=548804 bytes_retransmit=9 bytes_invalid=0 send_seq=76025 receive_seq=76024 retransmit_seq=2 srtt=0.003 rttvar=0.000 rto=0.025 ready_bytes=17 upcoming_bytes=1893 freq=72001967 sd_pos=1784315 heater_bed: target=65 temp=64.9 pwm=0.464 sysload=0.38 cputime=109.230 memavail=2524812 print_time=1425.252 buffer_time=2.483 print_stall=0 extruder: target=220 temp=219.9 pwm=0.528
Stats 2567727.4: gcodein=0  mcu: mcu_awake=0.030 mcu_task_avg=0.000054 mcu_task_stddev=0.000033 bytes_write=4479223 bytes_read=549322 bytes_retransmit=9 bytes_invalid=0 send_seq=76108 receive_seq=76108 retransmit_seq=2 srtt=0.003 rttvar=0.000 rto=0.025 ready_bytes=40 upcoming_bytes=181 freq=72001969 sd_pos=1785257 heater_bed: target=65 temp=64.8 pwm=0.727 sysload=0.38 cputime=109.323 memavail=2524812 print_time=1425.832 buffer_time=2.063 print_stall=0 extruder: target=220 temp=219.9 pwm=0.485
Stats 2567728.4: gcodein=0  mcu: mcu_awake=0.031 mcu_task_avg=0.000050 mcu_task_stddev=0.000034 bytes_write=4483012 bytes_read=549746 bytes_retransmit=9 bytes_invalid=0 send_seq=76171 receive_seq=76170 retransmit_seq=2 srtt=0.003 rttvar=0.000 rto=0.025 ready_bytes=23 upcoming_bytes=1721 freq=72001974 sd_pos=1786830 heater_bed: target=65 temp=64.9 pwm=0.071 sysload=0.38 cputime=109.424 memavail=2524812 print_time=1427.053 buffer_time=2.283 print_stall=0 extruder: target=220 temp=220.0 pwm=0.485
Stats 2567729.4: gcodein=0  mcu: mcu_awake=0.031 mcu_task_avg=0.000050 mcu_task_stddev=0.000034 bytes_write=4488332 bytes_read=550318 bytes_retransmit=9 bytes_invalid=0 send_seq=76259 receive_seq=76259 retransmit_seq=2 srtt=0.003 rttvar=0.000 rto=0.025 ready_bytes=40 upcoming_bytes=1393 freq=72001976 sd_pos=1788327 heater_bed: target=65 temp=65.0 pwm=0.000 sysload=0.35 cputime=109.525 memavail=2524812 print_time=1428.225 buffer_time=2.453 print_stall=0 extruder: target=220 temp=220.0 pwm=0.485
Stats 2567730.4: gcodein=0  mcu: mcu_awake=0.031 mcu_task_avg=0.000050 mcu_task_stddev=0.000034 bytes_write=4492682 bytes_read=550771 bytes_retransmit=9 bytes_invalid=0 send_seq=76331 receive_seq=76330 retransmit_seq=2 srtt=0.003 rttvar=0.000 rto=0.025 ready_bytes=22 upcoming_bytes=59 freq=72001997 sd_pos=1789340 heater_bed: target=65 temp=65.1 pwm=0.000 sysload=0.35 cputime=109.609 memavail=2524336 print_time=1429.117 buffer_time=2.345 print_stall=0 extruder: target=220 temp=219.9 pwm=0.485
Stats 2567731.4: gcodein=0  mcu: mcu_awake=0.031 mcu_task_avg=0.000050 mcu_task_stddev=0.000034 bytes_write=4495708 bytes_read=551129 bytes_retransmit=9 bytes_invalid=0 send_seq=76382 receive_seq=76382 retransmit_seq=2 srtt=0.003 rttvar=0.000 rto=0.025 ready_bytes=43 upcoming_bytes=0 freq=72001992 sd_pos=1790540 heater_bed: target=65 temp=65.0 pwm=0.294 sysload=0.35 cputime=109.671 memavail=2524336 print_time=1429.867 buffer_time=2.094 print_stall=0 extruder: target=220 temp=219.9 pwm=0.485
Stats 2567732.4: gcodein=0  mcu: mcu_awake=0.031 mcu_task_avg=0.000050 mcu_task_stddev=0.000034 bytes_write=4500819 bytes_read=551676 bytes_retransmit=9 bytes_invalid=0 send_seq=76466 receive_seq=76466 retransmit_seq=2 srtt=0.003 rttvar=0.000 rto=0.025 ready_bytes=51 upcoming_bytes=63 freq=72001988 sd_pos=1792061 heater_bed: target=65 temp=65.0 pwm=0.186 sysload=0.35 cputime=109.748 memavail=2524336 print_time=1430.995 buffer_time=2.220 print_stall=0 extruder: target=220 temp=219.9 pwm=0.504
Stats 2567733.4: gcodein=0  mcu: mcu_awake=0.029 mcu_task_avg=0.000047 mcu_task_stddev=0.000033 bytes_write=4504546 bytes_read=552100 bytes_retransmit=9 bytes_invalid=0 send_seq=76528 receive_seq=76528 retransmit_seq=2 srtt=0.003 rttvar=0.000 rto=0.025 ready_bytes=47 upcoming_bytes=1229 freq=72001987 sd_pos=1794369 heater_bed: target=65 temp=64.9 pwm=0.659 sysload=0.35 cputime=109.850 memavail=2522072 print_time=1432.069 buffer_time=2.292 print_stall=0 extruder: target=220 temp=220.0 pwm=0.453
Stats 2567734.4: gcodein=0  mcu: mcu_awake=0.029 mcu_task_avg=0.000047 mcu_task_stddev=0.000033 bytes_write=4509329 bytes_read=552591 bytes_retransmit=9 bytes_invalid=0 send_seq=76607 receive_seq=76607 retransmit_seq=2 srtt=0.003 rttvar=0.000 rto=0.025 ready_bytes=24 upcoming_bytes=860 freq=72001984 sd_pos=1795772 heater_bed: target=65 temp=64.9 pwm=0.341 sysload=0.40 cputime=109.963 memavail=2520952 print_time=1432.871 buffer_time=2.093 print_stall=0 extruder: target=220 temp=220.1 pwm=0.453
Stats 2567735.4: gcodein=0  mcu: mcu_awake=0.029 mcu_task_avg=0.000047 mcu_task_stddev=0.000033 bytes_write=4513810 bytes_read=553079 bytes_retransmit=9 bytes_invalid=0 send_seq=76681 receive_seq=76681 retransmit_seq=2 srtt=0.003 rttvar=0.000 rto=0.025 ready_bytes=46 upcoming_bytes=1025 freq=72001982 sd_pos=1797700 heater_bed: target=65 temp=65.0 pwm=0.252 sysload=0.40 cputime=110.067 memavail=2520952 print_time=1434.086 buffer_time=2.307 print_stall=0 extruder: target=220 temp=220.1 pwm=0.453
Stats 2567736.4: gcodein=0  mcu: mcu_awake=0.029 mcu_task_avg=0.000047 mcu_task_stddev=0.000033 bytes_write=4518869 bytes_read=553585 bytes_retransmit=9 bytes_invalid=0 send_seq=76765 receive_seq=76764 retransmit_seq=2 srtt=0.003 rttvar=0.000 rto=0.025 ready_bytes=16 upcoming_bytes=585 freq=72001982 sd_pos=1799862 heater_bed: target=65 temp=65.0 pwm=0.080 sysload=0.40 cputime=110.175 memavail=2520952 print_time=1435.008 buffer_time=2.229 print_stall=0 extruder: target=220 temp=220.0 pwm=0.529
Stats 2567737.4: gcodein=0  mcu: mcu_awake=0.029 mcu_task_avg=0.000047 mcu_task_stddev=0.000033 bytes_write=4522415 bytes_read=553976 bytes_retransmit=9 bytes_invalid=0 send_seq=76824 receive_seq=76824 retransmit_seq=2 srtt=0.003 rttvar=0.000 rto=0.025 ready_bytes=40 upcoming_bytes=2345 freq=72001984 sd_pos=1802097 heater_bed: target=65 temp=64.9 pwm=0.562 sysload=0.40 cputime=110.282 memavail=2520952 print_time=1436.081 buffer_time=2.301 print_stall=0 extruder: target=220 temp=220.0 pwm=0.529
Stats 2567738.4: gcodein=0  mcu: mcu_awake=0.031 mcu_task_avg=0.000058 mcu_task_stddev=0.000030 bytes_write=4527424 bytes_read=554524 bytes_retransmit=9 bytes_invalid=0 send_seq=76907 receive_seq=76906 retransmit_seq=2 srtt=0.003 rttvar=0.000 rto=0.025 ready_bytes=14 upcoming_bytes=2819 freq=72001982 sd_pos=1803942 heater_bed: target=65 temp=65.0 pwm=0.000 sysload=0.40 cputime=110.406 memavail=2520728 print_time=1437.200 buffer_time=2.419 print_stall=0 extruder: target=220 temp=219.9 pwm=0.529
Stats 2567739.4: gcodein=0  mcu: mcu_awake=0.031 mcu_task_avg=0.000058 mcu_task_stddev=0.000030 bytes_write=4532637 bytes_read=555052 bytes_retransmit=9 bytes_invalid=0 send_seq=76993 receive_seq=76992 retransmit_seq=2 srtt=0.003 rttvar=0.000 rto=0.025 ready_bytes=16 upcoming_bytes=2062 freq=72001981 sd_pos=1805650 heater_bed: target=65 temp=65.0 pwm=0.277 sysload=0.37 cputime=110.511 memavail=2520728 print_time=1438.319 buffer_time=2.537 print_stall=0 extruder: target=220 temp=219.8 pwm=0.529
Stats 2567740.4: gcodein=0  mcu: mcu_awake=0.031 mcu_task_avg=0.000058 mcu_task_stddev=0.000030 bytes_write=4537553 bytes_read=555560 bytes_retransmit=9 bytes_invalid=0 send_seq=77074 receive_seq=77074 retransmit_seq=2 srtt=0.003 rttvar=0.000 rto=0.025 ready_bytes=31 upcoming_bytes=689 freq=72001977 sd_pos=1807859 heater_bed: target=65 temp=64.9 pwm=0.418 sysload=0.37 cputime=110.618 memavail=2520728 print_time=1439.142 buffer_time=2.360 print_stall=0 extruder: target=220 temp=219.8 pwm=0.529
Stats 2567741.4: gcodein=0  mcu: mcu_awake=0.031 mcu_task_avg=0.000058 mcu_task_stddev=0.000030 bytes_write=4541208 bytes_read=555992 bytes_retransmit=9 bytes_invalid=0 send_seq=77135 receive_seq=77135 retransmit_seq=2 srtt=0.003 rttvar=0.000 rto=0.025 ready_bytes=0 upcoming_bytes=0 freq=72001978 sd_pos=1809611 heater_bed: target=65 temp=64.9 pwm=0.390 sysload=0.37 cputime=110.697 memavail=2520728 print_time=1439.860 buffer_time=2.078 print_stall=0 extruder: target=220 temp=219.8 pwm=0.510
Stats 2567742.4: gcodein=0  mcu: mcu_awake=0.031 mcu_task_avg=0.000058 mcu_task_stddev=0.000030 bytes_write=4544893 bytes_read=556385 bytes_retransmit=9 bytes_invalid=0 send_seq=77197 receive_seq=77194 retransmit_seq=2 srtt=0.003 rttvar=0.000 rto=0.025 ready_bytes=745 upcoming_bytes=105 freq=72001975 sd_pos=1812994 heater_bed: target=65 temp=64.9 pwm=0.414 sysload=0.37 cputime=110.804 memavail=2520504 print_time=1441.079 buffer_time=2.278 print_stall=0 extruder: target=220 temp=219.8 pwm=0.510
Stats 2567743.4: gcodein=0  mcu: mcu_awake=0.031 mcu_task_avg=0.000050 mcu_task_stddev=0.000034 bytes_write=4549179 bytes_read=556874 bytes_retransmit=9 bytes_invalid=0 send_seq=77269 receive_seq=77269 retransmit_seq=2 srtt=0.003 rttvar=0.000 rto=0.025 ready_bytes=24 upcoming_bytes=0 freq=72001975 sd_pos=1814980 heater_bed: target=65 temp=65.0 pwm=0.272 sysload=0.37 cputime=110.884 memavail=2524488 print_time=1441.872 buffer_time=2.071 print_stall=0 extruder: target=220 temp=219.9 pwm=0.458
Stats 2567744.4: gcodein=0  mcu: mcu_awake=0.031 mcu_task_avg=0.000050 mcu_task_stddev=0.000034 bytes_write=4553640 bytes_read=557376 bytes_retransmit=9 bytes_invalid=0 send_seq=77344 receive_seq=77344 retransmit_seq=2 srtt=0.003 rttvar=0.000 rto=0.025 ready_bytes=42 upcoming_bytes=1494 freq=72001971 sd_pos=1817912 heater_bed: target=65 temp=65.0 pwm=0.216 sysload=0.42 cputime=110.987 memavail=2524600 print_time=1443.285 buffer_time=2.483 print_stall=0 extruder: target=220 temp=220.0 pwm=0.458
Stats 2567745.5: gcodein=0  mcu: mcu_awake=0.031 mcu_task_avg=0.000050 mcu_task_stddev=0.000034 bytes_write=4557936 bytes_read=557819 bytes_retransmit=9 bytes_invalid=0 send_seq=77416 receive_seq=77413 retransmit_seq=2 srtt=0.003 rttvar=0.000 rto=0.025 ready_bytes=79 upcoming_bytes=1954 freq=72001969 sd_pos=1819647 heater_bed: target=65 temp=65.0 pwm=0.333 sysload=0.42 cputime=111.089 memavail=2524600 print_time=1444.279 buffer_time=2.462 print_stall=0 extruder: target=220 temp=220.0 pwm=0.458
Stats 2567746.5: gcodein=0  mcu: mcu_awake=0.031 mcu_task_avg=0.000050 mcu_task_stddev=0.000034 bytes_write=4562205 bytes_read=558297 bytes_retransmit=9 bytes_invalid=0 send_seq=77487 receive_seq=77486 retransmit_seq=2 srtt=0.003 rttvar=0.000 rto=0.025 ready_bytes=23 upcoming_bytes=1494 freq=72001967 sd_pos=1820925 heater_bed: target=65 temp=65.0 pwm=0.145 sysload=0.42 cputime=111.193 memavail=2524600 print_time=1445.047 buffer_time=2.228 print_stall=0 extruder: target=220 temp=220.1 pwm=0.458
Stats 2567747.5: gcodein=0  mcu: mcu_awake=0.031 mcu_task_avg=0.000050 mcu_task_stddev=0.000034 bytes_write=4566714 bytes_read=558789 bytes_retransmit=9 bytes_invalid=0 send_seq=77562 receive_seq=77562 retransmit_seq=2 srtt=0.003 rttvar=0.000 rto=0.025 ready_bytes=0 upcoming_bytes=0 freq=72001965 sd_pos=1821851 heater_bed: target=65 temp=65.1 pwm=0.072 sysload=0.42 cputime=111.281 memavail=2524600 print_time=1445.867 buffer_time=2.047 print_stall=0 extruder: target=220 temp=220.1 pwm=0.448
Stats 2567748.5: gcodein=0  mcu: mcu_awake=0.032 mcu_task_avg=0.000052 mcu_task_stddev=0.000033 bytes_write=4571885 bytes_read=559328 bytes_retransmit=9 bytes_invalid=0 send_seq=77648 receive_seq=77647 retransmit_seq=2 srtt=0.003 rttvar=0.000 rto=0.025 ready_bytes=14 upcoming_bytes=331 freq=72001964 sd_pos=1823612 heater_bed: target=65 temp=65.0 pwm=0.378 sysload=0.42 cputime=111.386 memavail=2524600 print_time=1446.936 buffer_time=2.116 print_stall=0 extruder: target=220 temp=220.1 pwm=0.448
Stats 2567749.5: gcodein=0  mcu: mcu_awake=0.032 mcu_task_avg=0.000052 mcu_task_stddev=0.000033 bytes_write=4575633 bytes_read=559761 bytes_retransmit=9 bytes_invalid=0 send_seq=77711 receive_seq=77711 retransmit_seq=2 srtt=0.003 rttvar=0.000 rto=0.025 ready_bytes=49 upcoming_bytes=1066 freq=72001963 sd_pos=1824685 heater_bed: target=65 temp=65.1 pwm=0.095 sysload=0.39 cputime=111.478 memavail=2524600 print_time=1447.989 buffer_time=2.168 print_stall=0 extruder: target=220 temp=220.1 pwm=0.507
Stats 2567750.5: gcodein=0  mcu: mcu_awake=0.032 mcu_task_avg=0.000052 mcu_task_stddev=0.000033 bytes_write=4580834 bytes_read=560298 bytes_retransmit=9 bytes_invalid=0 send_seq=77797 receive_seq=77796 retransmit_seq=2 srtt=0.003 rttvar=0.000 rto=0.025 ready_bytes=15 upcoming_bytes=647 freq=72001961 sd_pos=1826712 heater_bed: target=65 temp=65.1 pwm=0.255 sysload=0.39 cputime=111.589 memavail=2524600 print_time=1448.942 buffer_time=2.121 print_stall=0 extruder: target=220 temp=220.0 pwm=0.507
Stats 2567751.5: gcodein=0  mcu: mcu_awake=0.032 mcu_task_avg=0.000052 mcu_task_stddev=0.000033 bytes_write=4584345 bytes_read=560691 bytes_retransmit=9 bytes_invalid=0 send_seq=77855 receive_seq=77855 retransmit_seq=2 srtt=0.003 rttvar=0.000 rto=0.025 ready_bytes=15 upcoming_bytes=0 freq=72001960 sd_pos=1827925 heater_bed: target=65 temp=65.1 pwm=0.173 sysload=0.39 cputime=111.670 memavail=2524600 print_time=1449.845 buffer_time=2.023 print_stall=0 extruder: target=220 temp=220.0 pwm=0.507
Stats 2567752.5: gcodein=0  mcu: mcu_awake=0.032 mcu_task_avg=0.000052 mcu_task_stddev=0.000033 bytes_write=4588943 bytes_read=561189 bytes_retransmit=9 bytes_invalid=0 send_seq=77932 receive_seq=77932 retransmit_seq=2 srtt=0.003 rttvar=0.000 rto=0.025 ready_bytes=47 upcoming_bytes=0 freq=72001963 sd_pos=1830536 heater_bed: target=65 temp=65.0 pwm=0.542 sysload=0.39 cputime=111.767 memavail=2524604 print_time=1450.967 buffer_time=2.145 print_stall=0 extruder: target=220 temp=220.1 pwm=0.450
Stats 2567753.5: gcodein=0  mcu: mcu_awake=0.030 mcu_task_avg=0.000052 mcu_task_stddev=0.000033 bytes_write=4592346 bytes_read=561607 bytes_retransmit=9 bytes_invalid=0 send_seq=77990 receive_seq=77990 retransmit_seq=2 srtt=0.003 rttvar=0.000 rto=0.025 ready_bytes=0 upcoming_bytes=0 freq=72001962 sd_pos=1832861 heater_bed: target=65 temp=65.1 pwm=0.114 sysload=0.39 cputime=111.845 memavail=2523908 print_time=1451.942 buffer_time=2.119 print_stall=0 extruder: target=220 temp=220.2 pwm=0.450
Stats 2567754.5: gcodein=0  mcu: mcu_awake=0.030 mcu_task_avg=0.000052 mcu_task_stddev=0.000033 bytes_write=4596806 bytes_read=562085 bytes_retransmit=9 bytes_invalid=0 send_seq=78066 receive_seq=78066 retransmit_seq=2 srtt=0.003 rttvar=0.000 rto=0.025 ready_bytes=7 upcoming_bytes=0 freq=72001958 sd_pos=1835248 heater_bed: target=65 temp=65.1 pwm=0.290 sysload=0.36 cputime=111.936 memavail=2523908 print_time=1453.027 buffer_time=2.202 print_stall=0 extruder: target=220 temp=220.2 pwm=0.450
Stats 2567755.5: gcodein=0  mcu: mcu_awake=0.030 mcu_task_avg=0.000052 mcu_task_stddev=0.000033 bytes_write=4600778 bytes_read=562518 bytes_retransmit=9 bytes_invalid=0 send_seq=78133 receive_seq=78130 retransmit_seq=2 srtt=0.003 rttvar=0.000 rto=0.025 ready_bytes=92 upcoming_bytes=0 freq=72001957 sd_pos=1837012 heater_bed: target=65 temp=65.0 pwm=0.470 sysload=0.36 cputime=112.026 memavail=2523908 print_time=1454.049 buffer_time=2.222 print_stall=0 extruder: target=220 temp=220.3 pwm=0.450
Stats 2567756.5: gcodein=0  mcu: mcu_awake=0.030 mcu_task_avg=0.000052 mcu_task_stddev=0.000033 bytes_write=4604963 bytes_read=562990 bytes_retransmit=9 bytes_invalid=0 send_seq=78202 receive_seq=78202 retransmit_seq=2 srtt=0.003 rttvar=0.000 rto=0.025 ready_bytes=39 upcoming_bytes=70 freq=72001958 sd_pos=1837664 heater_bed: target=65 temp=65.1 pwm=0.283 sysload=0.36 cputime=112.105 memavail=2523908 print_time=1455.050 buffer_time=2.223 print_stall=0 extruder: target=220 temp=220.3 pwm=0.450
Stats 2567757.5: gcodein=0  mcu: mcu_awake=0.030 mcu_task_avg=0.000052 mcu_task_stddev=0.000033 bytes_write=4609187 bytes_read=563433 bytes_retransmit=9 bytes_invalid=0 send_seq=78271 receive_seq=78271 retransmit_seq=2 srtt=0.003 rttvar=0.000 rto=0.025 ready_bytes=39 upcoming_bytes=905 freq=72001959 sd_pos=1838366 heater_bed: target=65 temp=65.1 pwm=0.000 sysload=0.36 cputime=112.187 memavail=2523908 print_time=1456.055 buffer_time=2.226 print_stall=0 extruder: target=220 temp=220.3 pwm=0.454
Stats 2567758.5: gcodein=0  mcu: mcu_awake=0.031 mcu_task_avg=0.000044 mcu_task_stddev=0.000036 bytes_write=4613057 bytes_read=563877 bytes_retransmit=9 bytes_invalid=0 send_seq=78335 receive_seq=78334 retransmit_seq=2 srtt=0.003 rttvar=0.000 rto=0.025 ready_bytes=26 upcoming_bytes=648 freq=72001959 sd_pos=1839986 heater_bed: target=65 temp=65.0 pwm=0.476 sysload=0.36 cputime=112.283 memavail=2523908 print_time=1457.154 buffer_time=2.324 print_stall=0 extruder: target=220 temp=220.3 pwm=0.454
Stats 2567759.5: gcodein=0  mcu: mcu_awake=0.031 mcu_task_avg=0.000044 mcu_task_stddev=0.000036 bytes_write=4616797 bytes_read=564309 bytes_retransmit=9 bytes_invalid=0 send_seq=78398 receive_seq=78398 retransmit_seq=2 srtt=0.003 rttvar=0.000 rto=0.025 ready_bytes=0 upcoming_bytes=0 freq=72001956 sd_pos=1841978 heater_bed: target=65 temp=65.1 pwm=0.323 sysload=0.33 cputime=112.369 memavail=2523908 print_time=1457.858 buffer_time=2.027 print_stall=0 extruder: target=220 temp=220.0 pwm=0.527
Stats 2567760.5: gcodein=0  mcu: mcu_awake=0.031 mcu_task_avg=0.000044 mcu_task_stddev=0.000036 bytes_write=4620630 bytes_read=564727 bytes_retransmit=9 bytes_invalid=0 send_seq=78462 receive_seq=78462 retransmit_seq=2 srtt=0.004 rttvar=0.001 rto=0.025 ready_bytes=14 upcoming_bytes=1552 freq=72001956 sd_pos=1845960 heater_bed: target=65 temp=65.0 pwm=0.525 sysload=0.33 cputime=112.490 memavail=2523908 print_time=1459.186 buffer_time=2.340 print_stall=0 extruder: target=220 temp=220.0 pwm=0.527
Stats 2567761.5: gcodein=0  mcu: mcu_awake=0.031 mcu_task_avg=0.000044 mcu_task_stddev=0.000036 bytes_write=4625558 bytes_read=565245 bytes_retransmit=9 bytes_invalid=0 send_seq=78543 receive_seq=78543 retransmit_seq=2 srtt=0.003 rttvar=0.000 rto=0.025 ready_bytes=38 upcoming_bytes=191 freq=72001957 sd_pos=1847855 heater_bed: target=65 temp=65.2 pwm=0.088 sysload=0.33 cputime=112.584 memavail=2523908 print_time=1460.104 buffer_time=2.257 print_stall=0 extruder: target=220 temp=219.9 pwm=0.527
Stats 2567762.5: gcodein=0  mcu: mcu_awake=0.031 mcu_task_avg=0.000044 mcu_task_stddev=0.000036 bytes_write=4629053 bytes_read=565637 bytes_retransmit=9 bytes_invalid=0 send_seq=78602 receive_seq=78599 retransmit_seq=2 srtt=0.003 rttvar=0.000 rto=0.025 ready_bytes=513 upcoming_bytes=2230 freq=72001955 sd_pos=1850749 heater_bed: target=65 temp=65.0 pwm=0.527 sysload=0.33 cputime=112.694 memavail=2524164 print_time=1461.411 buffer_time=2.564 print_stall=0 extruder: target=220 temp=219.9 pwm=0.527
Stats 2567763.5: gcodein=0  mcu: mcu_awake=0.030 mcu_task_avg=0.000046 mcu_task_stddev=0.000035 bytes_write=4633474 bytes_read=566131 bytes_retransmit=9 bytes_invalid=0 send_seq=78675 receive_seq=78675 retransmit_seq=2 srtt=0.003 rttvar=0.000 rto=0.025 ready_bytes=44 upcoming_bytes=3122 freq=72001956 sd_pos=1851678 heater_bed: target=65 temp=65.1 pwm=0.069 sysload=0.33 cputime=112.791 memavail=2523572 print_time=1462.394 buffer_time=2.546 print_stall=0 extruder: target=220 temp=219.9 pwm=0.471
Stats 2567764.5: gcodein=0  mcu: mcu_awake=0.030 mcu_task_avg=0.000046 mcu_task_stddev=0.000035 bytes_write=4638164 bytes_read=566624 bytes_retransmit=9 bytes_invalid=0 send_seq=78752 receive_seq=78751 retransmit_seq=2 srtt=0.003 rttvar=0.000 rto=0.025 ready_bytes=12 upcoming_bytes=1381 freq=72001953 sd_pos=1852003 heater_bed: target=65 temp=65.1 pwm=0.149 sysload=0.30 cputime=112.871 memavail=2522228 print_time=1463.082 buffer_time=2.232 print_stall=0 extruder: target=220 temp=220.0 pwm=0.454
Stats 2567765.5: gcodein=0  mcu: mcu_awake=0.030 mcu_task_avg=0.000046 mcu_task_stddev=0.000035 bytes_write=4643362 bytes_read=567166 bytes_retransmit=9 bytes_invalid=0 send_seq=78838 receive_seq=78837 retransmit_seq=2 srtt=0.003 rttvar=0.000 rto=0.025 ready_bytes=20 upcoming_bytes=1225 freq=72001950 sd_pos=1852948 heater_bed: target=65 temp=65.0 pwm=0.458 sysload=0.30 cputime=112.975 memavail=2522228 print_time=1464.229 buffer_time=2.378 print_stall=0 extruder: target=220 temp=220.0 pwm=0.448
Stats 2567766.5: gcodein=0  mcu: mcu_awake=0.030 mcu_task_avg=0.000046 mcu_task_stddev=0.000035 bytes_write=4646789 bytes_read=567554 bytes_retransmit=9 bytes_invalid=0 send_seq=78895 receive_seq=78895 retransmit_seq=2 srtt=0.003 rttvar=0.000 rto=0.025 ready_bytes=0 upcoming_bytes=0 freq=72001951 sd_pos=1853818 heater_bed: target=65 temp=65.0 pwm=0.639 sysload=0.30 cputime=113.048 memavail=2522228 print_time=1464.860 buffer_time=2.008 print_stall=0 extruder: target=220 temp=219.9 pwm=0.506
Stats 2567767.5: gcodein=0  mcu: mcu_awake=0.030 mcu_task_avg=0.000046 mcu_task_stddev=0.000035 bytes_write=4652443 bytes_read=568132 bytes_retransmit=9 bytes_invalid=0 send_seq=78988 receive_seq=78988 retransmit_seq=2 srtt=0.003 rttvar=0.000 rto=0.025 ready_bytes=52 upcoming_bytes=442 freq=72001950 sd_pos=1855669 heater_bed: target=65 temp=65.0 pwm=0.283 sysload=0.30 cputime=113.142 memavail=2522228 print_time=1466.237 buffer_time=2.384 print_stall=0 extruder: target=220 temp=220.0 pwm=0.506
Stats 2567768.5: gcodein=0  mcu: mcu_awake=0.031 mcu_task_avg=0.000052 mcu_task_stddev=0.000033 bytes_write=4655989 bytes_read=568571 bytes_retransmit=9 bytes_invalid=0 send_seq=79048 receive_seq=79048 retransmit_seq=2 srtt=0.003 rttvar=0.000 rto=0.025 ready_bytes=26 upcoming_bytes=987 freq=72001948 sd_pos=1857483 heater_bed: target=65 temp=65.1 pwm=0.319 sysload=0.30 cputime=113.229 memavail=2522228 print_time=1467.181 buffer_time=2.327 print_stall=0 extruder: target=220 temp=220.0 pwm=0.488
Stats 2567769.5: gcodein=0  mcu: mcu_awake=0.031 mcu_task_avg=0.000052 mcu_task_stddev=0.000033 bytes_write=4660025 bytes_read=568999 bytes_retransmit=9 bytes_invalid=0 send_seq=79115 receive_seq=79114 retransmit_seq=2 srtt=0.003 rttvar=0.000 rto=0.025 ready_bytes=21 upcoming_bytes=2793 freq=72001952 sd_pos=1859542 heater_bed: target=65 temp=65.1 pwm=0.168 sysload=0.28 cputime=113.338 memavail=2522228 print_time=1468.330 buffer_time=2.474 print_stall=0 extruder: target=220 temp=220.0 pwm=0.488
Stats 2567770.5: gcodein=0  mcu: mcu_awake=0.031 mcu_task_avg=0.000052 mcu_task_stddev=0.000033 bytes_write=4664702 bytes_read=569502 bytes_retransmit=9 bytes_invalid=0 send_seq=79192 receive_seq=79192 retransmit_seq=2 srtt=0.003 rttvar=0.000 rto=0.025 ready_bytes=23 upcoming_bytes=735 freq=72001952 sd_pos=1860420 heater_bed: target=65 temp=65.1 pwm=0.000 sysload=0.28 cputime=113.428 memavail=2522228 print_time=1469.088 buffer_time=2.229 print_stall=0 extruder: target=220 temp=219.9 pwm=0.488
Stats 2567771.5: gcodein=0  mcu: mcu_awake=0.031 mcu_task_avg=0.000052 mcu_task_stddev=0.000033 bytes_write=4669626 bytes_read=570019 bytes_retransmit=9 bytes_invalid=0 send_seq=79274 receive_seq=79273 retransmit_seq=2 srtt=0.003 rttvar=0.000 rto=0.025 ready_bytes=16 upcoming_bytes=334 freq=72001951 sd_pos=1862626 heater_bed: target=65 temp=65.0 pwm=0.559 sysload=0.28 cputime=113.535 memavail=2522228 print_time=1469.986 buffer_time=2.127 print_stall=0 extruder: target=220 temp=220.0 pwm=0.488
Stats 2567772.5: gcodein=0  mcu: mcu_awake=0.031 mcu_task_avg=0.000052 mcu_task_stddev=0.000033 bytes_write=4673391 bytes_read=570432 bytes_retransmit=9 bytes_invalid=0 send_seq=79337 receive_seq=79336 retransmit_seq=2 srtt=0.003 rttvar=0.000 rto=0.025 ready_bytes=16 upcoming_bytes=1015 freq=72001951 sd_pos=1864846 heater_bed: target=65 temp=65.1 pwm=0.000 sysload=0.28 cputime=113.640 memavail=2522004 print_time=1470.908 buffer_time=2.048 print_stall=0 extruder: target=220 temp=219.9 pwm=0.507
Stats 2567773.5: gcodein=0  mcu: mcu_awake=0.030 mcu_task_avg=0.000055 mcu_task_stddev=0.000031 bytes_write=4678366 bytes_read=570990 bytes_retransmit=9 bytes_invalid=0 send_seq=79419 receive_seq=79419 retransmit_seq=2 srtt=0.003 rttvar=0.000 rto=0.025 ready_bytes=37 upcoming_bytes=1327 freq=72001953 sd_pos=1866375 heater_bed: target=65 temp=65.1 pwm=0.027 sysload=0.28 cputime=113.753 memavail=2527884 print_time=1472.108 buffer_time=2.246 print_stall=0 extruder: target=220 temp=219.9 pwm=0.507
Stats 2567774.5: gcodein=0  mcu: mcu_awake=0.030 mcu_task_avg=0.000055 mcu_task_stddev=0.000031 bytes_write=4683420 bytes_read=571498 bytes_retransmit=9 bytes_invalid=0 send_seq=79502 receive_seq=79501 retransmit_seq=2 srtt=0.003 rttvar=0.000 rto=0.025 ready_bytes=15 upcoming_bytes=651 freq=72001950 sd_pos=1867748 heater_bed: target=65 temp=65.0 pwm=0.364 sysload=0.25 cputime=113.849 memavail=2526540 print_time=1473.264 buffer_time=2.400 print_stall=0 extruder: target=220 temp=219.9 pwm=0.507
Stats 2567775.5: gcodein=0  mcu: mcu_awake=0.030 mcu_task_avg=0.000055 mcu_task_stddev=0.000031 bytes_write=4687631 bytes_read=571951 bytes_retransmit=9 bytes_invalid=0 send_seq=79572 receive_seq=79572 retransmit_seq=2 srtt=0.003 rttvar=0.000 rto=0.025 ready_bytes=14 upcoming_bytes=0 freq=72001949 sd_pos=1869961 heater_bed: target=65 temp=65.0 pwm=0.011 sysload=0.25 cputime=113.927 memavail=2526540 print_time=1474.095 buffer_time=2.231 print_stall=0 extruder: target=220 temp=219.9 pwm=0.507
Stats 2567776.5: gcodein=0  mcu: mcu_awake=0.030 mcu_task_avg=0.000055 mcu_task_stddev=0.000031 bytes_write=4691535 bytes_read=572408 bytes_retransmit=9 bytes_invalid=0 send_seq=79638 receive_seq=79638 retransmit_seq=2 srtt=0.003 rttvar=0.000 rto=0.025 ready_bytes=25 upcoming_bytes=63 freq=72001949 sd_pos=1872544 heater_bed: target=65 temp=65.0 pwm=0.331 sysload=0.25 cputime=114.021 memavail=2526540 print_time=1475.093 buffer_time=2.228 print_stall=0 extruder: target=220 temp=219.9 pwm=0.479
Stats 2567777.5: gcodein=0  mcu: mcu_awake=0.030 mcu_task_avg=0.000055 mcu_task_stddev=0.000031 bytes_write=4695176 bytes_read=572811 bytes_retransmit=9 bytes_invalid=0 send_seq=79699 receive_seq=79699 retransmit_seq=2 srtt=0.003 rttvar=0.000 rto=0.025 ready_bytes=0 upcoming_bytes=0 freq=72001947 sd_pos=1875002 heater_bed: target=65 temp=64.9 pwm=0.576 sysload=0.25 cputime=114.109 memavail=2526540 print_time=1476.012 buffer_time=2.146 print_stall=0 extruder: target=220 temp=219.8 pwm=0.479
Stats 2567778.5: gcodein=0  mcu: mcu_awake=0.032 mcu_task_avg=0.000048 mcu_task_stddev=0.000035 bytes_write=4699666 bytes_read=573305 bytes_retransmit=9 bytes_invalid=0 send_seq=79775 receive_seq=79775 retransmit_seq=2 srtt=0.003 rttvar=0.000 rto=0.025 ready_bytes=46 upcoming_bytes=383 freq=72001943 sd_pos=1878157 heater_bed: target=65 temp=65.0 pwm=0.425 sysload=0.25 cputime=114.220 memavail=2526288 print_time=1477.221 buffer_time=2.353 print_stall=0 extruder: target=220 temp=219.9 pwm=0.479
Stats 2567779.5: gcodein=0  mcu: mcu_awake=0.032 mcu_task_avg=0.000048 mcu_task_stddev=0.000035 bytes_write=4703524 bytes_read=573747 bytes_retransmit=9 bytes_invalid=0 send_seq=79838 receive_seq=79838 retransmit_seq=2 srtt=0.003 rttvar=0.000 rto=0.025 ready_bytes=56 upcoming_bytes=0 freq=72001946 sd_pos=1879656 heater_bed: target=65 temp=65.0 pwm=0.219 sysload=0.31 cputime=114.310 memavail=2526288 print_time=1478.030 buffer_time=2.161 print_stall=0 extruder: target=220 temp=219.9 pwm=0.479
Stats 2567780.5: gcodein=0  mcu: mcu_awake=0.032 mcu_task_avg=0.000048 mcu_task_stddev=0.000035 bytes_write=4707754 bytes_read=574195 bytes_retransmit=9 bytes_invalid=0 send_seq=79908 receive_seq=79908 retransmit_seq=2 srtt=0.003 rttvar=0.000 rto=0.025 ready_bytes=39 upcoming_bytes=1640 freq=72001945 sd_pos=1880645 heater_bed: target=65 temp=65.0 pwm=0.510 sysload=0.31 cputime=114.406 memavail=2526288 print_time=1479.283 buffer_time=2.413 print_stall=0 extruder: target=220 temp=220.0 pwm=0.479
Stats 2567781.5: gcodein=0  mcu: mcu_awake=0.032 mcu_task_avg=0.000048 mcu_task_stddev=0.000035 bytes_write=4712129 bytes_read=574648 bytes_retransmit=9 bytes_invalid=0 send_seq=79980 receive_seq=79979 retransmit_seq=2 srtt=0.003 rttvar=0.000 rto=0.025 ready_bytes=22 upcoming_bytes=1252 freq=72001942 sd_pos=1881510 heater_bed: target=65 temp=65.1 pwm=0.133 sysload=0.31 cputime=114.509 memavail=2526288 print_time=1480.316 buffer_time=2.445 print_stall=0 extruder: target=220 temp=220.0 pwm=0.463
Stats 2567782.5: gcodein=0  mcu: mcu_awake=0.032 mcu_task_avg=0.000048 mcu_task_stddev=0.000035 bytes_write=4716226 bytes_read=575110 bytes_retransmit=9 bytes_invalid=0 send_seq=80049 receive_seq=80046 retransmit_seq=2 srtt=0.003 rttvar=0.001 rto=0.025 ready_bytes=687 upcoming_bytes=96 freq=72001941 sd_pos=1882158 heater_bed: target=65 temp=64.9 pwm=0.690 sysload=0.31 cputime=114.584 memavail=2526288 print_time=1481.201 buffer_time=2.328 print_stall=0 extruder: target=220 temp=219.9 pwm=0.521
Stats 2567783.5: gcodein=0  mcu: mcu_awake=0.029 mcu_task_avg=0.000050 mcu_task_stddev=0.000035 bytes_write=4719377 bytes_read=575509 bytes_retransmit=9 bytes_invalid=0 send_seq=80103 receive_seq=80103 retransmit_seq=2 srtt=0.003 rttvar=0.000 rto=0.025 ready_bytes=0 upcoming_bytes=0 freq=72001939 sd_pos=1882647 heater_bed: target=65 temp=65.1 pwm=0.165 sysload=0.31 cputime=114.641 memavail=2530096 print_time=1481.948 buffer_time=2.074 print_stall=0 extruder: target=220 temp=219.9 pwm=0.521
Stats 2567784.5: gcodein=0  mcu: mcu_awake=0.029 mcu_task_avg=0.000050 mcu_task_stddev=0.000035 bytes_write=4724214 bytes_read=575992 bytes_retransmit=9 bytes_invalid=0 send_seq=80183 receive_seq=80180 retransmit_seq=2 srtt=0.003 rttvar=0.000 rto=0.025 ready_bytes=617 upcoming_bytes=41 freq=72001941 sd_pos=1885518 heater_bed: target=65 temp=65.1 pwm=0.193 sysload=0.29 cputime=114.742 memavail=2530096 print_time=1483.047 buffer_time=2.171 print_stall=0 extruder: target=220 temp=219.9 pwm=0.521
Stats 2567785.5: gcodein=0  mcu: mcu_awake=0.029 mcu_task_avg=0.000050 mcu_task_stddev=0.000035 bytes_write=4728021 bytes_read=576454 bytes_retransmit=9 bytes_invalid=0 send_seq=80247 receive_seq=80247 retransmit_seq=2 srtt=0.003 rttvar=0.000 rto=0.025 ready_bytes=0 upcoming_bytes=0 freq=72001939 sd_pos=1887170 heater_bed: target=65 temp=65.1 pwm=0.116 sysload=0.29 cputime=114.828 memavail=2530096 print_time=1484.091 buffer_time=2.214 print_stall=0 extruder: target=220 temp=219.9 pwm=0.521
Stats 2567786.5: gcodein=0  mcu: mcu_awake=0.029 mcu_task_avg=0.000050 mcu_task_stddev=0.000035 bytes_write=4731365 bytes_read=576832 bytes_retransmit=9 bytes_invalid=0 send_seq=80303 receive_seq=80303 retransmit_seq=2 srtt=0.003 rttvar=0.000 rto=0.025 ready_bytes=0 upcoming_bytes=0 freq=72001937 sd_pos=1888901 heater_bed: target=65 temp=65.2 pwm=0.027 sysload=0.29 cputime=114.904 memavail=2530096 print_time=1484.925 buffer_time=2.047 print_stall=0 extruder: target=220 temp=220.0 pwm=0.454
Stats 2567787.5: gcodein=0  mcu: mcu_awake=0.029 mcu_task_avg=0.000050 mcu_task_stddev=0.000035 bytes_write=4734754 bytes_read=577215 bytes_retransmit=9 bytes_invalid=0 send_seq=80360 receive_seq=80360 retransmit_seq=2 srtt=0.003 rttvar=0.001 rto=0.025 ready_bytes=0 upcoming_bytes=0 freq=72001936 sd_pos=1891223 heater_bed: target=65 temp=65.0 pwm=0.438 sysload=0.29 cputime=114.988 memavail=2530104 print_time=1485.902 buffer_time=2.023 print_stall=0 extruder: target=220 temp=220.1 pwm=0.454
Stats 2567788.5: gcodein=0  mcu: mcu_awake=0.029 mcu_task_avg=0.000042 mcu_task_stddev=0.000036 bytes_write=4739085 bytes_read=577718 bytes_retransmit=9 bytes_invalid=0 send_seq=80432 receive_seq=80432 retransmit_seq=2 srtt=0.003 rttvar=0.000 rto=0.025 ready_bytes=14 upcoming_bytes=0 freq=72001935 sd_pos=1893640 heater_bed: target=65 temp=65.2 pwm=0.000 sysload=0.29 cputime=115.078 memavail=2530104 print_time=1486.984 buffer_time=2.104 print_stall=0 extruder: target=220 temp=220.2 pwm=0.394
Stats 2567789.5: gcodein=0  mcu: mcu_awake=0.029 mcu_task_avg=0.000042 mcu_task_stddev=0.000036 bytes_write=4743583 bytes_read=578191 bytes_retransmit=9 bytes_invalid=0 send_seq=80508 receive_seq=80507 retransmit_seq=2 srtt=0.003 rttvar=0.000 rto=0.025 ready_bytes=45 upcoming_bytes=272 freq=72001931 sd_pos=1895788 heater_bed: target=65 temp=65.1 pwm=0.494 sysload=0.26 cputime=115.168 memavail=2530104 print_time=1488.195 buffer_time=2.314 print_stall=0 extruder: target=220 temp=220.3 pwm=0.446
Stats 2567790.5: gcodein=0  mcu: mcu_awake=0.029 mcu_task_avg=0.000042 mcu_task_stddev=0.000036 bytes_write=4747799 bytes_read=578639 bytes_retransmit=9 bytes_invalid=0 send_seq=80578 receive_seq=80577 retransmit_seq=2 srtt=0.003 rttvar=0.000 rto=0.025 ready_bytes=8 upcoming_bytes=1242 freq=72001937 sd_pos=1896473 heater_bed: target=65 temp=65.2 pwm=0.000 sysload=0.26 cputime=115.250 memavail=2530104 print_time=1489.204 buffer_time=2.322 print_stall=0 extruder: target=220 temp=220.3 pwm=0.446
Stats 2567791.5: gcodein=0  mcu: mcu_awake=0.029 mcu_task_avg=0.000042 mcu_task_stddev=0.000036 bytes_write=4751645 bytes_read=579086 bytes_retransmit=9 bytes_invalid=0 send_seq=80641 receive_seq=80641 retransmit_seq=2 srtt=0.003 rttvar=0.000 rto=0.025 ready_bytes=23 upcoming_bytes=0 freq=72001939 sd_pos=1897001 heater_bed: target=65 temp=65.0 pwm=0.609 sysload=0.26 cputime=115.337 memavail=2530104 print_time=1490.038 buffer_time=2.154 print_stall=0 extruder: target=220 temp=220.3 pwm=0.500
Stats 2567792.5: gcodein=0  mcu: mcu_awake=0.029 mcu_task_avg=0.000042 mcu_task_stddev=0.000036 bytes_write=4755666 bytes_read=579514 bytes_retransmit=9 bytes_invalid=0 send_seq=80707 receive_seq=80707 retransmit_seq=2 srtt=0.003 rttvar=0.000 rto=0.025 ready_bytes=31 upcoming_bytes=0 freq=72001941 sd_pos=1897884 heater_bed: target=65 temp=65.1 pwm=0.144 sysload=0.26 cputime=115.409 memavail=2530104 print_time=1491.382 buffer_time=2.497 print_stall=0 extruder: target=220 temp=220.1 pwm=0.500
Stats 2567793.5: gcodein=0  mcu: mcu_awake=0.029 mcu_task_avg=0.000046 mcu_task_stddev=0.000036 bytes_write=4759057 bytes_read=579913 bytes_retransmit=9 bytes_invalid=0 send_seq=80764 receive_seq=80764 retransmit_seq=2 srtt=0.003 rttvar=0.000 rto=0.025 ready_bytes=24 upcoming_bytes=0 freq=72001941 sd_pos=1900580 heater_bed: target=65 temp=65.2 pwm=0.000 sysload=0.26 cputime=115.492 memavail=2530152 print_time=1492.118 buffer_time=2.232 print_stall=0 extruder: target=220 temp=220.1 pwm=0.500
toolhead: max_velocity: 800.000000
max_accel: 2500.000000
minimum_cruise_ratio: 0.500000
square_corner_velocity: 5.000000
toolhead: max_velocity: 800.000000
max_accel: 5000.000000
minimum_cruise_ratio: 0.500000
square_corner_velocity: 5.000000
Stats 2567794.5: gcodein=0  mcu: mcu_awake=0.029 mcu_task_avg=0.000046 mcu_task_stddev=0.000036 bytes_write=4762080 bytes_read=580288 bytes_retransmit=9 bytes_invalid=0 send_seq=80815 receive_seq=80815 retransmit_seq=2 srtt=0.003 rttvar=0.000 rto=0.025 ready_bytes=11 upcoming_bytes=0 freq=72001939 sd_pos=1902357 heater_bed: target=65 temp=65.0 pwm=0.792 sysload=0.24 cputime=115.573 memavail=2530152 print_time=1492.997 buffer_time=2.110 print_stall=0 extruder: target=220 temp=219.9 pwm=0.554
toolhead: max_velocity: 800.000000
max_accel: 2500.000000
minimum_cruise_ratio: 0.500000
square_corner_velocity: 5.000000
toolhead: max_velocity: 800.000000
max_accel: 5000.000000
minimum_cruise_ratio: 0.500000
square_corner_velocity: 5.000000
Stats 2567795.5: gcodein=0  mcu: mcu_awake=0.029 mcu_task_avg=0.000046 mcu_task_stddev=0.000036 bytes_write=4766558 bytes_read=580754 bytes_retransmit=9 bytes_invalid=0 send_seq=80890 receive_seq=80890 retransmit_seq=2 srtt=0.003 rttvar=0.000 rto=0.025 ready_bytes=14 upcoming_bytes=0 freq=72001939 sd_pos=1905611 heater_bed: target=65 temp=65.1 pwm=0.317 sysload=0.24 cputime=115.678 memavail=2530152 print_time=1494.202 buffer_time=2.314 print_stall=0 extruder: target=220 temp=219.9 pwm=0.496
Stats 2567796.5: gcodein=0  mcu: mcu_awake=0.029 mcu_task_avg=0.000046 mcu_task_stddev=0.000036 bytes_write=4769685 bytes_read=581115 bytes_retransmit=9 bytes_invalid=0 send_seq=80944 receive_seq=80944 retransmit_seq=2 srtt=0.003 rttvar=0.000 rto=0.025 ready_bytes=33 upcoming_bytes=0 freq=72001936 sd_pos=1908230 heater_bed: target=65 temp=65.1 pwm=0.368 sysload=0.24 cputime=115.765 memavail=2530152 print_time=1494.917 buffer_time=2.029 print_stall=0 extruder: target=220 temp=219.9 pwm=0.470
Stats 2567797.5: gcodein=0  mcu: mcu_awake=0.029 mcu_task_avg=0.000046 mcu_task_stddev=0.000036 bytes_write=4774449 bytes_read=581624 bytes_retransmit=9 bytes_invalid=0 send_seq=81023 receive_seq=81022 retransmit_seq=2 srtt=0.003 rttvar=0.000 rto=0.025 ready_bytes=22 upcoming_bytes=1148 freq=72001937 sd_pos=1909966 heater_bed: target=65 temp=65.1 pwm=0.285 sysload=0.24 cputime=115.868 memavail=2530152 print_time=1496.151 buffer_time=2.262 print_stall=0 extruder: target=220 temp=219.9 pwm=0.531
Stats 2567798.5: gcodein=0  mcu: mcu_awake=0.031 mcu_task_avg=0.000043 mcu_task_stddev=0.000036 bytes_write=4778753 bytes_read=582098 bytes_retransmit=9 bytes_invalid=0 send_seq=81094 receive_seq=81094 retransmit_seq=2 srtt=0.003 rttvar=0.000 rto=0.025 ready_bytes=34 upcoming_bytes=1480 freq=72001936 sd_pos=1910786 heater_bed: target=65 temp=65.2 pwm=0.040 sysload=0.24 cputime=115.967 memavail=2530152 print_time=1497.294 buffer_time=2.404 print_stall=0 extruder: target=220 temp=219.9 pwm=0.522
Stats 2567799.5: gcodein=0  mcu: mcu_awake=0.031 mcu_task_avg=0.000043 mcu_task_stddev=0.000036 bytes_write=4783624 bytes_read=582596 bytes_retransmit=9 bytes_invalid=0 send_seq=81174 receive_seq=81174 retransmit_seq=2 srtt=0.003 rttvar=0.000 rto=0.025 ready_bytes=42 upcoming_bytes=519 freq=72001935 sd_pos=1911481 heater_bed: target=65 temp=65.1 pwm=0.083 sysload=0.30 cputime=116.064 memavail=2530152 print_time=1498.056 buffer_time=2.164 print_stall=0 extruder: target=220 temp=220.0 pwm=0.459
Stats 2567800.5: gcodein=0  mcu: mcu_awake=0.031 mcu_task_avg=0.000043 mcu_task_stddev=0.000036 bytes_write=4788279 bytes_read=583108 bytes_retransmit=9 bytes_invalid=0 send_seq=81251 receive_seq=81251 retransmit_seq=2 srtt=0.003 rttvar=0.000 rto=0.025 ready_bytes=44 upcoming_bytes=0 freq=72001942 sd_pos=1912451 heater_bed: target=65 temp=65.1 pwm=0.249 sysload=0.30 cputime=116.163 memavail=2530152 print_time=1499.151 buffer_time=2.258 print_stall=0 extruder: target=220 temp=219.9 pwm=0.514
Stats 2567801.5: gcodein=0  mcu: mcu_awake=0.031 mcu_task_avg=0.000043 mcu_task_stddev=0.000036 bytes_write=4791231 bytes_read=583456 bytes_retransmit=9 bytes_invalid=0 send_seq=81301 receive_seq=81301 retransmit_seq=2 srtt=0.003 rttvar=0.000 rto=0.025 ready_bytes=0 upcoming_bytes=0 freq=72001944 sd_pos=1913705 heater_bed: target=65 temp=65.0 pwm=0.517 sysload=0.30 cputime=116.234 memavail=2530152 print_time=1499.902 buffer_time=2.008 print_stall=0 extruder: target=220 temp=220.0 pwm=0.445
Stats 2567802.5: gcodein=0  mcu: mcu_awake=0.031 mcu_task_avg=0.000043 mcu_task_stddev=0.000036 bytes_write=4796260 bytes_read=583969 bytes_retransmit=9 bytes_invalid=0 send_seq=81384 receive_seq=81384 retransmit_seq=2 srtt=0.003 rttvar=0.000 rto=0.025 ready_bytes=8 upcoming_bytes=0 freq=72001942 sd_pos=1914898 heater_bed: target=65 temp=65.0 pwm=0.344 sysload=0.30 cputime=116.312 memavail=2530152 print_time=1501.013 buffer_time=2.118 print_stall=0 extruder: target=220 temp=220.0 pwm=0.445
Stats 2567803.5: gcodein=0  mcu: mcu_awake=0.031 mcu_task_avg=0.000050 mcu_task_stddev=0.000034 bytes_write=4800350 bytes_read=584457 bytes_retransmit=9 bytes_invalid=0 send_seq=81453 receive_seq=81453 retransmit_seq=2 srtt=0.003 rttvar=0.000 rto=0.025 ready_bytes=24 upcoming_bytes=958 freq=72001938 sd_pos=1917665 heater_bed: target=65 temp=65.0 pwm=0.295 sysload=0.30 cputime=116.428 memavail=2528644 print_time=1502.096 buffer_time=2.199 print_stall=0 extruder: target=220 temp=220.0 pwm=0.511
Stats 2567804.5: gcodein=0  mcu: mcu_awake=0.031 mcu_task_avg=0.000050 mcu_task_stddev=0.000034 bytes_write=4804854 bytes_read=584925 bytes_retransmit=9 bytes_invalid=0 send_seq=81527 receive_seq=81527 retransmit_seq=2 srtt=0.003 rttvar=0.000 rto=0.025 ready_bytes=57 upcoming_bytes=991 freq=72001938 sd_pos=1918768 heater_bed: target=65 temp=64.9 pwm=0.813 sysload=0.28 cputime=116.526 memavail=2527748 print_time=1503.121 buffer_time=2.223 print_stall=0 extruder: target=220 temp=220.1 pwm=0.457
Stats 2567805.5: gcodein=0  mcu: mcu_awake=0.031 mcu_task_avg=0.000050 mcu_task_stddev=0.000034 bytes_write=4809568 bytes_read=585413 bytes_retransmit=9 bytes_invalid=0 send_seq=81605 receive_seq=81605 retransmit_seq=2 srtt=0.003 rttvar=0.000 rto=0.025 ready_bytes=54 upcoming_bytes=1032 freq=72001940 sd_pos=1920703 heater_bed: target=65 temp=65.0 pwm=0.215 sysload=0.28 cputime=116.631 memavail=2527300 print_time=1504.147 buffer_time=2.248 print_stall=0 extruder: target=220 temp=219.9 pwm=0.546
Stats 2567806.5: gcodein=0  mcu: mcu_awake=0.031 mcu_task_avg=0.000050 mcu_task_stddev=0.000034 bytes_write=4814484 bytes_read=585945 bytes_retransmit=9 bytes_invalid=0 send_seq=81686 receive_seq=81686 retransmit_seq=2 srtt=0.003 rttvar=0.000 rto=0.025 ready_bytes=36 upcoming_bytes=76 freq=72001939 sd_pos=1922820 heater_bed: target=65 temp=65.0 pwm=0.342 sysload=0.28 cputime=116.741 memavail=2527300 print_time=1504.962 buffer_time=2.062 print_stall=0 extruder: target=220 temp=219.9 pwm=0.546
Stats 2567807.5: gcodein=0  mcu: mcu_awake=0.031 mcu_task_avg=0.000050 mcu_task_stddev=0.000034 bytes_write=4818494 bytes_read=586378 bytes_retransmit=9 bytes_invalid=0 send_seq=81753 receive_seq=81753 retransmit_seq=2 srtt=0.003 rttvar=0.000 rto=0.025 ready_bytes=54 upcoming_bytes=727 freq=72001937 sd_pos=1924789 heater_bed: target=65 temp=65.0 pwm=0.375 sysload=0.28 cputime=116.843 memavail=2527300 print_time=1505.923 buffer_time=2.022 print_stall=0 extruder: target=220 temp=219.9 pwm=0.546
Stats 2567808.5: gcodein=0  mcu: mcu_awake=0.030 mcu_task_avg=0.000057 mcu_task_stddev=0.000030 bytes_write=4823318 bytes_read=586892 bytes_retransmit=9 bytes_invalid=0 send_seq=81833 receive_seq=81833 retransmit_seq=2 srtt=0.003 rttvar=0.000 rto=0.025 ready_bytes=43 upcoming_bytes=1152 freq=72001939 sd_pos=1925850 heater_bed: target=65 temp=65.0 pwm=0.170 sysload=0.28 cputime=116.947 memavail=2522264 print_time=1507.174 buffer_time=2.273 print_stall=0 extruder: target=220 temp=219.8 pwm=0.546
Stats 2567809.5: gcodein=0  mcu: mcu_awake=0.030 mcu_task_avg=0.000057 mcu_task_stddev=0.000030 bytes_write=4828235 bytes_read=587409 bytes_retransmit=9 bytes_invalid=0 send_seq=81914 receive_seq=81911 retransmit_seq=2 srtt=0.003 rttvar=0.000 rto=0.025 ready_bytes=8 upcoming_bytes=46 freq=72001942 sd_pos=1927884 heater_bed: target=65 temp=65.0 pwm=0.261 sysload=0.34 cputime=117.047 memavail=2522016 print_time=1508.201 buffer_time=2.298 print_stall=0 extruder: target=220 temp=219.9 pwm=0.477
Stats 2567810.5: gcodein=0  mcu: mcu_awake=0.030 mcu_task_avg=0.000057 mcu_task_stddev=0.000030 bytes_write=4831314 bytes_read=587777 bytes_retransmit=9 bytes_invalid=0 send_seq=81965 receive_seq=81965 retransmit_seq=2 srtt=0.003 rttvar=0.001 rto=0.025 ready_bytes=8 upcoming_bytes=0 freq=72001949 sd_pos=1929884 heater_bed: target=65 temp=64.9 pwm=0.587 sysload=0.34 cputime=117.123 memavail=2522016 print_time=1508.951 buffer_time=2.047 print_stall=0 extruder: target=220 temp=220.0 pwm=0.477
Stats 2567811.5: gcodein=0  mcu: mcu_awake=0.030 mcu_task_avg=0.000057 mcu_task_stddev=0.000030 bytes_write=4835586 bytes_read=588230 bytes_retransmit=9 bytes_invalid=0 send_seq=82036 receive_seq=82036 retransmit_seq=2 srtt=0.003 rttvar=0.000 rto=0.025 ready_bytes=22 upcoming_bytes=0 freq=72001952 sd_pos=1932357 heater_bed: target=65 temp=64.9 pwm=0.493 sysload=0.34 cputime=117.225 memavail=2522016 print_time=1510.031 buffer_time=2.126 print_stall=0 extruder: target=220 temp=220.0 pwm=0.477
Stats 2567812.5: gcodein=0  mcu: mcu_awake=0.030 mcu_task_avg=0.000057 mcu_task_stddev=0.000030 bytes_write=4839678 bytes_read=588707 bytes_retransmit=9 bytes_invalid=0 send_seq=82106 receive_seq=82106 retransmit_seq=2 srtt=0.003 rttvar=0.000 rto=0.025 ready_bytes=0 upcoming_bytes=0 freq=72001951 sd_pos=1935086 heater_bed: target=65 temp=64.8 pwm=0.702 sysload=0.34 cputime=117.322 memavail=2522016 print_time=1511.062 buffer_time=2.156 print_stall=0 extruder: target=220 temp=220.1 pwm=0.477
Stats 2567813.5: gcodein=0  mcu: mcu_awake=0.030 mcu_task_avg=0.000046 mcu_task_stddev=0.000035 bytes_write=4843689 bytes_read=589136 bytes_retransmit=9 bytes_invalid=0 send_seq=82172 receive_seq=82169 retransmit_seq=2 srtt=0.003 rttvar=0.000 rto=0.025 ready_bytes=171 upcoming_bytes=316 freq=72001952 sd_pos=1938039 heater_bed: target=65 temp=65.1 pwm=0.000 sysload=0.34 cputime=117.425 memavail=2525608 print_time=1512.166 buffer_time=2.259 print_stall=0 extruder: target=220 temp=220.1 pwm=0.460
Stats 2567814.5: gcodein=0  mcu: mcu_awake=0.030 mcu_task_avg=0.000046 mcu_task_stddev=0.000035 bytes_write=4847831 bytes_read=589584 bytes_retransmit=9 bytes_invalid=0 send_seq=82240 receive_seq=82239 retransmit_seq=2 srtt=0.003 rttvar=0.000 rto=0.025 ready_bytes=28 upcoming_bytes=553 freq=72001952 sd_pos=1938870 heater_bed: target=65 temp=65.0 pwm=0.284 sysload=0.55 cputime=117.510 memavail=2523816 print_time=1513.044 buffer_time=2.135 print_stall=0 extruder: target=220 temp=220.1 pwm=0.460
Stats 2567815.5: gcodein=0  mcu: mcu_awake=0.030 mcu_task_avg=0.000046 mcu_task_stddev=0.000035 bytes_write=4852246 bytes_read=590076 bytes_retransmit=9 bytes_invalid=0 send_seq=82313 receive_seq=82312 retransmit_seq=2 srtt=0.003 rttvar=0.000 rto=0.025 ready_bytes=17 upcoming_bytes=675 freq=72001952 sd_pos=1939655 heater_bed: target=65 temp=65.1 pwm=0.000 sysload=0.55 cputime=117.604 memavail=2522920 print_time=1513.988 buffer_time=2.079 print_stall=0 extruder: target=220 temp=220.1 pwm=0.460
Stats 2567816.5: gcodein=0  mcu: mcu_awake=0.030 mcu_task_avg=0.000046 mcu_task_stddev=0.000035 bytes_write=4856065 bytes_read=590479 bytes_retransmit=9 bytes_invalid=0 send_seq=82376 receive_seq=82373 retransmit_seq=2 srtt=0.003 rttvar=0.000 rto=0.025 ready_bytes=930 upcoming_bytes=885 freq=72001951 sd_pos=1940835 heater_bed: target=65 temp=65.0 pwm=0.168 sysload=0.55 cputime=117.695 memavail=2522920 print_time=1515.479 buffer_time=2.569 print_stall=0 extruder: target=220 temp=220.2 pwm=0.460
Stats 2567817.5: gcodein=0  mcu: mcu_awake=0.030 mcu_task_avg=0.000046 mcu_task_stddev=0.000035 bytes_write=4860205 bytes_read=590947 bytes_retransmit=9 bytes_invalid=0 send_seq=82444 receive_seq=82444 retransmit_seq=2 srtt=0.003 rttvar=0.000 rto=0.025 ready_bytes=0 upcoming_bytes=10 freq=72001951 sd_pos=1941303 heater_bed: target=65 temp=65.1 pwm=0.018 sysload=0.55 cputime=117.747 memavail=2522920 print_time=1516.133 buffer_time=2.222 print_stall=0 extruder: target=220 temp=220.1 pwm=0.488
Stats 2567818.5: gcodein=0  mcu: mcu_awake=0.030 mcu_task_avg=0.000049 mcu_task_stddev=0.000035 bytes_write=4864240 bytes_read=591415 bytes_retransmit=9 bytes_invalid=0 send_seq=82512 receive_seq=82512 retransmit_seq=2 srtt=0.003 rttvar=0.000 rto=0.025 ready_bytes=0 upcoming_bytes=0 freq=72001951 sd_pos=1942094 heater_bed: target=65 temp=65.0 pwm=0.068 sysload=0.55 cputime=117.812 memavail=2522696 print_time=1517.254 buffer_time=2.342 print_stall=0 extruder: target=220 temp=220.1 pwm=0.488
Stats 2567819.5: gcodein=0  mcu: mcu_awake=0.030 mcu_task_avg=0.000049 mcu_task_stddev=0.000035 bytes_write=4868747 bytes_read=591893 bytes_retransmit=9 bytes_invalid=0 send_seq=82588 receive_seq=82588 retransmit_seq=2 srtt=0.003 rttvar=0.000 rto=0.025 ready_bytes=39 upcoming_bytes=176 freq=72001951 sd_pos=1944145 heater_bed: target=65 temp=65.0 pwm=0.361 sysload=0.51 cputime=117.899 memavail=2522696 print_time=1518.187 buffer_time=2.274 print_stall=0 extruder: target=220 temp=220.1 pwm=0.488
Stats 2567820.5: gcodein=0  mcu: mcu_awake=0.030 mcu_task_avg=0.000049 mcu_task_stddev=0.000035 bytes_write=4872489 bytes_read=592316 bytes_retransmit=9 bytes_invalid=0 send_seq=82651 receive_seq=82650 retransmit_seq=2 srtt=0.003 rttvar=0.000 rto=0.025 ready_bytes=32 upcoming_bytes=1254 freq=72001955 sd_pos=1946363 heater_bed: target=65 temp=65.1 pwm=0.104 sysload=0.51 cputime=117.977 memavail=2522696 print_time=1519.319 buffer_time=2.405 print_stall=0 extruder: target=220 temp=220.1 pwm=0.488
Stats 2567821.6: gcodein=0  mcu: mcu_awake=0.030 mcu_task_avg=0.000049 mcu_task_stddev=0.000035 bytes_write=4876866 bytes_read=592793 bytes_retransmit=9 bytes_invalid=0 send_seq=82724 receive_seq=82723 retransmit_seq=2 srtt=0.003 rttvar=0.000 rto=0.025 ready_bytes=17 upcoming_bytes=1267 freq=72001953 sd_pos=1947981 heater_bed: target=65 temp=65.0 pwm=0.487 sysload=0.51 cputime=118.082 memavail=2522700 print_time=1520.299 buffer_time=2.383 print_stall=0 extruder: target=220 temp=220.2 pwm=0.430
Stats 2567822.6: gcodein=0  mcu: mcu_awake=0.030 mcu_task_avg=0.000049 mcu_task_stddev=0.000035 bytes_write=4881002 bytes_read=593241 bytes_retransmit=9 bytes_invalid=0 send_seq=82793 receive_seq=82793 retransmit_seq=2 srtt=0.003 rttvar=0.000 rto=0.025 ready_bytes=45 upcoming_bytes=390 freq=72001952 sd_pos=1950059 heater_bed: target=65 temp=65.0 pwm=0.396 sysload=0.51 cputime=118.182 memavail=2522700 print_time=1521.056 buffer_time=2.140 print_stall=0 extruder: target=220 temp=220.2 pwm=0.430
Stats 2567823.6: gcodein=0  mcu: mcu_awake=0.031 mcu_task_avg=0.000048 mcu_task_stddev=0.000034 bytes_write=4885776 bytes_read=593770 bytes_retransmit=9 bytes_invalid=0 send_seq=82873 receive_seq=82873 retransmit_seq=2 srtt=0.003 rttvar=0.001 rto=0.025 ready_bytes=26 upcoming_bytes=0 freq=72001952 sd_pos=1952672 heater_bed: target=65 temp=65.1 pwm=0.062 sysload=0.51 cputime=118.292 memavail=2526516 print_time=1522.082 buffer_time=2.164 print_stall=0 extruder: target=220 temp=220.2 pwm=0.430
Stats 2567824.6: gcodein=0  mcu: mcu_awake=0.031 mcu_task_avg=0.000048 mcu_task_stddev=0.000034 bytes_write=4889434 bytes_read=594197 bytes_retransmit=9 bytes_invalid=0 send_seq=82936 receive_seq=82936 retransmit_seq=2 srtt=0.003 rttvar=0.000 rto=0.025 ready_bytes=0 upcoming_bytes=0 freq=72001950 sd_pos=1955215 heater_bed: target=65 temp=65.0 pwm=0.374 sysload=0.55 cputime=118.395 memavail=2524956 print_time=1523.025 buffer_time=2.106 print_stall=0 extruder: target=220 temp=220.3 pwm=0.421
Stats 2567825.6: gcodein=0  mcu: mcu_awake=0.031 mcu_task_avg=0.000048 mcu_task_stddev=0.000034 bytes_write=4893536 bytes_read=594640 bytes_retransmit=9 bytes_invalid=0 send_seq=83005 receive_seq=83005 retransmit_seq=2 srtt=0.003 rttvar=0.001 rto=0.025 ready_bytes=16 upcoming_bytes=0 freq=72001946 sd_pos=1957630 heater_bed: target=65 temp=65.1 pwm=0.080 sysload=0.55 cputime=118.496 memavail=2522716 print_time=1524.032 buffer_time=2.112 print_stall=0 extruder: target=220 temp=220.3 pwm=0.421
Stats 2567826.6: gcodein=0  mcu: mcu_awake=0.031 mcu_task_avg=0.000048 mcu_task_stddev=0.000034 bytes_write=4897858 bytes_read=595113 bytes_retransmit=9 bytes_invalid=0 send_seq=83078 receive_seq=83077 retransmit_seq=2 srtt=0.003 rttvar=0.001 rto=0.025 ready_bytes=45 upcoming_bytes=2114 freq=72001944 sd_pos=1961491 heater_bed: target=65 temp=65.1 pwm=0.000 sysload=0.55 cputime=118.608 memavail=2522492 print_time=1525.492 buffer_time=2.571 print_stall=0 extruder: target=220 temp=220.4 pwm=0.387
Stats 2567827.6: gcodein=0  mcu: mcu_awake=0.031 mcu_task_avg=0.000048 mcu_task_stddev=0.000034 bytes_write=4902184 bytes_read=595585 bytes_retransmit=9 bytes_invalid=0 send_seq=83149 receive_seq=83149 retransmit_seq=2 srtt=0.003 rttvar=0.000 rto=0.025 ready_bytes=48 upcoming_bytes=87 freq=72001945 sd_pos=1961836 heater_bed: target=65 temp=65.1 pwm=0.107 sysload=0.55 cputime=118.695 memavail=2522492 print_time=1526.028 buffer_time=2.106 print_stall=0 extruder: target=220 temp=220.2 pwm=0.495
Stats 2567828.6: gcodein=0  mcu: mcu_awake=0.030 mcu_task_avg=0.000048 mcu_task_stddev=0.000035 bytes_write=4906386 bytes_read=596044 bytes_retransmit=9 bytes_invalid=0 send_seq=83219 receive_seq=83218 retransmit_seq=2 srtt=0.003 rttvar=0.000 rto=0.025 ready_bytes=31 upcoming_bytes=753 freq=72001947 sd_pos=1962849 heater_bed: target=65 temp=65.0 pwm=0.638 sysload=0.55 cputime=118.788 memavail=2522492 print_time=1527.406 buffer_time=2.483 print_stall=0 extruder: target=220 temp=220.1 pwm=0.495
Stats 2567829.6: gcodein=0  mcu: mcu_awake=0.030 mcu_task_avg=0.000048 mcu_task_stddev=0.000035 bytes_write=4911108 bytes_read=596547 bytes_retransmit=9 bytes_invalid=0 send_seq=83297 receive_seq=83296 retransmit_seq=2 srtt=0.003 rttvar=0.000 rto=0.025 ready_bytes=16 upcoming_bytes=45 freq=72001946 sd_pos=1963499 heater_bed: target=65 temp=65.0 pwm=0.579 sysload=0.74 cputime=118.855 memavail=2522492 print_time=1528.190 buffer_time=2.266 print_stall=0 extruder: target=220 temp=220.0 pwm=0.495
Stats 2567830.6: gcodein=0  mcu: mcu_awake=0.030 mcu_task_avg=0.000048 mcu_task_stddev=0.000035 bytes_write=4915268 bytes_read=597015 bytes_retransmit=9 bytes_invalid=0 send_seq=83366 receive_seq=83365 retransmit_seq=2 srtt=0.003 rttvar=0.000 rto=0.025 ready_bytes=27 upcoming_bytes=247 freq=72001947 sd_pos=1964311 heater_bed: target=65 temp=65.1 pwm=0.000 sysload=0.74 cputime=118.931 memavail=2522492 print_time=1529.115 buffer_time=2.190 print_stall=0 extruder: target=220 temp=219.9 pwm=0.495
Stats 2567831.6: gcodein=0  mcu: mcu_awake=0.030 mcu_task_avg=0.000048 mcu_task_stddev=0.000035 bytes_write=4918949 bytes_read=597403 bytes_retransmit=9 bytes_invalid=0 send_seq=83426 receive_seq=83423 retransmit_seq=2 srtt=0.003 rttvar=0.000 rto=0.025 ready_bytes=87 upcoming_bytes=710 freq=72001946 sd_pos=1966218 heater_bed: target=65 temp=65.1 pwm=0.064 sysload=0.74 cputime=119.020 memavail=2522496 print_time=1530.295 buffer_time=2.369 print_stall=0 extruder: target=220 temp=219.8 pwm=0.553
Stats 2567832.6: gcodein=0  mcu: mcu_awake=0.030 mcu_task_avg=0.000048 mcu_task_stddev=0.000035 bytes_write=4923497 bytes_read=597911 bytes_retransmit=9 bytes_invalid=0 send_seq=83502 receive_seq=83502 retransmit_seq=2 srtt=0.003 rttvar=0.000 rto=0.025 ready_bytes=26 upcoming_bytes=0 freq=72001947 sd_pos=1968114 heater_bed: target=65 temp=65.1 pwm=0.078 sysload=0.74 cputime=119.106 memavail=2522020 print_time=1531.074 buffer_time=2.148 print_stall=0 extruder: target=220 temp=219.7 pwm=0.553
Stats 2567833.6: gcodein=0  mcu: mcu_awake=0.030 mcu_task_avg=0.000046 mcu_task_stddev=0.000035 bytes_write=4927060 bytes_read=598339 bytes_retransmit=9 bytes_invalid=0 send_seq=83562 receive_seq=83562 retransmit_seq=2 srtt=0.003 rttvar=0.000 rto=0.025 ready_bytes=38 upcoming_bytes=665 freq=72001953 sd_pos=1970182 heater_bed: target=65 temp=65.1 pwm=0.078 sysload=0.74 cputime=119.205 memavail=2521048 print_time=1531.951 buffer_time=2.023 print_stall=0 extruder: target=220 temp=219.8 pwm=0.529
Stats 2567834.6: gcodein=0  mcu: mcu_awake=0.030 mcu_task_avg=0.000046 mcu_task_stddev=0.000035 bytes_write=4931892 bytes_read=598837 bytes_retransmit=9 bytes_invalid=0 send_seq=83642 receive_seq=83642 retransmit_seq=2 srtt=0.003 rttvar=0.000 rto=0.025 ready_bytes=56 upcoming_bytes=410 freq=72001961 sd_pos=1971362 heater_bed: target=65 temp=65.1 pwm=0.240 sysload=0.76 cputime=119.309 memavail=2527548 print_time=1532.988 buffer_time=2.060 print_stall=0 extruder: target=220 temp=219.8 pwm=0.459
Stats 2567835.6: gcodein=0  mcu: mcu_awake=0.030 mcu_task_avg=0.000046 mcu_task_stddev=0.000035 bytes_write=4936874 bytes_read=599360 bytes_retransmit=9 bytes_invalid=0 send_seq=83724 receive_seq=83724 retransmit_seq=2 srtt=0.003 rttvar=0.001 rto=0.025 ready_bytes=37 upcoming_bytes=680 freq=72001963 sd_pos=1972737 heater_bed: target=65 temp=65.0 pwm=0.715 sysload=0.76 cputime=119.421 memavail=2527324 print_time=1534.219 buffer_time=2.291 print_stall=0 extruder: target=220 temp=219.9 pwm=0.459
Stats 2567836.6: gcodein=0  mcu: mcu_awake=0.030 mcu_task_avg=0.000046 mcu_task_stddev=0.000035 bytes_write=4941138 bytes_read=599827 bytes_retransmit=9 bytes_invalid=0 send_seq=83795 receive_seq=83795 retransmit_seq=2 srtt=0.003 rttvar=0.001 rto=0.025 ready_bytes=16 upcoming_bytes=0 freq=72001961 sd_pos=1974665 heater_bed: target=65 temp=65.1 pwm=0.225 sysload=0.76 cputime=119.520 memavail=2527324 print_time=1534.931 buffer_time=2.001 print_stall=0 extruder: target=220 temp=220.0 pwm=0.407
Stats 2567837.6: gcodein=0  mcu: mcu_awake=0.030 mcu_task_avg=0.000046 mcu_task_stddev=0.000035 bytes_write=4945125 bytes_read=600255 bytes_retransmit=9 bytes_invalid=0 send_seq=83861 receive_seq=83861 retransmit_seq=2 srtt=0.003 rttvar=0.000 rto=0.025 ready_bytes=30 upcoming_bytes=851 freq=72001961 sd_pos=1975961 heater_bed: target=65 temp=65.2 pwm=0.000 sysload=0.76 cputime=119.611 memavail=2527324 print_time=1536.045 buffer_time=2.114 print_stall=0 extruder: target=220 temp=220.1 pwm=0.477
Stats 2567838.6: gcodein=0  mcu: mcu_awake=0.031 mcu_task_avg=0.000059 mcu_task_stddev=0.000030 bytes_write=4950221 bytes_read=600799 bytes_retransmit=9 bytes_invalid=0 send_seq=83945 receive_seq=83944 retransmit_seq=2 srtt=0.003 rttvar=0.000 rto=0.025 ready_bytes=39 upcoming_bytes=156 freq=72001960 sd_pos=1978525 heater_bed: target=65 temp=65.1 pwm=0.230 sysload=0.76 cputime=119.736 memavail=2527072 print_time=1537.108 buffer_time=2.176 print_stall=0 extruder: target=220 temp=220.0 pwm=0.477
Stats 2567839.6: gcodein=0  mcu: mcu_awake=0.031 mcu_task_avg=0.000059 mcu_task_stddev=0.000030 bytes_write=4953975 bytes_read=601226 bytes_retransmit=9 bytes_invalid=0 send_seq=84007 receive_seq=84007 retransmit_seq=2 srtt=0.003 rttvar=0.000 rto=0.025 ready_bytes=50 upcoming_bytes=0 freq=72001960 sd_pos=1980854 heater_bed: target=65 temp=65.0 pwm=0.338 sysload=0.78 cputime=119.823 memavail=2527072 print_time=1538.142 buffer_time=2.209 print_stall=0 extruder: target=220 temp=220.0 pwm=0.477
Stats 2567840.6: gcodein=0  mcu: mcu_awake=0.031 mcu_task_avg=0.000059 mcu_task_stddev=0.000030 bytes_write=4957962 bytes_read=601654 bytes_retransmit=9 bytes_invalid=0 send_seq=84073 receive_seq=84073 retransmit_seq=2 srtt=0.003 rttvar=0.000 rto=0.025 ready_bytes=56 upcoming_bytes=0 freq=72001957 sd_pos=1983192 heater_bed: target=65 temp=65.0 pwm=0.826 sysload=0.78 cputime=119.919 memavail=2527072 print_time=1539.153 buffer_time=2.219 print_stall=0 extruder: target=220 temp=219.8 pwm=0.534
Stats 2567841.6: gcodein=0  mcu: mcu_awake=0.031 mcu_task_avg=0.000059 mcu_task_stddev=0.000030 bytes_write=4962088 bytes_read=602092 bytes_retransmit=9 bytes_invalid=0 send_seq=84141 receive_seq=84138 retransmit_seq=2 srtt=0.003 rttvar=0.000 rto=0.025 ready_bytes=289 upcoming_bytes=336 freq=72001957 sd_pos=1985538 heater_bed: target=65 temp=65.1 pwm=0.384 sysload=0.78 cputime=120.013 memavail=2527072 print_time=1540.340 buffer_time=2.404 print_stall=0 extruder: target=220 temp=219.9 pwm=0.534
Stats 2567842.6: gcodein=0  mcu: mcu_awake=0.031 mcu_task_avg=0.000059 mcu_task_stddev=0.000030 bytes_write=4965995 bytes_read=602539 bytes_retransmit=9 bytes_invalid=0 send_seq=84206 receive_seq=84205 retransmit_seq=2 srtt=0.003 rttvar=0.000 rto=0.025 ready_bytes=16 upcoming_bytes=1034 freq=72001957 sd_pos=1986329 heater_bed: target=65 temp=65.0 pwm=0.842 sysload=0.78 cputime=120.088 memavail=2526852 print_time=1541.257 buffer_time=2.321 print_stall=0 extruder: target=220 temp=219.9 pwm=0.534
Stats 2567843.6: gcodein=0  mcu: mcu_awake=0.030 mcu_task_avg=0.000044 mcu_task_stddev=0.000036 bytes_write=4970187 bytes_read=603003 bytes_retransmit=9 bytes_invalid=0 send_seq=84275 receive_seq=84275 retransmit_seq=2 srtt=0.003 rttvar=0.000 rto=0.025 ready_bytes=43 upcoming_bytes=572 freq=72001957 sd_pos=1987071 heater_bed: target=65 temp=65.1 pwm=0.032 sysload=0.78 cputime=120.186 memavail=2526852 print_time=1542.267 buffer_time=2.331 print_stall=0 extruder: target=220 temp=219.8 pwm=0.481
Stats 2567844.6: gcodein=0  mcu: mcu_awake=0.030 mcu_task_avg=0.000044 mcu_task_stddev=0.000036 bytes_write=4974037 bytes_read=603431 bytes_retransmit=9 bytes_invalid=0 send_seq=84338 receive_seq=84338 retransmit_seq=2 srtt=0.003 rttvar=0.000 rto=0.025 ready_bytes=24 upcoming_bytes=0 freq=72001956 sd_pos=1987714 heater_bed: target=65 temp=65.1 pwm=0.140 sysload=0.88 cputime=120.252 memavail=2526852 print_time=1543.126 buffer_time=2.189 print_stall=0 extruder: target=220 temp=219.7 pwm=0.552
Stats 2567845.6: gcodein=0  mcu: mcu_awake=0.030 mcu_task_avg=0.000044 mcu_task_stddev=0.000036 bytes_write=4977005 bytes_read=603798 bytes_retransmit=9 bytes_invalid=0 send_seq=84389 receive_seq=84389 retransmit_seq=2 srtt=0.003 rttvar=0.000 rto=0.025 ready_bytes=7 upcoming_bytes=0 freq=72001957 sd_pos=1988573 heater_bed: target=65 temp=65.1 pwm=0.232 sysload=0.88 cputime=120.313 memavail=2526612 print_time=1544.096 buffer_time=2.157 print_stall=0 extruder: target=220 temp=219.9 pwm=0.457
Stats 2567846.6: gcodein=0  mcu: mcu_awake=0.030 mcu_task_avg=0.000044 mcu_task_stddev=0.000036 bytes_write=4980992 bytes_read=604231 bytes_retransmit=9 bytes_invalid=0 send_seq=84456 receive_seq=84456 retransmit_seq=2 srtt=0.003 rttvar=0.000 rto=0.025 ready_bytes=25 upcoming_bytes=0 freq=72001956 sd_pos=1990295 heater_bed: target=65 temp=65.1 pwm=0.375 sysload=0.88 cputime=120.403 memavail=2526612 print_time=1545.160 buffer_time=2.221 print_stall=0 extruder: target=220 temp=219.9 pwm=0.457
Stats 2567847.6: gcodein=0  mcu: mcu_awake=0.030 mcu_task_avg=0.000044 mcu_task_stddev=0.000036 bytes_write=4984363 bytes_read=604629 bytes_retransmit=9 bytes_invalid=0 send_seq=84513 receive_seq=84513 retransmit_seq=2 srtt=0.003 rttvar=0.001 rto=0.025 ready_bytes=11 upcoming_bytes=0 freq=72001956 sd_pos=1991175 heater_bed: target=65 temp=65.0 pwm=0.406 sysload=0.88 cputime=120.467 memavail=2526612 print_time=1546.002 buffer_time=2.062 print_stall=0 extruder: target=220 temp=219.9 pwm=0.457
Stats 2567848.6: gcodein=0  mcu: mcu_awake=0.027 mcu_task_avg=0.000042 mcu_task_stddev=0.000035 bytes_write=4988887 bytes_read=605137 bytes_retransmit=9 bytes_invalid=0 send_seq=84591 receive_seq=84589 retransmit_seq=2 srtt=0.003 rttvar=0.000 rto=0.025 ready_bytes=40 upcoming_bytes=270 freq=72001954 sd_pos=1994271 heater_bed: target=65 temp=65.0 pwm=0.493 sysload=0.88 cputime=120.568 memavail=2526612 print_time=1547.278 buffer_time=2.337 print_stall=0 extruder: target=220 temp=219.9 pwm=0.457
Stats 2567849.6: gcodein=0  mcu: mcu_awake=0.027 mcu_task_avg=0.000042 mcu_task_stddev=0.000035 bytes_write=4991961 bytes_read=605510 bytes_retransmit=9 bytes_invalid=0 send_seq=84644 receive_seq=84644 retransmit_seq=2 srtt=0.003 rttvar=0.000 rto=0.025 ready_bytes=52 upcoming_bytes=0 freq=72001951 sd_pos=1996370 heater_bed: target=65 temp=65.0 pwm=0.511 sysload=0.89 cputime=120.646 memavail=2526612 print_time=1548.033 buffer_time=2.092 print_stall=0 extruder: target=220 temp=220.0 pwm=0.467
Stats 2567850.6: gcodein=0  mcu: mcu_awake=0.027 mcu_task_avg=0.000042 mcu_task_stddev=0.000035 bytes_write=4995109 bytes_read=605888 bytes_retransmit=9 bytes_invalid=0 send_seq=84697 receive_seq=84697 retransmit_seq=2 srtt=0.003 rttvar=0.000 rto=0.025 ready_bytes=38 upcoming_bytes=0 freq=72001951 sd_pos=1998663 heater_bed: target=65 temp=65.2 pwm=0.015 sysload=0.89 cputime=120.734 memavail=2526616 print_time=1548.999 buffer_time=2.058 print_stall=0 extruder: target=220 temp=220.0 pwm=0.467
Stats 2567851.6: gcodein=0  mcu: mcu_awake=0.027 mcu_task_avg=0.000042 mcu_task_stddev=0.000035 bytes_write=4999600 bytes_read=606375 bytes_retransmit=9 bytes_invalid=0 send_seq=84772 receive_seq=84772 retransmit_seq=2 srtt=0.003 rttvar=0.000 rto=0.025 ready_bytes=6 upcoming_bytes=0 freq=72001949 sd_pos=2001811 heater_bed: target=65 temp=65.0 pwm=0.377 sysload=0.89 cputime=120.834 memavail=2526616 print_time=1550.072 buffer_time=2.129 print_stall=0 extruder: target=220 temp=219.9 pwm=0.533
Stats 2567852.6: gcodein=0  mcu: mcu_awake=0.027 mcu_task_avg=0.000042 mcu_task_stddev=0.000035 bytes_write=5003867 bytes_read=606828 bytes_retransmit=9 bytes_invalid=0 send_seq=84844 receive_seq=84843 retransmit_seq=2 srtt=0.003 rttvar=0.000 rto=0.025 ready_bytes=32 upcoming_bytes=444 freq=72001945 sd_pos=2002728 heater_bed: target=65 temp=65.0 pwm=0.360 sysload=0.89 cputime=120.911 memavail=2526616 print_time=1550.962 buffer_time=2.018 print_stall=0 extruder: target=220 temp=219.9 pwm=0.530
Stats 2567853.6: gcodein=0  mcu: mcu_awake=0.031 mcu_task_avg=0.000046 mcu_task_stddev=0.000036 bytes_write=5008140 bytes_read=607316 bytes_retransmit=9 bytes_invalid=0 send_seq=84915 receive_seq=84915 retransmit_seq=2 srtt=0.003 rttvar=0.000 rto=0.025 ready_bytes=33 upcoming_bytes=1473 freq=72001943 sd_pos=2003623 heater_bed: target=65 temp=65.0 pwm=0.151 sysload=0.89 cputime=121.015 memavail=2526616 print_time=1552.237 buffer_time=2.293 print_stall=0 extruder: target=220 temp=219.9 pwm=0.530
Stats 2567854.6: gcodein=0  mcu: mcu_awake=0.031 mcu_task_avg=0.000046 mcu_task_stddev=0.000036 bytes_write=5013296 bytes_read=607845 bytes_retransmit=9 bytes_invalid=0 send_seq=85000 receive_seq=85000 retransmit_seq=2 srtt=0.003 rttvar=0.000 rto=0.025 ready_bytes=39 upcoming_bytes=520 freq=72001941 sd_pos=2004773 heater_bed: target=65 temp=64.9 pwm=0.649 sysload=0.82 cputime=121.116 memavail=2526948 print_time=1553.121 buffer_time=2.175 print_stall=0 extruder: target=220 temp=219.7 pwm=0.530
Stats 2567855.6: gcodein=0  mcu: mcu_awake=0.031 mcu_task_avg=0.000046 mcu_task_stddev=0.000036 bytes_write=5017212 bytes_read=608261 bytes_retransmit=9 bytes_invalid=0 send_seq=85065 receive_seq=85065 retransmit_seq=2 srtt=0.003 rttvar=0.000 rto=0.025 ready_bytes=8 upcoming_bytes=0 freq=72001943 sd_pos=2006364 heater_bed: target=65 temp=65.1 pwm=0.000 sysload=0.82 cputime=121.200 memavail=2526948 print_time=1554.251 buffer_time=2.305 print_stall=0 extruder: target=220 temp=219.7 pwm=0.530
Stats 2567856.6: gcodein=0  mcu: mcu_awake=0.031 mcu_task_avg=0.000046 mcu_task_stddev=0.000036 bytes_write=5020633 bytes_read=608656 bytes_retransmit=9 bytes_invalid=0 send_seq=85123 receive_seq=85123 retransmit_seq=2 srtt=0.003 rttvar=0.000 rto=0.025 ready_bytes=54 upcoming_bytes=0 freq=72001944 sd_pos=2008030 heater_bed: target=65 temp=64.9 pwm=0.693 sysload=0.82 cputime=121.272 memavail=2526724 print_time=1555.054 buffer_time=2.106 print_stall=0 extruder: target=220 temp=219.7 pwm=0.530
Stats 2567857.6: gcodein=0  mcu: mcu_awake=0.031 mcu_task_avg=0.000046 mcu_task_stddev=0.000036 bytes_write=5024166 bytes_read=609069 bytes_retransmit=9 bytes_invalid=0 send_seq=85184 receive_seq=85184 retransmit_seq=2 srtt=0.003 rttvar=0.000 rto=0.025 ready_bytes=0 upcoming_bytes=0 freq=72001944 sd_pos=2010246 heater_bed: target=65 temp=65.0 pwm=0.151 sysload=0.82 cputime=121.359 memavail=2526724 print_time=1556.043 buffer_time=2.094 print_stall=0 extruder: target=220 temp=219.7 pwm=0.517
Stats 2567858.6: gcodein=0  mcu: mcu_awake=0.030 mcu_task_avg=0.000046 mcu_task_stddev=0.000035 bytes_write=5028462 bytes_read=609543 bytes_retransmit=9 bytes_invalid=0 send_seq=85256 receive_seq=85256 retransmit_seq=2 srtt=0.003 rttvar=0.000 rto=0.025 ready_bytes=14 upcoming_bytes=0 freq=72001945 sd_pos=2012562 heater_bed: target=65 temp=64.9 pwm=0.290 sysload=0.82 cputime=121.458 memavail=2526724 print_time=1557.136 buffer_time=2.185 print_stall=0 extruder: target=220 temp=219.9 pwm=0.460
Stats 2567859.6: gcodein=0  mcu: mcu_awake=0.030 mcu_task_avg=0.000046 mcu_task_stddev=0.000035 bytes_write=5032778 bytes_read=610021 bytes_retransmit=9 bytes_invalid=0 send_seq=85329 receive_seq=85329 retransmit_seq=2 srtt=0.003 rttvar=0.000 rto=0.025 ready_bytes=41 upcoming_bytes=336 freq=72001945 sd_pos=2015274 heater_bed: target=65 temp=64.9 pwm=0.649 sysload=0.83 cputime=121.554 memavail=2526724 print_time=1558.328 buffer_time=2.377 print_stall=0 extruder: target=220 temp=219.9 pwm=0.460
Stats 2567860.6: gcodein=0  mcu: mcu_awake=0.030 mcu_task_avg=0.000046 mcu_task_stddev=0.000035 bytes_write=5035841 bytes_read=610388 bytes_retransmit=9 bytes_invalid=0 send_seq=85380 receive_seq=85380 retransmit_seq=2 srtt=0.003 rttvar=0.000 rto=0.025 ready_bytes=0 upcoming_bytes=0 freq=72001947 sd_pos=2015733 heater_bed: target=65 temp=65.0 pwm=0.268 sysload=0.83 cputime=121.617 memavail=2526724 print_time=1559.043 buffer_time=2.091 print_stall=0 extruder: target=220 temp=220.0 pwm=0.460
Stats 2567861.6: gcodein=0  mcu: mcu_awake=0.030 mcu_task_avg=0.000046 mcu_task_stddev=0.000035 bytes_write=5040810 bytes_read=610896 bytes_retransmit=9 bytes_invalid=0 send_seq=85462 receive_seq=85462 retransmit_seq=2 srtt=0.003 rttvar=0.000 rto=0.025 ready_bytes=56 upcoming_bytes=908 freq=72001946 sd_pos=2016991 heater_bed: target=65 temp=64.8 pwm=0.762 sysload=0.83 cputime=121.719 memavail=2526724 print_time=1560.567 buffer_time=2.613 print_stall=0 extruder: target=220 temp=220.1 pwm=0.460
Stats 2567862.6: gcodein=0  mcu: mcu_awake=0.030 mcu_task_avg=0.000046 mcu_task_stddev=0.000035 bytes_write=5043227 bytes_read=611214 bytes_retransmit=9 bytes_invalid=0 send_seq=85503 receive_seq=85503 retransmit_seq=2 srtt=0.003 rttvar=0.000 rto=0.025 ready_bytes=39 upcoming_bytes=0 freq=72001943 sd_pos=2017267 heater_bed: target=65 temp=64.9 pwm=0.364 sysload=0.83 cputime=121.770 memavail=2526728 print_time=1560.966 buffer_time=2.012 print_stall=0 extruder: target=220 temp=220.1 pwm=0.460
Stats 2567863.6: gcodein=0  mcu: mcu_awake=0.029 mcu_task_avg=0.000044 mcu_task_stddev=0.000036 bytes_write=5046558 bytes_read=611612 bytes_retransmit=9 bytes_invalid=0 send_seq=85560 receive_seq=85557 retransmit_seq=2 srtt=0.003 rttvar=0.000 rto=0.025 ready_bytes=771 upcoming_bytes=0 freq=72001943 sd_pos=2019121 heater_bed: target=65 temp=65.0 pwm=0.000 sysload=0.83 cputime=121.846 memavail=2526240 print_time=1562.251 buffer_time=2.295 print_stall=0 extruder: target=220 temp=220.1 pwm=0.487
Stats 2567864.6: gcodein=0  mcu: mcu_awake=0.029 mcu_task_avg=0.000044 mcu_task_stddev=0.000036 bytes_write=5050116 bytes_read=612030 bytes_retransmit=9 bytes_invalid=0 send_seq=85621 receive_seq=85621 retransmit_seq=2 srtt=0.003 rttvar=0.000 rto=0.025 ready_bytes=0 upcoming_bytes=0 freq=72001951 sd_pos=2020920 heater_bed: target=65 temp=64.9 pwm=0.654 sysload=0.77 cputime=121.921 memavail=2530488 print_time=1562.969 buffer_time=2.013 print_stall=0 extruder: target=220 temp=220.0 pwm=0.487
Stats 2567865.6: gcodein=0  mcu: mcu_awake=0.029 mcu_task_avg=0.000044 mcu_task_stddev=0.000036 bytes_write=5054166 bytes_read=612488 bytes_retransmit=9 bytes_invalid=0 send_seq=85690 receive_seq=85690 retransmit_seq=2 srtt=0.003 rttvar=0.000 rto=0.025 ready_bytes=52 upcoming_bytes=0 freq=72001948 sd_pos=2024373 heater_bed: target=65 temp=65.0 pwm=0.000 sysload=0.77 cputime=122.029 memavail=2529368 print_time=1564.080 buffer_time=2.122 print_stall=0 extruder: target=220 temp=220.0 pwm=0.487
Stats 2567866.6: gcodein=0  mcu: mcu_awake=0.029 mcu_task_avg=0.000044 mcu_task_stddev=0.000036 bytes_write=5057329 bytes_read=612850 bytes_retransmit=9 bytes_invalid=0 send_seq=85743 receive_seq=85740 retransmit_seq=2 srtt=0.003 rttvar=0.000 rto=0.025 ready_bytes=1058 upcoming_bytes=0 freq=72001946 sd_pos=2027546 heater_bed: target=65 temp=64.9 pwm=0.379 sysload=0.77 cputime=122.125 memavail=2528920 print_time=1565.263 buffer_time=2.304 print_stall=0 extruder: target=220 temp=220.1 pwm=0.487
Stats 2567867.6: gcodein=0  mcu: mcu_awake=0.029 mcu_task_avg=0.000044 mcu_task_stddev=0.000036 bytes_write=5062448 bytes_read=613393 bytes_retransmit=9 bytes_invalid=0 send_seq=85829 receive_seq=85829 retransmit_seq=2 srtt=0.003 rttvar=0.000 rto=0.025 ready_bytes=40 upcoming_bytes=0 freq=72001947 sd_pos=2028904 heater_bed: target=65 temp=65.0 pwm=0.223 sysload=0.77 cputime=122.206 memavail=2528920 print_time=1566.129 buffer_time=2.168 print_stall=0 extruder: target=220 temp=220.2 pwm=0.437
Stats 2567868.6: gcodein=0  mcu: mcu_awake=0.030 mcu_task_avg=0.000042 mcu_task_stddev=0.000036 bytes_write=5066295 bytes_read=613851 bytes_retransmit=9 bytes_invalid=0 send_seq=85893 receive_seq=85892 retransmit_seq=2 srtt=0.003 rttvar=0.000 rto=0.025 ready_bytes=31 upcoming_bytes=454 freq=72001949 sd_pos=2029528 heater_bed: target=65 temp=65.0 pwm=0.264 sysload=0.77 cputime=122.292 memavail=2528696 print_time=1566.991 buffer_time=2.029 print_stall=0 extruder: target=220 temp=220.2 pwm=0.426
Stats 2567869.6: gcodein=0  mcu: mcu_awake=0.030 mcu_task_avg=0.000042 mcu_task_stddev=0.000036 bytes_write=5070745 bytes_read=614319 bytes_retransmit=9 bytes_invalid=0 send_seq=85966 receive_seq=85966 retransmit_seq=2 srtt=0.003 rttvar=0.000 rto=0.025 ready_bytes=49 upcoming_bytes=543 freq=72001950 sd_pos=2030246 heater_bed: target=65 temp=64.8 pwm=0.691 sysload=0.70 cputime=122.388 memavail=2528700 print_time=1568.085 buffer_time=2.122 print_stall=0 extruder: target=220 temp=220.1 pwm=0.501
Stats 2567870.6: gcodein=0  mcu: mcu_awake=0.030 mcu_task_avg=0.000042 mcu_task_stddev=0.000036 bytes_write=5075548 bytes_read=614812 bytes_retransmit=9 bytes_invalid=0 send_seq=86045 receive_seq=86045 retransmit_seq=2 srtt=0.003 rttvar=0.000 rto=0.025 ready_bytes=47 upcoming_bytes=0 freq=72001949 sd_pos=2031003 heater_bed: target=65 temp=65.0 pwm=0.029 sysload=0.70 cputime=122.474 memavail=2525164 print_time=1569.067 buffer_time=2.103 print_stall=0 extruder: target=220 temp=220.1 pwm=0.501
Stats 2567871.6: gcodein=0  mcu: mcu_awake=0.030 mcu_task_avg=0.000042 mcu_task_stddev=0.000036 bytes_write=5078924 bytes_read=615224 bytes_retransmit=9 bytes_invalid=0 send_seq=86102 receive_seq=86102 retransmit_seq=2 srtt=0.003 rttvar=0.000 rto=0.025 ready_bytes=0 upcoming_bytes=0 freq=72001947 sd_pos=2032691 heater_bed: target=65 temp=65.0 pwm=0.158 sysload=0.70 cputime=122.534 memavail=2531132 print_time=1570.108 buffer_time=2.143 print_stall=0 extruder: target=220 temp=220.0 pwm=0.501
Stats 2567872.6: gcodein=0  mcu: mcu_awake=0.030 mcu_task_avg=0.000042 mcu_task_stddev=0.000036 bytes_write=5083390 bytes_read=615697 bytes_retransmit=9 bytes_invalid=0 send_seq=86177 receive_seq=86177 retransmit_seq=2 srtt=0.003 rttvar=0.000 rto=0.025 ready_bytes=0 upcoming_bytes=0 freq=72001945 sd_pos=2033877 heater_bed: target=65 temp=64.9 pwm=0.350 sysload=0.70 cputime=122.603 memavail=2539260 print_time=1571.100 buffer_time=2.134 print_stall=0 extruder: target=220 temp=220.0 pwm=0.501
Stats 2567873.6: gcodein=0  mcu: mcu_awake=0.030 mcu_task_avg=0.000049 mcu_task_stddev=0.000034 bytes_write=5087524 bytes_read=616156 bytes_retransmit=9 bytes_invalid=0 send_seq=86246 receive_seq=86246 retransmit_seq=2 srtt=0.003 rttvar=0.000 rto=0.025 ready_bytes=33 upcoming_bytes=524 freq=72001945 sd_pos=2035528 heater_bed: target=65 temp=64.9 pwm=0.437 sysload=0.70 cputime=122.663 memavail=2539136 print_time=1572.140 buffer_time=2.173 print_stall=0 extruder: target=220 temp=220.0 pwm=0.534
Stats 2567874.6: gcodein=0  mcu: mcu_awake=0.030 mcu_task_avg=0.000049 mcu_task_stddev=0.000034 bytes_write=5091880 bytes_read=616643 bytes_retransmit=9 bytes_invalid=0 send_seq=86318 receive_seq=86318 retransmit_seq=2 srtt=0.003 rttvar=0.000 rto=0.025 ready_bytes=23 upcoming_bytes=2147 freq=72001943 sd_pos=2037849 heater_bed: target=65 temp=64.9 pwm=0.591 sysload=0.73 cputime=122.744 memavail=2542180 print_time=1573.301 buffer_time=2.332 print_stall=0 extruder: target=220 temp=220.0 pwm=0.443
Stats 2567875.6: gcodein=0  mcu: mcu_awake=0.030 mcu_task_avg=0.000049 mcu_task_stddev=0.000034 bytes_write=5096417 bytes_read=617116 bytes_retransmit=9 bytes_invalid=0 send_seq=86393 receive_seq=86393 retransmit_seq=2 srtt=0.003 rttvar=0.000 rto=0.025 ready_bytes=46 upcoming_bytes=23 freq=72001942 sd_pos=2038669 heater_bed: target=65 temp=65.0 pwm=0.064 sysload=0.73 cputime=122.816 memavail=2539620 print_time=1574.036 buffer_time=2.066 print_stall=0 extruder: target=220 temp=220.1 pwm=0.499
Stats 2567876.6: gcodein=0  mcu: mcu_awake=0.030 mcu_task_avg=0.000049 mcu_task_stddev=0.000034 bytes_write=5101462 bytes_read=617634 bytes_retransmit=9 bytes_invalid=0 send_seq=86477 receive_seq=86477 retransmit_seq=2 srtt=0.003 rttvar=0.000 rto=0.025 ready_bytes=51 upcoming_bytes=760 freq=72001940 sd_pos=2041708 heater_bed: target=65 temp=64.8 pwm=0.913 sysload=0.73 cputime=122.919 memavail=2538060 print_time=1575.266 buffer_time=2.295 print_stall=0 extruder: target=220 temp=220.0 pwm=0.499
Stats 2567877.6: gcodein=0  mcu: mcu_awake=0.030 mcu_task_avg=0.000049 mcu_task_stddev=0.000034 bytes_write=5105231 bytes_read=618071 bytes_retransmit=9 bytes_invalid=0 send_seq=86540 receive_seq=86539 retransmit_seq=2 srtt=0.003 rttvar=0.000 rto=0.025 ready_bytes=22 upcoming_bytes=1297 freq=72001939 sd_pos=2043715 heater_bed: target=65 temp=64.9 pwm=0.161 sysload=0.73 cputime=123.003 memavail=2537596 print_time=1576.144 buffer_time=2.172 print_stall=0 extruder: target=220 temp=220.0 pwm=0.499
Stats 2567878.6: gcodein=0  mcu: mcu_awake=0.031 mcu_task_avg=0.000055 mcu_task_stddev=0.000031 bytes_write=5110042 bytes_read=618590 bytes_retransmit=9 bytes_invalid=0 send_seq=86620 receive_seq=86620 retransmit_seq=2 srtt=0.003 rttvar=0.000 rto=0.025 ready_bytes=41 upcoming_bytes=1032 freq=72001940 sd_pos=2044898 heater_bed: target=65 temp=64.9 pwm=0.354 sysload=0.73 cputime=123.092 memavail=2535568 print_time=1577.188 buffer_time=2.216 print_stall=0 extruder: target=220 temp=220.0 pwm=0.499
Stats 2567879.6: gcodein=0  mcu: mcu_awake=0.031 mcu_task_avg=0.000055 mcu_task_stddev=0.000031 bytes_write=5115026 bytes_read=619098 bytes_retransmit=9 bytes_invalid=0 send_seq=86702 receive_seq=86702 retransmit_seq=2 srtt=0.003 rttvar=0.000 rto=0.025 ready_bytes=32 upcoming_bytes=356 freq=72001940 sd_pos=2045760 heater_bed: target=65 temp=64.8 pwm=0.524 sysload=0.75 cputime=123.168 memavail=2529084 print_time=1578.353 buffer_time=2.380 print_stall=0 extruder: target=220 temp=219.9 pwm=0.479
Stats 2567880.6: gcodein=0  mcu: mcu_awake=0.031 mcu_task_avg=0.000055 mcu_task_stddev=0.000031 bytes_write=5119495 bytes_read=619590 bytes_retransmit=9 bytes_invalid=0 send_seq=86775 receive_seq=86775 retransmit_seq=2 srtt=0.003 rttvar=0.000 rto=0.025 ready_bytes=56 upcoming_bytes=558 freq=72001939 sd_pos=2047965 heater_bed: target=65 temp=64.9 pwm=0.220 sysload=0.75 cputime=123.259 memavail=2520088 print_time=1579.316 buffer_time=2.342 print_stall=0 extruder: target=220 temp=220.0 pwm=0.479
Stats 2567881.6: gcodein=0  mcu: mcu_awake=0.031 mcu_task_avg=0.000055 mcu_task_stddev=0.000031 bytes_write=5123029 bytes_read=619968 bytes_retransmit=9 bytes_invalid=0 send_seq=86834 receive_seq=86831 retransmit_seq=2 srtt=0.003 rttvar=0.000 rto=0.025 ready_bytes=550 upcoming_bytes=460 freq=72001940 sd_pos=2049886 heater_bed: target=65 temp=64.9 pwm=0.475 sysload=0.75 cputime=123.343 memavail=2519864 print_time=1580.286 buffer_time=2.311 print_stall=0 extruder: target=220 temp=219.9 pwm=0.479
Stats 2567882.6: gcodein=0  mcu: mcu_awake=0.031 mcu_task_avg=0.000055 mcu_task_stddev=0.000031 bytes_write=5127213 bytes_read=620426 bytes_retransmit=9 bytes_invalid=0 send_seq=86903 receive_seq=86903 retransmit_seq=2 srtt=0.003 rttvar=0.000 rto=0.025 ready_bytes=51 upcoming_bytes=0 freq=72001945 sd_pos=2052206 heater_bed: target=65 temp=64.9 pwm=0.364 sysload=0.75 cputime=123.446 memavail=2519864 print_time=1581.041 buffer_time=2.066 print_stall=0 extruder: target=220 temp=220.0 pwm=0.470
Stats 2567883.6: gcodein=0  mcu: mcu_awake=0.030 mcu_task_avg=0.000049 mcu_task_stddev=0.000034 bytes_write=5131452 bytes_read=620919 bytes_retransmit=9 bytes_invalid=0 send_seq=86973 receive_seq=86973 retransmit_seq=2 srtt=0.003 rttvar=0.000 rto=0.025 ready_bytes=7 upcoming_bytes=0 freq=72001943 sd_pos=2055050 heater_bed: target=65 temp=64.9 pwm=0.345 sysload=0.75 cputime=123.548 memavail=2518952 print_time=1582.079 buffer_time=2.102 print_stall=0 extruder: target=220 temp=220.0 pwm=0.437
Stats 2567884.6: gcodein=0  mcu: mcu_awake=0.030 mcu_task_avg=0.000049 mcu_task_stddev=0.000034 bytes_write=5135065 bytes_read=621327 bytes_retransmit=9 bytes_invalid=0 send_seq=87035 receive_seq=87035 retransmit_seq=2 srtt=0.003 rttvar=0.000 rto=0.025 ready_bytes=0 upcoming_bytes=0 freq=72001943 sd_pos=2057400 heater_bed: target=65 temp=64.9 pwm=0.232 sysload=0.69 cputime=123.638 memavail=2520732 print_time=1583.018 buffer_time=2.040 print_stall=0 extruder: target=220 temp=220.0 pwm=0.490
Stats 2567885.6: gcodein=0  mcu: mcu_awake=0.030 mcu_task_avg=0.000049 mcu_task_stddev=0.000034 bytes_write=5139968 bytes_read=621830 bytes_retransmit=9 bytes_invalid=0 send_seq=87116 receive_seq=87116 retransmit_seq=2 srtt=0.003 rttvar=0.000 rto=0.025 ready_bytes=34 upcoming_bytes=120 freq=72001944 sd_pos=2060607 heater_bed: target=65 temp=64.9 pwm=0.346 sysload=0.69 cputime=123.744 memavail=2532900 print_time=1584.267 buffer_time=2.288 print_stall=0 extruder: target=220 temp=220.0 pwm=0.490
Stats 2567886.6: gcodein=0  mcu: mcu_awake=0.030 mcu_task_avg=0.000049 mcu_task_stddev=0.000034 bytes_write=5143535 bytes_read=622252 bytes_retransmit=9 bytes_invalid=0 send_seq=87175 receive_seq=87175 retransmit_seq=2 srtt=0.003 rttvar=0.000 rto=0.025 ready_bytes=0 upcoming_bytes=0 freq=72001943 sd_pos=2062151 heater_bed: target=65 temp=65.1 pwm=0.000 sysload=0.69 cputime=123.829 memavail=2531780 print_time=1585.046 buffer_time=2.064 print_stall=0 extruder: target=220 temp=220.0 pwm=0.490
Stats 2567887.6: gcodein=0  mcu: mcu_awake=0.030 mcu_task_avg=0.000049 mcu_task_stddev=0.000034 bytes_write=5147993 bytes_read=622715 bytes_retransmit=9 bytes_invalid=0 send_seq=87248 receive_seq=87248 retransmit_seq=2 srtt=0.003 rttvar=0.000 rto=0.025 ready_bytes=49 upcoming_bytes=1699 freq=72001943 sd_pos=2063245 heater_bed: target=65 temp=65.1 pwm=0.000 sysload=0.69 cputime=123.931 memavail=2531332 print_time=1586.383 buffer_time=2.401 print_stall=0 extruder: target=220 temp=220.1 pwm=0.440
Stats 2567888.6: gcodein=0  mcu: mcu_awake=0.030 mcu_task_avg=0.000048 mcu_task_stddev=0.000035 bytes_write=5152148 bytes_read=623159 bytes_retransmit=9 bytes_invalid=0 send_seq=87317 receive_seq=87314 retransmit_seq=2 srtt=0.003 rttvar=0.000 rto=0.025 ready_bytes=247 upcoming_bytes=195 freq=72001943 sd_pos=2063679 heater_bed: target=65 temp=65.0 pwm=0.258 sysload=0.69 cputime=124.014 memavail=2531108 print_time=1587.311 buffer_time=2.329 print_stall=0 extruder: target=220 temp=220.2 pwm=0.440
Stats 2567889.6: gcodein=0  mcu: mcu_awake=0.030 mcu_task_avg=0.000048 mcu_task_stddev=0.000035 bytes_write=5155765 bytes_read=623606 bytes_retransmit=9 bytes_invalid=0 send_seq=87378 receive_seq=87378 retransmit_seq=2 srtt=0.003 rttvar=0.000 rto=0.025 ready_bytes=0 upcoming_bytes=0 freq=72001942 sd_pos=2064261 heater_bed: target=65 temp=65.0 pwm=0.275 sysload=0.63 cputime=124.080 memavail=2531108 print_time=1588.045 buffer_time=2.061 print_stall=0 extruder: target=220 temp=220.2 pwm=0.440
Stats 2567890.6: gcodein=0  mcu: mcu_awake=0.030 mcu_task_avg=0.000048 mcu_task_stddev=0.000035 bytes_write=5158861 bytes_read=623974 bytes_retransmit=9 bytes_invalid=0 send_seq=87432 receive_seq=87432 retransmit_seq=2 srtt=0.003 rttvar=0.000 rto=0.025 ready_bytes=0 upcoming_bytes=0 freq=72001940 sd_pos=2065509 heater_bed: target=65 temp=65.1 pwm=0.000 sysload=0.63 cputime=124.144 memavail=2531108 print_time=1589.187 buffer_time=2.202 print_stall=0 extruder: target=220 temp=220.1 pwm=0.496
Stats 2567891.6: gcodein=0  mcu: mcu_awake=0.030 mcu_task_avg=0.000048 mcu_task_stddev=0.000035 bytes_write=5163142 bytes_read=624427 bytes_retransmit=9 bytes_invalid=0 send_seq=87504 receive_seq=87503 retransmit_seq=2 srtt=0.003 rttvar=0.000 rto=0.025 ready_bytes=0 upcoming_bytes=0 freq=72001937 sd_pos=2068546 heater_bed: target=65 temp=65.0 pwm=0.317 sysload=0.63 cputime=124.243 memavail=2531108 print_time=1590.264 buffer_time=2.279 print_stall=0 extruder: target=220 temp=220.2 pwm=0.496
Stats 2567892.6: gcodein=0  mcu: mcu_awake=0.030 mcu_task_avg=0.000048 mcu_task_stddev=0.000035 bytes_write=5165827 bytes_read=624800 bytes_retransmit=9 bytes_invalid=0 send_seq=87550 receive_seq=87550 retransmit_seq=2 srtt=0.003 rttvar=0.000 rto=0.025 ready_bytes=0 upcoming_bytes=0 freq=72001937 sd_pos=2070070 heater_bed: target=65 temp=65.0 pwm=0.276 sysload=0.63 cputime=124.309 memavail=2523828 print_time=1590.987 buffer_time=2.002 print_stall=0 extruder: target=220 temp=220.1 pwm=0.496
Stats 2567893.6: gcodein=0  mcu: mcu_awake=0.029 mcu_task_avg=0.000041 mcu_task_stddev=0.000036 bytes_write=5170122 bytes_read=625279 bytes_retransmit=9 bytes_invalid=0 send_seq=87623 receive_seq=87623 retransmit_seq=2 srtt=0.003 rttvar=0.000 rto=0.025 ready_bytes=0 upcoming_bytes=0 freq=72001937 sd_pos=2072583 heater_bed: target=65 temp=65.0 pwm=0.456 sysload=0.63 cputime=124.384 memavail=2516952 print_time=1592.143 buffer_time=2.158 print_stall=0 extruder: target=220 temp=220.1 pwm=0.496
Stats 2567894.6: gcodein=0  mcu: mcu_awake=0.029 mcu_task_avg=0.000041 mcu_task_stddev=0.000036 bytes_write=5173938 bytes_read=625702 bytes_retransmit=9 bytes_invalid=0 send_seq=87688 receive_seq=87688 retransmit_seq=2 srtt=0.003 rttvar=0.000 rto=0.025 ready_bytes=0 upcoming_bytes=0 freq=72001938 sd_pos=2074735 heater_bed: target=65 temp=65.1 pwm=0.000 sysload=0.74 cputime=124.447 memavail=2537996 print_time=1593.104 buffer_time=2.118 print_stall=0 extruder: target=220 temp=220.1 pwm=0.493
