--------------------MobilerakerCompanion Log Start--------------------
Git Version: v0.4.0-91-g1d1e2eb
2026-08-28 17:30:59,904 websockets.client INFO - ! connect failed again; retrying in 60 seconds
Traceback (most recent call last):
  File "/home/chase/mobileraker-env/lib/python3.8/site-packages/websockets/legacy/client.py", line 598, in __aiter__
    async with self as protocol:
  File "/home/chase/mobileraker-env/lib/python3.8/site-packages/websockets/legacy/client.py", line 633, in __aenter__
    return await self
  File "/home/chase/mobileraker-env/lib/python3.8/site-packages/websockets/legacy/client.py", line 650, in __await_impl_timeout__
    return await asyncio.wait_for(self.__await_impl__(), self.open_timeout)
  File "/usr/lib/python3.8/asyncio/tasks.py", line 494, in wait_for
    return fut.result()
  File "/home/chase/mobileraker-env/lib/python3.8/site-packages/websockets/legacy/client.py", line 654, in __await_impl__
    transport, protocol = await self._create_connection()
  File "/usr/lib/python3.8/asyncio/base_events.py", line 1025, in create_connection
    raise exceptions[0]
  File "/usr/lib/python3.8/asyncio/base_events.py", line 1010, in create_connection
    sock = await self._connect_sock(
  File "/usr/lib/python3.8/asyncio/base_events.py", line 924, in _connect_sock
    await self.sock_connect(sock, address)
  File "/usr/lib/python3.8/asyncio/selector_events.py", line 496, in sock_connect
    return await fut
  File "/usr/lib/python3.8/asyncio/selector_events.py", line 501, in _sock_connect
    sock.connect(address)
OSError: [Errno 101] Network is unreachable
2026-08-28 17:31:59,972 websockets.client INFO - ! connect failed again; retrying in 60 seconds
Traceback (most recent call last):
  File "/home/chase/mobileraker-env/lib/python3.8/site-packages/websockets/legacy/client.py", line 598, in __aiter__
    async with self as protocol:
  File "/home/chase/mobileraker-env/lib/python3.8/site-packages/websockets/legacy/client.py", line 633, in __aenter__
    return await self
  File "/home/chase/mobileraker-env/lib/python3.8/site-packages/websockets/legacy/client.py", line 650, in __await_impl_timeout__
    return await asyncio.wait_for(self.__await_impl__(), self.open_timeout)
  File "/usr/lib/python3.8/asyncio/tasks.py", line 494, in wait_for
    return fut.result()
  File "/home/chase/mobileraker-env/lib/python3.8/site-packages/websockets/legacy/client.py", line 654, in __await_impl__
    transport, protocol = await self._create_connection()
  File "/usr/lib/python3.8/asyncio/base_events.py", line 1025, in create_connection
    raise exceptions[0]
  File "/usr/lib/python3.8/asyncio/base_events.py", line 1010, in create_connection
    sock = await self._connect_sock(
  File "/usr/lib/python3.8/asyncio/base_events.py", line 924, in _connect_sock
    await self.sock_connect(sock, address)
  File "/usr/lib/python3.8/asyncio/selector_events.py", line 496, in sock_connect
    return await fut
  File "/usr/lib/python3.8/asyncio/selector_events.py", line 501, in _sock_connect
    sock.connect(address)
OSError: [Errno 101] Network is unreachable
2026-08-28 17:32:59,979 websockets.client INFO - ! connect failed again; retrying in 60 seconds
Traceback (most recent call last):
  File "/home/chase/mobileraker-env/lib/python3.8/site-packages/websockets/legacy/client.py", line 598, in __aiter__
    async with self as protocol:
  File "/home/chase/mobileraker-env/lib/python3.8/site-packages/websockets/legacy/client.py", line 633, in __aenter__
    return await self
  File "/home/chase/mobileraker-env/lib/python3.8/site-packages/websockets/legacy/client.py", line 650, in __await_impl_timeout__
    return await asyncio.wait_for(self.__await_impl__(), self.open_timeout)
  File "/usr/lib/python3.8/asyncio/tasks.py", line 494, in wait_for
    return fut.result()
  File "/home/chase/mobileraker-env/lib/python3.8/site-packages/websockets/legacy/client.py", line 654, in __await_impl__
    transport, protocol = await self._create_connection()
  File "/usr/lib/python3.8/asyncio/base_events.py", line 1025, in create_connection
    raise exceptions[0]
  File "/usr/lib/python3.8/asyncio/base_events.py", line 1010, in create_connection
    sock = await self._connect_sock(
  File "/usr/lib/python3.8/asyncio/base_events.py", line 924, in _connect_sock
    await self.sock_connect(sock, address)
  File "/usr/lib/python3.8/asyncio/selector_events.py", line 496, in sock_connect
    return await fut
  File "/usr/lib/python3.8/asyncio/selector_events.py", line 501, in _sock_connect
    sock.connect(address)
OSError: [Errno 101] Network is unreachable
2026-08-28 17:34:00,003 websockets.client INFO - ! connect failed again; retrying in 60 seconds
Traceback (most recent call last):
  File "/home/chase/mobileraker-env/lib/python3.8/site-packages/websockets/legacy/client.py", line 598, in __aiter__
    async with self as protocol:
  File "/home/chase/mobileraker-env/lib/python3.8/site-packages/websockets/legacy/client.py", line 633, in __aenter__
    return await self
  File "/home/chase/mobileraker-env/lib/python3.8/site-packages/websockets/legacy/client.py", line 650, in __await_impl_timeout__
    return await asyncio.wait_for(self.__await_impl__(), self.open_timeout)
  File "/usr/lib/python3.8/asyncio/tasks.py", line 494, in wait_for
    return fut.result()
  File "/home/chase/mobileraker-env/lib/python3.8/site-packages/websockets/legacy/client.py", line 654, in __await_impl__
    transport, protocol = await self._create_connection()
  File "/usr/lib/python3.8/asyncio/base_events.py", line 1025, in create_connection
    raise exceptions[0]
  File "/usr/lib/python3.8/asyncio/base_events.py", line 1010, in create_connection
    sock = await self._connect_sock(
  File "/usr/lib/python3.8/asyncio/base_events.py", line 924, in _connect_sock
    await self.sock_connect(sock, address)
  File "/usr/lib/python3.8/asyncio/selector_events.py", line 496, in sock_connect
    return await fut
  File "/usr/lib/python3.8/asyncio/selector_events.py", line 501, in _sock_connect
    sock.connect(address)
OSError: [Errno 101] Network is unreachable
2026-08-28 17:35:00,068 websockets.client INFO - ! connect failed again; retrying in 60 seconds
Traceback (most recent call last):
  File "/home/chase/mobileraker-env/lib/python3.8/site-packages/websockets/legacy/client.py", line 598, in __aiter__
    async with self as protocol:
  File "/home/chase/mobileraker-env/lib/python3.8/site-packages/websockets/legacy/client.py", line 633, in __aenter__
    return await self
  File "/home/chase/mobileraker-env/lib/python3.8/site-packages/websockets/legacy/client.py", line 650, in __await_impl_timeout__
    return await asyncio.wait_for(self.__await_impl__(), self.open_timeout)
  File "/usr/lib/python3.8/asyncio/tasks.py", line 494, in wait_for
    return fut.result()
  File "/home/chase/mobileraker-env/lib/python3.8/site-packages/websockets/legacy/client.py", line 654, in __await_impl__
    transport, protocol = await self._create_connection()
  File "/usr/lib/python3.8/asyncio/base_events.py", line 1025, in create_connection
    raise exceptions[0]
  File "/usr/lib/python3.8/asyncio/base_events.py", line 1010, in create_connection
    sock = await self._connect_sock(
  File "/usr/lib/python3.8/asyncio/base_events.py", line 924, in _connect_sock
    await self.sock_connect(sock, address)
  File "/usr/lib/python3.8/asyncio/selector_events.py", line 496, in sock_connect
    return await fut
  File "/usr/lib/python3.8/asyncio/selector_events.py", line 501, in _sock_connect
    sock.connect(address)
OSError: [Errno 101] Network is unreachable
2026-08-28 17:36:00,134 websockets.client INFO - ! connect failed again; retrying in 60 seconds
Traceback (most recent call last):
  File "/home/chase/mobileraker-env/lib/python3.8/site-packages/websockets/legacy/client.py", line 598, in __aiter__
    async with self as protocol:
  File "/home/chase/mobileraker-env/lib/python3.8/site-packages/websockets/legacy/client.py", line 633, in __aenter__
    return await self
  File "/home/chase/mobileraker-env/lib/python3.8/site-packages/websockets/legacy/client.py", line 650, in __await_impl_timeout__
    return await asyncio.wait_for(self.__await_impl__(), self.open_timeout)
  File "/usr/lib/python3.8/asyncio/tasks.py", line 494, in wait_for
    return fut.result()
  File "/home/chase/mobileraker-env/lib/python3.8/site-packages/websockets/legacy/client.py", line 654, in __await_impl__
    transport, protocol = await self._create_connection()
  File "/usr/lib/python3.8/asyncio/base_events.py", line 1025, in create_connection
    raise exceptions[0]
  File "/usr/lib/python3.8/asyncio/base_events.py", line 1010, in create_connection
    sock = await self._connect_sock(
  File "/usr/lib/python3.8/asyncio/base_events.py", line 924, in _connect_sock
    await self.sock_connect(sock, address)
  File "/usr/lib/python3.8/asyncio/selector_events.py", line 496, in sock_connect
    return await fut
  File "/usr/lib/python3.8/asyncio/selector_events.py", line 501, in _sock_connect
    sock.connect(address)
OSError: [Errno 101] Network is unreachable
2026-08-28 17:37:00,199 websockets.client INFO - ! connect failed again; retrying in 60 seconds
Traceback (most recent call last):
  File "/home/chase/mobileraker-env/lib/python3.8/site-packages/websockets/legacy/client.py", line 598, in __aiter__
    async with self as protocol:
  File "/home/chase/mobileraker-env/lib/python3.8/site-packages/websockets/legacy/client.py", line 633, in __aenter__
    return await self
  File "/home/chase/mobileraker-env/lib/python3.8/site-packages/websockets/legacy/client.py", line 650, in __await_impl_timeout__
    return await asyncio.wait_for(self.__await_impl__(), self.open_timeout)
  File "/usr/lib/python3.8/asyncio/tasks.py", line 494, in wait_for
    return fut.result()
  File "/home/chase/mobileraker-env/lib/python3.8/site-packages/websockets/legacy/client.py", line 654, in __await_impl__
    transport, protocol = await self._create_connection()
  File "/usr/lib/python3.8/asyncio/base_events.py", line 1025, in create_connection
    raise exceptions[0]
  File "/usr/lib/python3.8/asyncio/base_events.py", line 1010, in create_connection
    sock = await self._connect_sock(
  File "/usr/lib/python3.8/asyncio/base_events.py", line 924, in _connect_sock
    await self.sock_connect(sock, address)
  File "/usr/lib/python3.8/asyncio/selector_events.py", line 496, in sock_connect
    return await fut
  File "/usr/lib/python3.8/asyncio/selector_events.py", line 501, in _sock_connect
    sock.connect(address)
OSError: [Errno 101] Network is unreachable
2026-08-28 17:38:00,258 websockets.client INFO - ! connect failed again; retrying in 60 seconds
Traceback (most recent call last):
  File "/home/chase/mobileraker-env/lib/python3.8/site-packages/websockets/legacy/client.py", line 598, in __aiter__
    async with self as protocol:
  File "/home/chase/mobileraker-env/lib/python3.8/site-packages/websockets/legacy/client.py", line 633, in __aenter__
    return await self
  File "/home/chase/mobileraker-env/lib/python3.8/site-packages/websockets/legacy/client.py", line 650, in __await_impl_timeout__
    return await asyncio.wait_for(self.__await_impl__(), self.open_timeout)
  File "/usr/lib/python3.8/asyncio/tasks.py", line 494, in wait_for
    return fut.result()
  File "/home/chase/mobileraker-env/lib/python3.8/site-packages/websockets/legacy/client.py", line 654, in __await_impl__
    transport, protocol = await self._create_connection()
  File "/usr/lib/python3.8/asyncio/base_events.py", line 1025, in create_connection
    raise exceptions[0]
  File "/usr/lib/python3.8/asyncio/base_events.py", line 1010, in create_connection
    sock = await self._connect_sock(
  File "/usr/lib/python3.8/asyncio/base_events.py", line 924, in _connect_sock
    await self.sock_connect(sock, address)
  File "/usr/lib/python3.8/asyncio/selector_events.py", line 496, in sock_connect
    return await fut
  File "/usr/lib/python3.8/asyncio/selector_events.py", line 501, in _sock_connect
    sock.connect(address)
OSError: [Errno 101] Network is unreachable
2026-08-28 17:39:00,324 websockets.client INFO - ! connect failed again; retrying in 60 seconds
Traceback (most recent call last):
  File "/home/chase/mobileraker-env/lib/python3.8/site-packages/websockets/legacy/client.py", line 598, in __aiter__
    async with self as protocol:
  File "/home/chase/mobileraker-env/lib/python3.8/site-packages/websockets/legacy/client.py", line 633, in __aenter__
    return await self
  File "/home/chase/mobileraker-env/lib/python3.8/site-packages/websockets/legacy/client.py", line 650, in __await_impl_timeout__
    return await asyncio.wait_for(self.__await_impl__(), self.open_timeout)
  File "/usr/lib/python3.8/asyncio/tasks.py", line 494, in wait_for
    return fut.result()
  File "/home/chase/mobileraker-env/lib/python3.8/site-packages/websockets/legacy/client.py", line 654, in __await_impl__
    transport, protocol = await self._create_connection()
  File "/usr/lib/python3.8/asyncio/base_events.py", line 1025, in create_connection
    raise exceptions[0]
  File "/usr/lib/python3.8/asyncio/base_events.py", line 1010, in create_connection
    sock = await self._connect_sock(
  File "/usr/lib/python3.8/asyncio/base_events.py", line 924, in _connect_sock
    await self.sock_connect(sock, address)
  File "/usr/lib/python3.8/asyncio/selector_events.py", line 496, in sock_connect
    return await fut
  File "/usr/lib/python3.8/asyncio/selector_events.py", line 501, in _sock_connect
    sock.connect(address)
OSError: [Errno 101] Network is unreachable
2026-08-28 17:40:00,366 websockets.client INFO - ! connect failed again; retrying in 60 seconds
Traceback (most recent call last):
  File "/home/chase/mobileraker-env/lib/python3.8/site-packages/websockets/legacy/client.py", line 598, in __aiter__
    async with self as protocol:
  File "/home/chase/mobileraker-env/lib/python3.8/site-packages/websockets/legacy/client.py", line 633, in __aenter__
    return await self
  File "/home/chase/mobileraker-env/lib/python3.8/site-packages/websockets/legacy/client.py", line 650, in __await_impl_timeout__
    return await asyncio.wait_for(self.__await_impl__(), self.open_timeout)
  File "/usr/lib/python3.8/asyncio/tasks.py", line 494, in wait_for
    return fut.result()
  File "/home/chase/mobileraker-env/lib/python3.8/site-packages/websockets/legacy/client.py", line 654, in __await_impl__
    transport, protocol = await self._create_connection()
  File "/usr/lib/python3.8/asyncio/base_events.py", line 1025, in create_connection
    raise exceptions[0]
  File "/usr/lib/python3.8/asyncio/base_events.py", line 1010, in create_connection
    sock = await self._connect_sock(
  File "/usr/lib/python3.8/asyncio/base_events.py", line 924, in _connect_sock
    await self.sock_connect(sock, address)
  File "/usr/lib/python3.8/asyncio/selector_events.py", line 496, in sock_connect
    return await fut
  File "/usr/lib/python3.8/asyncio/selector_events.py", line 501, in _sock_connect
    sock.connect(address)
OSError: [Errno 101] Network is unreachable
2026-08-28 17:41:00,432 websockets.client INFO - ! connect failed again; retrying in 60 seconds
Traceback (most recent call last):
  File "/home/chase/mobileraker-env/lib/python3.8/site-packages/websockets/legacy/client.py", line 598, in __aiter__
    async with self as protocol:
  File "/home/chase/mobileraker-env/lib/python3.8/site-packages/websockets/legacy/client.py", line 633, in __aenter__
    return await self
  File "/home/chase/mobileraker-env/lib/python3.8/site-packages/websockets/legacy/client.py", line 650, in __await_impl_timeout__
    return await asyncio.wait_for(self.__await_impl__(), self.open_timeout)
  File "/usr/lib/python3.8/asyncio/tasks.py", line 494, in wait_for
    return fut.result()
  File "/home/chase/mobileraker-env/lib/python3.8/site-packages/websockets/legacy/client.py", line 654, in __await_impl__
    transport, protocol = await self._create_connection()
  File "/usr/lib/python3.8/asyncio/base_events.py", line 1025, in create_connection
    raise exceptions[0]
  File "/usr/lib/python3.8/asyncio/base_events.py", line 1010, in create_connection
    sock = await self._connect_sock(
  File "/usr/lib/python3.8/asyncio/base_events.py", line 924, in _connect_sock
    await self.sock_connect(sock, address)
  File "/usr/lib/python3.8/asyncio/selector_events.py", line 496, in sock_connect
    return await fut
  File "/usr/lib/python3.8/asyncio/selector_events.py", line 501, in _sock_connect
    sock.connect(address)
OSError: [Errno 101] Network is unreachable
2026-08-28 17:42:00,498 websockets.client INFO - ! connect failed again; retrying in 60 seconds
Traceback (most recent call last):
  File "/home/chase/mobileraker-env/lib/python3.8/site-packages/websockets/legacy/client.py", line 598, in __aiter__
    async with self as protocol:
  File "/home/chase/mobileraker-env/lib/python3.8/site-packages/websockets/legacy/client.py", line 633, in __aenter__
    return await self
  File "/home/chase/mobileraker-env/lib/python3.8/site-packages/websockets/legacy/client.py", line 650, in __await_impl_timeout__
    return await asyncio.wait_for(self.__await_impl__(), self.open_timeout)
  File "/usr/lib/python3.8/asyncio/tasks.py", line 494, in wait_for
    return fut.result()
  File "/home/chase/mobileraker-env/lib/python3.8/site-packages/websockets/legacy/client.py", line 654, in __await_impl__
    transport, protocol = await self._create_connection()
  File "/usr/lib/python3.8/asyncio/base_events.py", line 1025, in create_connection
    raise exceptions[0]
  File "/usr/lib/python3.8/asyncio/base_events.py", line 1010, in create_connection
    sock = await self._connect_sock(
  File "/usr/lib/python3.8/asyncio/base_events.py", line 924, in _connect_sock
    await self.sock_connect(sock, address)
  File "/usr/lib/python3.8/asyncio/selector_events.py", line 496, in sock_connect
    return await fut
  File "/usr/lib/python3.8/asyncio/selector_events.py", line 501, in _sock_connect
    sock.connect(address)
OSError: [Errno 101] Network is unreachable
2026-08-28 17:43:00,560 websockets.client INFO - ! connect failed again; retrying in 60 seconds
Traceback (most recent call last):
  File "/home/chase/mobileraker-env/lib/python3.8/site-packages/websockets/legacy/client.py", line 598, in __aiter__
    async with self as protocol:
  File "/home/chase/mobileraker-env/lib/python3.8/site-packages/websockets/legacy/client.py", line 633, in __aenter__
    return await self
  File "/home/chase/mobileraker-env/lib/python3.8/site-packages/websockets/legacy/client.py", line 650, in __await_impl_timeout__
    return await asyncio.wait_for(self.__await_impl__(), self.open_timeout)
  File "/usr/lib/python3.8/asyncio/tasks.py", line 494, in wait_for
    return fut.result()
  File "/home/chase/mobileraker-env/lib/python3.8/site-packages/websockets/legacy/client.py", line 654, in __await_impl__
    transport, protocol = await self._create_connection()
  File "/usr/lib/python3.8/asyncio/base_events.py", line 1025, in create_connection
    raise exceptions[0]
  File "/usr/lib/python3.8/asyncio/base_events.py", line 1010, in create_connection
    sock = await self._connect_sock(
  File "/usr/lib/python3.8/asyncio/base_events.py", line 924, in _connect_sock
    await self.sock_connect(sock, address)
  File "/usr/lib/python3.8/asyncio/selector_events.py", line 496, in sock_connect
    return await fut
  File "/usr/lib/python3.8/asyncio/selector_events.py", line 501, in _sock_connect
    sock.connect(address)
OSError: [Errno 101] Network is unreachable
2026-08-28 17:44:00,626 websockets.client INFO - ! connect failed again; retrying in 60 seconds
Traceback (most recent call last):
  File "/home/chase/mobileraker-env/lib/python3.8/site-packages/websockets/legacy/client.py", line 598, in __aiter__
    async with self as protocol:
  File "/home/chase/mobileraker-env/lib/python3.8/site-packages/websockets/legacy/client.py", line 633, in __aenter__
    return await self
  File "/home/chase/mobileraker-env/lib/python3.8/site-packages/websockets/legacy/client.py", line 650, in __await_impl_timeout__
    return await asyncio.wait_for(self.__await_impl__(), self.open_timeout)
  File "/usr/lib/python3.8/asyncio/tasks.py", line 494, in wait_for
    return fut.result()
  File "/home/chase/mobileraker-env/lib/python3.8/site-packages/websockets/legacy/client.py", line 654, in __await_impl__
    transport, protocol = await self._create_connection()
  File "/usr/lib/python3.8/asyncio/base_events.py", line 1025, in create_connection
    raise exceptions[0]
  File "/usr/lib/python3.8/asyncio/base_events.py", line 1010, in create_connection
    sock = await self._connect_sock(
  File "/usr/lib/python3.8/asyncio/base_events.py", line 924, in _connect_sock
    await self.sock_connect(sock, address)
  File "/usr/lib/python3.8/asyncio/selector_events.py", line 496, in sock_connect
    return await fut
  File "/usr/lib/python3.8/asyncio/selector_events.py", line 501, in _sock_connect
    sock.connect(address)
OSError: [Errno 101] Network is unreachable
2026-08-28 17:45:00,683 websockets.client INFO - ! connect failed again; retrying in 60 seconds
Traceback (most recent call last):
  File "/home/chase/mobileraker-env/lib/python3.8/site-packages/websockets/legacy/client.py", line 598, in __aiter__
    async with self as protocol:
  File "/home/chase/mobileraker-env/lib/python3.8/site-packages/websockets/legacy/client.py", line 633, in __aenter__
    return await self
  File "/home/chase/mobileraker-env/lib/python3.8/site-packages/websockets/legacy/client.py", line 650, in __await_impl_timeout__
    return await asyncio.wait_for(self.__await_impl__(), self.open_timeout)
  File "/usr/lib/python3.8/asyncio/tasks.py", line 494, in wait_for
    return fut.result()
  File "/home/chase/mobileraker-env/lib/python3.8/site-packages/websockets/legacy/client.py", line 654, in __await_impl__
    transport, protocol = await self._create_connection()
  File "/usr/lib/python3.8/asyncio/base_events.py", line 1025, in create_connection
    raise exceptions[0]
  File "/usr/lib/python3.8/asyncio/base_events.py", line 1010, in create_connection
    sock = await self._connect_sock(
  File "/usr/lib/python3.8/asyncio/base_events.py", line 924, in _connect_sock
    await self.sock_connect(sock, address)
  File "/usr/lib/python3.8/asyncio/selector_events.py", line 496, in sock_connect
    return await fut
  File "/usr/lib/python3.8/asyncio/selector_events.py", line 501, in _sock_connect
    sock.connect(address)
OSError: [Errno 101] Network is unreachable
2026-08-28 17:46:00,748 websockets.client INFO - ! connect failed again; retrying in 60 seconds
Traceback (most recent call last):
  File "/home/chase/mobileraker-env/lib/python3.8/site-packages/websockets/legacy/client.py", line 598, in __aiter__
    async with self as protocol:
  File "/home/chase/mobileraker-env/lib/python3.8/site-packages/websockets/legacy/client.py", line 633, in __aenter__
    return await self
  File "/home/chase/mobileraker-env/lib/python3.8/site-packages/websockets/legacy/client.py", line 650, in __await_impl_timeout__
    return await asyncio.wait_for(self.__await_impl__(), self.open_timeout)
  File "/usr/lib/python3.8/asyncio/tasks.py", line 494, in wait_for
    return fut.result()
  File "/home/chase/mobileraker-env/lib/python3.8/site-packages/websockets/legacy/client.py", line 654, in __await_impl__
    transport, protocol = await self._create_connection()
  File "/usr/lib/python3.8/asyncio/base_events.py", line 1025, in create_connection
    raise exceptions[0]
  File "/usr/lib/python3.8/asyncio/base_events.py", line 1010, in create_connection
    sock = await self._connect_sock(
  File "/usr/lib/python3.8/asyncio/base_events.py", line 924, in _connect_sock
    await self.sock_connect(sock, address)
  File "/usr/lib/python3.8/asyncio/selector_events.py", line 496, in sock_connect
    return await fut
  File "/usr/lib/python3.8/asyncio/selector_events.py", line 501, in _sock_connect
    sock.connect(address)
OSError: [Errno 101] Network is unreachable
2026-08-28 17:47:00,811 websockets.client INFO - ! connect failed again; retrying in 60 seconds
Traceback (most recent call last):
  File "/home/chase/mobileraker-env/lib/python3.8/site-packages/websockets/legacy/client.py", line 598, in __aiter__
    async with self as protocol:
  File "/home/chase/mobileraker-env/lib/python3.8/site-packages/websockets/legacy/client.py", line 633, in __aenter__
    return await self
  File "/home/chase/mobileraker-env/lib/python3.8/site-packages/websockets/legacy/client.py", line 650, in __await_impl_timeout__
    return await asyncio.wait_for(self.__await_impl__(), self.open_timeout)
  File "/usr/lib/python3.8/asyncio/tasks.py", line 494, in wait_for
    return fut.result()
  File "/home/chase/mobileraker-env/lib/python3.8/site-packages/websockets/legacy/client.py", line 654, in __await_impl__
    transport, protocol = await self._create_connection()
  File "/usr/lib/python3.8/asyncio/base_events.py", line 1025, in create_connection
    raise exceptions[0]
  File "/usr/lib/python3.8/asyncio/base_events.py", line 1010, in create_connection
    sock = await self._connect_sock(
  File "/usr/lib/python3.8/asyncio/base_events.py", line 924, in _connect_sock
    await self.sock_connect(sock, address)
  File "/usr/lib/python3.8/asyncio/selector_events.py", line 496, in sock_connect
    return await fut
  File "/usr/lib/python3.8/asyncio/selector_events.py", line 501, in _sock_connect
    sock.connect(address)
OSError: [Errno 101] Network is unreachable
2026-08-28 17:48:00,876 websockets.client INFO - ! connect failed again; retrying in 60 seconds
Traceback (most recent call last):
  File "/home/chase/mobileraker-env/lib/python3.8/site-packages/websockets/legacy/client.py", line 598, in __aiter__
    async with self as protocol:
  File "/home/chase/mobileraker-env/lib/python3.8/site-packages/websockets/legacy/client.py", line 633, in __aenter__
    return await self
  File "/home/chase/mobileraker-env/lib/python3.8/site-packages/websockets/legacy/client.py", line 650, in __await_impl_timeout__
    return await asyncio.wait_for(self.__await_impl__(), self.open_timeout)
  File "/usr/lib/python3.8/asyncio/tasks.py", line 494, in wait_for
    return fut.result()
  File "/home/chase/mobileraker-env/lib/python3.8/site-packages/websockets/legacy/client.py", line 654, in __await_impl__
    transport, protocol = await self._create_connection()
  File "/usr/lib/python3.8/asyncio/base_events.py", line 1025, in create_connection
    raise exceptions[0]
  File "/usr/lib/python3.8/asyncio/base_events.py", line 1010, in create_connection
    sock = await self._connect_sock(
  File "/usr/lib/python3.8/asyncio/base_events.py", line 924, in _connect_sock
    await self.sock_connect(sock, address)
  File "/usr/lib/python3.8/asyncio/selector_events.py", line 496, in sock_connect
    return await fut
  File "/usr/lib/python3.8/asyncio/selector_events.py", line 501, in _sock_connect
    sock.connect(address)
OSError: [Errno 101] Network is unreachable
2026-08-28 17:49:00,940 websockets.client INFO - ! connect failed again; retrying in 60 seconds
Traceback (most recent call last):
  File "/home/chase/mobileraker-env/lib/python3.8/site-packages/websockets/legacy/client.py", line 598, in __aiter__
    async with self as protocol:
  File "/home/chase/mobileraker-env/lib/python3.8/site-packages/websockets/legacy/client.py", line 633, in __aenter__
    return await self
  File "/home/chase/mobileraker-env/lib/python3.8/site-packages/websockets/legacy/client.py", line 650, in __await_impl_timeout__
    return await asyncio.wait_for(self.__await_impl__(), self.open_timeout)
  File "/usr/lib/python3.8/asyncio/tasks.py", line 494, in wait_for
    return fut.result()
  File "/home/chase/mobileraker-env/lib/python3.8/site-packages/websockets/legacy/client.py", line 654, in __await_impl__
    transport, protocol = await self._create_connection()
  File "/usr/lib/python3.8/asyncio/base_events.py", line 1025, in create_connection
    raise exceptions[0]
  File "/usr/lib/python3.8/asyncio/base_events.py", line 1010, in create_connection
    sock = await self._connect_sock(
  File "/usr/lib/python3.8/asyncio/base_events.py", line 924, in _connect_sock
    await self.sock_connect(sock, address)
  File "/usr/lib/python3.8/asyncio/selector_events.py", line 496, in sock_connect
    return await fut
  File "/usr/lib/python3.8/asyncio/selector_events.py", line 501, in _sock_connect
    sock.connect(address)
OSError: [Errno 101] Network is unreachable
2026-08-28 17:50:01,005 websockets.client INFO - ! connect failed again; retrying in 60 seconds
Traceback (most recent call last):
  File "/home/chase/mobileraker-env/lib/python3.8/site-packages/websockets/legacy/client.py", line 598, in __aiter__
    async with self as protocol:
  File "/home/chase/mobileraker-env/lib/python3.8/site-packages/websockets/legacy/client.py", line 633, in __aenter__
    return await self
  File "/home/chase/mobileraker-env/lib/python3.8/site-packages/websockets/legacy/client.py", line 650, in __await_impl_timeout__
    return await asyncio.wait_for(self.__await_impl__(), self.open_timeout)
  File "/usr/lib/python3.8/asyncio/tasks.py", line 494, in wait_for
    return fut.result()
  File "/home/chase/mobileraker-env/lib/python3.8/site-packages/websockets/legacy/client.py", line 654, in __await_impl__
    transport, protocol = await self._create_connection()
  File "/usr/lib/python3.8/asyncio/base_events.py", line 1025, in create_connection
    raise exceptions[0]
  File "/usr/lib/python3.8/asyncio/base_events.py", line 1010, in create_connection
    sock = await self._connect_sock(
  File "/usr/lib/python3.8/asyncio/base_events.py", line 924, in _connect_sock
    await self.sock_connect(sock, address)
  File "/usr/lib/python3.8/asyncio/selector_events.py", line 496, in sock_connect
    return await fut
  File "/usr/lib/python3.8/asyncio/selector_events.py", line 501, in _sock_connect
    sock.connect(address)
OSError: [Errno 101] Network is unreachable
2026-08-28 17:51:01,069 websockets.client INFO - ! connect failed again; retrying in 60 seconds
Traceback (most recent call last):
  File "/home/chase/mobileraker-env/lib/python3.8/site-packages/websockets/legacy/client.py", line 598, in __aiter__
    async with self as protocol:
  File "/home/chase/mobileraker-env/lib/python3.8/site-packages/websockets/legacy/client.py", line 633, in __aenter__
    return await self
  File "/home/chase/mobileraker-env/lib/python3.8/site-packages/websockets/legacy/client.py", line 650, in __await_impl_timeout__
    return await asyncio.wait_for(self.__await_impl__(), self.open_timeout)
  File "/usr/lib/python3.8/asyncio/tasks.py", line 494, in wait_for
    return fut.result()
  File "/home/chase/mobileraker-env/lib/python3.8/site-packages/websockets/legacy/client.py", line 654, in __await_impl__
    transport, protocol = await self._create_connection()
  File "/usr/lib/python3.8/asyncio/base_events.py", line 1025, in create_connection
    raise exceptions[0]
  File "/usr/lib/python3.8/asyncio/base_events.py", line 1010, in create_connection
    sock = await self._connect_sock(
  File "/usr/lib/python3.8/asyncio/base_events.py", line 924, in _connect_sock
    await self.sock_connect(sock, address)
  File "/usr/lib/python3.8/asyncio/selector_events.py", line 496, in sock_connect
    return await fut
  File "/usr/lib/python3.8/asyncio/selector_events.py", line 501, in _sock_connect
    sock.connect(address)
OSError: [Errno 101] Network is unreachable
2026-08-28 17:52:01,132 websockets.client INFO - ! connect failed again; retrying in 60 seconds
Traceback (most recent call last):
  File "/home/chase/mobileraker-env/lib/python3.8/site-packages/websockets/legacy/client.py", line 598, in __aiter__
    async with self as protocol:
  File "/home/chase/mobileraker-env/lib/python3.8/site-packages/websockets/legacy/client.py", line 633, in __aenter__
    return await self
  File "/home/chase/mobileraker-env/lib/python3.8/site-packages/websockets/legacy/client.py", line 650, in __await_impl_timeout__
    return await asyncio.wait_for(self.__await_impl__(), self.open_timeout)
  File "/usr/lib/python3.8/asyncio/tasks.py", line 494, in wait_for
    return fut.result()
  File "/home/chase/mobileraker-env/lib/python3.8/site-packages/websockets/legacy/client.py", line 654, in __await_impl__
    transport, protocol = await self._create_connection()
  File "/usr/lib/python3.8/asyncio/base_events.py", line 1025, in create_connection
    raise exceptions[0]
  File "/usr/lib/python3.8/asyncio/base_events.py", line 1010, in create_connection
    sock = await self._connect_sock(
  File "/usr/lib/python3.8/asyncio/base_events.py", line 924, in _connect_sock
    await self.sock_connect(sock, address)
  File "/usr/lib/python3.8/asyncio/selector_events.py", line 496, in sock_connect
    return await fut
  File "/usr/lib/python3.8/asyncio/selector_events.py", line 501, in _sock_connect
    sock.connect(address)
OSError: [Errno 101] Network is unreachable
2026-08-28 17:53:01,200 websockets.client INFO - ! connect failed again; retrying in 60 seconds
Traceback (most recent call last):
  File "/home/chase/mobileraker-env/lib/python3.8/site-packages/websockets/legacy/client.py", line 598, in __aiter__
    async with self as protocol:
  File "/home/chase/mobileraker-env/lib/python3.8/site-packages/websockets/legacy/client.py", line 633, in __aenter__
    return await self
  File "/home/chase/mobileraker-env/lib/python3.8/site-packages/websockets/legacy/client.py", line 650, in __await_impl_timeout__
    return await asyncio.wait_for(self.__await_impl__(), self.open_timeout)
  File "/usr/lib/python3.8/asyncio/tasks.py", line 494, in wait_for
    return fut.result()
  File "/home/chase/mobileraker-env/lib/python3.8/site-packages/websockets/legacy/client.py", line 654, in __await_impl__
    transport, protocol = await self._create_connection()
  File "/usr/lib/python3.8/asyncio/base_events.py", line 1025, in create_connection
    raise exceptions[0]
  File "/usr/lib/python3.8/asyncio/base_events.py", line 1010, in create_connection
    sock = await self._connect_sock(
  File "/usr/lib/python3.8/asyncio/base_events.py", line 924, in _connect_sock
    await self.sock_connect(sock, address)
  File "/usr/lib/python3.8/asyncio/selector_events.py", line 496, in sock_connect
    return await fut
  File "/usr/lib/python3.8/asyncio/selector_events.py", line 501, in _sock_connect
    sock.connect(address)
OSError: [Errno 101] Network is unreachable
2026-08-28 17:54:01,264 websockets.client INFO - ! connect failed again; retrying in 60 seconds
Traceback (most recent call last):
  File "/home/chase/mobileraker-env/lib/python3.8/site-packages/websockets/legacy/client.py", line 598, in __aiter__
    async with self as protocol:
  File "/home/chase/mobileraker-env/lib/python3.8/site-packages/websockets/legacy/client.py", line 633, in __aenter__
    return await self
  File "/home/chase/mobileraker-env/lib/python3.8/site-packages/websockets/legacy/client.py", line 650, in __await_impl_timeout__
    return await asyncio.wait_for(self.__await_impl__(), self.open_timeout)
  File "/usr/lib/python3.8/asyncio/tasks.py", line 494, in wait_for
    return fut.result()
  File "/home/chase/mobileraker-env/lib/python3.8/site-packages/websockets/legacy/client.py", line 654, in __await_impl__
    transport, protocol = await self._create_connection()
  File "/usr/lib/python3.8/asyncio/base_events.py", line 1025, in create_connection
    raise exceptions[0]
  File "/usr/lib/python3.8/asyncio/base_events.py", line 1010, in create_connection
    sock = await self._connect_sock(
  File "/usr/lib/python3.8/asyncio/base_events.py", line 924, in _connect_sock
    await self.sock_connect(sock, address)
  File "/usr/lib/python3.8/asyncio/selector_events.py", line 496, in sock_connect
    return await fut
  File "/usr/lib/python3.8/asyncio/selector_events.py", line 501, in _sock_connect
    sock.connect(address)
OSError: [Errno 101] Network is unreachable
2026-08-28 17:55:01,330 websockets.client INFO - ! connect failed again; retrying in 60 seconds
Traceback (most recent call last):
  File "/home/chase/mobileraker-env/lib/python3.8/site-packages/websockets/legacy/client.py", line 598, in __aiter__
    async with self as protocol:
  File "/home/chase/mobileraker-env/lib/python3.8/site-packages/websockets/legacy/client.py", line 633, in __aenter__
    return await self
  File "/home/chase/mobileraker-env/lib/python3.8/site-packages/websockets/legacy/client.py", line 650, in __await_impl_timeout__
    return await asyncio.wait_for(self.__await_impl__(), self.open_timeout)
  File "/usr/lib/python3.8/asyncio/tasks.py", line 494, in wait_for
    return fut.result()
  File "/home/chase/mobileraker-env/lib/python3.8/site-packages/websockets/legacy/client.py", line 654, in __await_impl__
    transport, protocol = await self._create_connection()
  File "/usr/lib/python3.8/asyncio/base_events.py", line 1025, in create_connection
    raise exceptions[0]
  File "/usr/lib/python3.8/asyncio/base_events.py", line 1010, in create_connection
    sock = await self._connect_sock(
  File "/usr/lib/python3.8/asyncio/base_events.py", line 924, in _connect_sock
    await self.sock_connect(sock, address)
  File "/usr/lib/python3.8/asyncio/selector_events.py", line 496, in sock_connect
    return await fut
  File "/usr/lib/python3.8/asyncio/selector_events.py", line 501, in _sock_connect
    sock.connect(address)
OSError: [Errno 101] Network is unreachable
2026-08-28 17:56:01,393 websockets.client INFO - ! connect failed again; retrying in 60 seconds
Traceback (most recent call last):
  File "/home/chase/mobileraker-env/lib/python3.8/site-packages/websockets/legacy/client.py", line 598, in __aiter__
    async with self as protocol:
  File "/home/chase/mobileraker-env/lib/python3.8/site-packages/websockets/legacy/client.py", line 633, in __aenter__
    return await self
  File "/home/chase/mobileraker-env/lib/python3.8/site-packages/websockets/legacy/client.py", line 650, in __await_impl_timeout__
    return await asyncio.wait_for(self.__await_impl__(), self.open_timeout)
  File "/usr/lib/python3.8/asyncio/tasks.py", line 494, in wait_for
    return fut.result()
  File "/home/chase/mobileraker-env/lib/python3.8/site-packages/websockets/legacy/client.py", line 654, in __await_impl__
    transport, protocol = await self._create_connection()
  File "/usr/lib/python3.8/asyncio/base_events.py", line 1025, in create_connection
    raise exceptions[0]
  File "/usr/lib/python3.8/asyncio/base_events.py", line 1010, in create_connection
    sock = await self._connect_sock(
  File "/usr/lib/python3.8/asyncio/base_events.py", line 924, in _connect_sock
    await self.sock_connect(sock, address)
  File "/usr/lib/python3.8/asyncio/selector_events.py", line 496, in sock_connect
    return await fut
  File "/usr/lib/python3.8/asyncio/selector_events.py", line 501, in _sock_connect
    sock.connect(address)
OSError: [Errno 101] Network is unreachable
2026-08-28 17:57:01,445 websockets.client INFO - ! connect failed again; retrying in 60 seconds
Traceback (most recent call last):
  File "/home/chase/mobileraker-env/lib/python3.8/site-packages/websockets/legacy/client.py", line 598, in __aiter__
    async with self as protocol:
  File "/home/chase/mobileraker-env/lib/python3.8/site-packages/websockets/legacy/client.py", line 633, in __aenter__
    return await self
  File "/home/chase/mobileraker-env/lib/python3.8/site-packages/websockets/legacy/client.py", line 650, in __await_impl_timeout__
    return await asyncio.wait_for(self.__await_impl__(), self.open_timeout)
  File "/usr/lib/python3.8/asyncio/tasks.py", line 494, in wait_for
    return fut.result()
  File "/home/chase/mobileraker-env/lib/python3.8/site-packages/websockets/legacy/client.py", line 654, in __await_impl__
    transport, protocol = await self._create_connection()
  File "/usr/lib/python3.8/asyncio/base_events.py", line 1025, in create_connection
    raise exceptions[0]
  File "/usr/lib/python3.8/asyncio/base_events.py", line 1010, in create_connection
    sock = await self._connect_sock(
  File "/usr/lib/python3.8/asyncio/base_events.py", line 924, in _connect_sock
    await self.sock_connect(sock, address)
  File "/usr/lib/python3.8/asyncio/selector_events.py", line 496, in sock_connect
    return await fut
  File "/usr/lib/python3.8/asyncio/selector_events.py", line 501, in _sock_connect
    sock.connect(address)
OSError: [Errno 101] Network is unreachable
2026-08-28 17:58:01,508 websockets.client INFO - ! connect failed again; retrying in 60 seconds
Traceback (most recent call last):
  File "/home/chase/mobileraker-env/lib/python3.8/site-packages/websockets/legacy/client.py", line 598, in __aiter__
    async with self as protocol:
  File "/home/chase/mobileraker-env/lib/python3.8/site-packages/websockets/legacy/client.py", line 633, in __aenter__
    return await self
  File "/home/chase/mobileraker-env/lib/python3.8/site-packages/websockets/legacy/client.py", line 650, in __await_impl_timeout__
    return await asyncio.wait_for(self.__await_impl__(), self.open_timeout)
  File "/usr/lib/python3.8/asyncio/tasks.py", line 494, in wait_for
    return fut.result()
  File "/home/chase/mobileraker-env/lib/python3.8/site-packages/websockets/legacy/client.py", line 654, in __await_impl__
    transport, protocol = await self._create_connection()
  File "/usr/lib/python3.8/asyncio/base_events.py", line 1025, in create_connection
    raise exceptions[0]
  File "/usr/lib/python3.8/asyncio/base_events.py", line 1010, in create_connection
    sock = await self._connect_sock(
  File "/usr/lib/python3.8/asyncio/base_events.py", line 924, in _connect_sock
    await self.sock_connect(sock, address)
  File "/usr/lib/python3.8/asyncio/selector_events.py", line 496, in sock_connect
    return await fut
  File "/usr/lib/python3.8/asyncio/selector_events.py", line 501, in _sock_connect
    sock.connect(address)
OSError: [Errno 101] Network is unreachable
2026-08-28 17:59:01,572 websockets.client INFO - ! connect failed again; retrying in 60 seconds
Traceback (most recent call last):
  File "/home/chase/mobileraker-env/lib/python3.8/site-packages/websockets/legacy/client.py", line 598, in __aiter__
    async with self as protocol:
  File "/home/chase/mobileraker-env/lib/python3.8/site-packages/websockets/legacy/client.py", line 633, in __aenter__
    return await self
  File "/home/chase/mobileraker-env/lib/python3.8/site-packages/websockets/legacy/client.py", line 650, in __await_impl_timeout__
    return await asyncio.wait_for(self.__await_impl__(), self.open_timeout)
  File "/usr/lib/python3.8/asyncio/tasks.py", line 494, in wait_for
    return fut.result()
  File "/home/chase/mobileraker-env/lib/python3.8/site-packages/websockets/legacy/client.py", line 654, in __await_impl__
    transport, protocol = await self._create_connection()
  File "/usr/lib/python3.8/asyncio/base_events.py", line 1025, in create_connection
    raise exceptions[0]
  File "/usr/lib/python3.8/asyncio/base_events.py", line 1010, in create_connection
    sock = await self._connect_sock(
  File "/usr/lib/python3.8/asyncio/base_events.py", line 924, in _connect_sock
    await self.sock_connect(sock, address)
  File "/usr/lib/python3.8/asyncio/selector_events.py", line 496, in sock_connect
    return await fut
  File "/usr/lib/python3.8/asyncio/selector_events.py", line 501, in _sock_connect
    sock.connect(address)
OSError: [Errno 101] Network is unreachable
2026-08-28 18:00:01,608 websockets.client INFO - ! connect failed again; retrying in 60 seconds
Traceback (most recent call last):
  File "/home/chase/mobileraker-env/lib/python3.8/site-packages/websockets/legacy/client.py", line 598, in __aiter__
    async with self as protocol:
  File "/home/chase/mobileraker-env/lib/python3.8/site-packages/websockets/legacy/client.py", line 633, in __aenter__
    return await self
  File "/home/chase/mobileraker-env/lib/python3.8/site-packages/websockets/legacy/client.py", line 650, in __await_impl_timeout__
    return await asyncio.wait_for(self.__await_impl__(), self.open_timeout)
  File "/usr/lib/python3.8/asyncio/tasks.py", line 494, in wait_for
    return fut.result()
  File "/home/chase/mobileraker-env/lib/python3.8/site-packages/websockets/legacy/client.py", line 654, in __await_impl__
    transport, protocol = await self._create_connection()
  File "/usr/lib/python3.8/asyncio/base_events.py", line 1025, in create_connection
    raise exceptions[0]
  File "/usr/lib/python3.8/asyncio/base_events.py", line 1010, in create_connection
    sock = await self._connect_sock(
  File "/usr/lib/python3.8/asyncio/base_events.py", line 924, in _connect_sock
    await self.sock_connect(sock, address)
  File "/usr/lib/python3.8/asyncio/selector_events.py", line 496, in sock_connect
    return await fut
  File "/usr/lib/python3.8/asyncio/selector_events.py", line 501, in _sock_connect
    sock.connect(address)
OSError: [Errno 101] Network is unreachable
2026-08-28 18:01:01,629 websockets.client INFO - ! connect failed again; retrying in 60 seconds
Traceback (most recent call last):
  File "/home/chase/mobileraker-env/lib/python3.8/site-packages/websockets/legacy/client.py", line 598, in __aiter__
    async with self as protocol:
  File "/home/chase/mobileraker-env/lib/python3.8/site-packages/websockets/legacy/client.py", line 633, in __aenter__
    return await self
  File "/home/chase/mobileraker-env/lib/python3.8/site-packages/websockets/legacy/client.py", line 650, in __await_impl_timeout__
    return await asyncio.wait_for(self.__await_impl__(), self.open_timeout)
  File "/usr/lib/python3.8/asyncio/tasks.py", line 494, in wait_for
    return fut.result()
  File "/home/chase/mobileraker-env/lib/python3.8/site-packages/websockets/legacy/client.py", line 654, in __await_impl__
    transport, protocol = await self._create_connection()
  File "/usr/lib/python3.8/asyncio/base_events.py", line 1025, in create_connection
    raise exceptions[0]
  File "/usr/lib/python3.8/asyncio/base_events.py", line 1010, in create_connection
    sock = await self._connect_sock(
  File "/usr/lib/python3.8/asyncio/base_events.py", line 924, in _connect_sock
    await self.sock_connect(sock, address)
  File "/usr/lib/python3.8/asyncio/selector_events.py", line 496, in sock_connect
    return await fut
  File "/usr/lib/python3.8/asyncio/selector_events.py", line 501, in _sock_connect
    sock.connect(address)
OSError: [Errno 101] Network is unreachable
2026-08-28 18:02:01,695 websockets.client INFO - ! connect failed again; retrying in 60 seconds
Traceback (most recent call last):
  File "/home/chase/mobileraker-env/lib/python3.8/site-packages/websockets/legacy/client.py", line 598, in __aiter__
    async with self as protocol:
  File "/home/chase/mobileraker-env/lib/python3.8/site-packages/websockets/legacy/client.py", line 633, in __aenter__
    return await self
  File "/home/chase/mobileraker-env/lib/python3.8/site-packages/websockets/legacy/client.py", line 650, in __await_impl_timeout__
    return await asyncio.wait_for(self.__await_impl__(), self.open_timeout)
  File "/usr/lib/python3.8/asyncio/tasks.py", line 494, in wait_for
    return fut.result()
  File "/home/chase/mobileraker-env/lib/python3.8/site-packages/websockets/legacy/client.py", line 654, in __await_impl__
    transport, protocol = await self._create_connection()
  File "/usr/lib/python3.8/asyncio/base_events.py", line 1025, in create_connection
    raise exceptions[0]
  File "/usr/lib/python3.8/asyncio/base_events.py", line 1010, in create_connection
    sock = await self._connect_sock(
  File "/usr/lib/python3.8/asyncio/base_events.py", line 924, in _connect_sock
    await self.sock_connect(sock, address)
  File "/usr/lib/python3.8/asyncio/selector_events.py", line 496, in sock_connect
    return await fut
  File "/usr/lib/python3.8/asyncio/selector_events.py", line 501, in _sock_connect
    sock.connect(address)
OSError: [Errno 101] Network is unreachable
2026-08-28 18:03:01,760 websockets.client INFO - ! connect failed again; retrying in 60 seconds
Traceback (most recent call last):
  File "/home/chase/mobileraker-env/lib/python3.8/site-packages/websockets/legacy/client.py", line 598, in __aiter__
    async with self as protocol:
  File "/home/chase/mobileraker-env/lib/python3.8/site-packages/websockets/legacy/client.py", line 633, in __aenter__
    return await self
  File "/home/chase/mobileraker-env/lib/python3.8/site-packages/websockets/legacy/client.py", line 650, in __await_impl_timeout__
    return await asyncio.wait_for(self.__await_impl__(), self.open_timeout)
  File "/usr/lib/python3.8/asyncio/tasks.py", line 494, in wait_for
    return fut.result()
  File "/home/chase/mobileraker-env/lib/python3.8/site-packages/websockets/legacy/client.py", line 654, in __await_impl__
    transport, protocol = await self._create_connection()
  File "/usr/lib/python3.8/asyncio/base_events.py", line 1025, in create_connection
    raise exceptions[0]
  File "/usr/lib/python3.8/asyncio/base_events.py", line 1010, in create_connection
    sock = await self._connect_sock(
  File "/usr/lib/python3.8/asyncio/base_events.py", line 924, in _connect_sock
    await self.sock_connect(sock, address)
  File "/usr/lib/python3.8/asyncio/selector_events.py", line 496, in sock_connect
    return await fut
  File "/usr/lib/python3.8/asyncio/selector_events.py", line 501, in _sock_connect
    sock.connect(address)
OSError: [Errno 101] Network is unreachable
2026-08-28 18:04:01,824 websockets.client INFO - ! connect failed again; retrying in 60 seconds
Traceback (most recent call last):
  File "/home/chase/mobileraker-env/lib/python3.8/site-packages/websockets/legacy/client.py", line 598, in __aiter__
    async with self as protocol:
  File "/home/chase/mobileraker-env/lib/python3.8/site-packages/websockets/legacy/client.py", line 633, in __aenter__
    return await self
  File "/home/chase/mobileraker-env/lib/python3.8/site-packages/websockets/legacy/client.py", line 650, in __await_impl_timeout__
    return await asyncio.wait_for(self.__await_impl__(), self.open_timeout)
  File "/usr/lib/python3.8/asyncio/tasks.py", line 494, in wait_for
    return fut.result()
  File "/home/chase/mobileraker-env/lib/python3.8/site-packages/websockets/legacy/client.py", line 654, in __await_impl__
    transport, protocol = await self._create_connection()
  File "/usr/lib/python3.8/asyncio/base_events.py", line 1025, in create_connection
    raise exceptions[0]
  File "/usr/lib/python3.8/asyncio/base_events.py", line 1010, in create_connection
    sock = await self._connect_sock(
  File "/usr/lib/python3.8/asyncio/base_events.py", line 924, in _connect_sock
    await self.sock_connect(sock, address)
  File "/usr/lib/python3.8/asyncio/selector_events.py", line 496, in sock_connect
    return await fut
  File "/usr/lib/python3.8/asyncio/selector_events.py", line 501, in _sock_connect
    sock.connect(address)
OSError: [Errno 101] Network is unreachable
2026-08-28 18:05:01,863 websockets.client INFO - ! connect failed again; retrying in 60 seconds
Traceback (most recent call last):
  File "/home/chase/mobileraker-env/lib/python3.8/site-packages/websockets/legacy/client.py", line 598, in __aiter__
    async with self as protocol:
  File "/home/chase/mobileraker-env/lib/python3.8/site-packages/websockets/legacy/client.py", line 633, in __aenter__
    return await self
  File "/home/chase/mobileraker-env/lib/python3.8/site-packages/websockets/legacy/client.py", line 650, in __await_impl_timeout__
    return await asyncio.wait_for(self.__await_impl__(), self.open_timeout)
  File "/usr/lib/python3.8/asyncio/tasks.py", line 494, in wait_for
    return fut.result()
  File "/home/chase/mobileraker-env/lib/python3.8/site-packages/websockets/legacy/client.py", line 654, in __await_impl__
    transport, protocol = await self._create_connection()
  File "/usr/lib/python3.8/asyncio/base_events.py", line 1025, in create_connection
    raise exceptions[0]
  File "/usr/lib/python3.8/asyncio/base_events.py", line 1010, in create_connection
    sock = await self._connect_sock(
  File "/usr/lib/python3.8/asyncio/base_events.py", line 924, in _connect_sock
    await self.sock_connect(sock, address)
  File "/usr/lib/python3.8/asyncio/selector_events.py", line 496, in sock_connect
    return await fut
  File "/usr/lib/python3.8/asyncio/selector_events.py", line 501, in _sock_connect
    sock.connect(address)
OSError: [Errno 101] Network is unreachable
2026-08-28 18:06:01,915 websockets.client INFO - ! connect failed again; retrying in 60 seconds
Traceback (most recent call last):
  File "/home/chase/mobileraker-env/lib/python3.8/site-packages/websockets/legacy/client.py", line 598, in __aiter__
    async with self as protocol:
  File "/home/chase/mobileraker-env/lib/python3.8/site-packages/websockets/legacy/client.py", line 633, in __aenter__
    return await self
  File "/home/chase/mobileraker-env/lib/python3.8/site-packages/websockets/legacy/client.py", line 650, in __await_impl_timeout__
    return await asyncio.wait_for(self.__await_impl__(), self.open_timeout)
  File "/usr/lib/python3.8/asyncio/tasks.py", line 494, in wait_for
    return fut.result()
  File "/home/chase/mobileraker-env/lib/python3.8/site-packages/websockets/legacy/client.py", line 654, in __await_impl__
    transport, protocol = await self._create_connection()
  File "/usr/lib/python3.8/asyncio/base_events.py", line 1025, in create_connection
    raise exceptions[0]
  File "/usr/lib/python3.8/asyncio/base_events.py", line 1010, in create_connection
    sock = await self._connect_sock(
  File "/usr/lib/python3.8/asyncio/base_events.py", line 924, in _connect_sock
    await self.sock_connect(sock, address)
  File "/usr/lib/python3.8/asyncio/selector_events.py", line 496, in sock_connect
    return await fut
  File "/usr/lib/python3.8/asyncio/selector_events.py", line 501, in _sock_connect
    sock.connect(address)
OSError: [Errno 101] Network is unreachable
2026-08-28 18:07:01,980 websockets.client INFO - ! connect failed again; retrying in 60 seconds
Traceback (most recent call last):
  File "/home/chase/mobileraker-env/lib/python3.8/site-packages/websockets/legacy/client.py", line 598, in __aiter__
    async with self as protocol:
  File "/home/chase/mobileraker-env/lib/python3.8/site-packages/websockets/legacy/client.py", line 633, in __aenter__
    return await self
  File "/home/chase/mobileraker-env/lib/python3.8/site-packages/websockets/legacy/client.py", line 650, in __await_impl_timeout__
    return await asyncio.wait_for(self.__await_impl__(), self.open_timeout)
  File "/usr/lib/python3.8/asyncio/tasks.py", line 494, in wait_for
    return fut.result()
  File "/home/chase/mobileraker-env/lib/python3.8/site-packages/websockets/legacy/client.py", line 654, in __await_impl__
    transport, protocol = await self._create_connection()
  File "/usr/lib/python3.8/asyncio/base_events.py", line 1025, in create_connection
    raise exceptions[0]
  File "/usr/lib/python3.8/asyncio/base_events.py", line 1010, in create_connection
    sock = await self._connect_sock(
  File "/usr/lib/python3.8/asyncio/base_events.py", line 924, in _connect_sock
    await self.sock_connect(sock, address)
  File "/usr/lib/python3.8/asyncio/selector_events.py", line 496, in sock_connect
    return await fut
  File "/usr/lib/python3.8/asyncio/selector_events.py", line 501, in _sock_connect
    sock.connect(address)
OSError: [Errno 101] Network is unreachable
2026-08-28 18:08:02,026 websockets.client INFO - ! connect failed again; retrying in 60 seconds
Traceback (most recent call last):
  File "/home/chase/mobileraker-env/lib/python3.8/site-packages/websockets/legacy/client.py", line 598, in __aiter__
    async with self as protocol:
  File "/home/chase/mobileraker-env/lib/python3.8/site-packages/websockets/legacy/client.py", line 633, in __aenter__
    return await self
  File "/home/chase/mobileraker-env/lib/python3.8/site-packages/websockets/legacy/client.py", line 650, in __await_impl_timeout__
    return await asyncio.wait_for(self.__await_impl__(), self.open_timeout)
  File "/usr/lib/python3.8/asyncio/tasks.py", line 494, in wait_for
    return fut.result()
  File "/home/chase/mobileraker-env/lib/python3.8/site-packages/websockets/legacy/client.py", line 654, in __await_impl__
    transport, protocol = await self._create_connection()
  File "/usr/lib/python3.8/asyncio/base_events.py", line 1025, in create_connection
    raise exceptions[0]
  File "/usr/lib/python3.8/asyncio/base_events.py", line 1010, in create_connection
    sock = await self._connect_sock(
  File "/usr/lib/python3.8/asyncio/base_events.py", line 924, in _connect_sock
    await self.sock_connect(sock, address)
  File "/usr/lib/python3.8/asyncio/selector_events.py", line 496, in sock_connect
    return await fut
  File "/usr/lib/python3.8/asyncio/selector_events.py", line 501, in _sock_connect
    sock.connect(address)
OSError: [Errno 101] Network is unreachable
2026-08-28 18:09:02,087 websockets.client INFO - ! connect failed again; retrying in 60 seconds
Traceback (most recent call last):
  File "/home/chase/mobileraker-env/lib/python3.8/site-packages/websockets/legacy/client.py", line 598, in __aiter__
    async with self as protocol:
  File "/home/chase/mobileraker-env/lib/python3.8/site-packages/websockets/legacy/client.py", line 633, in __aenter__
    return await self
  File "/home/chase/mobileraker-env/lib/python3.8/site-packages/websockets/legacy/client.py", line 650, in __await_impl_timeout__
    return await asyncio.wait_for(self.__await_impl__(), self.open_timeout)
  File "/usr/lib/python3.8/asyncio/tasks.py", line 494, in wait_for
    return fut.result()
  File "/home/chase/mobileraker-env/lib/python3.8/site-packages/websockets/legacy/client.py", line 654, in __await_impl__
    transport, protocol = await self._create_connection()
  File "/usr/lib/python3.8/asyncio/base_events.py", line 1025, in create_connection
    raise exceptions[0]
  File "/usr/lib/python3.8/asyncio/base_events.py", line 1010, in create_connection
    sock = await self._connect_sock(
  File "/usr/lib/python3.8/asyncio/base_events.py", line 924, in _connect_sock
    await self.sock_connect(sock, address)
  File "/usr/lib/python3.8/asyncio/selector_events.py", line 496, in sock_connect
    return await fut
  File "/usr/lib/python3.8/asyncio/selector_events.py", line 501, in _sock_connect
    sock.connect(address)
OSError: [Errno 101] Network is unreachable
2026-08-28 18:10:02,153 websockets.client INFO - ! connect failed again; retrying in 60 seconds
Traceback (most recent call last):
  File "/home/chase/mobileraker-env/lib/python3.8/site-packages/websockets/legacy/client.py", line 598, in __aiter__
    async with self as protocol:
  File "/home/chase/mobileraker-env/lib/python3.8/site-packages/websockets/legacy/client.py", line 633, in __aenter__
    return await self
  File "/home/chase/mobileraker-env/lib/python3.8/site-packages/websockets/legacy/client.py", line 650, in __await_impl_timeout__
    return await asyncio.wait_for(self.__await_impl__(), self.open_timeout)
  File "/usr/lib/python3.8/asyncio/tasks.py", line 494, in wait_for
    return fut.result()
  File "/home/chase/mobileraker-env/lib/python3.8/site-packages/websockets/legacy/client.py", line 654, in __await_impl__
    transport, protocol = await self._create_connection()
  File "/usr/lib/python3.8/asyncio/base_events.py", line 1025, in create_connection
    raise exceptions[0]
  File "/usr/lib/python3.8/asyncio/base_events.py", line 1010, in create_connection
    sock = await self._connect_sock(
  File "/usr/lib/python3.8/asyncio/base_events.py", line 924, in _connect_sock
    await self.sock_connect(sock, address)
  File "/usr/lib/python3.8/asyncio/selector_events.py", line 496, in sock_connect
    return await fut
  File "/usr/lib/python3.8/asyncio/selector_events.py", line 501, in _sock_connect
    sock.connect(address)
OSError: [Errno 101] Network is unreachable
2026-08-28 18:11:02,217 websockets.client INFO - ! connect failed again; retrying in 60 seconds
Traceback (most recent call last):
  File "/home/chase/mobileraker-env/lib/python3.8/site-packages/websockets/legacy/client.py", line 598, in __aiter__
    async with self as protocol:
  File "/home/chase/mobileraker-env/lib/python3.8/site-packages/websockets/legacy/client.py", line 633, in __aenter__
    return await self
  File "/home/chase/mobileraker-env/lib/python3.8/site-packages/websockets/legacy/client.py", line 650, in __await_impl_timeout__
    return await asyncio.wait_for(self.__await_impl__(), self.open_timeout)
  File "/usr/lib/python3.8/asyncio/tasks.py", line 494, in wait_for
    return fut.result()
  File "/home/chase/mobileraker-env/lib/python3.8/site-packages/websockets/legacy/client.py", line 654, in __await_impl__
    transport, protocol = await self._create_connection()
  File "/usr/lib/python3.8/asyncio/base_events.py", line 1025, in create_connection
    raise exceptions[0]
  File "/usr/lib/python3.8/asyncio/base_events.py", line 1010, in create_connection
    sock = await self._connect_sock(
  File "/usr/lib/python3.8/asyncio/base_events.py", line 924, in _connect_sock
    await self.sock_connect(sock, address)
  File "/usr/lib/python3.8/asyncio/selector_events.py", line 496, in sock_connect
    return await fut
  File "/usr/lib/python3.8/asyncio/selector_events.py", line 501, in _sock_connect
    sock.connect(address)
OSError: [Errno 101] Network is unreachable
2026-08-28 18:12:02,283 websockets.client INFO - ! connect failed again; retrying in 60 seconds
Traceback (most recent call last):
  File "/home/chase/mobileraker-env/lib/python3.8/site-packages/websockets/legacy/client.py", line 598, in __aiter__
    async with self as protocol:
  File "/home/chase/mobileraker-env/lib/python3.8/site-packages/websockets/legacy/client.py", line 633, in __aenter__
    return await self
  File "/home/chase/mobileraker-env/lib/python3.8/site-packages/websockets/legacy/client.py", line 650, in __await_impl_timeout__
    return await asyncio.wait_for(self.__await_impl__(), self.open_timeout)
  File "/usr/lib/python3.8/asyncio/tasks.py", line 494, in wait_for
    return fut.result()
  File "/home/chase/mobileraker-env/lib/python3.8/site-packages/websockets/legacy/client.py", line 654, in __await_impl__
    transport, protocol = await self._create_connection()
  File "/usr/lib/python3.8/asyncio/base_events.py", line 1025, in create_connection
    raise exceptions[0]
  File "/usr/lib/python3.8/asyncio/base_events.py", line 1010, in create_connection
    sock = await self._connect_sock(
  File "/usr/lib/python3.8/asyncio/base_events.py", line 924, in _connect_sock
    await self.sock_connect(sock, address)
  File "/usr/lib/python3.8/asyncio/selector_events.py", line 496, in sock_connect
    return await fut
  File "/usr/lib/python3.8/asyncio/selector_events.py", line 501, in _sock_connect
    sock.connect(address)
OSError: [Errno 101] Network is unreachable
2026-08-28 18:13:02,349 websockets.client INFO - ! connect failed again; retrying in 60 seconds
Traceback (most recent call last):
  File "/home/chase/mobileraker-env/lib/python3.8/site-packages/websockets/legacy/client.py", line 598, in __aiter__
    async with self as protocol:
  File "/home/chase/mobileraker-env/lib/python3.8/site-packages/websockets/legacy/client.py", line 633, in __aenter__
    return await self
  File "/home/chase/mobileraker-env/lib/python3.8/site-packages/websockets/legacy/client.py", line 650, in __await_impl_timeout__
    return await asyncio.wait_for(self.__await_impl__(), self.open_timeout)
  File "/usr/lib/python3.8/asyncio/tasks.py", line 494, in wait_for
    return fut.result()
  File "/home/chase/mobileraker-env/lib/python3.8/site-packages/websockets/legacy/client.py", line 654, in __await_impl__
    transport, protocol = await self._create_connection()
  File "/usr/lib/python3.8/asyncio/base_events.py", line 1025, in create_connection
    raise exceptions[0]
  File "/usr/lib/python3.8/asyncio/base_events.py", line 1010, in create_connection
    sock = await self._connect_sock(
  File "/usr/lib/python3.8/asyncio/base_events.py", line 924, in _connect_sock
    await self.sock_connect(sock, address)
  File "/usr/lib/python3.8/asyncio/selector_events.py", line 496, in sock_connect
    return await fut
  File "/usr/lib/python3.8/asyncio/selector_events.py", line 501, in _sock_connect
    sock.connect(address)
OSError: [Errno 101] Network is unreachable
2026-08-28 18:14:02,414 websockets.client INFO - ! connect failed again; retrying in 60 seconds
Traceback (most recent call last):
  File "/home/chase/mobileraker-env/lib/python3.8/site-packages/websockets/legacy/client.py", line 598, in __aiter__
    async with self as protocol:
  File "/home/chase/mobileraker-env/lib/python3.8/site-packages/websockets/legacy/client.py", line 633, in __aenter__
    return await self
  File "/home/chase/mobileraker-env/lib/python3.8/site-packages/websockets/legacy/client.py", line 650, in __await_impl_timeout__
    return await asyncio.wait_for(self.__await_impl__(), self.open_timeout)
  File "/usr/lib/python3.8/asyncio/tasks.py", line 494, in wait_for
    return fut.result()
  File "/home/chase/mobileraker-env/lib/python3.8/site-packages/websockets/legacy/client.py", line 654, in __await_impl__
    transport, protocol = await self._create_connection()
  File "/usr/lib/python3.8/asyncio/base_events.py", line 1025, in create_connection
    raise exceptions[0]
  File "/usr/lib/python3.8/asyncio/base_events.py", line 1010, in create_connection
    sock = await self._connect_sock(
  File "/usr/lib/python3.8/asyncio/base_events.py", line 924, in _connect_sock
    await self.sock_connect(sock, address)
  File "/usr/lib/python3.8/asyncio/selector_events.py", line 496, in sock_connect
    return await fut
  File "/usr/lib/python3.8/asyncio/selector_events.py", line 501, in _sock_connect
    sock.connect(address)
OSError: [Errno 101] Network is unreachable
2026-08-28 18:15:02,476 websockets.client INFO - ! connect failed again; retrying in 60 seconds
Traceback (most recent call last):
  File "/home/chase/mobileraker-env/lib/python3.8/site-packages/websockets/legacy/client.py", line 598, in __aiter__
    async with self as protocol:
  File "/home/chase/mobileraker-env/lib/python3.8/site-packages/websockets/legacy/client.py", line 633, in __aenter__
    return await self
  File "/home/chase/mobileraker-env/lib/python3.8/site-packages/websockets/legacy/client.py", line 650, in __await_impl_timeout__
    return await asyncio.wait_for(self.__await_impl__(), self.open_timeout)
  File "/usr/lib/python3.8/asyncio/tasks.py", line 494, in wait_for
    return fut.result()
  File "/home/chase/mobileraker-env/lib/python3.8/site-packages/websockets/legacy/client.py", line 654, in __await_impl__
    transport, protocol = await self._create_connection()
  File "/usr/lib/python3.8/asyncio/base_events.py", line 1025, in create_connection
    raise exceptions[0]
  File "/usr/lib/python3.8/asyncio/base_events.py", line 1010, in create_connection
    sock = await self._connect_sock(
  File "/usr/lib/python3.8/asyncio/base_events.py", line 924, in _connect_sock
    await self.sock_connect(sock, address)
  File "/usr/lib/python3.8/asyncio/selector_events.py", line 496, in sock_connect
    return await fut
  File "/usr/lib/python3.8/asyncio/selector_events.py", line 501, in _sock_connect
    sock.connect(address)
OSError: [Errno 101] Network is unreachable
2026-08-28 18:16:02,540 websockets.client INFO - ! connect failed again; retrying in 60 seconds
Traceback (most recent call last):
  File "/home/chase/mobileraker-env/lib/python3.8/site-packages/websockets/legacy/client.py", line 598, in __aiter__
    async with self as protocol:
  File "/home/chase/mobileraker-env/lib/python3.8/site-packages/websockets/legacy/client.py", line 633, in __aenter__
    return await self
  File "/home/chase/mobileraker-env/lib/python3.8/site-packages/websockets/legacy/client.py", line 650, in __await_impl_timeout__
    return await asyncio.wait_for(self.__await_impl__(), self.open_timeout)
  File "/usr/lib/python3.8/asyncio/tasks.py", line 494, in wait_for
    return fut.result()
  File "/home/chase/mobileraker-env/lib/python3.8/site-packages/websockets/legacy/client.py", line 654, in __await_impl__
    transport, protocol = await self._create_connection()
  File "/usr/lib/python3.8/asyncio/base_events.py", line 1025, in create_connection
    raise exceptions[0]
  File "/usr/lib/python3.8/asyncio/base_events.py", line 1010, in create_connection
    sock = await self._connect_sock(
  File "/usr/lib/python3.8/asyncio/base_events.py", line 924, in _connect_sock
    await self.sock_connect(sock, address)
  File "/usr/lib/python3.8/asyncio/selector_events.py", line 496, in sock_connect
    return await fut
  File "/usr/lib/python3.8/asyncio/selector_events.py", line 501, in _sock_connect
    sock.connect(address)
OSError: [Errno 101] Network is unreachable
2026-08-28 18:17:02,604 websockets.client INFO - ! connect failed again; retrying in 60 seconds
Traceback (most recent call last):
  File "/home/chase/mobileraker-env/lib/python3.8/site-packages/websockets/legacy/client.py", line 598, in __aiter__
    async with self as protocol:
  File "/home/chase/mobileraker-env/lib/python3.8/site-packages/websockets/legacy/client.py", line 633, in __aenter__
    return await self
  File "/home/chase/mobileraker-env/lib/python3.8/site-packages/websockets/legacy/client.py", line 650, in __await_impl_timeout__
    return await asyncio.wait_for(self.__await_impl__(), self.open_timeout)
  File "/usr/lib/python3.8/asyncio/tasks.py", line 494, in wait_for
    return fut.result()
  File "/home/chase/mobileraker-env/lib/python3.8/site-packages/websockets/legacy/client.py", line 654, in __await_impl__
    transport, protocol = await self._create_connection()
  File "/usr/lib/python3.8/asyncio/base_events.py", line 1025, in create_connection
    raise exceptions[0]
  File "/usr/lib/python3.8/asyncio/base_events.py", line 1010, in create_connection
    sock = await self._connect_sock(
  File "/usr/lib/python3.8/asyncio/base_events.py", line 924, in _connect_sock
    await self.sock_connect(sock, address)
  File "/usr/lib/python3.8/asyncio/selector_events.py", line 496, in sock_connect
    return await fut
  File "/usr/lib/python3.8/asyncio/selector_events.py", line 501, in _sock_connect
    sock.connect(address)
OSError: [Errno 101] Network is unreachable
2026-08-28 18:18:02,634 websockets.client INFO - ! connect failed again; retrying in 60 seconds
Traceback (most recent call last):
  File "/home/chase/mobileraker-env/lib/python3.8/site-packages/websockets/legacy/client.py", line 598, in __aiter__
    async with self as protocol:
  File "/home/chase/mobileraker-env/lib/python3.8/site-packages/websockets/legacy/client.py", line 633, in __aenter__
    return await self
  File "/home/chase/mobileraker-env/lib/python3.8/site-packages/websockets/legacy/client.py", line 650, in __await_impl_timeout__
    return await asyncio.wait_for(self.__await_impl__(), self.open_timeout)
  File "/usr/lib/python3.8/asyncio/tasks.py", line 494, in wait_for
    return fut.result()
  File "/home/chase/mobileraker-env/lib/python3.8/site-packages/websockets/legacy/client.py", line 654, in __await_impl__
    transport, protocol = await self._create_connection()
  File "/usr/lib/python3.8/asyncio/base_events.py", line 1025, in create_connection
    raise exceptions[0]
  File "/usr/lib/python3.8/asyncio/base_events.py", line 1010, in create_connection
    sock = await self._connect_sock(
  File "/usr/lib/python3.8/asyncio/base_events.py", line 924, in _connect_sock
    await self.sock_connect(sock, address)
  File "/usr/lib/python3.8/asyncio/selector_events.py", line 496, in sock_connect
    return await fut
  File "/usr/lib/python3.8/asyncio/selector_events.py", line 501, in _sock_connect
    sock.connect(address)
OSError: [Errno 101] Network is unreachable
2026-08-28 18:19:02,696 websockets.client INFO - ! connect failed again; retrying in 60 seconds
Traceback (most recent call last):
  File "/home/chase/mobileraker-env/lib/python3.8/site-packages/websockets/legacy/client.py", line 598, in __aiter__
    async with self as protocol:
  File "/home/chase/mobileraker-env/lib/python3.8/site-packages/websockets/legacy/client.py", line 633, in __aenter__
    return await self
  File "/home/chase/mobileraker-env/lib/python3.8/site-packages/websockets/legacy/client.py", line 650, in __await_impl_timeout__
    return await asyncio.wait_for(self.__await_impl__(), self.open_timeout)
  File "/usr/lib/python3.8/asyncio/tasks.py", line 494, in wait_for
    return fut.result()
  File "/home/chase/mobileraker-env/lib/python3.8/site-packages/websockets/legacy/client.py", line 654, in __await_impl__
    transport, protocol = await self._create_connection()
  File "/usr/lib/python3.8/asyncio/base_events.py", line 1025, in create_connection
    raise exceptions[0]
  File "/usr/lib/python3.8/asyncio/base_events.py", line 1010, in create_connection
    sock = await self._connect_sock(
  File "/usr/lib/python3.8/asyncio/base_events.py", line 924, in _connect_sock
    await self.sock_connect(sock, address)
  File "/usr/lib/python3.8/asyncio/selector_events.py", line 496, in sock_connect
    return await fut
  File "/usr/lib/python3.8/asyncio/selector_events.py", line 501, in _sock_connect
    sock.connect(address)
OSError: [Errno 101] Network is unreachable
2026-08-28 18:20:02,761 websockets.client INFO - ! connect failed again; retrying in 60 seconds
Traceback (most recent call last):
  File "/home/chase/mobileraker-env/lib/python3.8/site-packages/websockets/legacy/client.py", line 598, in __aiter__
    async with self as protocol:
  File "/home/chase/mobileraker-env/lib/python3.8/site-packages/websockets/legacy/client.py", line 633, in __aenter__
    return await self
  File "/home/chase/mobileraker-env/lib/python3.8/site-packages/websockets/legacy/client.py", line 650, in __await_impl_timeout__
    return await asyncio.wait_for(self.__await_impl__(), self.open_timeout)
  File "/usr/lib/python3.8/asyncio/tasks.py", line 494, in wait_for
    return fut.result()
  File "/home/chase/mobileraker-env/lib/python3.8/site-packages/websockets/legacy/client.py", line 654, in __await_impl__
    transport, protocol = await self._create_connection()
  File "/usr/lib/python3.8/asyncio/base_events.py", line 1025, in create_connection
    raise exceptions[0]
  File "/usr/lib/python3.8/asyncio/base_events.py", line 1010, in create_connection
    sock = await self._connect_sock(
  File "/usr/lib/python3.8/asyncio/base_events.py", line 924, in _connect_sock
    await self.sock_connect(sock, address)
  File "/usr/lib/python3.8/asyncio/selector_events.py", line 496, in sock_connect
    return await fut
  File "/usr/lib/python3.8/asyncio/selector_events.py", line 501, in _sock_connect
    sock.connect(address)
OSError: [Errno 101] Network is unreachable
2026-08-28 18:21:02,826 websockets.client INFO - ! connect failed again; retrying in 60 seconds
Traceback (most recent call last):
  File "/home/chase/mobileraker-env/lib/python3.8/site-packages/websockets/legacy/client.py", line 598, in __aiter__
    async with self as protocol:
  File "/home/chase/mobileraker-env/lib/python3.8/site-packages/websockets/legacy/client.py", line 633, in __aenter__
    return await self
  File "/home/chase/mobileraker-env/lib/python3.8/site-packages/websockets/legacy/client.py", line 650, in __await_impl_timeout__
    return await asyncio.wait_for(self.__await_impl__(), self.open_timeout)
  File "/usr/lib/python3.8/asyncio/tasks.py", line 494, in wait_for
    return fut.result()
  File "/home/chase/mobileraker-env/lib/python3.8/site-packages/websockets/legacy/client.py", line 654, in __await_impl__
    transport, protocol = await self._create_connection()
  File "/usr/lib/python3.8/asyncio/base_events.py", line 1025, in create_connection
    raise exceptions[0]
  File "/usr/lib/python3.8/asyncio/base_events.py", line 1010, in create_connection
    sock = await self._connect_sock(
  File "/usr/lib/python3.8/asyncio/base_events.py", line 924, in _connect_sock
    await self.sock_connect(sock, address)
  File "/usr/lib/python3.8/asyncio/selector_events.py", line 496, in sock_connect
    return await fut
  File "/usr/lib/python3.8/asyncio/selector_events.py", line 501, in _sock_connect
    sock.connect(address)
OSError: [Errno 101] Network is unreachable
2026-08-28 18:22:02,891 websockets.client INFO - ! connect failed again; retrying in 60 seconds
Traceback (most recent call last):
  File "/home/chase/mobileraker-env/lib/python3.8/site-packages/websockets/legacy/client.py", line 598, in __aiter__
    async with self as protocol:
  File "/home/chase/mobileraker-env/lib/python3.8/site-packages/websockets/legacy/client.py", line 633, in __aenter__
    return await self
  File "/home/chase/mobileraker-env/lib/python3.8/site-packages/websockets/legacy/client.py", line 650, in __await_impl_timeout__
    return await asyncio.wait_for(self.__await_impl__(), self.open_timeout)
  File "/usr/lib/python3.8/asyncio/tasks.py", line 494, in wait_for
    return fut.result()
  File "/home/chase/mobileraker-env/lib/python3.8/site-packages/websockets/legacy/client.py", line 654, in __await_impl__
    transport, protocol = await self._create_connection()
  File "/usr/lib/python3.8/asyncio/base_events.py", line 1025, in create_connection
    raise exceptions[0]
  File "/usr/lib/python3.8/asyncio/base_events.py", line 1010, in create_connection
    sock = await self._connect_sock(
  File "/usr/lib/python3.8/asyncio/base_events.py", line 924, in _connect_sock
    await self.sock_connect(sock, address)
  File "/usr/lib/python3.8/asyncio/selector_events.py", line 496, in sock_connect
    return await fut
  File "/usr/lib/python3.8/asyncio/selector_events.py", line 501, in _sock_connect
    sock.connect(address)
OSError: [Errno 101] Network is unreachable
2026-08-28 18:23:02,958 websockets.client INFO - ! connect failed again; retrying in 60 seconds
Traceback (most recent call last):
  File "/home/chase/mobileraker-env/lib/python3.8/site-packages/websockets/legacy/client.py", line 598, in __aiter__
    async with self as protocol:
  File "/home/chase/mobileraker-env/lib/python3.8/site-packages/websockets/legacy/client.py", line 633, in __aenter__
    return await self
  File "/home/chase/mobileraker-env/lib/python3.8/site-packages/websockets/legacy/client.py", line 650, in __await_impl_timeout__
    return await asyncio.wait_for(self.__await_impl__(), self.open_timeout)
  File "/usr/lib/python3.8/asyncio/tasks.py", line 494, in wait_for
    return fut.result()
  File "/home/chase/mobileraker-env/lib/python3.8/site-packages/websockets/legacy/client.py", line 654, in __await_impl__
    transport, protocol = await self._create_connection()
  File "/usr/lib/python3.8/asyncio/base_events.py", line 1025, in create_connection
    raise exceptions[0]
  File "/usr/lib/python3.8/asyncio/base_events.py", line 1010, in create_connection
    sock = await self._connect_sock(
  File "/usr/lib/python3.8/asyncio/base_events.py", line 924, in _connect_sock
    await self.sock_connect(sock, address)
  File "/usr/lib/python3.8/asyncio/selector_events.py", line 496, in sock_connect
    return await fut
  File "/usr/lib/python3.8/asyncio/selector_events.py", line 501, in _sock_connect
    sock.connect(address)
OSError: [Errno 101] Network is unreachable
2026-08-28 18:24:03,023 websockets.client INFO - ! connect failed again; retrying in 60 seconds
Traceback (most recent call last):
  File "/home/chase/mobileraker-env/lib/python3.8/site-packages/websockets/legacy/client.py", line 598, in __aiter__
    async with self as protocol:
  File "/home/chase/mobileraker-env/lib/python3.8/site-packages/websockets/legacy/client.py", line 633, in __aenter__
    return await self
  File "/home/chase/mobileraker-env/lib/python3.8/site-packages/websockets/legacy/client.py", line 650, in __await_impl_timeout__
    return await asyncio.wait_for(self.__await_impl__(), self.open_timeout)
  File "/usr/lib/python3.8/asyncio/tasks.py", line 494, in wait_for
    return fut.result()
  File "/home/chase/mobileraker-env/lib/python3.8/site-packages/websockets/legacy/client.py", line 654, in __await_impl__
    transport, protocol = await self._create_connection()
  File "/usr/lib/python3.8/asyncio/base_events.py", line 1025, in create_connection
    raise exceptions[0]
  File "/usr/lib/python3.8/asyncio/base_events.py", line 1010, in create_connection
    sock = await self._connect_sock(
  File "/usr/lib/python3.8/asyncio/base_events.py", line 924, in _connect_sock
    await self.sock_connect(sock, address)
  File "/usr/lib/python3.8/asyncio/selector_events.py", line 496, in sock_connect
    return await fut
  File "/usr/lib/python3.8/asyncio/selector_events.py", line 501, in _sock_connect
    sock.connect(address)
OSError: [Errno 101] Network is unreachable
2026-08-28 18:25:03,088 websockets.client INFO - ! connect failed again; retrying in 60 seconds
Traceback (most recent call last):
  File "/home/chase/mobileraker-env/lib/python3.8/site-packages/websockets/legacy/client.py", line 598, in __aiter__
    async with self as protocol:
  File "/home/chase/mobileraker-env/lib/python3.8/site-packages/websockets/legacy/client.py", line 633, in __aenter__
    return await self
  File "/home/chase/mobileraker-env/lib/python3.8/site-packages/websockets/legacy/client.py", line 650, in __await_impl_timeout__
    return await asyncio.wait_for(self.__await_impl__(), self.open_timeout)
  File "/usr/lib/python3.8/asyncio/tasks.py", line 494, in wait_for
    return fut.result()
  File "/home/chase/mobileraker-env/lib/python3.8/site-packages/websockets/legacy/client.py", line 654, in __await_impl__
    transport, protocol = await self._create_connection()
  File "/usr/lib/python3.8/asyncio/base_events.py", line 1025, in create_connection
    raise exceptions[0]
  File "/usr/lib/python3.8/asyncio/base_events.py", line 1010, in create_connection
    sock = await self._connect_sock(
  File "/usr/lib/python3.8/asyncio/base_events.py", line 924, in _connect_sock
    await self.sock_connect(sock, address)
  File "/usr/lib/python3.8/asyncio/selector_events.py", line 496, in sock_connect
    return await fut
  File "/usr/lib/python3.8/asyncio/selector_events.py", line 501, in _sock_connect
    sock.connect(address)
OSError: [Errno 101] Network is unreachable
2026-08-28 18:26:03,154 websockets.client INFO - ! connect failed again; retrying in 60 seconds
Traceback (most recent call last):
  File "/home/chase/mobileraker-env/lib/python3.8/site-packages/websockets/legacy/client.py", line 598, in __aiter__
    async with self as protocol:
  File "/home/chase/mobileraker-env/lib/python3.8/site-packages/websockets/legacy/client.py", line 633, in __aenter__
    return await self
  File "/home/chase/mobileraker-env/lib/python3.8/site-packages/websockets/legacy/client.py", line 650, in __await_impl_timeout__
    return await asyncio.wait_for(self.__await_impl__(), self.open_timeout)
  File "/usr/lib/python3.8/asyncio/tasks.py", line 494, in wait_for
    return fut.result()
  File "/home/chase/mobileraker-env/lib/python3.8/site-packages/websockets/legacy/client.py", line 654, in __await_impl__
    transport, protocol = await self._create_connection()
  File "/usr/lib/python3.8/asyncio/base_events.py", line 1025, in create_connection
    raise exceptions[0]
  File "/usr/lib/python3.8/asyncio/base_events.py", line 1010, in create_connection
    sock = await self._connect_sock(
  File "/usr/lib/python3.8/asyncio/base_events.py", line 924, in _connect_sock
    await self.sock_connect(sock, address)
  File "/usr/lib/python3.8/asyncio/selector_events.py", line 496, in sock_connect
    return await fut
  File "/usr/lib/python3.8/asyncio/selector_events.py", line 501, in _sock_connect
    sock.connect(address)
OSError: [Errno 101] Network is unreachable
2026-08-28 18:27:03,219 websockets.client INFO - ! connect failed again; retrying in 60 seconds
Traceback (most recent call last):
  File "/home/chase/mobileraker-env/lib/python3.8/site-packages/websockets/legacy/client.py", line 598, in __aiter__
    async with self as protocol:
  File "/home/chase/mobileraker-env/lib/python3.8/site-packages/websockets/legacy/client.py", line 633, in __aenter__
    return await self
  File "/home/chase/mobileraker-env/lib/python3.8/site-packages/websockets/legacy/client.py", line 650, in __await_impl_timeout__
    return await asyncio.wait_for(self.__await_impl__(), self.open_timeout)
  File "/usr/lib/python3.8/asyncio/tasks.py", line 494, in wait_for
    return fut.result()
  File "/home/chase/mobileraker-env/lib/python3.8/site-packages/websockets/legacy/client.py", line 654, in __await_impl__
    transport, protocol = await self._create_connection()
  File "/usr/lib/python3.8/asyncio/base_events.py", line 1025, in create_connection
    raise exceptions[0]
  File "/usr/lib/python3.8/asyncio/base_events.py", line 1010, in create_connection
    sock = await self._connect_sock(
  File "/usr/lib/python3.8/asyncio/base_events.py", line 924, in _connect_sock
    await self.sock_connect(sock, address)
  File "/usr/lib/python3.8/asyncio/selector_events.py", line 496, in sock_connect
    return await fut
  File "/usr/lib/python3.8/asyncio/selector_events.py", line 501, in _sock_connect
    sock.connect(address)
OSError: [Errno 101] Network is unreachable
2026-08-28 18:28:03,232 websockets.client INFO - ! connect failed again; retrying in 60 seconds
Traceback (most recent call last):
  File "/home/chase/mobileraker-env/lib/python3.8/site-packages/websockets/legacy/client.py", line 598, in __aiter__
    async with self as protocol:
  File "/home/chase/mobileraker-env/lib/python3.8/site-packages/websockets/legacy/client.py", line 633, in __aenter__
    return await self
  File "/home/chase/mobileraker-env/lib/python3.8/site-packages/websockets/legacy/client.py", line 650, in __await_impl_timeout__
    return await asyncio.wait_for(self.__await_impl__(), self.open_timeout)
  File "/usr/lib/python3.8/asyncio/tasks.py", line 494, in wait_for
    return fut.result()
  File "/home/chase/mobileraker-env/lib/python3.8/site-packages/websockets/legacy/client.py", line 654, in __await_impl__
    transport, protocol = await self._create_connection()
  File "/usr/lib/python3.8/asyncio/base_events.py", line 1025, in create_connection
    raise exceptions[0]
  File "/usr/lib/python3.8/asyncio/base_events.py", line 1010, in create_connection
    sock = await self._connect_sock(
  File "/usr/lib/python3.8/asyncio/base_events.py", line 924, in _connect_sock
    await self.sock_connect(sock, address)
  File "/usr/lib/python3.8/asyncio/selector_events.py", line 496, in sock_connect
    return await fut
  File "/usr/lib/python3.8/asyncio/selector_events.py", line 501, in _sock_connect
    sock.connect(address)
OSError: [Errno 101] Network is unreachable
2026-08-28 18:29:03,295 websockets.client INFO - ! connect failed again; retrying in 60 seconds
Traceback (most recent call last):
  File "/home/chase/mobileraker-env/lib/python3.8/site-packages/websockets/legacy/client.py", line 598, in __aiter__
    async with self as protocol:
  File "/home/chase/mobileraker-env/lib/python3.8/site-packages/websockets/legacy/client.py", line 633, in __aenter__
    return await self
  File "/home/chase/mobileraker-env/lib/python3.8/site-packages/websockets/legacy/client.py", line 650, in __await_impl_timeout__
    return await asyncio.wait_for(self.__await_impl__(), self.open_timeout)
  File "/usr/lib/python3.8/asyncio/tasks.py", line 494, in wait_for
    return fut.result()
  File "/home/chase/mobileraker-env/lib/python3.8/site-packages/websockets/legacy/client.py", line 654, in __await_impl__
    transport, protocol = await self._create_connection()
  File "/usr/lib/python3.8/asyncio/base_events.py", line 1025, in create_connection
    raise exceptions[0]
  File "/usr/lib/python3.8/asyncio/base_events.py", line 1010, in create_connection
    sock = await self._connect_sock(
  File "/usr/lib/python3.8/asyncio/base_events.py", line 924, in _connect_sock
    await self.sock_connect(sock, address)
  File "/usr/lib/python3.8/asyncio/selector_events.py", line 496, in sock_connect
    return await fut
  File "/usr/lib/python3.8/asyncio/selector_events.py", line 501, in _sock_connect
    sock.connect(address)
OSError: [Errno 101] Network is unreachable
2026-08-28 18:30:03,306 websockets.client INFO - ! connect failed again; retrying in 60 seconds
Traceback (most recent call last):
  File "/home/chase/mobileraker-env/lib/python3.8/site-packages/websockets/legacy/client.py", line 598, in __aiter__
    async with self as protocol:
  File "/home/chase/mobileraker-env/lib/python3.8/site-packages/websockets/legacy/client.py", line 633, in __aenter__
    return await self
  File "/home/chase/mobileraker-env/lib/python3.8/site-packages/websockets/legacy/client.py", line 650, in __await_impl_timeout__
    return await asyncio.wait_for(self.__await_impl__(), self.open_timeout)
  File "/usr/lib/python3.8/asyncio/tasks.py", line 494, in wait_for
    return fut.result()
  File "/home/chase/mobileraker-env/lib/python3.8/site-packages/websockets/legacy/client.py", line 654, in __await_impl__
    transport, protocol = await self._create_connection()
  File "/usr/lib/python3.8/asyncio/base_events.py", line 1025, in create_connection
    raise exceptions[0]
  File "/usr/lib/python3.8/asyncio/base_events.py", line 1010, in create_connection
    sock = await self._connect_sock(
  File "/usr/lib/python3.8/asyncio/base_events.py", line 924, in _connect_sock
    await self.sock_connect(sock, address)
  File "/usr/lib/python3.8/asyncio/selector_events.py", line 496, in sock_connect
    return await fut
  File "/usr/lib/python3.8/asyncio/selector_events.py", line 501, in _sock_connect
    sock.connect(address)
OSError: [Errno 101] Network is unreachable
2026-08-28 18:31:03,372 websockets.client INFO - ! connect failed again; retrying in 60 seconds
Traceback (most recent call last):
  File "/home/chase/mobileraker-env/lib/python3.8/site-packages/websockets/legacy/client.py", line 598, in __aiter__
    async with self as protocol:
  File "/home/chase/mobileraker-env/lib/python3.8/site-packages/websockets/legacy/client.py", line 633, in __aenter__
    return await self
  File "/home/chase/mobileraker-env/lib/python3.8/site-packages/websockets/legacy/client.py", line 650, in __await_impl_timeout__
    return await asyncio.wait_for(self.__await_impl__(), self.open_timeout)
  File "/usr/lib/python3.8/asyncio/tasks.py", line 494, in wait_for
    return fut.result()
  File "/home/chase/mobileraker-env/lib/python3.8/site-packages/websockets/legacy/client.py", line 654, in __await_impl__
    transport, protocol = await self._create_connection()
  File "/usr/lib/python3.8/asyncio/base_events.py", line 1025, in create_connection
    raise exceptions[0]
  File "/usr/lib/python3.8/asyncio/base_events.py", line 1010, in create_connection
    sock = await self._connect_sock(
  File "/usr/lib/python3.8/asyncio/base_events.py", line 924, in _connect_sock
    await self.sock_connect(sock, address)
  File "/usr/lib/python3.8/asyncio/selector_events.py", line 496, in sock_connect
    return await fut
  File "/usr/lib/python3.8/asyncio/selector_events.py", line 501, in _sock_connect
    sock.connect(address)
OSError: [Errno 101] Network is unreachable
2026-08-28 18:32:03,409 websockets.client INFO - ! connect failed again; retrying in 60 seconds
Traceback (most recent call last):
  File "/home/chase/mobileraker-env/lib/python3.8/site-packages/websockets/legacy/client.py", line 598, in __aiter__
    async with self as protocol:
  File "/home/chase/mobileraker-env/lib/python3.8/site-packages/websockets/legacy/client.py", line 633, in __aenter__
    return await self
  File "/home/chase/mobileraker-env/lib/python3.8/site-packages/websockets/legacy/client.py", line 650, in __await_impl_timeout__
    return await asyncio.wait_for(self.__await_impl__(), self.open_timeout)
  File "/usr/lib/python3.8/asyncio/tasks.py", line 494, in wait_for
    return fut.result()
  File "/home/chase/mobileraker-env/lib/python3.8/site-packages/websockets/legacy/client.py", line 654, in __await_impl__
    transport, protocol = await self._create_connection()
  File "/usr/lib/python3.8/asyncio/base_events.py", line 1025, in create_connection
    raise exceptions[0]
  File "/usr/lib/python3.8/asyncio/base_events.py", line 1010, in create_connection
    sock = await self._connect_sock(
  File "/usr/lib/python3.8/asyncio/base_events.py", line 924, in _connect_sock
    await self.sock_connect(sock, address)
  File "/usr/lib/python3.8/asyncio/selector_events.py", line 496, in sock_connect
    return await fut
  File "/usr/lib/python3.8/asyncio/selector_events.py", line 501, in _sock_connect
    sock.connect(address)
OSError: [Errno 101] Network is unreachable
2026-08-28 18:33:03,474 websockets.client INFO - ! connect failed again; retrying in 60 seconds
Traceback (most recent call last):
  File "/home/chase/mobileraker-env/lib/python3.8/site-packages/websockets/legacy/client.py", line 598, in __aiter__
    async with self as protocol:
  File "/home/chase/mobileraker-env/lib/python3.8/site-packages/websockets/legacy/client.py", line 633, in __aenter__
    return await self
  File "/home/chase/mobileraker-env/lib/python3.8/site-packages/websockets/legacy/client.py", line 650, in __await_impl_timeout__
    return await asyncio.wait_for(self.__await_impl__(), self.open_timeout)
  File "/usr/lib/python3.8/asyncio/tasks.py", line 494, in wait_for
    return fut.result()
  File "/home/chase/mobileraker-env/lib/python3.8/site-packages/websockets/legacy/client.py", line 654, in __await_impl__
    transport, protocol = await self._create_connection()
  File "/usr/lib/python3.8/asyncio/base_events.py", line 1025, in create_connection
    raise exceptions[0]
  File "/usr/lib/python3.8/asyncio/base_events.py", line 1010, in create_connection
    sock = await self._connect_sock(
  File "/usr/lib/python3.8/asyncio/base_events.py", line 924, in _connect_sock
    await self.sock_connect(sock, address)
  File "/usr/lib/python3.8/asyncio/selector_events.py", line 496, in sock_connect
    return await fut
  File "/usr/lib/python3.8/asyncio/selector_events.py", line 501, in _sock_connect
    sock.connect(address)
OSError: [Errno 101] Network is unreachable
2026-08-28 18:34:03,539 websockets.client INFO - ! connect failed again; retrying in 60 seconds
Traceback (most recent call last):
  File "/home/chase/mobileraker-env/lib/python3.8/site-packages/websockets/legacy/client.py", line 598, in __aiter__
    async with self as protocol:
  File "/home/chase/mobileraker-env/lib/python3.8/site-packages/websockets/legacy/client.py", line 633, in __aenter__
    return await self
  File "/home/chase/mobileraker-env/lib/python3.8/site-packages/websockets/legacy/client.py", line 650, in __await_impl_timeout__
    return await asyncio.wait_for(self.__await_impl__(), self.open_timeout)
  File "/usr/lib/python3.8/asyncio/tasks.py", line 494, in wait_for
    return fut.result()
  File "/home/chase/mobileraker-env/lib/python3.8/site-packages/websockets/legacy/client.py", line 654, in __await_impl__
    transport, protocol = await self._create_connection()
  File "/usr/lib/python3.8/asyncio/base_events.py", line 1025, in create_connection
    raise exceptions[0]
  File "/usr/lib/python3.8/asyncio/base_events.py", line 1010, in create_connection
    sock = await self._connect_sock(
  File "/usr/lib/python3.8/asyncio/base_events.py", line 924, in _connect_sock
    await self.sock_connect(sock, address)
  File "/usr/lib/python3.8/asyncio/selector_events.py", line 496, in sock_connect
    return await fut
  File "/usr/lib/python3.8/asyncio/selector_events.py", line 501, in _sock_connect
    sock.connect(address)
OSError: [Errno 101] Network is unreachable
2026-08-28 18:35:03,603 websockets.client INFO - ! connect failed again; retrying in 60 seconds
Traceback (most recent call last):
  File "/home/chase/mobileraker-env/lib/python3.8/site-packages/websockets/legacy/client.py", line 598, in __aiter__
    async with self as protocol:
  File "/home/chase/mobileraker-env/lib/python3.8/site-packages/websockets/legacy/client.py", line 633, in __aenter__
    return await self
  File "/home/chase/mobileraker-env/lib/python3.8/site-packages/websockets/legacy/client.py", line 650, in __await_impl_timeout__
    return await asyncio.wait_for(self.__await_impl__(), self.open_timeout)
  File "/usr/lib/python3.8/asyncio/tasks.py", line 494, in wait_for
    return fut.result()
  File "/home/chase/mobileraker-env/lib/python3.8/site-packages/websockets/legacy/client.py", line 654, in __await_impl__
    transport, protocol = await self._create_connection()
  File "/usr/lib/python3.8/asyncio/base_events.py", line 1025, in create_connection
    raise exceptions[0]
  File "/usr/lib/python3.8/asyncio/base_events.py", line 1010, in create_connection
    sock = await self._connect_sock(
  File "/usr/lib/python3.8/asyncio/base_events.py", line 924, in _connect_sock
    await self.sock_connect(sock, address)
  File "/usr/lib/python3.8/asyncio/selector_events.py", line 496, in sock_connect
    return await fut
  File "/usr/lib/python3.8/asyncio/selector_events.py", line 501, in _sock_connect
    sock.connect(address)
OSError: [Errno 101] Network is unreachable
2026-08-28 18:36:03,660 websockets.client INFO - ! connect failed again; retrying in 60 seconds
Traceback (most recent call last):
  File "/home/chase/mobileraker-env/lib/python3.8/site-packages/websockets/legacy/client.py", line 598, in __aiter__
    async with self as protocol:
  File "/home/chase/mobileraker-env/lib/python3.8/site-packages/websockets/legacy/client.py", line 633, in __aenter__
    return await self
  File "/home/chase/mobileraker-env/lib/python3.8/site-packages/websockets/legacy/client.py", line 650, in __await_impl_timeout__
    return await asyncio.wait_for(self.__await_impl__(), self.open_timeout)
  File "/usr/lib/python3.8/asyncio/tasks.py", line 494, in wait_for
    return fut.result()
  File "/home/chase/mobileraker-env/lib/python3.8/site-packages/websockets/legacy/client.py", line 654, in __await_impl__
    transport, protocol = await self._create_connection()
  File "/usr/lib/python3.8/asyncio/base_events.py", line 1025, in create_connection
    raise exceptions[0]
  File "/usr/lib/python3.8/asyncio/base_events.py", line 1010, in create_connection
    sock = await self._connect_sock(
  File "/usr/lib/python3.8/asyncio/base_events.py", line 924, in _connect_sock
    await self.sock_connect(sock, address)
  File "/usr/lib/python3.8/asyncio/selector_events.py", line 496, in sock_connect
    return await fut
  File "/usr/lib/python3.8/asyncio/selector_events.py", line 501, in _sock_connect
    sock.connect(address)
OSError: [Errno 101] Network is unreachable
2026-08-28 18:37:03,724 websockets.client INFO - ! connect failed again; retrying in 60 seconds
Traceback (most recent call last):
  File "/home/chase/mobileraker-env/lib/python3.8/site-packages/websockets/legacy/client.py", line 598, in __aiter__
    async with self as protocol:
  File "/home/chase/mobileraker-env/lib/python3.8/site-packages/websockets/legacy/client.py", line 633, in __aenter__
    return await self
  File "/home/chase/mobileraker-env/lib/python3.8/site-packages/websockets/legacy/client.py", line 650, in __await_impl_timeout__
    return await asyncio.wait_for(self.__await_impl__(), self.open_timeout)
  File "/usr/lib/python3.8/asyncio/tasks.py", line 494, in wait_for
    return fut.result()
  File "/home/chase/mobileraker-env/lib/python3.8/site-packages/websockets/legacy/client.py", line 654, in __await_impl__
    transport, protocol = await self._create_connection()
  File "/usr/lib/python3.8/asyncio/base_events.py", line 1025, in create_connection
    raise exceptions[0]
  File "/usr/lib/python3.8/asyncio/base_events.py", line 1010, in create_connection
    sock = await self._connect_sock(
  File "/usr/lib/python3.8/asyncio/base_events.py", line 924, in _connect_sock
    await self.sock_connect(sock, address)
  File "/usr/lib/python3.8/asyncio/selector_events.py", line 496, in sock_connect
    return await fut
  File "/usr/lib/python3.8/asyncio/selector_events.py", line 501, in _sock_connect
    sock.connect(address)
OSError: [Errno 101] Network is unreachable
2026-08-28 18:38:03,788 websockets.client INFO - ! connect failed again; retrying in 60 seconds
Traceback (most recent call last):
  File "/home/chase/mobileraker-env/lib/python3.8/site-packages/websockets/legacy/client.py", line 598, in __aiter__
    async with self as protocol:
  File "/home/chase/mobileraker-env/lib/python3.8/site-packages/websockets/legacy/client.py", line 633, in __aenter__
    return await self
  File "/home/chase/mobileraker-env/lib/python3.8/site-packages/websockets/legacy/client.py", line 650, in __await_impl_timeout__
    return await asyncio.wait_for(self.__await_impl__(), self.open_timeout)
  File "/usr/lib/python3.8/asyncio/tasks.py", line 494, in wait_for
    return fut.result()
  File "/home/chase/mobileraker-env/lib/python3.8/site-packages/websockets/legacy/client.py", line 654, in __await_impl__
    transport, protocol = await self._create_connection()
  File "/usr/lib/python3.8/asyncio/base_events.py", line 1025, in create_connection
    raise exceptions[0]
  File "/usr/lib/python3.8/asyncio/base_events.py", line 1010, in create_connection
    sock = await self._connect_sock(
  File "/usr/lib/python3.8/asyncio/base_events.py", line 924, in _connect_sock
    await self.sock_connect(sock, address)
  File "/usr/lib/python3.8/asyncio/selector_events.py", line 496, in sock_connect
    return await fut
  File "/usr/lib/python3.8/asyncio/selector_events.py", line 501, in _sock_connect
    sock.connect(address)
OSError: [Errno 101] Network is unreachable
2026-08-28 18:39:03,833 websockets.client INFO - ! connect failed again; retrying in 60 seconds
Traceback (most recent call last):
  File "/home/chase/mobileraker-env/lib/python3.8/site-packages/websockets/legacy/client.py", line 598, in __aiter__
    async with self as protocol:
  File "/home/chase/mobileraker-env/lib/python3.8/site-packages/websockets/legacy/client.py", line 633, in __aenter__
    return await self
  File "/home/chase/mobileraker-env/lib/python3.8/site-packages/websockets/legacy/client.py", line 650, in __await_impl_timeout__
    return await asyncio.wait_for(self.__await_impl__(), self.open_timeout)
  File "/usr/lib/python3.8/asyncio/tasks.py", line 494, in wait_for
    return fut.result()
  File "/home/chase/mobileraker-env/lib/python3.8/site-packages/websockets/legacy/client.py", line 654, in __await_impl__
    transport, protocol = await self._create_connection()
  File "/usr/lib/python3.8/asyncio/base_events.py", line 1025, in create_connection
    raise exceptions[0]
  File "/usr/lib/python3.8/asyncio/base_events.py", line 1010, in create_connection
    sock = await self._connect_sock(
  File "/usr/lib/python3.8/asyncio/base_events.py", line 924, in _connect_sock
    await self.sock_connect(sock, address)
  File "/usr/lib/python3.8/asyncio/selector_events.py", line 496, in sock_connect
    return await fut
  File "/usr/lib/python3.8/asyncio/selector_events.py", line 501, in _sock_connect
    sock.connect(address)
OSError: [Errno 101] Network is unreachable
2026-08-28 18:40:03,898 websockets.client INFO - ! connect failed again; retrying in 60 seconds
Traceback (most recent call last):
  File "/home/chase/mobileraker-env/lib/python3.8/site-packages/websockets/legacy/client.py", line 598, in __aiter__
    async with self as protocol:
  File "/home/chase/mobileraker-env/lib/python3.8/site-packages/websockets/legacy/client.py", line 633, in __aenter__
    return await self
  File "/home/chase/mobileraker-env/lib/python3.8/site-packages/websockets/legacy/client.py", line 650, in __await_impl_timeout__
    return await asyncio.wait_for(self.__await_impl__(), self.open_timeout)
  File "/usr/lib/python3.8/asyncio/tasks.py", line 494, in wait_for
    return fut.result()
  File "/home/chase/mobileraker-env/lib/python3.8/site-packages/websockets/legacy/client.py", line 654, in __await_impl__
    transport, protocol = await self._create_connection()
  File "/usr/lib/python3.8/asyncio/base_events.py", line 1025, in create_connection
    raise exceptions[0]
  File "/usr/lib/python3.8/asyncio/base_events.py", line 1010, in create_connection
    sock = await self._connect_sock(
  File "/usr/lib/python3.8/asyncio/base_events.py", line 924, in _connect_sock
    await self.sock_connect(sock, address)
  File "/usr/lib/python3.8/asyncio/selector_events.py", line 496, in sock_connect
    return await fut
  File "/usr/lib/python3.8/asyncio/selector_events.py", line 501, in _sock_connect
    sock.connect(address)
OSError: [Errno 101] Network is unreachable
2026-08-28 18:41:03,946 websockets.client INFO - ! connect failed again; retrying in 60 seconds
Traceback (most recent call last):
  File "/home/chase/mobileraker-env/lib/python3.8/site-packages/websockets/legacy/client.py", line 598, in __aiter__
    async with self as protocol:
  File "/home/chase/mobileraker-env/lib/python3.8/site-packages/websockets/legacy/client.py", line 633, in __aenter__
    return await self
  File "/home/chase/mobileraker-env/lib/python3.8/site-packages/websockets/legacy/client.py", line 650, in __await_impl_timeout__
    return await asyncio.wait_for(self.__await_impl__(), self.open_timeout)
  File "/usr/lib/python3.8/asyncio/tasks.py", line 494, in wait_for
    return fut.result()
  File "/home/chase/mobileraker-env/lib/python3.8/site-packages/websockets/legacy/client.py", line 654, in __await_impl__
    transport, protocol = await self._create_connection()
  File "/usr/lib/python3.8/asyncio/base_events.py", line 1025, in create_connection
    raise exceptions[0]
  File "/usr/lib/python3.8/asyncio/base_events.py", line 1010, in create_connection
    sock = await self._connect_sock(
  File "/usr/lib/python3.8/asyncio/base_events.py", line 924, in _connect_sock
    await self.sock_connect(sock, address)
  File "/usr/lib/python3.8/asyncio/selector_events.py", line 496, in sock_connect
    return await fut
  File "/usr/lib/python3.8/asyncio/selector_events.py", line 501, in _sock_connect
    sock.connect(address)
OSError: [Errno 101] Network is unreachable
2026-08-28 18:42:03,955 websockets.client INFO - ! connect failed again; retrying in 60 seconds
Traceback (most recent call last):
  File "/home/chase/mobileraker-env/lib/python3.8/site-packages/websockets/legacy/client.py", line 598, in __aiter__
    async with self as protocol:
  File "/home/chase/mobileraker-env/lib/python3.8/site-packages/websockets/legacy/client.py", line 633, in __aenter__
    return await self
  File "/home/chase/mobileraker-env/lib/python3.8/site-packages/websockets/legacy/client.py", line 650, in __await_impl_timeout__
    return await asyncio.wait_for(self.__await_impl__(), self.open_timeout)
  File "/usr/lib/python3.8/asyncio/tasks.py", line 494, in wait_for
    return fut.result()
  File "/home/chase/mobileraker-env/lib/python3.8/site-packages/websockets/legacy/client.py", line 654, in __await_impl__
    transport, protocol = await self._create_connection()
  File "/usr/lib/python3.8/asyncio/base_events.py", line 1025, in create_connection
    raise exceptions[0]
  File "/usr/lib/python3.8/asyncio/base_events.py", line 1010, in create_connection
    sock = await self._connect_sock(
  File "/usr/lib/python3.8/asyncio/base_events.py", line 924, in _connect_sock
    await self.sock_connect(sock, address)
  File "/usr/lib/python3.8/asyncio/selector_events.py", line 496, in sock_connect
    return await fut
  File "/usr/lib/python3.8/asyncio/selector_events.py", line 501, in _sock_connect
    sock.connect(address)
OSError: [Errno 101] Network is unreachable
2026-08-28 18:43:04,020 websockets.client INFO - ! connect failed again; retrying in 60 seconds
Traceback (most recent call last):
  File "/home/chase/mobileraker-env/lib/python3.8/site-packages/websockets/legacy/client.py", line 598, in __aiter__
    async with self as protocol:
  File "/home/chase/mobileraker-env/lib/python3.8/site-packages/websockets/legacy/client.py", line 633, in __aenter__
    return await self
  File "/home/chase/mobileraker-env/lib/python3.8/site-packages/websockets/legacy/client.py", line 650, in __await_impl_timeout__
    return await asyncio.wait_for(self.__await_impl__(), self.open_timeout)
  File "/usr/lib/python3.8/asyncio/tasks.py", line 494, in wait_for
    return fut.result()
  File "/home/chase/mobileraker-env/lib/python3.8/site-packages/websockets/legacy/client.py", line 654, in __await_impl__
    transport, protocol = await self._create_connection()
  File "/usr/lib/python3.8/asyncio/base_events.py", line 1025, in create_connection
    raise exceptions[0]
  File "/usr/lib/python3.8/asyncio/base_events.py", line 1010, in create_connection
    sock = await self._connect_sock(
  File "/usr/lib/python3.8/asyncio/base_events.py", line 924, in _connect_sock
    await self.sock_connect(sock, address)
  File "/usr/lib/python3.8/asyncio/selector_events.py", line 496, in sock_connect
    return await fut
  File "/usr/lib/python3.8/asyncio/selector_events.py", line 501, in _sock_connect
    sock.connect(address)
OSError: [Errno 101] Network is unreachable
2026-08-28 18:44:04,084 websockets.client INFO - ! connect failed again; retrying in 60 seconds
Traceback (most recent call last):
  File "/home/chase/mobileraker-env/lib/python3.8/site-packages/websockets/legacy/client.py", line 598, in __aiter__
    async with self as protocol:
  File "/home/chase/mobileraker-env/lib/python3.8/site-packages/websockets/legacy/client.py", line 633, in __aenter__
    return await self
  File "/home/chase/mobileraker-env/lib/python3.8/site-packages/websockets/legacy/client.py", line 650, in __await_impl_timeout__
    return await asyncio.wait_for(self.__await_impl__(), self.open_timeout)
  File "/usr/lib/python3.8/asyncio/tasks.py", line 494, in wait_for
    return fut.result()
  File "/home/chase/mobileraker-env/lib/python3.8/site-packages/websockets/legacy/client.py", line 654, in __await_impl__
    transport, protocol = await self._create_connection()
  File "/usr/lib/python3.8/asyncio/base_events.py", line 1025, in create_connection
    raise exceptions[0]
  File "/usr/lib/python3.8/asyncio/base_events.py", line 1010, in create_connection
    sock = await self._connect_sock(
  File "/usr/lib/python3.8/asyncio/base_events.py", line 924, in _connect_sock
    await self.sock_connect(sock, address)
  File "/usr/lib/python3.8/asyncio/selector_events.py", line 496, in sock_connect
    return await fut
  File "/usr/lib/python3.8/asyncio/selector_events.py", line 501, in _sock_connect
    sock.connect(address)
OSError: [Errno 101] Network is unreachable
2026-08-28 18:45:04,147 websockets.client INFO - ! connect failed again; retrying in 60 seconds
Traceback (most recent call last):
  File "/home/chase/mobileraker-env/lib/python3.8/site-packages/websockets/legacy/client.py", line 598, in __aiter__
    async with self as protocol:
  File "/home/chase/mobileraker-env/lib/python3.8/site-packages/websockets/legacy/client.py", line 633, in __aenter__
    return await self
  File "/home/chase/mobileraker-env/lib/python3.8/site-packages/websockets/legacy/client.py", line 650, in __await_impl_timeout__
    return await asyncio.wait_for(self.__await_impl__(), self.open_timeout)
  File "/usr/lib/python3.8/asyncio/tasks.py", line 494, in wait_for
    return fut.result()
  File "/home/chase/mobileraker-env/lib/python3.8/site-packages/websockets/legacy/client.py", line 654, in __await_impl__
    transport, protocol = await self._create_connection()
  File "/usr/lib/python3.8/asyncio/base_events.py", line 1025, in create_connection
    raise exceptions[0]
  File "/usr/lib/python3.8/asyncio/base_events.py", line 1010, in create_connection
    sock = await self._connect_sock(
  File "/usr/lib/python3.8/asyncio/base_events.py", line 924, in _connect_sock
    await self.sock_connect(sock, address)
  File "/usr/lib/python3.8/asyncio/selector_events.py", line 496, in sock_connect
    return await fut
  File "/usr/lib/python3.8/asyncio/selector_events.py", line 501, in _sock_connect
    sock.connect(address)
OSError: [Errno 101] Network is unreachable
2026-08-28 18:46:04,212 websockets.client INFO - ! connect failed again; retrying in 60 seconds
Traceback (most recent call last):
  File "/home/chase/mobileraker-env/lib/python3.8/site-packages/websockets/legacy/client.py", line 598, in __aiter__
    async with self as protocol:
  File "/home/chase/mobileraker-env/lib/python3.8/site-packages/websockets/legacy/client.py", line 633, in __aenter__
    return await self
  File "/home/chase/mobileraker-env/lib/python3.8/site-packages/websockets/legacy/client.py", line 650, in __await_impl_timeout__
    return await asyncio.wait_for(self.__await_impl__(), self.open_timeout)
  File "/usr/lib/python3.8/asyncio/tasks.py", line 494, in wait_for
    return fut.result()
  File "/home/chase/mobileraker-env/lib/python3.8/site-packages/websockets/legacy/client.py", line 654, in __await_impl__
    transport, protocol = await self._create_connection()
  File "/usr/lib/python3.8/asyncio/base_events.py", line 1025, in create_connection
    raise exceptions[0]
  File "/usr/lib/python3.8/asyncio/base_events.py", line 1010, in create_connection
    sock = await self._connect_sock(
  File "/usr/lib/python3.8/asyncio/base_events.py", line 924, in _connect_sock
    await self.sock_connect(sock, address)
  File "/usr/lib/python3.8/asyncio/selector_events.py", line 496, in sock_connect
    return await fut
  File "/usr/lib/python3.8/asyncio/selector_events.py", line 501, in _sock_connect
    sock.connect(address)
OSError: [Errno 101] Network is unreachable
2026-08-28 18:47:04,255 websockets.client INFO - ! connect failed again; retrying in 60 seconds
Traceback (most recent call last):
  File "/home/chase/mobileraker-env/lib/python3.8/site-packages/websockets/legacy/client.py", line 598, in __aiter__
    async with self as protocol:
  File "/home/chase/mobileraker-env/lib/python3.8/site-packages/websockets/legacy/client.py", line 633, in __aenter__
    return await self
  File "/home/chase/mobileraker-env/lib/python3.8/site-packages/websockets/legacy/client.py", line 650, in __await_impl_timeout__
    return await asyncio.wait_for(self.__await_impl__(), self.open_timeout)
  File "/usr/lib/python3.8/asyncio/tasks.py", line 494, in wait_for
    return fut.result()
  File "/home/chase/mobileraker-env/lib/python3.8/site-packages/websockets/legacy/client.py", line 654, in __await_impl__
    transport, protocol = await self._create_connection()
  File "/usr/lib/python3.8/asyncio/base_events.py", line 1025, in create_connection
    raise exceptions[0]
  File "/usr/lib/python3.8/asyncio/base_events.py", line 1010, in create_connection
    sock = await self._connect_sock(
  File "/usr/lib/python3.8/asyncio/base_events.py", line 924, in _connect_sock
    await self.sock_connect(sock, address)
  File "/usr/lib/python3.8/asyncio/selector_events.py", line 496, in sock_connect
    return await fut
  File "/usr/lib/python3.8/asyncio/selector_events.py", line 501, in _sock_connect
    sock.connect(address)
OSError: [Errno 101] Network is unreachable
2026-08-28 18:48:04,320 websockets.client INFO - ! connect failed again; retrying in 60 seconds
Traceback (most recent call last):
  File "/home/chase/mobileraker-env/lib/python3.8/site-packages/websockets/legacy/client.py", line 598, in __aiter__
    async with self as protocol:
  File "/home/chase/mobileraker-env/lib/python3.8/site-packages/websockets/legacy/client.py", line 633, in __aenter__
    return await self
  File "/home/chase/mobileraker-env/lib/python3.8/site-packages/websockets/legacy/client.py", line 650, in __await_impl_timeout__
    return await asyncio.wait_for(self.__await_impl__(), self.open_timeout)
  File "/usr/lib/python3.8/asyncio/tasks.py", line 494, in wait_for
    return fut.result()
  File "/home/chase/mobileraker-env/lib/python3.8/site-packages/websockets/legacy/client.py", line 654, in __await_impl__
    transport, protocol = await self._create_connection()
  File "/usr/lib/python3.8/asyncio/base_events.py", line 1025, in create_connection
    raise exceptions[0]
  File "/usr/lib/python3.8/asyncio/base_events.py", line 1010, in create_connection
    sock = await self._connect_sock(
  File "/usr/lib/python3.8/asyncio/base_events.py", line 924, in _connect_sock
    await self.sock_connect(sock, address)
  File "/usr/lib/python3.8/asyncio/selector_events.py", line 496, in sock_connect
    return await fut
  File "/usr/lib/python3.8/asyncio/selector_events.py", line 501, in _sock_connect
    sock.connect(address)
OSError: [Errno 101] Network is unreachable
2026-08-28 18:49:04,384 websockets.client INFO - ! connect failed again; retrying in 60 seconds
Traceback (most recent call last):
  File "/home/chase/mobileraker-env/lib/python3.8/site-packages/websockets/legacy/client.py", line 598, in __aiter__
    async with self as protocol:
  File "/home/chase/mobileraker-env/lib/python3.8/site-packages/websockets/legacy/client.py", line 633, in __aenter__
    return await self
  File "/home/chase/mobileraker-env/lib/python3.8/site-packages/websockets/legacy/client.py", line 650, in __await_impl_timeout__
    return await asyncio.wait_for(self.__await_impl__(), self.open_timeout)
  File "/usr/lib/python3.8/asyncio/tasks.py", line 494, in wait_for
    return fut.result()
  File "/home/chase/mobileraker-env/lib/python3.8/site-packages/websockets/legacy/client.py", line 654, in __await_impl__
    transport, protocol = await self._create_connection()
  File "/usr/lib/python3.8/asyncio/base_events.py", line 1025, in create_connection
    raise exceptions[0]
  File "/usr/lib/python3.8/asyncio/base_events.py", line 1010, in create_connection
    sock = await self._connect_sock(
  File "/usr/lib/python3.8/asyncio/base_events.py", line 924, in _connect_sock
    await self.sock_connect(sock, address)
  File "/usr/lib/python3.8/asyncio/selector_events.py", line 496, in sock_connect
    return await fut
  File "/usr/lib/python3.8/asyncio/selector_events.py", line 501, in _sock_connect
    sock.connect(address)
OSError: [Errno 101] Network is unreachable
2026-08-28 18:50:04,448 websockets.client INFO - ! connect failed again; retrying in 60 seconds
Traceback (most recent call last):
  File "/home/chase/mobileraker-env/lib/python3.8/site-packages/websockets/legacy/client.py", line 598, in __aiter__
    async with self as protocol:
  File "/home/chase/mobileraker-env/lib/python3.8/site-packages/websockets/legacy/client.py", line 633, in __aenter__
    return await self
  File "/home/chase/mobileraker-env/lib/python3.8/site-packages/websockets/legacy/client.py", line 650, in __await_impl_timeout__
    return await asyncio.wait_for(self.__await_impl__(), self.open_timeout)
  File "/usr/lib/python3.8/asyncio/tasks.py", line 494, in wait_for
    return fut.result()
  File "/home/chase/mobileraker-env/lib/python3.8/site-packages/websockets/legacy/client.py", line 654, in __await_impl__
    transport, protocol = await self._create_connection()
  File "/usr/lib/python3.8/asyncio/base_events.py", line 1025, in create_connection
    raise exceptions[0]
  File "/usr/lib/python3.8/asyncio/base_events.py", line 1010, in create_connection
    sock = await self._connect_sock(
  File "/usr/lib/python3.8/asyncio/base_events.py", line 924, in _connect_sock
    await self.sock_connect(sock, address)
  File "/usr/lib/python3.8/asyncio/selector_events.py", line 496, in sock_connect
    return await fut
  File "/usr/lib/python3.8/asyncio/selector_events.py", line 501, in _sock_connect
    sock.connect(address)
OSError: [Errno 101] Network is unreachable
2026-08-28 18:51:04,512 websockets.client INFO - ! connect failed again; retrying in 60 seconds
Traceback (most recent call last):
  File "/home/chase/mobileraker-env/lib/python3.8/site-packages/websockets/legacy/client.py", line 598, in __aiter__
    async with self as protocol:
  File "/home/chase/mobileraker-env/lib/python3.8/site-packages/websockets/legacy/client.py", line 633, in __aenter__
    return await self
  File "/home/chase/mobileraker-env/lib/python3.8/site-packages/websockets/legacy/client.py", line 650, in __await_impl_timeout__
    return await asyncio.wait_for(self.__await_impl__(), self.open_timeout)
  File "/usr/lib/python3.8/asyncio/tasks.py", line 494, in wait_for
    return fut.result()
  File "/home/chase/mobileraker-env/lib/python3.8/site-packages/websockets/legacy/client.py", line 654, in __await_impl__
    transport, protocol = await self._create_connection()
  File "/usr/lib/python3.8/asyncio/base_events.py", line 1025, in create_connection
    raise exceptions[0]
  File "/usr/lib/python3.8/asyncio/base_events.py", line 1010, in create_connection
    sock = await self._connect_sock(
  File "/usr/lib/python3.8/asyncio/base_events.py", line 924, in _connect_sock
    await self.sock_connect(sock, address)
  File "/usr/lib/python3.8/asyncio/selector_events.py", line 496, in sock_connect
    return await fut
  File "/usr/lib/python3.8/asyncio/selector_events.py", line 501, in _sock_connect
    sock.connect(address)
OSError: [Errno 101] Network is unreachable
2026-08-28 18:52:04,576 websockets.client INFO - ! connect failed again; retrying in 60 seconds
Traceback (most recent call last):
  File "/home/chase/mobileraker-env/lib/python3.8/site-packages/websockets/legacy/client.py", line 598, in __aiter__
    async with self as protocol:
  File "/home/chase/mobileraker-env/lib/python3.8/site-packages/websockets/legacy/client.py", line 633, in __aenter__
    return await self
  File "/home/chase/mobileraker-env/lib/python3.8/site-packages/websockets/legacy/client.py", line 650, in __await_impl_timeout__
    return await asyncio.wait_for(self.__await_impl__(), self.open_timeout)
  File "/usr/lib/python3.8/asyncio/tasks.py", line 494, in wait_for
    return fut.result()
  File "/home/chase/mobileraker-env/lib/python3.8/site-packages/websockets/legacy/client.py", line 654, in __await_impl__
    transport, protocol = await self._create_connection()
  File "/usr/lib/python3.8/asyncio/base_events.py", line 1025, in create_connection
    raise exceptions[0]
  File "/usr/lib/python3.8/asyncio/base_events.py", line 1010, in create_connection
    sock = await self._connect_sock(
  File "/usr/lib/python3.8/asyncio/base_events.py", line 924, in _connect_sock
    await self.sock_connect(sock, address)
  File "/usr/lib/python3.8/asyncio/selector_events.py", line 496, in sock_connect
    return await fut
  File "/usr/lib/python3.8/asyncio/selector_events.py", line 501, in _sock_connect
    sock.connect(address)
OSError: [Errno 101] Network is unreachable
2026-08-28 18:53:04,640 websockets.client INFO - ! connect failed again; retrying in 60 seconds
Traceback (most recent call last):
  File "/home/chase/mobileraker-env/lib/python3.8/site-packages/websockets/legacy/client.py", line 598, in __aiter__
    async with self as protocol:
  File "/home/chase/mobileraker-env/lib/python3.8/site-packages/websockets/legacy/client.py", line 633, in __aenter__
    return await self
  File "/home/chase/mobileraker-env/lib/python3.8/site-packages/websockets/legacy/client.py", line 650, in __await_impl_timeout__
    return await asyncio.wait_for(self.__await_impl__(), self.open_timeout)
  File "/usr/lib/python3.8/asyncio/tasks.py", line 494, in wait_for
    return fut.result()
  File "/home/chase/mobileraker-env/lib/python3.8/site-packages/websockets/legacy/client.py", line 654, in __await_impl__
    transport, protocol = await self._create_connection()
  File "/usr/lib/python3.8/asyncio/base_events.py", line 1025, in create_connection
    raise exceptions[0]
  File "/usr/lib/python3.8/asyncio/base_events.py", line 1010, in create_connection
    sock = await self._connect_sock(
  File "/usr/lib/python3.8/asyncio/base_events.py", line 924, in _connect_sock
    await self.sock_connect(sock, address)
  File "/usr/lib/python3.8/asyncio/selector_events.py", line 496, in sock_connect
    return await fut
  File "/usr/lib/python3.8/asyncio/selector_events.py", line 501, in _sock_connect
    sock.connect(address)
OSError: [Errno 101] Network is unreachable
2026-08-28 18:54:04,703 websockets.client INFO - ! connect failed again; retrying in 60 seconds
Traceback (most recent call last):
  File "/home/chase/mobileraker-env/lib/python3.8/site-packages/websockets/legacy/client.py", line 598, in __aiter__
    async with self as protocol:
  File "/home/chase/mobileraker-env/lib/python3.8/site-packages/websockets/legacy/client.py", line 633, in __aenter__
    return await self
  File "/home/chase/mobileraker-env/lib/python3.8/site-packages/websockets/legacy/client.py", line 650, in __await_impl_timeout__
    return await asyncio.wait_for(self.__await_impl__(), self.open_timeout)
  File "/usr/lib/python3.8/asyncio/tasks.py", line 494, in wait_for
    return fut.result()
  File "/home/chase/mobileraker-env/lib/python3.8/site-packages/websockets/legacy/client.py", line 654, in __await_impl__
    transport, protocol = await self._create_connection()
  File "/usr/lib/python3.8/asyncio/base_events.py", line 1025, in create_connection
    raise exceptions[0]
  File "/usr/lib/python3.8/asyncio/base_events.py", line 1010, in create_connection
    sock = await self._connect_sock(
  File "/usr/lib/python3.8/asyncio/base_events.py", line 924, in _connect_sock
    await self.sock_connect(sock, address)
  File "/usr/lib/python3.8/asyncio/selector_events.py", line 496, in sock_connect
    return await fut
  File "/usr/lib/python3.8/asyncio/selector_events.py", line 501, in _sock_connect
    sock.connect(address)
OSError: [Errno 101] Network is unreachable
2026-08-28 18:55:04,769 websockets.client INFO - ! connect failed again; retrying in 60 seconds
Traceback (most recent call last):
  File "/home/chase/mobileraker-env/lib/python3.8/site-packages/websockets/legacy/client.py", line 598, in __aiter__
    async with self as protocol:
  File "/home/chase/mobileraker-env/lib/python3.8/site-packages/websockets/legacy/client.py", line 633, in __aenter__
    return await self
  File "/home/chase/mobileraker-env/lib/python3.8/site-packages/websockets/legacy/client.py", line 650, in __await_impl_timeout__
    return await asyncio.wait_for(self.__await_impl__(), self.open_timeout)
  File "/usr/lib/python3.8/asyncio/tasks.py", line 494, in wait_for
    return fut.result()
  File "/home/chase/mobileraker-env/lib/python3.8/site-packages/websockets/legacy/client.py", line 654, in __await_impl__
    transport, protocol = await self._create_connection()
  File "/usr/lib/python3.8/asyncio/base_events.py", line 1025, in create_connection
    raise exceptions[0]
  File "/usr/lib/python3.8/asyncio/base_events.py", line 1010, in create_connection
    sock = await self._connect_sock(
  File "/usr/lib/python3.8/asyncio/base_events.py", line 924, in _connect_sock
    await self.sock_connect(sock, address)
  File "/usr/lib/python3.8/asyncio/selector_events.py", line 496, in sock_connect
    return await fut
  File "/usr/lib/python3.8/asyncio/selector_events.py", line 501, in _sock_connect
    sock.connect(address)
OSError: [Errno 101] Network is unreachable
2026-08-28 18:56:04,835 websockets.client INFO - ! connect failed again; retrying in 60 seconds
Traceback (most recent call last):
  File "/home/chase/mobileraker-env/lib/python3.8/site-packages/websockets/legacy/client.py", line 598, in __aiter__
    async with self as protocol:
  File "/home/chase/mobileraker-env/lib/python3.8/site-packages/websockets/legacy/client.py", line 633, in __aenter__
    return await self
  File "/home/chase/mobileraker-env/lib/python3.8/site-packages/websockets/legacy/client.py", line 650, in __await_impl_timeout__
    return await asyncio.wait_for(self.__await_impl__(), self.open_timeout)
  File "/usr/lib/python3.8/asyncio/tasks.py", line 494, in wait_for
    return fut.result()
  File "/home/chase/mobileraker-env/lib/python3.8/site-packages/websockets/legacy/client.py", line 654, in __await_impl__
    transport, protocol = await self._create_connection()
  File "/usr/lib/python3.8/asyncio/base_events.py", line 1025, in create_connection
    raise exceptions[0]
  File "/usr/lib/python3.8/asyncio/base_events.py", line 1010, in create_connection
    sock = await self._connect_sock(
  File "/usr/lib/python3.8/asyncio/base_events.py", line 924, in _connect_sock
    await self.sock_connect(sock, address)
  File "/usr/lib/python3.8/asyncio/selector_events.py", line 496, in sock_connect
    return await fut
  File "/usr/lib/python3.8/asyncio/selector_events.py", line 501, in _sock_connect
    sock.connect(address)
OSError: [Errno 101] Network is unreachable
2026-08-28 18:57:04,849 websockets.client INFO - ! connect failed again; retrying in 60 seconds
Traceback (most recent call last):
  File "/home/chase/mobileraker-env/lib/python3.8/site-packages/websockets/legacy/client.py", line 598, in __aiter__
    async with self as protocol:
  File "/home/chase/mobileraker-env/lib/python3.8/site-packages/websockets/legacy/client.py", line 633, in __aenter__
    return await self
  File "/home/chase/mobileraker-env/lib/python3.8/site-packages/websockets/legacy/client.py", line 650, in __await_impl_timeout__
    return await asyncio.wait_for(self.__await_impl__(), self.open_timeout)
  File "/usr/lib/python3.8/asyncio/tasks.py", line 494, in wait_for
    return fut.result()
  File "/home/chase/mobileraker-env/lib/python3.8/site-packages/websockets/legacy/client.py", line 654, in __await_impl__
    transport, protocol = await self._create_connection()
  File "/usr/lib/python3.8/asyncio/base_events.py", line 1025, in create_connection
    raise exceptions[0]
  File "/usr/lib/python3.8/asyncio/base_events.py", line 1010, in create_connection
    sock = await self._connect_sock(
  File "/usr/lib/python3.8/asyncio/base_events.py", line 924, in _connect_sock
    await self.sock_connect(sock, address)
  File "/usr/lib/python3.8/asyncio/selector_events.py", line 496, in sock_connect
    return await fut
  File "/usr/lib/python3.8/asyncio/selector_events.py", line 501, in _sock_connect
    sock.connect(address)
OSError: [Errno 101] Network is unreachable
2026-08-28 18:58:04,915 websockets.client INFO - ! connect failed again; retrying in 60 seconds
Traceback (most recent call last):
  File "/home/chase/mobileraker-env/lib/python3.8/site-packages/websockets/legacy/client.py", line 598, in __aiter__
    async with self as protocol:
  File "/home/chase/mobileraker-env/lib/python3.8/site-packages/websockets/legacy/client.py", line 633, in __aenter__
    return await self
  File "/home/chase/mobileraker-env/lib/python3.8/site-packages/websockets/legacy/client.py", line 650, in __await_impl_timeout__
    return await asyncio.wait_for(self.__await_impl__(), self.open_timeout)
  File "/usr/lib/python3.8/asyncio/tasks.py", line 494, in wait_for
    return fut.result()
  File "/home/chase/mobileraker-env/lib/python3.8/site-packages/websockets/legacy/client.py", line 654, in __await_impl__
    transport, protocol = await self._create_connection()
  File "/usr/lib/python3.8/asyncio/base_events.py", line 1025, in create_connection
    raise exceptions[0]
  File "/usr/lib/python3.8/asyncio/base_events.py", line 1010, in create_connection
    sock = await self._connect_sock(
  File "/usr/lib/python3.8/asyncio/base_events.py", line 924, in _connect_sock
    await self.sock_connect(sock, address)
  File "/usr/lib/python3.8/asyncio/selector_events.py", line 496, in sock_connect
    return await fut
  File "/usr/lib/python3.8/asyncio/selector_events.py", line 501, in _sock_connect
    sock.connect(address)
OSError: [Errno 101] Network is unreachable
2026-08-28 18:59:04,980 websockets.client INFO - ! connect failed again; retrying in 60 seconds
Traceback (most recent call last):
  File "/home/chase/mobileraker-env/lib/python3.8/site-packages/websockets/legacy/client.py", line 598, in __aiter__
    async with self as protocol:
  File "/home/chase/mobileraker-env/lib/python3.8/site-packages/websockets/legacy/client.py", line 633, in __aenter__
    return await self
  File "/home/chase/mobileraker-env/lib/python3.8/site-packages/websockets/legacy/client.py", line 650, in __await_impl_timeout__
    return await asyncio.wait_for(self.__await_impl__(), self.open_timeout)
  File "/usr/lib/python3.8/asyncio/tasks.py", line 494, in wait_for
    return fut.result()
  File "/home/chase/mobileraker-env/lib/python3.8/site-packages/websockets/legacy/client.py", line 654, in __await_impl__
    transport, protocol = await self._create_connection()
  File "/usr/lib/python3.8/asyncio/base_events.py", line 1025, in create_connection
    raise exceptions[0]
  File "/usr/lib/python3.8/asyncio/base_events.py", line 1010, in create_connection
    sock = await self._connect_sock(
  File "/usr/lib/python3.8/asyncio/base_events.py", line 924, in _connect_sock
    await self.sock_connect(sock, address)
  File "/usr/lib/python3.8/asyncio/selector_events.py", line 496, in sock_connect
    return await fut
  File "/usr/lib/python3.8/asyncio/selector_events.py", line 501, in _sock_connect
    sock.connect(address)
OSError: [Errno 101] Network is unreachable
2026-08-28 19:00:05,044 websockets.client INFO - ! connect failed again; retrying in 60 seconds
Traceback (most recent call last):
  File "/home/chase/mobileraker-env/lib/python3.8/site-packages/websockets/legacy/client.py", line 598, in __aiter__
    async with self as protocol:
  File "/home/chase/mobileraker-env/lib/python3.8/site-packages/websockets/legacy/client.py", line 633, in __aenter__
    return await self
  File "/home/chase/mobileraker-env/lib/python3.8/site-packages/websockets/legacy/client.py", line 650, in __await_impl_timeout__
    return await asyncio.wait_for(self.__await_impl__(), self.open_timeout)
  File "/usr/lib/python3.8/asyncio/tasks.py", line 494, in wait_for
    return fut.result()
  File "/home/chase/mobileraker-env/lib/python3.8/site-packages/websockets/legacy/client.py", line 654, in __await_impl__
    transport, protocol = await self._create_connection()
  File "/usr/lib/python3.8/asyncio/base_events.py", line 1025, in create_connection
    raise exceptions[0]
  File "/usr/lib/python3.8/asyncio/base_events.py", line 1010, in create_connection
    sock = await self._connect_sock(
  File "/usr/lib/python3.8/asyncio/base_events.py", line 924, in _connect_sock
    await self.sock_connect(sock, address)
  File "/usr/lib/python3.8/asyncio/selector_events.py", line 496, in sock_connect
    return await fut
  File "/usr/lib/python3.8/asyncio/selector_events.py", line 501, in _sock_connect
    sock.connect(address)
OSError: [Errno 101] Network is unreachable
2026-08-28 19:01:05,062 websockets.client INFO - ! connect failed again; retrying in 60 seconds
Traceback (most recent call last):
  File "/home/chase/mobileraker-env/lib/python3.8/site-packages/websockets/legacy/client.py", line 598, in __aiter__
    async with self as protocol:
  File "/home/chase/mobileraker-env/lib/python3.8/site-packages/websockets/legacy/client.py", line 633, in __aenter__
    return await self
  File "/home/chase/mobileraker-env/lib/python3.8/site-packages/websockets/legacy/client.py", line 650, in __await_impl_timeout__
    return await asyncio.wait_for(self.__await_impl__(), self.open_timeout)
  File "/usr/lib/python3.8/asyncio/tasks.py", line 494, in wait_for
    return fut.result()
  File "/home/chase/mobileraker-env/lib/python3.8/site-packages/websockets/legacy/client.py", line 654, in __await_impl__
    transport, protocol = await self._create_connection()
  File "/usr/lib/python3.8/asyncio/base_events.py", line 1025, in create_connection
    raise exceptions[0]
  File "/usr/lib/python3.8/asyncio/base_events.py", line 1010, in create_connection
    sock = await self._connect_sock(
  File "/usr/lib/python3.8/asyncio/base_events.py", line 924, in _connect_sock
    await self.sock_connect(sock, address)
  File "/usr/lib/python3.8/asyncio/selector_events.py", line 496, in sock_connect
    return await fut
  File "/usr/lib/python3.8/asyncio/selector_events.py", line 501, in _sock_connect
    sock.connect(address)
OSError: [Errno 101] Network is unreachable
2026-08-28 19:02:05,102 websockets.client INFO - ! connect failed again; retrying in 60 seconds
Traceback (most recent call last):
  File "/home/chase/mobileraker-env/lib/python3.8/site-packages/websockets/legacy/client.py", line 598, in __aiter__
    async with self as protocol:
  File "/home/chase/mobileraker-env/lib/python3.8/site-packages/websockets/legacy/client.py", line 633, in __aenter__
    return await self
  File "/home/chase/mobileraker-env/lib/python3.8/site-packages/websockets/legacy/client.py", line 650, in __await_impl_timeout__
    return await asyncio.wait_for(self.__await_impl__(), self.open_timeout)
  File "/usr/lib/python3.8/asyncio/tasks.py", line 494, in wait_for
    return fut.result()
  File "/home/chase/mobileraker-env/lib/python3.8/site-packages/websockets/legacy/client.py", line 654, in __await_impl__
    transport, protocol = await self._create_connection()
  File "/usr/lib/python3.8/asyncio/base_events.py", line 1025, in create_connection
    raise exceptions[0]
  File "/usr/lib/python3.8/asyncio/base_events.py", line 1010, in create_connection
    sock = await self._connect_sock(
  File "/usr/lib/python3.8/asyncio/base_events.py", line 924, in _connect_sock
    await self.sock_connect(sock, address)
  File "/usr/lib/python3.8/asyncio/selector_events.py", line 496, in sock_connect
    return await fut
  File "/usr/lib/python3.8/asyncio/selector_events.py", line 501, in _sock_connect
    sock.connect(address)
OSError: [Errno 101] Network is unreachable
2026-08-28 19:03:05,164 websockets.client INFO - ! connect failed again; retrying in 60 seconds
Traceback (most recent call last):
  File "/home/chase/mobileraker-env/lib/python3.8/site-packages/websockets/legacy/client.py", line 598, in __aiter__
    async with self as protocol:
  File "/home/chase/mobileraker-env/lib/python3.8/site-packages/websockets/legacy/client.py", line 633, in __aenter__
    return await self
  File "/home/chase/mobileraker-env/lib/python3.8/site-packages/websockets/legacy/client.py", line 650, in __await_impl_timeout__
    return await asyncio.wait_for(self.__await_impl__(), self.open_timeout)
  File "/usr/lib/python3.8/asyncio/tasks.py", line 494, in wait_for
    return fut.result()
  File "/home/chase/mobileraker-env/lib/python3.8/site-packages/websockets/legacy/client.py", line 654, in __await_impl__
    transport, protocol = await self._create_connection()
  File "/usr/lib/python3.8/asyncio/base_events.py", line 1025, in create_connection
    raise exceptions[0]
  File "/usr/lib/python3.8/asyncio/base_events.py", line 1010, in create_connection
    sock = await self._connect_sock(
  File "/usr/lib/python3.8/asyncio/base_events.py", line 924, in _connect_sock
    await self.sock_connect(sock, address)
  File "/usr/lib/python3.8/asyncio/selector_events.py", line 496, in sock_connect
    return await fut
  File "/usr/lib/python3.8/asyncio/selector_events.py", line 501, in _sock_connect
    sock.connect(address)
OSError: [Errno 101] Network is unreachable
2026-08-28 19:04:05,228 websockets.client INFO - ! connect failed again; retrying in 60 seconds
Traceback (most recent call last):
  File "/home/chase/mobileraker-env/lib/python3.8/site-packages/websockets/legacy/client.py", line 598, in __aiter__
    async with self as protocol:
  File "/home/chase/mobileraker-env/lib/python3.8/site-packages/websockets/legacy/client.py", line 633, in __aenter__
    return await self
  File "/home/chase/mobileraker-env/lib/python3.8/site-packages/websockets/legacy/client.py", line 650, in __await_impl_timeout__
    return await asyncio.wait_for(self.__await_impl__(), self.open_timeout)
  File "/usr/lib/python3.8/asyncio/tasks.py", line 494, in wait_for
    return fut.result()
  File "/home/chase/mobileraker-env/lib/python3.8/site-packages/websockets/legacy/client.py", line 654, in __await_impl__
    transport, protocol = await self._create_connection()
  File "/usr/lib/python3.8/asyncio/base_events.py", line 1025, in create_connection
    raise exceptions[0]
  File "/usr/lib/python3.8/asyncio/base_events.py", line 1010, in create_connection
    sock = await self._connect_sock(
  File "/usr/lib/python3.8/asyncio/base_events.py", line 924, in _connect_sock
    await self.sock_connect(sock, address)
  File "/usr/lib/python3.8/asyncio/selector_events.py", line 496, in sock_connect
    return await fut
  File "/usr/lib/python3.8/asyncio/selector_events.py", line 501, in _sock_connect
    sock.connect(address)
OSError: [Errno 101] Network is unreachable
2026-08-28 19:05:05,294 websockets.client INFO - ! connect failed again; retrying in 60 seconds
Traceback (most recent call last):
  File "/home/chase/mobileraker-env/lib/python3.8/site-packages/websockets/legacy/client.py", line 598, in __aiter__
    async with self as protocol:
  File "/home/chase/mobileraker-env/lib/python3.8/site-packages/websockets/legacy/client.py", line 633, in __aenter__
    return await self
  File "/home/chase/mobileraker-env/lib/python3.8/site-packages/websockets/legacy/client.py", line 650, in __await_impl_timeout__
    return await asyncio.wait_for(self.__await_impl__(), self.open_timeout)
  File "/usr/lib/python3.8/asyncio/tasks.py", line 494, in wait_for
    return fut.result()
  File "/home/chase/mobileraker-env/lib/python3.8/site-packages/websockets/legacy/client.py", line 654, in __await_impl__
    transport, protocol = await self._create_connection()
  File "/usr/lib/python3.8/asyncio/base_events.py", line 1025, in create_connection
    raise exceptions[0]
  File "/usr/lib/python3.8/asyncio/base_events.py", line 1010, in create_connection
    sock = await self._connect_sock(
  File "/usr/lib/python3.8/asyncio/base_events.py", line 924, in _connect_sock
    await self.sock_connect(sock, address)
  File "/usr/lib/python3.8/asyncio/selector_events.py", line 496, in sock_connect
    return await fut
  File "/usr/lib/python3.8/asyncio/selector_events.py", line 501, in _sock_connect
    sock.connect(address)
OSError: [Errno 101] Network is unreachable
2026-08-28 19:06:05,356 websockets.client INFO - ! connect failed again; retrying in 60 seconds
Traceback (most recent call last):
  File "/home/chase/mobileraker-env/lib/python3.8/site-packages/websockets/legacy/client.py", line 598, in __aiter__
    async with self as protocol:
  File "/home/chase/mobileraker-env/lib/python3.8/site-packages/websockets/legacy/client.py", line 633, in __aenter__
    return await self
  File "/home/chase/mobileraker-env/lib/python3.8/site-packages/websockets/legacy/client.py", line 650, in __await_impl_timeout__
    return await asyncio.wait_for(self.__await_impl__(), self.open_timeout)
  File "/usr/lib/python3.8/asyncio/tasks.py", line 494, in wait_for
    return fut.result()
  File "/home/chase/mobileraker-env/lib/python3.8/site-packages/websockets/legacy/client.py", line 654, in __await_impl__
    transport, protocol = await self._create_connection()
  File "/usr/lib/python3.8/asyncio/base_events.py", line 1025, in create_connection
    raise exceptions[0]
  File "/usr/lib/python3.8/asyncio/base_events.py", line 1010, in create_connection
    sock = await self._connect_sock(
  File "/usr/lib/python3.8/asyncio/base_events.py", line 924, in _connect_sock
    await self.sock_connect(sock, address)
  File "/usr/lib/python3.8/asyncio/selector_events.py", line 496, in sock_connect
    return await fut
  File "/usr/lib/python3.8/asyncio/selector_events.py", line 501, in _sock_connect
    sock.connect(address)
OSError: [Errno 101] Network is unreachable
2026-08-28 19:07:05,419 websockets.client INFO - ! connect failed again; retrying in 60 seconds
Traceback (most recent call last):
  File "/home/chase/mobileraker-env/lib/python3.8/site-packages/websockets/legacy/client.py", line 598, in __aiter__
    async with self as protocol:
  File "/home/chase/mobileraker-env/lib/python3.8/site-packages/websockets/legacy/client.py", line 633, in __aenter__
    return await self
  File "/home/chase/mobileraker-env/lib/python3.8/site-packages/websockets/legacy/client.py", line 650, in __await_impl_timeout__
    return await asyncio.wait_for(self.__await_impl__(), self.open_timeout)
  File "/usr/lib/python3.8/asyncio/tasks.py", line 494, in wait_for
    return fut.result()
  File "/home/chase/mobileraker-env/lib/python3.8/site-packages/websockets/legacy/client.py", line 654, in __await_impl__
    transport, protocol = await self._create_connection()
  File "/usr/lib/python3.8/asyncio/base_events.py", line 1025, in create_connection
    raise exceptions[0]
  File "/usr/lib/python3.8/asyncio/base_events.py", line 1010, in create_connection
    sock = await self._connect_sock(
  File "/usr/lib/python3.8/asyncio/base_events.py", line 924, in _connect_sock
    await self.sock_connect(sock, address)
  File "/usr/lib/python3.8/asyncio/selector_events.py", line 496, in sock_connect
    return await fut
  File "/usr/lib/python3.8/asyncio/selector_events.py", line 501, in _sock_connect
    sock.connect(address)
OSError: [Errno 101] Network is unreachable
2026-08-28 19:08:05,480 websockets.client INFO - ! connect failed again; retrying in 60 seconds
Traceback (most recent call last):
  File "/home/chase/mobileraker-env/lib/python3.8/site-packages/websockets/legacy/client.py", line 598, in __aiter__
    async with self as protocol:
  File "/home/chase/mobileraker-env/lib/python3.8/site-packages/websockets/legacy/client.py", line 633, in __aenter__
    return await self
  File "/home/chase/mobileraker-env/lib/python3.8/site-packages/websockets/legacy/client.py", line 650, in __await_impl_timeout__
    return await asyncio.wait_for(self.__await_impl__(), self.open_timeout)
  File "/usr/lib/python3.8/asyncio/tasks.py", line 494, in wait_for
    return fut.result()
  File "/home/chase/mobileraker-env/lib/python3.8/site-packages/websockets/legacy/client.py", line 654, in __await_impl__
    transport, protocol = await self._create_connection()
  File "/usr/lib/python3.8/asyncio/base_events.py", line 1025, in create_connection
    raise exceptions[0]
  File "/usr/lib/python3.8/asyncio/base_events.py", line 1010, in create_connection
    sock = await self._connect_sock(
  File "/usr/lib/python3.8/asyncio/base_events.py", line 924, in _connect_sock
    await self.sock_connect(sock, address)
  File "/usr/lib/python3.8/asyncio/selector_events.py", line 496, in sock_connect
    return await fut
  File "/usr/lib/python3.8/asyncio/selector_events.py", line 501, in _sock_connect
    sock.connect(address)
OSError: [Errno 101] Network is unreachable
2026-08-28 19:09:05,493 websockets.client INFO - ! connect failed again; retrying in 60 seconds
Traceback (most recent call last):
  File "/home/chase/mobileraker-env/lib/python3.8/site-packages/websockets/legacy/client.py", line 598, in __aiter__
    async with self as protocol:
  File "/home/chase/mobileraker-env/lib/python3.8/site-packages/websockets/legacy/client.py", line 633, in __aenter__
    return await self
  File "/home/chase/mobileraker-env/lib/python3.8/site-packages/websockets/legacy/client.py", line 650, in __await_impl_timeout__
    return await asyncio.wait_for(self.__await_impl__(), self.open_timeout)
  File "/usr/lib/python3.8/asyncio/tasks.py", line 494, in wait_for
    return fut.result()
  File "/home/chase/mobileraker-env/lib/python3.8/site-packages/websockets/legacy/client.py", line 654, in __await_impl__
    transport, protocol = await self._create_connection()
  File "/usr/lib/python3.8/asyncio/base_events.py", line 1025, in create_connection
    raise exceptions[0]
  File "/usr/lib/python3.8/asyncio/base_events.py", line 1010, in create_connection
    sock = await self._connect_sock(
  File "/usr/lib/python3.8/asyncio/base_events.py", line 924, in _connect_sock
    await self.sock_connect(sock, address)
  File "/usr/lib/python3.8/asyncio/selector_events.py", line 496, in sock_connect
    return await fut
  File "/usr/lib/python3.8/asyncio/selector_events.py", line 501, in _sock_connect
    sock.connect(address)
OSError: [Errno 101] Network is unreachable
2026-08-28 19:10:05,556 websockets.client INFO - ! connect failed again; retrying in 60 seconds
Traceback (most recent call last):
  File "/home/chase/mobileraker-env/lib/python3.8/site-packages/websockets/legacy/client.py", line 598, in __aiter__
    async with self as protocol:
  File "/home/chase/mobileraker-env/lib/python3.8/site-packages/websockets/legacy/client.py", line 633, in __aenter__
    return await self
  File "/home/chase/mobileraker-env/lib/python3.8/site-packages/websockets/legacy/client.py", line 650, in __await_impl_timeout__
    return await asyncio.wait_for(self.__await_impl__(), self.open_timeout)
  File "/usr/lib/python3.8/asyncio/tasks.py", line 494, in wait_for
    return fut.result()
  File "/home/chase/mobileraker-env/lib/python3.8/site-packages/websockets/legacy/client.py", line 654, in __await_impl__
    transport, protocol = await self._create_connection()
  File "/usr/lib/python3.8/asyncio/base_events.py", line 1025, in create_connection
    raise exceptions[0]
  File "/usr/lib/python3.8/asyncio/base_events.py", line 1010, in create_connection
    sock = await self._connect_sock(
  File "/usr/lib/python3.8/asyncio/base_events.py", line 924, in _connect_sock
    await self.sock_connect(sock, address)
  File "/usr/lib/python3.8/asyncio/selector_events.py", line 496, in sock_connect
    return await fut
  File "/usr/lib/python3.8/asyncio/selector_events.py", line 501, in _sock_connect
    sock.connect(address)
OSError: [Errno 101] Network is unreachable
2026-08-28 19:11:05,621 websockets.client INFO - ! connect failed again; retrying in 60 seconds
Traceback (most recent call last):
  File "/home/chase/mobileraker-env/lib/python3.8/site-packages/websockets/legacy/client.py", line 598, in __aiter__
    async with self as protocol:
  File "/home/chase/mobileraker-env/lib/python3.8/site-packages/websockets/legacy/client.py", line 633, in __aenter__
    return await self
  File "/home/chase/mobileraker-env/lib/python3.8/site-packages/websockets/legacy/client.py", line 650, in __await_impl_timeout__
    return await asyncio.wait_for(self.__await_impl__(), self.open_timeout)
  File "/usr/lib/python3.8/asyncio/tasks.py", line 494, in wait_for
    return fut.result()
  File "/home/chase/mobileraker-env/lib/python3.8/site-packages/websockets/legacy/client.py", line 654, in __await_impl__
    transport, protocol = await self._create_connection()
  File "/usr/lib/python3.8/asyncio/base_events.py", line 1025, in create_connection
    raise exceptions[0]
  File "/usr/lib/python3.8/asyncio/base_events.py", line 1010, in create_connection
    sock = await self._connect_sock(
  File "/usr/lib/python3.8/asyncio/base_events.py", line 924, in _connect_sock
    await self.sock_connect(sock, address)
  File "/usr/lib/python3.8/asyncio/selector_events.py", line 496, in sock_connect
    return await fut
  File "/usr/lib/python3.8/asyncio/selector_events.py", line 501, in _sock_connect
    sock.connect(address)
OSError: [Errno 101] Network is unreachable
2026-08-28 19:12:05,684 websockets.client INFO - ! connect failed again; retrying in 60 seconds
Traceback (most recent call last):
  File "/home/chase/mobileraker-env/lib/python3.8/site-packages/websockets/legacy/client.py", line 598, in __aiter__
    async with self as protocol:
  File "/home/chase/mobileraker-env/lib/python3.8/site-packages/websockets/legacy/client.py", line 633, in __aenter__
    return await self
  File "/home/chase/mobileraker-env/lib/python3.8/site-packages/websockets/legacy/client.py", line 650, in __await_impl_timeout__
    return await asyncio.wait_for(self.__await_impl__(), self.open_timeout)
  File "/usr/lib/python3.8/asyncio/tasks.py", line 494, in wait_for
    return fut.result()
  File "/home/chase/mobileraker-env/lib/python3.8/site-packages/websockets/legacy/client.py", line 654, in __await_impl__
    transport, protocol = await self._create_connection()
  File "/usr/lib/python3.8/asyncio/base_events.py", line 1025, in create_connection
    raise exceptions[0]
  File "/usr/lib/python3.8/asyncio/base_events.py", line 1010, in create_connection
    sock = await self._connect_sock(
  File "/usr/lib/python3.8/asyncio/base_events.py", line 924, in _connect_sock
    await self.sock_connect(sock, address)
  File "/usr/lib/python3.8/asyncio/selector_events.py", line 496, in sock_connect
    return await fut
  File "/usr/lib/python3.8/asyncio/selector_events.py", line 501, in _sock_connect
    sock.connect(address)
OSError: [Errno 101] Network is unreachable
2026-08-28 19:13:05,747 websockets.client INFO - ! connect failed again; retrying in 60 seconds
Traceback (most recent call last):
  File "/home/chase/mobileraker-env/lib/python3.8/site-packages/websockets/legacy/client.py", line 598, in __aiter__
    async with self as protocol:
  File "/home/chase/mobileraker-env/lib/python3.8/site-packages/websockets/legacy/client.py", line 633, in __aenter__
    return await self
  File "/home/chase/mobileraker-env/lib/python3.8/site-packages/websockets/legacy/client.py", line 650, in __await_impl_timeout__
    return await asyncio.wait_for(self.__await_impl__(), self.open_timeout)
  File "/usr/lib/python3.8/asyncio/tasks.py", line 494, in wait_for
    return fut.result()
  File "/home/chase/mobileraker-env/lib/python3.8/site-packages/websockets/legacy/client.py", line 654, in __await_impl__
    transport, protocol = await self._create_connection()
  File "/usr/lib/python3.8/asyncio/base_events.py", line 1025, in create_connection
    raise exceptions[0]
  File "/usr/lib/python3.8/asyncio/base_events.py", line 1010, in create_connection
    sock = await self._connect_sock(
  File "/usr/lib/python3.8/asyncio/base_events.py", line 924, in _connect_sock
    await self.sock_connect(sock, address)
  File "/usr/lib/python3.8/asyncio/selector_events.py", line 496, in sock_connect
    return await fut
  File "/usr/lib/python3.8/asyncio/selector_events.py", line 501, in _sock_connect
    sock.connect(address)
OSError: [Errno 101] Network is unreachable
2026-08-28 19:14:05,806 websockets.client INFO - ! connect failed again; retrying in 60 seconds
Traceback (most recent call last):
  File "/home/chase/mobileraker-env/lib/python3.8/site-packages/websockets/legacy/client.py", line 598, in __aiter__
    async with self as protocol:
  File "/home/chase/mobileraker-env/lib/python3.8/site-packages/websockets/legacy/client.py", line 633, in __aenter__
    return await self
  File "/home/chase/mobileraker-env/lib/python3.8/site-packages/websockets/legacy/client.py", line 650, in __await_impl_timeout__
    return await asyncio.wait_for(self.__await_impl__(), self.open_timeout)
  File "/usr/lib/python3.8/asyncio/tasks.py", line 494, in wait_for
    return fut.result()
  File "/home/chase/mobileraker-env/lib/python3.8/site-packages/websockets/legacy/client.py", line 654, in __await_impl__
    transport, protocol = await self._create_connection()
  File "/usr/lib/python3.8/asyncio/base_events.py", line 1025, in create_connection
    raise exceptions[0]
  File "/usr/lib/python3.8/asyncio/base_events.py", line 1010, in create_connection
    sock = await self._connect_sock(
  File "/usr/lib/python3.8/asyncio/base_events.py", line 924, in _connect_sock
    await self.sock_connect(sock, address)
  File "/usr/lib/python3.8/asyncio/selector_events.py", line 496, in sock_connect
    return await fut
  File "/usr/lib/python3.8/asyncio/selector_events.py", line 501, in _sock_connect
    sock.connect(address)
OSError: [Errno 101] Network is unreachable
2026-08-28 19:15:05,863 websockets.client INFO - ! connect failed again; retrying in 60 seconds
Traceback (most recent call last):
  File "/home/chase/mobileraker-env/lib/python3.8/site-packages/websockets/legacy/client.py", line 598, in __aiter__
    async with self as protocol:
  File "/home/chase/mobileraker-env/lib/python3.8/site-packages/websockets/legacy/client.py", line 633, in __aenter__
    return await self
  File "/home/chase/mobileraker-env/lib/python3.8/site-packages/websockets/legacy/client.py", line 650, in __await_impl_timeout__
    return await asyncio.wait_for(self.__await_impl__(), self.open_timeout)
  File "/usr/lib/python3.8/asyncio/tasks.py", line 494, in wait_for
    return fut.result()
  File "/home/chase/mobileraker-env/lib/python3.8/site-packages/websockets/legacy/client.py", line 654, in __await_impl__
    transport, protocol = await self._create_connection()
  File "/usr/lib/python3.8/asyncio/base_events.py", line 1025, in create_connection
    raise exceptions[0]
  File "/usr/lib/python3.8/asyncio/base_events.py", line 1010, in create_connection
    sock = await self._connect_sock(
  File "/usr/lib/python3.8/asyncio/base_events.py", line 924, in _connect_sock
    await self.sock_connect(sock, address)
  File "/usr/lib/python3.8/asyncio/selector_events.py", line 496, in sock_connect
    return await fut
  File "/usr/lib/python3.8/asyncio/selector_events.py", line 501, in _sock_connect
    sock.connect(address)
OSError: [Errno 101] Network is unreachable
2026-08-28 19:16:05,928 websockets.client INFO - ! connect failed again; retrying in 60 seconds
Traceback (most recent call last):
  File "/home/chase/mobileraker-env/lib/python3.8/site-packages/websockets/legacy/client.py", line 598, in __aiter__
    async with self as protocol:
  File "/home/chase/mobileraker-env/lib/python3.8/site-packages/websockets/legacy/client.py", line 633, in __aenter__
    return await self
  File "/home/chase/mobileraker-env/lib/python3.8/site-packages/websockets/legacy/client.py", line 650, in __await_impl_timeout__
    return await asyncio.wait_for(self.__await_impl__(), self.open_timeout)
  File "/usr/lib/python3.8/asyncio/tasks.py", line 494, in wait_for
    return fut.result()
  File "/home/chase/mobileraker-env/lib/python3.8/site-packages/websockets/legacy/client.py", line 654, in __await_impl__
    transport, protocol = await self._create_connection()
  File "/usr/lib/python3.8/asyncio/base_events.py", line 1025, in create_connection
    raise exceptions[0]
  File "/usr/lib/python3.8/asyncio/base_events.py", line 1010, in create_connection
    sock = await self._connect_sock(
  File "/usr/lib/python3.8/asyncio/base_events.py", line 924, in _connect_sock
    await self.sock_connect(sock, address)
  File "/usr/lib/python3.8/asyncio/selector_events.py", line 496, in sock_connect
    return await fut
  File "/usr/lib/python3.8/asyncio/selector_events.py", line 501, in _sock_connect
    sock.connect(address)
OSError: [Errno 101] Network is unreachable
2026-08-28 19:17:05,995 websockets.client INFO - ! connect failed again; retrying in 60 seconds
Traceback (most recent call last):
  File "/home/chase/mobileraker-env/lib/python3.8/site-packages/websockets/legacy/client.py", line 598, in __aiter__
    async with self as protocol:
  File "/home/chase/mobileraker-env/lib/python3.8/site-packages/websockets/legacy/client.py", line 633, in __aenter__
    return await self
  File "/home/chase/mobileraker-env/lib/python3.8/site-packages/websockets/legacy/client.py", line 650, in __await_impl_timeout__
    return await asyncio.wait_for(self.__await_impl__(), self.open_timeout)
  File "/usr/lib/python3.8/asyncio/tasks.py", line 494, in wait_for
    return fut.result()
  File "/home/chase/mobileraker-env/lib/python3.8/site-packages/websockets/legacy/client.py", line 654, in __await_impl__
    transport, protocol = await self._create_connection()
  File "/usr/lib/python3.8/asyncio/base_events.py", line 1025, in create_connection
    raise exceptions[0]
  File "/usr/lib/python3.8/asyncio/base_events.py", line 1010, in create_connection
    sock = await self._connect_sock(
  File "/usr/lib/python3.8/asyncio/base_events.py", line 924, in _connect_sock
    await self.sock_connect(sock, address)
  File "/usr/lib/python3.8/asyncio/selector_events.py", line 496, in sock_connect
    return await fut
  File "/usr/lib/python3.8/asyncio/selector_events.py", line 501, in _sock_connect
    sock.connect(address)
OSError: [Errno 101] Network is unreachable
2026-08-28 19:18:06,060 websockets.client INFO - ! connect failed again; retrying in 60 seconds
Traceback (most recent call last):
  File "/home/chase/mobileraker-env/lib/python3.8/site-packages/websockets/legacy/client.py", line 598, in __aiter__
    async with self as protocol:
  File "/home/chase/mobileraker-env/lib/python3.8/site-packages/websockets/legacy/client.py", line 633, in __aenter__
    return await self
  File "/home/chase/mobileraker-env/lib/python3.8/site-packages/websockets/legacy/client.py", line 650, in __await_impl_timeout__
    return await asyncio.wait_for(self.__await_impl__(), self.open_timeout)
  File "/usr/lib/python3.8/asyncio/tasks.py", line 494, in wait_for
    return fut.result()
  File "/home/chase/mobileraker-env/lib/python3.8/site-packages/websockets/legacy/client.py", line 654, in __await_impl__
    transport, protocol = await self._create_connection()
  File "/usr/lib/python3.8/asyncio/base_events.py", line 1025, in create_connection
    raise exceptions[0]
  File "/usr/lib/python3.8/asyncio/base_events.py", line 1010, in create_connection
    sock = await self._connect_sock(
  File "/usr/lib/python3.8/asyncio/base_events.py", line 924, in _connect_sock
    await self.sock_connect(sock, address)
  File "/usr/lib/python3.8/asyncio/selector_events.py", line 496, in sock_connect
    return await fut
  File "/usr/lib/python3.8/asyncio/selector_events.py", line 501, in _sock_connect
    sock.connect(address)
OSError: [Errno 101] Network is unreachable
2026-08-28 19:19:06,090 websockets.client INFO - ! connect failed again; retrying in 60 seconds
Traceback (most recent call last):
  File "/home/chase/mobileraker-env/lib/python3.8/site-packages/websockets/legacy/client.py", line 598, in __aiter__
    async with self as protocol:
  File "/home/chase/mobileraker-env/lib/python3.8/site-packages/websockets/legacy/client.py", line 633, in __aenter__
    return await self
  File "/home/chase/mobileraker-env/lib/python3.8/site-packages/websockets/legacy/client.py", line 650, in __await_impl_timeout__
    return await asyncio.wait_for(self.__await_impl__(), self.open_timeout)
  File "/usr/lib/python3.8/asyncio/tasks.py", line 494, in wait_for
    return fut.result()
  File "/home/chase/mobileraker-env/lib/python3.8/site-packages/websockets/legacy/client.py", line 654, in __await_impl__
    transport, protocol = await self._create_connection()
  File "/usr/lib/python3.8/asyncio/base_events.py", line 1025, in create_connection
    raise exceptions[0]
  File "/usr/lib/python3.8/asyncio/base_events.py", line 1010, in create_connection
    sock = await self._connect_sock(
  File "/usr/lib/python3.8/asyncio/base_events.py", line 924, in _connect_sock
    await self.sock_connect(sock, address)
  File "/usr/lib/python3.8/asyncio/selector_events.py", line 496, in sock_connect
    return await fut
  File "/usr/lib/python3.8/asyncio/selector_events.py", line 501, in _sock_connect
    sock.connect(address)
OSError: [Errno 101] Network is unreachable
2026-08-28 19:20:06,156 websockets.client INFO - ! connect failed again; retrying in 60 seconds
Traceback (most recent call last):
  File "/home/chase/mobileraker-env/lib/python3.8/site-packages/websockets/legacy/client.py", line 598, in __aiter__
    async with self as protocol:
  File "/home/chase/mobileraker-env/lib/python3.8/site-packages/websockets/legacy/client.py", line 633, in __aenter__
    return await self
  File "/home/chase/mobileraker-env/lib/python3.8/site-packages/websockets/legacy/client.py", line 650, in __await_impl_timeout__
    return await asyncio.wait_for(self.__await_impl__(), self.open_timeout)
  File "/usr/lib/python3.8/asyncio/tasks.py", line 494, in wait_for
    return fut.result()
  File "/home/chase/mobileraker-env/lib/python3.8/site-packages/websockets/legacy/client.py", line 654, in __await_impl__
    transport, protocol = await self._create_connection()
  File "/usr/lib/python3.8/asyncio/base_events.py", line 1025, in create_connection
    raise exceptions[0]
  File "/usr/lib/python3.8/asyncio/base_events.py", line 1010, in create_connection
    sock = await self._connect_sock(
  File "/usr/lib/python3.8/asyncio/base_events.py", line 924, in _connect_sock
    await self.sock_connect(sock, address)
  File "/usr/lib/python3.8/asyncio/selector_events.py", line 496, in sock_connect
    return await fut
  File "/usr/lib/python3.8/asyncio/selector_events.py", line 501, in _sock_connect
    sock.connect(address)
OSError: [Errno 101] Network is unreachable
2026-08-28 19:21:06,171 websockets.client INFO - ! connect failed again; retrying in 60 seconds
Traceback (most recent call last):
  File "/home/chase/mobileraker-env/lib/python3.8/site-packages/websockets/legacy/client.py", line 598, in __aiter__
    async with self as protocol:
  File "/home/chase/mobileraker-env/lib/python3.8/site-packages/websockets/legacy/client.py", line 633, in __aenter__
    return await self
  File "/home/chase/mobileraker-env/lib/python3.8/site-packages/websockets/legacy/client.py", line 650, in __await_impl_timeout__
    return await asyncio.wait_for(self.__await_impl__(), self.open_timeout)
  File "/usr/lib/python3.8/asyncio/tasks.py", line 494, in wait_for
    return fut.result()
  File "/home/chase/mobileraker-env/lib/python3.8/site-packages/websockets/legacy/client.py", line 654, in __await_impl__
    transport, protocol = await self._create_connection()
  File "/usr/lib/python3.8/asyncio/base_events.py", line 1025, in create_connection
    raise exceptions[0]
  File "/usr/lib/python3.8/asyncio/base_events.py", line 1010, in create_connection
    sock = await self._connect_sock(
  File "/usr/lib/python3.8/asyncio/base_events.py", line 924, in _connect_sock
    await self.sock_connect(sock, address)
  File "/usr/lib/python3.8/asyncio/selector_events.py", line 496, in sock_connect
    return await fut
  File "/usr/lib/python3.8/asyncio/selector_events.py", line 501, in _sock_connect
    sock.connect(address)
OSError: [Errno 101] Network is unreachable
2026-08-28 19:22:06,237 websockets.client INFO - ! connect failed again; retrying in 60 seconds
Traceback (most recent call last):
  File "/home/chase/mobileraker-env/lib/python3.8/site-packages/websockets/legacy/client.py", line 598, in __aiter__
    async with self as protocol:
  File "/home/chase/mobileraker-env/lib/python3.8/site-packages/websockets/legacy/client.py", line 633, in __aenter__
    return await self
  File "/home/chase/mobileraker-env/lib/python3.8/site-packages/websockets/legacy/client.py", line 650, in __await_impl_timeout__
    return await asyncio.wait_for(self.__await_impl__(), self.open_timeout)
  File "/usr/lib/python3.8/asyncio/tasks.py", line 494, in wait_for
    return fut.result()
  File "/home/chase/mobileraker-env/lib/python3.8/site-packages/websockets/legacy/client.py", line 654, in __await_impl__
    transport, protocol = await self._create_connection()
  File "/usr/lib/python3.8/asyncio/base_events.py", line 1025, in create_connection
    raise exceptions[0]
  File "/usr/lib/python3.8/asyncio/base_events.py", line 1010, in create_connection
    sock = await self._connect_sock(
  File "/usr/lib/python3.8/asyncio/base_events.py", line 924, in _connect_sock
    await self.sock_connect(sock, address)
  File "/usr/lib/python3.8/asyncio/selector_events.py", line 496, in sock_connect
    return await fut
  File "/usr/lib/python3.8/asyncio/selector_events.py", line 501, in _sock_connect
    sock.connect(address)
OSError: [Errno 101] Network is unreachable
2026-08-28 19:23:06,269 websockets.client INFO - ! connect failed again; retrying in 60 seconds
Traceback (most recent call last):
  File "/home/chase/mobileraker-env/lib/python3.8/site-packages/websockets/legacy/client.py", line 598, in __aiter__
    async with self as protocol:
  File "/home/chase/mobileraker-env/lib/python3.8/site-packages/websockets/legacy/client.py", line 633, in __aenter__
    return await self
  File "/home/chase/mobileraker-env/lib/python3.8/site-packages/websockets/legacy/client.py", line 650, in __await_impl_timeout__
    return await asyncio.wait_for(self.__await_impl__(), self.open_timeout)
  File "/usr/lib/python3.8/asyncio/tasks.py", line 494, in wait_for
    return fut.result()
  File "/home/chase/mobileraker-env/lib/python3.8/site-packages/websockets/legacy/client.py", line 654, in __await_impl__
    transport, protocol = await self._create_connection()
  File "/usr/lib/python3.8/asyncio/base_events.py", line 1025, in create_connection
    raise exceptions[0]
  File "/usr/lib/python3.8/asyncio/base_events.py", line 1010, in create_connection
    sock = await self._connect_sock(
  File "/usr/lib/python3.8/asyncio/base_events.py", line 924, in _connect_sock
    await self.sock_connect(sock, address)
  File "/usr/lib/python3.8/asyncio/selector_events.py", line 496, in sock_connect
    return await fut
  File "/usr/lib/python3.8/asyncio/selector_events.py", line 501, in _sock_connect
    sock.connect(address)
OSError: [Errno 101] Network is unreachable
2026-08-28 19:24:06,332 websockets.client INFO - ! connect failed again; retrying in 60 seconds
Traceback (most recent call last):
  File "/home/chase/mobileraker-env/lib/python3.8/site-packages/websockets/legacy/client.py", line 598, in __aiter__
    async with self as protocol:
  File "/home/chase/mobileraker-env/lib/python3.8/site-packages/websockets/legacy/client.py", line 633, in __aenter__
    return await self
  File "/home/chase/mobileraker-env/lib/python3.8/site-packages/websockets/legacy/client.py", line 650, in __await_impl_timeout__
    return await asyncio.wait_for(self.__await_impl__(), self.open_timeout)
  File "/usr/lib/python3.8/asyncio/tasks.py", line 494, in wait_for
    return fut.result()
  File "/home/chase/mobileraker-env/lib/python3.8/site-packages/websockets/legacy/client.py", line 654, in __await_impl__
    transport, protocol = await self._create_connection()
  File "/usr/lib/python3.8/asyncio/base_events.py", line 1025, in create_connection
    raise exceptions[0]
  File "/usr/lib/python3.8/asyncio/base_events.py", line 1010, in create_connection
    sock = await self._connect_sock(
  File "/usr/lib/python3.8/asyncio/base_events.py", line 924, in _connect_sock
    await self.sock_connect(sock, address)
  File "/usr/lib/python3.8/asyncio/selector_events.py", line 496, in sock_connect
    return await fut
  File "/usr/lib/python3.8/asyncio/selector_events.py", line 501, in _sock_connect
    sock.connect(address)
OSError: [Errno 101] Network is unreachable
2026-08-28 19:25:06,396 websockets.client INFO - ! connect failed again; retrying in 60 seconds
Traceback (most recent call last):
  File "/home/chase/mobileraker-env/lib/python3.8/site-packages/websockets/legacy/client.py", line 598, in __aiter__
    async with self as protocol:
  File "/home/chase/mobileraker-env/lib/python3.8/site-packages/websockets/legacy/client.py", line 633, in __aenter__
    return await self
  File "/home/chase/mobileraker-env/lib/python3.8/site-packages/websockets/legacy/client.py", line 650, in __await_impl_timeout__
    return await asyncio.wait_for(self.__await_impl__(), self.open_timeout)
  File "/usr/lib/python3.8/asyncio/tasks.py", line 494, in wait_for
    return fut.result()
  File "/home/chase/mobileraker-env/lib/python3.8/site-packages/websockets/legacy/client.py", line 654, in __await_impl__
    transport, protocol = await self._create_connection()
  File "/usr/lib/python3.8/asyncio/base_events.py", line 1025, in create_connection
    raise exceptions[0]
  File "/usr/lib/python3.8/asyncio/base_events.py", line 1010, in create_connection
    sock = await self._connect_sock(
  File "/usr/lib/python3.8/asyncio/base_events.py", line 924, in _connect_sock
    await self.sock_connect(sock, address)
  File "/usr/lib/python3.8/asyncio/selector_events.py", line 496, in sock_connect
    return await fut
  File "/usr/lib/python3.8/asyncio/selector_events.py", line 501, in _sock_connect
    sock.connect(address)
OSError: [Errno 101] Network is unreachable
2026-08-28 19:26:06,414 websockets.client INFO - ! connect failed again; retrying in 60 seconds
Traceback (most recent call last):
  File "/home/chase/mobileraker-env/lib/python3.8/site-packages/websockets/legacy/client.py", line 598, in __aiter__
    async with self as protocol:
  File "/home/chase/mobileraker-env/lib/python3.8/site-packages/websockets/legacy/client.py", line 633, in __aenter__
    return await self
  File "/home/chase/mobileraker-env/lib/python3.8/site-packages/websockets/legacy/client.py", line 650, in __await_impl_timeout__
    return await asyncio.wait_for(self.__await_impl__(), self.open_timeout)
  File "/usr/lib/python3.8/asyncio/tasks.py", line 494, in wait_for
    return fut.result()
  File "/home/chase/mobileraker-env/lib/python3.8/site-packages/websockets/legacy/client.py", line 654, in __await_impl__
    transport, protocol = await self._create_connection()
  File "/usr/lib/python3.8/asyncio/base_events.py", line 1025, in create_connection
    raise exceptions[0]
  File "/usr/lib/python3.8/asyncio/base_events.py", line 1010, in create_connection
    sock = await self._connect_sock(
  File "/usr/lib/python3.8/asyncio/base_events.py", line 924, in _connect_sock
    await self.sock_connect(sock, address)
  File "/usr/lib/python3.8/asyncio/selector_events.py", line 496, in sock_connect
    return await fut
  File "/usr/lib/python3.8/asyncio/selector_events.py", line 501, in _sock_connect
    sock.connect(address)
OSError: [Errno 101] Network is unreachable
2026-08-28 19:27:06,479 websockets.client INFO - ! connect failed again; retrying in 60 seconds
Traceback (most recent call last):
  File "/home/chase/mobileraker-env/lib/python3.8/site-packages/websockets/legacy/client.py", line 598, in __aiter__
    async with self as protocol:
  File "/home/chase/mobileraker-env/lib/python3.8/site-packages/websockets/legacy/client.py", line 633, in __aenter__
    return await self
  File "/home/chase/mobileraker-env/lib/python3.8/site-packages/websockets/legacy/client.py", line 650, in __await_impl_timeout__
    return await asyncio.wait_for(self.__await_impl__(), self.open_timeout)
  File "/usr/lib/python3.8/asyncio/tasks.py", line 494, in wait_for
    return fut.result()
  File "/home/chase/mobileraker-env/lib/python3.8/site-packages/websockets/legacy/client.py", line 654, in __await_impl__
    transport, protocol = await self._create_connection()
  File "/usr/lib/python3.8/asyncio/base_events.py", line 1025, in create_connection
    raise exceptions[0]
  File "/usr/lib/python3.8/asyncio/base_events.py", line 1010, in create_connection
    sock = await self._connect_sock(
  File "/usr/lib/python3.8/asyncio/base_events.py", line 924, in _connect_sock
    await self.sock_connect(sock, address)
  File "/usr/lib/python3.8/asyncio/selector_events.py", line 496, in sock_connect
    return await fut
  File "/usr/lib/python3.8/asyncio/selector_events.py", line 501, in _sock_connect
    sock.connect(address)
OSError: [Errno 101] Network is unreachable
2026-08-28 19:28:06,496 websockets.client INFO - ! connect failed again; retrying in 60 seconds
Traceback (most recent call last):
  File "/home/chase/mobileraker-env/lib/python3.8/site-packages/websockets/legacy/client.py", line 598, in __aiter__
    async with self as protocol:
  File "/home/chase/mobileraker-env/lib/python3.8/site-packages/websockets/legacy/client.py", line 633, in __aenter__
    return await self
  File "/home/chase/mobileraker-env/lib/python3.8/site-packages/websockets/legacy/client.py", line 650, in __await_impl_timeout__
    return await asyncio.wait_for(self.__await_impl__(), self.open_timeout)
  File "/usr/lib/python3.8/asyncio/tasks.py", line 494, in wait_for
    return fut.result()
  File "/home/chase/mobileraker-env/lib/python3.8/site-packages/websockets/legacy/client.py", line 654, in __await_impl__
    transport, protocol = await self._create_connection()
  File "/usr/lib/python3.8/asyncio/base_events.py", line 1025, in create_connection
    raise exceptions[0]
  File "/usr/lib/python3.8/asyncio/base_events.py", line 1010, in create_connection
    sock = await self._connect_sock(
  File "/usr/lib/python3.8/asyncio/base_events.py", line 924, in _connect_sock
    await self.sock_connect(sock, address)
  File "/usr/lib/python3.8/asyncio/selector_events.py", line 496, in sock_connect
    return await fut
  File "/usr/lib/python3.8/asyncio/selector_events.py", line 501, in _sock_connect
    sock.connect(address)
OSError: [Errno 101] Network is unreachable
2026-08-28 19:29:06,560 websockets.client INFO - ! connect failed again; retrying in 60 seconds
Traceback (most recent call last):
  File "/home/chase/mobileraker-env/lib/python3.8/site-packages/websockets/legacy/client.py", line 598, in __aiter__
    async with self as protocol:
  File "/home/chase/mobileraker-env/lib/python3.8/site-packages/websockets/legacy/client.py", line 633, in __aenter__
    return await self
  File "/home/chase/mobileraker-env/lib/python3.8/site-packages/websockets/legacy/client.py", line 650, in __await_impl_timeout__
    return await asyncio.wait_for(self.__await_impl__(), self.open_timeout)
  File "/usr/lib/python3.8/asyncio/tasks.py", line 494, in wait_for
    return fut.result()
  File "/home/chase/mobileraker-env/lib/python3.8/site-packages/websockets/legacy/client.py", line 654, in __await_impl__
    transport, protocol = await self._create_connection()
  File "/usr/lib/python3.8/asyncio/base_events.py", line 1025, in create_connection
    raise exceptions[0]
  File "/usr/lib/python3.8/asyncio/base_events.py", line 1010, in create_connection
    sock = await self._connect_sock(
  File "/usr/lib/python3.8/asyncio/base_events.py", line 924, in _connect_sock
    await self.sock_connect(sock, address)
  File "/usr/lib/python3.8/asyncio/selector_events.py", line 496, in sock_connect
    return await fut
  File "/usr/lib/python3.8/asyncio/selector_events.py", line 501, in _sock_connect
    sock.connect(address)
OSError: [Errno 101] Network is unreachable
2026-08-28 19:30:06,623 websockets.client INFO - ! connect failed again; retrying in 60 seconds
Traceback (most recent call last):
  File "/home/chase/mobileraker-env/lib/python3.8/site-packages/websockets/legacy/client.py", line 598, in __aiter__
    async with self as protocol:
  File "/home/chase/mobileraker-env/lib/python3.8/site-packages/websockets/legacy/client.py", line 633, in __aenter__
    return await self
  File "/home/chase/mobileraker-env/lib/python3.8/site-packages/websockets/legacy/client.py", line 650, in __await_impl_timeout__
    return await asyncio.wait_for(self.__await_impl__(), self.open_timeout)
  File "/usr/lib/python3.8/asyncio/tasks.py", line 494, in wait_for
    return fut.result()
  File "/home/chase/mobileraker-env/lib/python3.8/site-packages/websockets/legacy/client.py", line 654, in __await_impl__
    transport, protocol = await self._create_connection()
  File "/usr/lib/python3.8/asyncio/base_events.py", line 1025, in create_connection
    raise exceptions[0]
  File "/usr/lib/python3.8/asyncio/base_events.py", line 1010, in create_connection
    sock = await self._connect_sock(
  File "/usr/lib/python3.8/asyncio/base_events.py", line 924, in _connect_sock
    await self.sock_connect(sock, address)
  File "/usr/lib/python3.8/asyncio/selector_events.py", line 496, in sock_connect
    return await fut
  File "/usr/lib/python3.8/asyncio/selector_events.py", line 501, in _sock_connect
    sock.connect(address)
OSError: [Errno 101] Network is unreachable
2026-08-28 19:31:06,689 websockets.client INFO - ! connect failed again; retrying in 60 seconds
Traceback (most recent call last):
  File "/home/chase/mobileraker-env/lib/python3.8/site-packages/websockets/legacy/client.py", line 598, in __aiter__
    async with self as protocol:
  File "/home/chase/mobileraker-env/lib/python3.8/site-packages/websockets/legacy/client.py", line 633, in __aenter__
    return await self
  File "/home/chase/mobileraker-env/lib/python3.8/site-packages/websockets/legacy/client.py", line 650, in __await_impl_timeout__
    return await asyncio.wait_for(self.__await_impl__(), self.open_timeout)
  File "/usr/lib/python3.8/asyncio/tasks.py", line 494, in wait_for
    return fut.result()
  File "/home/chase/mobileraker-env/lib/python3.8/site-packages/websockets/legacy/client.py", line 654, in __await_impl__
    transport, protocol = await self._create_connection()
  File "/usr/lib/python3.8/asyncio/base_events.py", line 1025, in create_connection
    raise exceptions[0]
  File "/usr/lib/python3.8/asyncio/base_events.py", line 1010, in create_connection
    sock = await self._connect_sock(
  File "/usr/lib/python3.8/asyncio/base_events.py", line 924, in _connect_sock
    await self.sock_connect(sock, address)
  File "/usr/lib/python3.8/asyncio/selector_events.py", line 496, in sock_connect
    return await fut
  File "/usr/lib/python3.8/asyncio/selector_events.py", line 501, in _sock_connect
    sock.connect(address)
OSError: [Errno 101] Network is unreachable
2026-08-28 19:32:06,736 websockets.client INFO - ! connect failed again; retrying in 60 seconds
Traceback (most recent call last):
  File "/home/chase/mobileraker-env/lib/python3.8/site-packages/websockets/legacy/client.py", line 598, in __aiter__
    async with self as protocol:
  File "/home/chase/mobileraker-env/lib/python3.8/site-packages/websockets/legacy/client.py", line 633, in __aenter__
    return await self
  File "/home/chase/mobileraker-env/lib/python3.8/site-packages/websockets/legacy/client.py", line 650, in __await_impl_timeout__
    return await asyncio.wait_for(self.__await_impl__(), self.open_timeout)
  File "/usr/lib/python3.8/asyncio/tasks.py", line 494, in wait_for
    return fut.result()
  File "/home/chase/mobileraker-env/lib/python3.8/site-packages/websockets/legacy/client.py", line 654, in __await_impl__
    transport, protocol = await self._create_connection()
  File "/usr/lib/python3.8/asyncio/base_events.py", line 1025, in create_connection
    raise exceptions[0]
  File "/usr/lib/python3.8/asyncio/base_events.py", line 1010, in create_connection
    sock = await self._connect_sock(
  File "/usr/lib/python3.8/asyncio/base_events.py", line 924, in _connect_sock
    await self.sock_connect(sock, address)
  File "/usr/lib/python3.8/asyncio/selector_events.py", line 496, in sock_connect
    return await fut
  File "/usr/lib/python3.8/asyncio/selector_events.py", line 501, in _sock_connect
    sock.connect(address)
OSError: [Errno 101] Network is unreachable
2026-08-28 19:33:06,800 websockets.client INFO - ! connect failed again; retrying in 60 seconds
Traceback (most recent call last):
  File "/home/chase/mobileraker-env/lib/python3.8/site-packages/websockets/legacy/client.py", line 598, in __aiter__
    async with self as protocol:
  File "/home/chase/mobileraker-env/lib/python3.8/site-packages/websockets/legacy/client.py", line 633, in __aenter__
    return await self
  File "/home/chase/mobileraker-env/lib/python3.8/site-packages/websockets/legacy/client.py", line 650, in __await_impl_timeout__
    return await asyncio.wait_for(self.__await_impl__(), self.open_timeout)
  File "/usr/lib/python3.8/asyncio/tasks.py", line 494, in wait_for
    return fut.result()
  File "/home/chase/mobileraker-env/lib/python3.8/site-packages/websockets/legacy/client.py", line 654, in __await_impl__
    transport, protocol = await self._create_connection()
  File "/usr/lib/python3.8/asyncio/base_events.py", line 1025, in create_connection
    raise exceptions[0]
  File "/usr/lib/python3.8/asyncio/base_events.py", line 1010, in create_connection
    sock = await self._connect_sock(
  File "/usr/lib/python3.8/asyncio/base_events.py", line 924, in _connect_sock
    await self.sock_connect(sock, address)
  File "/usr/lib/python3.8/asyncio/selector_events.py", line 496, in sock_connect
    return await fut
  File "/usr/lib/python3.8/asyncio/selector_events.py", line 501, in _sock_connect
    sock.connect(address)
OSError: [Errno 101] Network is unreachable
2026-08-28 19:34:06,865 websockets.client INFO - ! connect failed again; retrying in 60 seconds
Traceback (most recent call last):
  File "/home/chase/mobileraker-env/lib/python3.8/site-packages/websockets/legacy/client.py", line 598, in __aiter__
    async with self as protocol:
  File "/home/chase/mobileraker-env/lib/python3.8/site-packages/websockets/legacy/client.py", line 633, in __aenter__
    return await self
  File "/home/chase/mobileraker-env/lib/python3.8/site-packages/websockets/legacy/client.py", line 650, in __await_impl_timeout__
    return await asyncio.wait_for(self.__await_impl__(), self.open_timeout)
  File "/usr/lib/python3.8/asyncio/tasks.py", line 494, in wait_for
    return fut.result()
  File "/home/chase/mobileraker-env/lib/python3.8/site-packages/websockets/legacy/client.py", line 654, in __await_impl__
    transport, protocol = await self._create_connection()
  File "/usr/lib/python3.8/asyncio/base_events.py", line 1025, in create_connection
    raise exceptions[0]
  File "/usr/lib/python3.8/asyncio/base_events.py", line 1010, in create_connection
    sock = await self._connect_sock(
  File "/usr/lib/python3.8/asyncio/base_events.py", line 924, in _connect_sock
    await self.sock_connect(sock, address)
  File "/usr/lib/python3.8/asyncio/selector_events.py", line 496, in sock_connect
    return await fut
  File "/usr/lib/python3.8/asyncio/selector_events.py", line 501, in _sock_connect
    sock.connect(address)
OSError: [Errno 101] Network is unreachable
2026-08-28 19:35:06,930 websockets.client INFO - ! connect failed again; retrying in 60 seconds
Traceback (most recent call last):
  File "/home/chase/mobileraker-env/lib/python3.8/site-packages/websockets/legacy/client.py", line 598, in __aiter__
    async with self as protocol:
  File "/home/chase/mobileraker-env/lib/python3.8/site-packages/websockets/legacy/client.py", line 633, in __aenter__
    return await self
  File "/home/chase/mobileraker-env/lib/python3.8/site-packages/websockets/legacy/client.py", line 650, in __await_impl_timeout__
    return await asyncio.wait_for(self.__await_impl__(), self.open_timeout)
  File "/usr/lib/python3.8/asyncio/tasks.py", line 494, in wait_for
    return fut.result()
  File "/home/chase/mobileraker-env/lib/python3.8/site-packages/websockets/legacy/client.py", line 654, in __await_impl__
    transport, protocol = await self._create_connection()
  File "/usr/lib/python3.8/asyncio/base_events.py", line 1025, in create_connection
    raise exceptions[0]
  File "/usr/lib/python3.8/asyncio/base_events.py", line 1010, in create_connection
    sock = await self._connect_sock(
  File "/usr/lib/python3.8/asyncio/base_events.py", line 924, in _connect_sock
    await self.sock_connect(sock, address)
  File "/usr/lib/python3.8/asyncio/selector_events.py", line 496, in sock_connect
    return await fut
  File "/usr/lib/python3.8/asyncio/selector_events.py", line 501, in _sock_connect
    sock.connect(address)
OSError: [Errno 101] Network is unreachable
2026-08-28 19:36:06,993 websockets.client INFO - ! connect failed again; retrying in 60 seconds
Traceback (most recent call last):
  File "/home/chase/mobileraker-env/lib/python3.8/site-packages/websockets/legacy/client.py", line 598, in __aiter__
    async with self as protocol:
  File "/home/chase/mobileraker-env/lib/python3.8/site-packages/websockets/legacy/client.py", line 633, in __aenter__
    return await self
  File "/home/chase/mobileraker-env/lib/python3.8/site-packages/websockets/legacy/client.py", line 650, in __await_impl_timeout__
    return await asyncio.wait_for(self.__await_impl__(), self.open_timeout)
  File "/usr/lib/python3.8/asyncio/tasks.py", line 494, in wait_for
    return fut.result()
  File "/home/chase/mobileraker-env/lib/python3.8/site-packages/websockets/legacy/client.py", line 654, in __await_impl__
    transport, protocol = await self._create_connection()
  File "/usr/lib/python3.8/asyncio/base_events.py", line 1025, in create_connection
    raise exceptions[0]
  File "/usr/lib/python3.8/asyncio/base_events.py", line 1010, in create_connection
    sock = await self._connect_sock(
  File "/usr/lib/python3.8/asyncio/base_events.py", line 924, in _connect_sock
    await self.sock_connect(sock, address)
  File "/usr/lib/python3.8/asyncio/selector_events.py", line 496, in sock_connect
    return await fut
  File "/usr/lib/python3.8/asyncio/selector_events.py", line 501, in _sock_connect
    sock.connect(address)
OSError: [Errno 101] Network is unreachable
2026-08-28 19:37:07,058 websockets.client INFO - ! connect failed again; retrying in 60 seconds
Traceback (most recent call last):
  File "/home/chase/mobileraker-env/lib/python3.8/site-packages/websockets/legacy/client.py", line 598, in __aiter__
    async with self as protocol:
  File "/home/chase/mobileraker-env/lib/python3.8/site-packages/websockets/legacy/client.py", line 633, in __aenter__
    return await self
  File "/home/chase/mobileraker-env/lib/python3.8/site-packages/websockets/legacy/client.py", line 650, in __await_impl_timeout__
    return await asyncio.wait_for(self.__await_impl__(), self.open_timeout)
  File "/usr/lib/python3.8/asyncio/tasks.py", line 494, in wait_for
    return fut.result()
  File "/home/chase/mobileraker-env/lib/python3.8/site-packages/websockets/legacy/client.py", line 654, in __await_impl__
    transport, protocol = await self._create_connection()
  File "/usr/lib/python3.8/asyncio/base_events.py", line 1025, in create_connection
    raise exceptions[0]
  File "/usr/lib/python3.8/asyncio/base_events.py", line 1010, in create_connection
    sock = await self._connect_sock(
  File "/usr/lib/python3.8/asyncio/base_events.py", line 924, in _connect_sock
    await self.sock_connect(sock, address)
  File "/usr/lib/python3.8/asyncio/selector_events.py", line 496, in sock_connect
    return await fut
  File "/usr/lib/python3.8/asyncio/selector_events.py", line 501, in _sock_connect
    sock.connect(address)
OSError: [Errno 101] Network is unreachable
2026-08-28 19:38:07,104 websockets.client INFO - ! connect failed again; retrying in 60 seconds
Traceback (most recent call last):
  File "/home/chase/mobileraker-env/lib/python3.8/site-packages/websockets/legacy/client.py", line 598, in __aiter__
    async with self as protocol:
  File "/home/chase/mobileraker-env/lib/python3.8/site-packages/websockets/legacy/client.py", line 633, in __aenter__
    return await self
  File "/home/chase/mobileraker-env/lib/python3.8/site-packages/websockets/legacy/client.py", line 650, in __await_impl_timeout__
    return await asyncio.wait_for(self.__await_impl__(), self.open_timeout)
  File "/usr/lib/python3.8/asyncio/tasks.py", line 494, in wait_for
    return fut.result()
  File "/home/chase/mobileraker-env/lib/python3.8/site-packages/websockets/legacy/client.py", line 654, in __await_impl__
    transport, protocol = await self._create_connection()
  File "/usr/lib/python3.8/asyncio/base_events.py", line 1025, in create_connection
    raise exceptions[0]
  File "/usr/lib/python3.8/asyncio/base_events.py", line 1010, in create_connection
    sock = await self._connect_sock(
  File "/usr/lib/python3.8/asyncio/base_events.py", line 924, in _connect_sock
    await self.sock_connect(sock, address)
  File "/usr/lib/python3.8/asyncio/selector_events.py", line 496, in sock_connect
    return await fut
  File "/usr/lib/python3.8/asyncio/selector_events.py", line 501, in _sock_connect
    sock.connect(address)
OSError: [Errno 101] Network is unreachable
2026-08-28 19:39:07,131 websockets.client INFO - ! connect failed again; retrying in 60 seconds
Traceback (most recent call last):
  File "/home/chase/mobileraker-env/lib/python3.8/site-packages/websockets/legacy/client.py", line 598, in __aiter__
    async with self as protocol:
  File "/home/chase/mobileraker-env/lib/python3.8/site-packages/websockets/legacy/client.py", line 633, in __aenter__
    return await self
  File "/home/chase/mobileraker-env/lib/python3.8/site-packages/websockets/legacy/client.py", line 650, in __await_impl_timeout__
    return await asyncio.wait_for(self.__await_impl__(), self.open_timeout)
  File "/usr/lib/python3.8/asyncio/tasks.py", line 494, in wait_for
    return fut.result()
  File "/home/chase/mobileraker-env/lib/python3.8/site-packages/websockets/legacy/client.py", line 654, in __await_impl__
    transport, protocol = await self._create_connection()
  File "/usr/lib/python3.8/asyncio/base_events.py", line 1025, in create_connection
    raise exceptions[0]
  File "/usr/lib/python3.8/asyncio/base_events.py", line 1010, in create_connection
    sock = await self._connect_sock(
  File "/usr/lib/python3.8/asyncio/base_events.py", line 924, in _connect_sock
    await self.sock_connect(sock, address)
  File "/usr/lib/python3.8/asyncio/selector_events.py", line 496, in sock_connect
    return await fut
  File "/usr/lib/python3.8/asyncio/selector_events.py", line 501, in _sock_connect
    sock.connect(address)
OSError: [Errno 101] Network is unreachable
2026-08-28 19:40:07,164 websockets.client INFO - ! connect failed again; retrying in 60 seconds
Traceback (most recent call last):
  File "/home/chase/mobileraker-env/lib/python3.8/site-packages/websockets/legacy/client.py", line 598, in __aiter__
    async with self as protocol:
  File "/home/chase/mobileraker-env/lib/python3.8/site-packages/websockets/legacy/client.py", line 633, in __aenter__
    return await self
  File "/home/chase/mobileraker-env/lib/python3.8/site-packages/websockets/legacy/client.py", line 650, in __await_impl_timeout__
    return await asyncio.wait_for(self.__await_impl__(), self.open_timeout)
  File "/usr/lib/python3.8/asyncio/tasks.py", line 494, in wait_for
    return fut.result()
  File "/home/chase/mobileraker-env/lib/python3.8/site-packages/websockets/legacy/client.py", line 654, in __await_impl__
    transport, protocol = await self._create_connection()
  File "/usr/lib/python3.8/asyncio/base_events.py", line 1025, in create_connection
    raise exceptions[0]
  File "/usr/lib/python3.8/asyncio/base_events.py", line 1010, in create_connection
    sock = await self._connect_sock(
  File "/usr/lib/python3.8/asyncio/base_events.py", line 924, in _connect_sock
    await self.sock_connect(sock, address)
  File "/usr/lib/python3.8/asyncio/selector_events.py", line 496, in sock_connect
    return await fut
  File "/usr/lib/python3.8/asyncio/selector_events.py", line 501, in _sock_connect
    sock.connect(address)
OSError: [Errno 101] Network is unreachable
2026-08-28 19:41:07,231 websockets.client INFO - ! connect failed again; retrying in 60 seconds
Traceback (most recent call last):
  File "/home/chase/mobileraker-env/lib/python3.8/site-packages/websockets/legacy/client.py", line 598, in __aiter__
    async with self as protocol:
  File "/home/chase/mobileraker-env/lib/python3.8/site-packages/websockets/legacy/client.py", line 633, in __aenter__
    return await self
  File "/home/chase/mobileraker-env/lib/python3.8/site-packages/websockets/legacy/client.py", line 650, in __await_impl_timeout__
    return await asyncio.wait_for(self.__await_impl__(), self.open_timeout)
  File "/usr/lib/python3.8/asyncio/tasks.py", line 494, in wait_for
    return fut.result()
  File "/home/chase/mobileraker-env/lib/python3.8/site-packages/websockets/legacy/client.py", line 654, in __await_impl__
    transport, protocol = await self._create_connection()
  File "/usr/lib/python3.8/asyncio/base_events.py", line 1025, in create_connection
    raise exceptions[0]
  File "/usr/lib/python3.8/asyncio/base_events.py", line 1010, in create_connection
    sock = await self._connect_sock(
  File "/usr/lib/python3.8/asyncio/base_events.py", line 924, in _connect_sock
    await self.sock_connect(sock, address)
  File "/usr/lib/python3.8/asyncio/selector_events.py", line 496, in sock_connect
    return await fut
  File "/usr/lib/python3.8/asyncio/selector_events.py", line 501, in _sock_connect
    sock.connect(address)
OSError: [Errno 101] Network is unreachable
2026-08-28 19:42:07,296 websockets.client INFO - ! connect failed again; retrying in 60 seconds
Traceback (most recent call last):
  File "/home/chase/mobileraker-env/lib/python3.8/site-packages/websockets/legacy/client.py", line 598, in __aiter__
    async with self as protocol:
  File "/home/chase/mobileraker-env/lib/python3.8/site-packages/websockets/legacy/client.py", line 633, in __aenter__
    return await self
  File "/home/chase/mobileraker-env/lib/python3.8/site-packages/websockets/legacy/client.py", line 650, in __await_impl_timeout__
    return await asyncio.wait_for(self.__await_impl__(), self.open_timeout)
  File "/usr/lib/python3.8/asyncio/tasks.py", line 494, in wait_for
    return fut.result()
  File "/home/chase/mobileraker-env/lib/python3.8/site-packages/websockets/legacy/client.py", line 654, in __await_impl__
    transport, protocol = await self._create_connection()
  File "/usr/lib/python3.8/asyncio/base_events.py", line 1025, in create_connection
    raise exceptions[0]
  File "/usr/lib/python3.8/asyncio/base_events.py", line 1010, in create_connection
    sock = await self._connect_sock(
  File "/usr/lib/python3.8/asyncio/base_events.py", line 924, in _connect_sock
    await self.sock_connect(sock, address)
  File "/usr/lib/python3.8/asyncio/selector_events.py", line 496, in sock_connect
    return await fut
  File "/usr/lib/python3.8/asyncio/selector_events.py", line 501, in _sock_connect
    sock.connect(address)
OSError: [Errno 101] Network is unreachable
2026-08-28 19:43:07,362 websockets.client INFO - ! connect failed again; retrying in 60 seconds
Traceback (most recent call last):
  File "/home/chase/mobileraker-env/lib/python3.8/site-packages/websockets/legacy/client.py", line 598, in __aiter__
    async with self as protocol:
  File "/home/chase/mobileraker-env/lib/python3.8/site-packages/websockets/legacy/client.py", line 633, in __aenter__
    return await self
  File "/home/chase/mobileraker-env/lib/python3.8/site-packages/websockets/legacy/client.py", line 650, in __await_impl_timeout__
    return await asyncio.wait_for(self.__await_impl__(), self.open_timeout)
  File "/usr/lib/python3.8/asyncio/tasks.py", line 494, in wait_for
    return fut.result()
  File "/home/chase/mobileraker-env/lib/python3.8/site-packages/websockets/legacy/client.py", line 654, in __await_impl__
    transport, protocol = await self._create_connection()
  File "/usr/lib/python3.8/asyncio/base_events.py", line 1025, in create_connection
    raise exceptions[0]
  File "/usr/lib/python3.8/asyncio/base_events.py", line 1010, in create_connection
    sock = await self._connect_sock(
  File "/usr/lib/python3.8/asyncio/base_events.py", line 924, in _connect_sock
    await self.sock_connect(sock, address)
  File "/usr/lib/python3.8/asyncio/selector_events.py", line 496, in sock_connect
    return await fut
  File "/usr/lib/python3.8/asyncio/selector_events.py", line 501, in _sock_connect
    sock.connect(address)
OSError: [Errno 101] Network is unreachable
2026-08-28 19:44:07,428 websockets.client INFO - ! connect failed again; retrying in 60 seconds
Traceback (most recent call last):
  File "/home/chase/mobileraker-env/lib/python3.8/site-packages/websockets/legacy/client.py", line 598, in __aiter__
    async with self as protocol:
  File "/home/chase/mobileraker-env/lib/python3.8/site-packages/websockets/legacy/client.py", line 633, in __aenter__
    return await self
  File "/home/chase/mobileraker-env/lib/python3.8/site-packages/websockets/legacy/client.py", line 650, in __await_impl_timeout__
    return await asyncio.wait_for(self.__await_impl__(), self.open_timeout)
  File "/usr/lib/python3.8/asyncio/tasks.py", line 494, in wait_for
    return fut.result()
  File "/home/chase/mobileraker-env/lib/python3.8/site-packages/websockets/legacy/client.py", line 654, in __await_impl__
    transport, protocol = await self._create_connection()
  File "/usr/lib/python3.8/asyncio/base_events.py", line 1025, in create_connection
    raise exceptions[0]
  File "/usr/lib/python3.8/asyncio/base_events.py", line 1010, in create_connection
    sock = await self._connect_sock(
  File "/usr/lib/python3.8/asyncio/base_events.py", line 924, in _connect_sock
    await self.sock_connect(sock, address)
  File "/usr/lib/python3.8/asyncio/selector_events.py", line 496, in sock_connect
    return await fut
  File "/usr/lib/python3.8/asyncio/selector_events.py", line 501, in _sock_connect
    sock.connect(address)
OSError: [Errno 101] Network is unreachable
2026-08-28 19:45:07,492 websockets.client INFO - ! connect failed again; retrying in 60 seconds
Traceback (most recent call last):
  File "/home/chase/mobileraker-env/lib/python3.8/site-packages/websockets/legacy/client.py", line 598, in __aiter__
    async with self as protocol:
  File "/home/chase/mobileraker-env/lib/python3.8/site-packages/websockets/legacy/client.py", line 633, in __aenter__
    return await self
  File "/home/chase/mobileraker-env/lib/python3.8/site-packages/websockets/legacy/client.py", line 650, in __await_impl_timeout__
    return await asyncio.wait_for(self.__await_impl__(), self.open_timeout)
  File "/usr/lib/python3.8/asyncio/tasks.py", line 494, in wait_for
    return fut.result()
  File "/home/chase/mobileraker-env/lib/python3.8/site-packages/websockets/legacy/client.py", line 654, in __await_impl__
    transport, protocol = await self._create_connection()
  File "/usr/lib/python3.8/asyncio/base_events.py", line 1025, in create_connection
    raise exceptions[0]
  File "/usr/lib/python3.8/asyncio/base_events.py", line 1010, in create_connection
    sock = await self._connect_sock(
  File "/usr/lib/python3.8/asyncio/base_events.py", line 924, in _connect_sock
    await self.sock_connect(sock, address)
  File "/usr/lib/python3.8/asyncio/selector_events.py", line 496, in sock_connect
    return await fut
  File "/usr/lib/python3.8/asyncio/selector_events.py", line 501, in _sock_connect
    sock.connect(address)
OSError: [Errno 101] Network is unreachable
2026-08-28 19:46:07,556 websockets.client INFO - ! connect failed again; retrying in 60 seconds
Traceback (most recent call last):
  File "/home/chase/mobileraker-env/lib/python3.8/site-packages/websockets/legacy/client.py", line 598, in __aiter__
    async with self as protocol:
  File "/home/chase/mobileraker-env/lib/python3.8/site-packages/websockets/legacy/client.py", line 633, in __aenter__
    return await self
  File "/home/chase/mobileraker-env/lib/python3.8/site-packages/websockets/legacy/client.py", line 650, in __await_impl_timeout__
    return await asyncio.wait_for(self.__await_impl__(), self.open_timeout)
  File "/usr/lib/python3.8/asyncio/tasks.py", line 494, in wait_for
    return fut.result()
  File "/home/chase/mobileraker-env/lib/python3.8/site-packages/websockets/legacy/client.py", line 654, in __await_impl__
    transport, protocol = await self._create_connection()
  File "/usr/lib/python3.8/asyncio/base_events.py", line 1025, in create_connection
    raise exceptions[0]
  File "/usr/lib/python3.8/asyncio/base_events.py", line 1010, in create_connection
    sock = await self._connect_sock(
  File "/usr/lib/python3.8/asyncio/base_events.py", line 924, in _connect_sock
    await self.sock_connect(sock, address)
  File "/usr/lib/python3.8/asyncio/selector_events.py", line 496, in sock_connect
    return await fut
  File "/usr/lib/python3.8/asyncio/selector_events.py", line 501, in _sock_connect
    sock.connect(address)
OSError: [Errno 101] Network is unreachable
2026-08-28 19:47:07,621 websockets.client INFO - ! connect failed again; retrying in 60 seconds
Traceback (most recent call last):
  File "/home/chase/mobileraker-env/lib/python3.8/site-packages/websockets/legacy/client.py", line 598, in __aiter__
    async with self as protocol:
  File "/home/chase/mobileraker-env/lib/python3.8/site-packages/websockets/legacy/client.py", line 633, in __aenter__
    return await self
  File "/home/chase/mobileraker-env/lib/python3.8/site-packages/websockets/legacy/client.py", line 650, in __await_impl_timeout__
    return await asyncio.wait_for(self.__await_impl__(), self.open_timeout)
  File "/usr/lib/python3.8/asyncio/tasks.py", line 494, in wait_for
    return fut.result()
  File "/home/chase/mobileraker-env/lib/python3.8/site-packages/websockets/legacy/client.py", line 654, in __await_impl__
    transport, protocol = await self._create_connection()
  File "/usr/lib/python3.8/asyncio/base_events.py", line 1025, in create_connection
    raise exceptions[0]
  File "/usr/lib/python3.8/asyncio/base_events.py", line 1010, in create_connection
    sock = await self._connect_sock(
  File "/usr/lib/python3.8/asyncio/base_events.py", line 924, in _connect_sock
    await self.sock_connect(sock, address)
  File "/usr/lib/python3.8/asyncio/selector_events.py", line 496, in sock_connect
    return await fut
  File "/usr/lib/python3.8/asyncio/selector_events.py", line 501, in _sock_connect
    sock.connect(address)
OSError: [Errno 101] Network is unreachable
2026-08-28 19:48:07,689 websockets.client INFO - ! connect failed again; retrying in 60 seconds
Traceback (most recent call last):
  File "/home/chase/mobileraker-env/lib/python3.8/site-packages/websockets/legacy/client.py", line 598, in __aiter__
    async with self as protocol:
  File "/home/chase/mobileraker-env/lib/python3.8/site-packages/websockets/legacy/client.py", line 633, in __aenter__
    return await self
  File "/home/chase/mobileraker-env/lib/python3.8/site-packages/websockets/legacy/client.py", line 650, in __await_impl_timeout__
    return await asyncio.wait_for(self.__await_impl__(), self.open_timeout)
  File "/usr/lib/python3.8/asyncio/tasks.py", line 494, in wait_for
    return fut.result()
  File "/home/chase/mobileraker-env/lib/python3.8/site-packages/websockets/legacy/client.py", line 654, in __await_impl__
    transport, protocol = await self._create_connection()
  File "/usr/lib/python3.8/asyncio/base_events.py", line 1025, in create_connection
    raise exceptions[0]
  File "/usr/lib/python3.8/asyncio/base_events.py", line 1010, in create_connection
    sock = await self._connect_sock(
  File "/usr/lib/python3.8/asyncio/base_events.py", line 924, in _connect_sock
    await self.sock_connect(sock, address)
  File "/usr/lib/python3.8/asyncio/selector_events.py", line 496, in sock_connect
    return await fut
  File "/usr/lib/python3.8/asyncio/selector_events.py", line 501, in _sock_connect
    sock.connect(address)
OSError: [Errno 101] Network is unreachable
2026-08-28 19:49:07,735 websockets.client INFO - ! connect failed again; retrying in 60 seconds
Traceback (most recent call last):
  File "/home/chase/mobileraker-env/lib/python3.8/site-packages/websockets/legacy/client.py", line 598, in __aiter__
    async with self as protocol:
  File "/home/chase/mobileraker-env/lib/python3.8/site-packages/websockets/legacy/client.py", line 633, in __aenter__
    return await self
  File "/home/chase/mobileraker-env/lib/python3.8/site-packages/websockets/legacy/client.py", line 650, in __await_impl_timeout__
    return await asyncio.wait_for(self.__await_impl__(), self.open_timeout)
  File "/usr/lib/python3.8/asyncio/tasks.py", line 494, in wait_for
    return fut.result()
  File "/home/chase/mobileraker-env/lib/python3.8/site-packages/websockets/legacy/client.py", line 654, in __await_impl__
    transport, protocol = await self._create_connection()
  File "/usr/lib/python3.8/asyncio/base_events.py", line 1025, in create_connection
    raise exceptions[0]
  File "/usr/lib/python3.8/asyncio/base_events.py", line 1010, in create_connection
    sock = await self._connect_sock(
  File "/usr/lib/python3.8/asyncio/base_events.py", line 924, in _connect_sock
    await self.sock_connect(sock, address)
  File "/usr/lib/python3.8/asyncio/selector_events.py", line 496, in sock_connect
    return await fut
  File "/usr/lib/python3.8/asyncio/selector_events.py", line 501, in _sock_connect
    sock.connect(address)
OSError: [Errno 101] Network is unreachable
2026-08-28 19:50:07,794 websockets.client INFO - ! connect failed again; retrying in 60 seconds
Traceback (most recent call last):
  File "/home/chase/mobileraker-env/lib/python3.8/site-packages/websockets/legacy/client.py", line 598, in __aiter__
    async with self as protocol:
  File "/home/chase/mobileraker-env/lib/python3.8/site-packages/websockets/legacy/client.py", line 633, in __aenter__
    return await self
  File "/home/chase/mobileraker-env/lib/python3.8/site-packages/websockets/legacy/client.py", line 650, in __await_impl_timeout__
    return await asyncio.wait_for(self.__await_impl__(), self.open_timeout)
  File "/usr/lib/python3.8/asyncio/tasks.py", line 494, in wait_for
    return fut.result()
  File "/home/chase/mobileraker-env/lib/python3.8/site-packages/websockets/legacy/client.py", line 654, in __await_impl__
    transport, protocol = await self._create_connection()
  File "/usr/lib/python3.8/asyncio/base_events.py", line 1025, in create_connection
    raise exceptions[0]
  File "/usr/lib/python3.8/asyncio/base_events.py", line 1010, in create_connection
    sock = await self._connect_sock(
  File "/usr/lib/python3.8/asyncio/base_events.py", line 924, in _connect_sock
    await self.sock_connect(sock, address)
  File "/usr/lib/python3.8/asyncio/selector_events.py", line 496, in sock_connect
    return await fut
  File "/usr/lib/python3.8/asyncio/selector_events.py", line 501, in _sock_connect
    sock.connect(address)
OSError: [Errno 101] Network is unreachable
2026-08-28 19:51:07,804 websockets.client INFO - ! connect failed again; retrying in 60 seconds
Traceback (most recent call last):
  File "/home/chase/mobileraker-env/lib/python3.8/site-packages/websockets/legacy/client.py", line 598, in __aiter__
    async with self as protocol:
  File "/home/chase/mobileraker-env/lib/python3.8/site-packages/websockets/legacy/client.py", line 633, in __aenter__
    return await self
  File "/home/chase/mobileraker-env/lib/python3.8/site-packages/websockets/legacy/client.py", line 650, in __await_impl_timeout__
    return await asyncio.wait_for(self.__await_impl__(), self.open_timeout)
  File "/usr/lib/python3.8/asyncio/tasks.py", line 494, in wait_for
    return fut.result()
  File "/home/chase/mobileraker-env/lib/python3.8/site-packages/websockets/legacy/client.py", line 654, in __await_impl__
    transport, protocol = await self._create_connection()
  File "/usr/lib/python3.8/asyncio/base_events.py", line 1025, in create_connection
    raise exceptions[0]
  File "/usr/lib/python3.8/asyncio/base_events.py", line 1010, in create_connection
    sock = await self._connect_sock(
  File "/usr/lib/python3.8/asyncio/base_events.py", line 924, in _connect_sock
    await self.sock_connect(sock, address)
  File "/usr/lib/python3.8/asyncio/selector_events.py", line 496, in sock_connect
    return await fut
  File "/usr/lib/python3.8/asyncio/selector_events.py", line 501, in _sock_connect
    sock.connect(address)
OSError: [Errno 101] Network is unreachable
2026-08-28 19:52:07,868 websockets.client INFO - ! connect failed again; retrying in 60 seconds
Traceback (most recent call last):
  File "/home/chase/mobileraker-env/lib/python3.8/site-packages/websockets/legacy/client.py", line 598, in __aiter__
    async with self as protocol:
  File "/home/chase/mobileraker-env/lib/python3.8/site-packages/websockets/legacy/client.py", line 633, in __aenter__
    return await self
  File "/home/chase/mobileraker-env/lib/python3.8/site-packages/websockets/legacy/client.py", line 650, in __await_impl_timeout__
    return await asyncio.wait_for(self.__await_impl__(), self.open_timeout)
  File "/usr/lib/python3.8/asyncio/tasks.py", line 494, in wait_for
    return fut.result()
  File "/home/chase/mobileraker-env/lib/python3.8/site-packages/websockets/legacy/client.py", line 654, in __await_impl__
    transport, protocol = await self._create_connection()
  File "/usr/lib/python3.8/asyncio/base_events.py", line 1025, in create_connection
    raise exceptions[0]
  File "/usr/lib/python3.8/asyncio/base_events.py", line 1010, in create_connection
    sock = await self._connect_sock(
  File "/usr/lib/python3.8/asyncio/base_events.py", line 924, in _connect_sock
    await self.sock_connect(sock, address)
  File "/usr/lib/python3.8/asyncio/selector_events.py", line 496, in sock_connect
    return await fut
  File "/usr/lib/python3.8/asyncio/selector_events.py", line 501, in _sock_connect
    sock.connect(address)
OSError: [Errno 101] Network is unreachable
2026-08-28 19:53:07,933 websockets.client INFO - ! connect failed again; retrying in 60 seconds
Traceback (most recent call last):
  File "/home/chase/mobileraker-env/lib/python3.8/site-packages/websockets/legacy/client.py", line 598, in __aiter__
    async with self as protocol:
  File "/home/chase/mobileraker-env/lib/python3.8/site-packages/websockets/legacy/client.py", line 633, in __aenter__
    return await self
  File "/home/chase/mobileraker-env/lib/python3.8/site-packages/websockets/legacy/client.py", line 650, in __await_impl_timeout__
    return await asyncio.wait_for(self.__await_impl__(), self.open_timeout)
  File "/usr/lib/python3.8/asyncio/tasks.py", line 494, in wait_for
    return fut.result()
  File "/home/chase/mobileraker-env/lib/python3.8/site-packages/websockets/legacy/client.py", line 654, in __await_impl__
    transport, protocol = await self._create_connection()
  File "/usr/lib/python3.8/asyncio/base_events.py", line 1025, in create_connection
    raise exceptions[0]
  File "/usr/lib/python3.8/asyncio/base_events.py", line 1010, in create_connection
    sock = await self._connect_sock(
  File "/usr/lib/python3.8/asyncio/base_events.py", line 924, in _connect_sock
    await self.sock_connect(sock, address)
  File "/usr/lib/python3.8/asyncio/selector_events.py", line 496, in sock_connect
    return await fut
  File "/usr/lib/python3.8/asyncio/selector_events.py", line 501, in _sock_connect
    sock.connect(address)
OSError: [Errno 101] Network is unreachable
2026-08-28 19:54:07,997 websockets.client INFO - ! connect failed again; retrying in 60 seconds
Traceback (most recent call last):
  File "/home/chase/mobileraker-env/lib/python3.8/site-packages/websockets/legacy/client.py", line 598, in __aiter__
    async with self as protocol:
  File "/home/chase/mobileraker-env/lib/python3.8/site-packages/websockets/legacy/client.py", line 633, in __aenter__
    return await self
  File "/home/chase/mobileraker-env/lib/python3.8/site-packages/websockets/legacy/client.py", line 650, in __await_impl_timeout__
    return await asyncio.wait_for(self.__await_impl__(), self.open_timeout)
  File "/usr/lib/python3.8/asyncio/tasks.py", line 494, in wait_for
    return fut.result()
  File "/home/chase/mobileraker-env/lib/python3.8/site-packages/websockets/legacy/client.py", line 654, in __await_impl__
    transport, protocol = await self._create_connection()
  File "/usr/lib/python3.8/asyncio/base_events.py", line 1025, in create_connection
    raise exceptions[0]
  File "/usr/lib/python3.8/asyncio/base_events.py", line 1010, in create_connection
    sock = await self._connect_sock(
  File "/usr/lib/python3.8/asyncio/base_events.py", line 924, in _connect_sock
    await self.sock_connect(sock, address)
  File "/usr/lib/python3.8/asyncio/selector_events.py", line 496, in sock_connect
    return await fut
  File "/usr/lib/python3.8/asyncio/selector_events.py", line 501, in _sock_connect
    sock.connect(address)
OSError: [Errno 101] Network is unreachable
2026-08-28 19:55:08,059 websockets.client INFO - ! connect failed again; retrying in 60 seconds
Traceback (most recent call last):
  File "/home/chase/mobileraker-env/lib/python3.8/site-packages/websockets/legacy/client.py", line 598, in __aiter__
    async with self as protocol:
  File "/home/chase/mobileraker-env/lib/python3.8/site-packages/websockets/legacy/client.py", line 633, in __aenter__
    return await self
  File "/home/chase/mobileraker-env/lib/python3.8/site-packages/websockets/legacy/client.py", line 650, in __await_impl_timeout__
    return await asyncio.wait_for(self.__await_impl__(), self.open_timeout)
  File "/usr/lib/python3.8/asyncio/tasks.py", line 494, in wait_for
    return fut.result()
  File "/home/chase/mobileraker-env/lib/python3.8/site-packages/websockets/legacy/client.py", line 654, in __await_impl__
    transport, protocol = await self._create_connection()
  File "/usr/lib/python3.8/asyncio/base_events.py", line 1025, in create_connection
    raise exceptions[0]
  File "/usr/lib/python3.8/asyncio/base_events.py", line 1010, in create_connection
    sock = await self._connect_sock(
  File "/usr/lib/python3.8/asyncio/base_events.py", line 924, in _connect_sock
    await self.sock_connect(sock, address)
  File "/usr/lib/python3.8/asyncio/selector_events.py", line 496, in sock_connect
    return await fut
  File "/usr/lib/python3.8/asyncio/selector_events.py", line 501, in _sock_connect
    sock.connect(address)
OSError: [Errno 101] Network is unreachable
2026-08-28 19:56:08,123 websockets.client INFO - ! connect failed again; retrying in 60 seconds
Traceback (most recent call last):
  File "/home/chase/mobileraker-env/lib/python3.8/site-packages/websockets/legacy/client.py", line 598, in __aiter__
    async with self as protocol:
  File "/home/chase/mobileraker-env/lib/python3.8/site-packages/websockets/legacy/client.py", line 633, in __aenter__
    return await self
  File "/home/chase/mobileraker-env/lib/python3.8/site-packages/websockets/legacy/client.py", line 650, in __await_impl_timeout__
    return await asyncio.wait_for(self.__await_impl__(), self.open_timeout)
  File "/usr/lib/python3.8/asyncio/tasks.py", line 494, in wait_for
    return fut.result()
  File "/home/chase/mobileraker-env/lib/python3.8/site-packages/websockets/legacy/client.py", line 654, in __await_impl__
    transport, protocol = await self._create_connection()
  File "/usr/lib/python3.8/asyncio/base_events.py", line 1025, in create_connection
    raise exceptions[0]
  File "/usr/lib/python3.8/asyncio/base_events.py", line 1010, in create_connection
    sock = await self._connect_sock(
  File "/usr/lib/python3.8/asyncio/base_events.py", line 924, in _connect_sock
    await self.sock_connect(sock, address)
  File "/usr/lib/python3.8/asyncio/selector_events.py", line 496, in sock_connect
    return await fut
  File "/usr/lib/python3.8/asyncio/selector_events.py", line 501, in _sock_connect
    sock.connect(address)
OSError: [Errno 101] Network is unreachable
2026-08-28 19:57:08,188 websockets.client INFO - ! connect failed again; retrying in 60 seconds
Traceback (most recent call last):
  File "/home/chase/mobileraker-env/lib/python3.8/site-packages/websockets/legacy/client.py", line 598, in __aiter__
    async with self as protocol:
  File "/home/chase/mobileraker-env/lib/python3.8/site-packages/websockets/legacy/client.py", line 633, in __aenter__
    return await self
  File "/home/chase/mobileraker-env/lib/python3.8/site-packages/websockets/legacy/client.py", line 650, in __await_impl_timeout__
    return await asyncio.wait_for(self.__await_impl__(), self.open_timeout)
  File "/usr/lib/python3.8/asyncio/tasks.py", line 494, in wait_for
    return fut.result()
  File "/home/chase/mobileraker-env/lib/python3.8/site-packages/websockets/legacy/client.py", line 654, in __await_impl__
    transport, protocol = await self._create_connection()
  File "/usr/lib/python3.8/asyncio/base_events.py", line 1025, in create_connection
    raise exceptions[0]
  File "/usr/lib/python3.8/asyncio/base_events.py", line 1010, in create_connection
    sock = await self._connect_sock(
  File "/usr/lib/python3.8/asyncio/base_events.py", line 924, in _connect_sock
    await self.sock_connect(sock, address)
  File "/usr/lib/python3.8/asyncio/selector_events.py", line 496, in sock_connect
    return await fut
  File "/usr/lib/python3.8/asyncio/selector_events.py", line 501, in _sock_connect
    sock.connect(address)
OSError: [Errno 101] Network is unreachable
2026-08-28 19:58:08,228 websockets.client INFO - ! connect failed again; retrying in 60 seconds
Traceback (most recent call last):
  File "/home/chase/mobileraker-env/lib/python3.8/site-packages/websockets/legacy/client.py", line 598, in __aiter__
    async with self as protocol:
  File "/home/chase/mobileraker-env/lib/python3.8/site-packages/websockets/legacy/client.py", line 633, in __aenter__
    return await self
  File "/home/chase/mobileraker-env/lib/python3.8/site-packages/websockets/legacy/client.py", line 650, in __await_impl_timeout__
    return await asyncio.wait_for(self.__await_impl__(), self.open_timeout)
  File "/usr/lib/python3.8/asyncio/tasks.py", line 494, in wait_for
    return fut.result()
  File "/home/chase/mobileraker-env/lib/python3.8/site-packages/websockets/legacy/client.py", line 654, in __await_impl__
    transport, protocol = await self._create_connection()
  File "/usr/lib/python3.8/asyncio/base_events.py", line 1025, in create_connection
    raise exceptions[0]
  File "/usr/lib/python3.8/asyncio/base_events.py", line 1010, in create_connection
    sock = await self._connect_sock(
  File "/usr/lib/python3.8/asyncio/base_events.py", line 924, in _connect_sock
    await self.sock_connect(sock, address)
  File "/usr/lib/python3.8/asyncio/selector_events.py", line 496, in sock_connect
    return await fut
  File "/usr/lib/python3.8/asyncio/selector_events.py", line 501, in _sock_connect
    sock.connect(address)
OSError: [Errno 101] Network is unreachable
2026-08-28 19:59:08,292 websockets.client INFO - ! connect failed again; retrying in 60 seconds
Traceback (most recent call last):
  File "/home/chase/mobileraker-env/lib/python3.8/site-packages/websockets/legacy/client.py", line 598, in __aiter__
    async with self as protocol:
  File "/home/chase/mobileraker-env/lib/python3.8/site-packages/websockets/legacy/client.py", line 633, in __aenter__
    return await self
  File "/home/chase/mobileraker-env/lib/python3.8/site-packages/websockets/legacy/client.py", line 650, in __await_impl_timeout__
    return await asyncio.wait_for(self.__await_impl__(), self.open_timeout)
  File "/usr/lib/python3.8/asyncio/tasks.py", line 494, in wait_for
    return fut.result()
  File "/home/chase/mobileraker-env/lib/python3.8/site-packages/websockets/legacy/client.py", line 654, in __await_impl__
    transport, protocol = await self._create_connection()
  File "/usr/lib/python3.8/asyncio/base_events.py", line 1025, in create_connection
    raise exceptions[0]
  File "/usr/lib/python3.8/asyncio/base_events.py", line 1010, in create_connection
    sock = await self._connect_sock(
  File "/usr/lib/python3.8/asyncio/base_events.py", line 924, in _connect_sock
    await self.sock_connect(sock, address)
  File "/usr/lib/python3.8/asyncio/selector_events.py", line 496, in sock_connect
    return await fut
  File "/usr/lib/python3.8/asyncio/selector_events.py", line 501, in _sock_connect
    sock.connect(address)
OSError: [Errno 101] Network is unreachable
2026-08-28 20:00:08,301 websockets.client INFO - ! connect failed again; retrying in 60 seconds
Traceback (most recent call last):
  File "/home/chase/mobileraker-env/lib/python3.8/site-packages/websockets/legacy/client.py", line 598, in __aiter__
    async with self as protocol:
  File "/home/chase/mobileraker-env/lib/python3.8/site-packages/websockets/legacy/client.py", line 633, in __aenter__
    return await self
  File "/home/chase/mobileraker-env/lib/python3.8/site-packages/websockets/legacy/client.py", line 650, in __await_impl_timeout__
    return await asyncio.wait_for(self.__await_impl__(), self.open_timeout)
  File "/usr/lib/python3.8/asyncio/tasks.py", line 494, in wait_for
    return fut.result()
  File "/home/chase/mobileraker-env/lib/python3.8/site-packages/websockets/legacy/client.py", line 654, in __await_impl__
    transport, protocol = await self._create_connection()
  File "/usr/lib/python3.8/asyncio/base_events.py", line 1025, in create_connection
    raise exceptions[0]
  File "/usr/lib/python3.8/asyncio/base_events.py", line 1010, in create_connection
    sock = await self._connect_sock(
  File "/usr/lib/python3.8/asyncio/base_events.py", line 924, in _connect_sock
    await self.sock_connect(sock, address)
  File "/usr/lib/python3.8/asyncio/selector_events.py", line 496, in sock_connect
    return await fut
  File "/usr/lib/python3.8/asyncio/selector_events.py", line 501, in _sock_connect
    sock.connect(address)
OSError: [Errno 101] Network is unreachable
2026-08-28 20:01:08,364 websockets.client INFO - ! connect failed again; retrying in 60 seconds
Traceback (most recent call last):
  File "/home/chase/mobileraker-env/lib/python3.8/site-packages/websockets/legacy/client.py", line 598, in __aiter__
    async with self as protocol:
  File "/home/chase/mobileraker-env/lib/python3.8/site-packages/websockets/legacy/client.py", line 633, in __aenter__
    return await self
  File "/home/chase/mobileraker-env/lib/python3.8/site-packages/websockets/legacy/client.py", line 650, in __await_impl_timeout__
    return await asyncio.wait_for(self.__await_impl__(), self.open_timeout)
  File "/usr/lib/python3.8/asyncio/tasks.py", line 494, in wait_for
    return fut.result()
  File "/home/chase/mobileraker-env/lib/python3.8/site-packages/websockets/legacy/client.py", line 654, in __await_impl__
    transport, protocol = await self._create_connection()
  File "/usr/lib/python3.8/asyncio/base_events.py", line 1025, in create_connection
    raise exceptions[0]
  File "/usr/lib/python3.8/asyncio/base_events.py", line 1010, in create_connection
    sock = await self._connect_sock(
  File "/usr/lib/python3.8/asyncio/base_events.py", line 924, in _connect_sock
    await self.sock_connect(sock, address)
  File "/usr/lib/python3.8/asyncio/selector_events.py", line 496, in sock_connect
    return await fut
  File "/usr/lib/python3.8/asyncio/selector_events.py", line 501, in _sock_connect
    sock.connect(address)
OSError: [Errno 101] Network is unreachable
2026-08-28 20:02:08,430 websockets.client INFO - ! connect failed again; retrying in 60 seconds
Traceback (most recent call last):
  File "/home/chase/mobileraker-env/lib/python3.8/site-packages/websockets/legacy/client.py", line 598, in __aiter__
    async with self as protocol:
  File "/home/chase/mobileraker-env/lib/python3.8/site-packages/websockets/legacy/client.py", line 633, in __aenter__
    return await self
  File "/home/chase/mobileraker-env/lib/python3.8/site-packages/websockets/legacy/client.py", line 650, in __await_impl_timeout__
    return await asyncio.wait_for(self.__await_impl__(), self.open_timeout)
  File "/usr/lib/python3.8/asyncio/tasks.py", line 494, in wait_for
    return fut.result()
  File "/home/chase/mobileraker-env/lib/python3.8/site-packages/websockets/legacy/client.py", line 654, in __await_impl__
    transport, protocol = await self._create_connection()
  File "/usr/lib/python3.8/asyncio/base_events.py", line 1025, in create_connection
    raise exceptions[0]
  File "/usr/lib/python3.8/asyncio/base_events.py", line 1010, in create_connection
    sock = await self._connect_sock(
  File "/usr/lib/python3.8/asyncio/base_events.py", line 924, in _connect_sock
    await self.sock_connect(sock, address)
  File "/usr/lib/python3.8/asyncio/selector_events.py", line 496, in sock_connect
    return await fut
  File "/usr/lib/python3.8/asyncio/selector_events.py", line 501, in _sock_connect
    sock.connect(address)
OSError: [Errno 101] Network is unreachable
2026-08-28 20:03:08,491 websockets.client INFO - ! connect failed again; retrying in 60 seconds
Traceback (most recent call last):
  File "/home/chase/mobileraker-env/lib/python3.8/site-packages/websockets/legacy/client.py", line 598, in __aiter__
    async with self as protocol:
  File "/home/chase/mobileraker-env/lib/python3.8/site-packages/websockets/legacy/client.py", line 633, in __aenter__
    return await self
  File "/home/chase/mobileraker-env/lib/python3.8/site-packages/websockets/legacy/client.py", line 650, in __await_impl_timeout__
    return await asyncio.wait_for(self.__await_impl__(), self.open_timeout)
  File "/usr/lib/python3.8/asyncio/tasks.py", line 494, in wait_for
    return fut.result()
  File "/home/chase/mobileraker-env/lib/python3.8/site-packages/websockets/legacy/client.py", line 654, in __await_impl__
    transport, protocol = await self._create_connection()
  File "/usr/lib/python3.8/asyncio/base_events.py", line 1025, in create_connection
    raise exceptions[0]
  File "/usr/lib/python3.8/asyncio/base_events.py", line 1010, in create_connection
    sock = await self._connect_sock(
  File "/usr/lib/python3.8/asyncio/base_events.py", line 924, in _connect_sock
    await self.sock_connect(sock, address)
  File "/usr/lib/python3.8/asyncio/selector_events.py", line 496, in sock_connect
    return await fut
  File "/usr/lib/python3.8/asyncio/selector_events.py", line 501, in _sock_connect
    sock.connect(address)
OSError: [Errno 101] Network is unreachable
2026-08-28 20:04:08,557 websockets.client INFO - ! connect failed again; retrying in 60 seconds
Traceback (most recent call last):
  File "/home/chase/mobileraker-env/lib/python3.8/site-packages/websockets/legacy/client.py", line 598, in __aiter__
    async with self as protocol:
  File "/home/chase/mobileraker-env/lib/python3.8/site-packages/websockets/legacy/client.py", line 633, in __aenter__
    return await self
  File "/home/chase/mobileraker-env/lib/python3.8/site-packages/websockets/legacy/client.py", line 650, in __await_impl_timeout__
    return await asyncio.wait_for(self.__await_impl__(), self.open_timeout)
  File "/usr/lib/python3.8/asyncio/tasks.py", line 494, in wait_for
    return fut.result()
  File "/home/chase/mobileraker-env/lib/python3.8/site-packages/websockets/legacy/client.py", line 654, in __await_impl__
    transport, protocol = await self._create_connection()
  File "/usr/lib/python3.8/asyncio/base_events.py", line 1025, in create_connection
    raise exceptions[0]
  File "/usr/lib/python3.8/asyncio/base_events.py", line 1010, in create_connection
    sock = await self._connect_sock(
  File "/usr/lib/python3.8/asyncio/base_events.py", line 924, in _connect_sock
    await self.sock_connect(sock, address)
  File "/usr/lib/python3.8/asyncio/selector_events.py", line 496, in sock_connect
    return await fut
  File "/usr/lib/python3.8/asyncio/selector_events.py", line 501, in _sock_connect
    sock.connect(address)
OSError: [Errno 101] Network is unreachable
2026-08-28 20:05:08,623 websockets.client INFO - ! connect failed again; retrying in 60 seconds
Traceback (most recent call last):
  File "/home/chase/mobileraker-env/lib/python3.8/site-packages/websockets/legacy/client.py", line 598, in __aiter__
    async with self as protocol:
  File "/home/chase/mobileraker-env/lib/python3.8/site-packages/websockets/legacy/client.py", line 633, in __aenter__
    return await self
  File "/home/chase/mobileraker-env/lib/python3.8/site-packages/websockets/legacy/client.py", line 650, in __await_impl_timeout__
    return await asyncio.wait_for(self.__await_impl__(), self.open_timeout)
  File "/usr/lib/python3.8/asyncio/tasks.py", line 494, in wait_for
    return fut.result()
  File "/home/chase/mobileraker-env/lib/python3.8/site-packages/websockets/legacy/client.py", line 654, in __await_impl__
    transport, protocol = await self._create_connection()
  File "/usr/lib/python3.8/asyncio/base_events.py", line 1025, in create_connection
    raise exceptions[0]
  File "/usr/lib/python3.8/asyncio/base_events.py", line 1010, in create_connection
    sock = await self._connect_sock(
  File "/usr/lib/python3.8/asyncio/base_events.py", line 924, in _connect_sock
    await self.sock_connect(sock, address)
  File "/usr/lib/python3.8/asyncio/selector_events.py", line 496, in sock_connect
    return await fut
  File "/usr/lib/python3.8/asyncio/selector_events.py", line 501, in _sock_connect
    sock.connect(address)
OSError: [Errno 101] Network is unreachable
2026-08-28 20:06:08,689 websockets.client INFO - ! connect failed again; retrying in 60 seconds
Traceback (most recent call last):
  File "/home/chase/mobileraker-env/lib/python3.8/site-packages/websockets/legacy/client.py", line 598, in __aiter__
    async with self as protocol:
  File "/home/chase/mobileraker-env/lib/python3.8/site-packages/websockets/legacy/client.py", line 633, in __aenter__
    return await self
  File "/home/chase/mobileraker-env/lib/python3.8/site-packages/websockets/legacy/client.py", line 650, in __await_impl_timeout__
    return await asyncio.wait_for(self.__await_impl__(), self.open_timeout)
  File "/usr/lib/python3.8/asyncio/tasks.py", line 494, in wait_for
    return fut.result()
  File "/home/chase/mobileraker-env/lib/python3.8/site-packages/websockets/legacy/client.py", line 654, in __await_impl__
    transport, protocol = await self._create_connection()
  File "/usr/lib/python3.8/asyncio/base_events.py", line 1025, in create_connection
    raise exceptions[0]
  File "/usr/lib/python3.8/asyncio/base_events.py", line 1010, in create_connection
    sock = await self._connect_sock(
  File "/usr/lib/python3.8/asyncio/base_events.py", line 924, in _connect_sock
    await self.sock_connect(sock, address)
  File "/usr/lib/python3.8/asyncio/selector_events.py", line 496, in sock_connect
    return await fut
  File "/usr/lib/python3.8/asyncio/selector_events.py", line 501, in _sock_connect
    sock.connect(address)
OSError: [Errno 101] Network is unreachable
2026-08-28 20:07:08,754 websockets.client INFO - ! connect failed again; retrying in 60 seconds
Traceback (most recent call last):
  File "/home/chase/mobileraker-env/lib/python3.8/site-packages/websockets/legacy/client.py", line 598, in __aiter__
    async with self as protocol:
  File "/home/chase/mobileraker-env/lib/python3.8/site-packages/websockets/legacy/client.py", line 633, in __aenter__
    return await self
  File "/home/chase/mobileraker-env/lib/python3.8/site-packages/websockets/legacy/client.py", line 650, in __await_impl_timeout__
    return await asyncio.wait_for(self.__await_impl__(), self.open_timeout)
  File "/usr/lib/python3.8/asyncio/tasks.py", line 494, in wait_for
    return fut.result()
  File "/home/chase/mobileraker-env/lib/python3.8/site-packages/websockets/legacy/client.py", line 654, in __await_impl__
    transport, protocol = await self._create_connection()
  File "/usr/lib/python3.8/asyncio/base_events.py", line 1025, in create_connection
    raise exceptions[0]
  File "/usr/lib/python3.8/asyncio/base_events.py", line 1010, in create_connection
    sock = await self._connect_sock(
  File "/usr/lib/python3.8/asyncio/base_events.py", line 924, in _connect_sock
    await self.sock_connect(sock, address)
  File "/usr/lib/python3.8/asyncio/selector_events.py", line 496, in sock_connect
    return await fut
  File "/usr/lib/python3.8/asyncio/selector_events.py", line 501, in _sock_connect
    sock.connect(address)
OSError: [Errno 101] Network is unreachable
2026-08-28 20:08:08,810 websockets.client INFO - ! connect failed again; retrying in 60 seconds
Traceback (most recent call last):
  File "/home/chase/mobileraker-env/lib/python3.8/site-packages/websockets/legacy/client.py", line 598, in __aiter__
    async with self as protocol:
  File "/home/chase/mobileraker-env/lib/python3.8/site-packages/websockets/legacy/client.py", line 633, in __aenter__
    return await self
  File "/home/chase/mobileraker-env/lib/python3.8/site-packages/websockets/legacy/client.py", line 650, in __await_impl_timeout__
    return await asyncio.wait_for(self.__await_impl__(), self.open_timeout)
  File "/usr/lib/python3.8/asyncio/tasks.py", line 494, in wait_for
    return fut.result()
  File "/home/chase/mobileraker-env/lib/python3.8/site-packages/websockets/legacy/client.py", line 654, in __await_impl__
    transport, protocol = await self._create_connection()
  File "/usr/lib/python3.8/asyncio/base_events.py", line 1025, in create_connection
    raise exceptions[0]
  File "/usr/lib/python3.8/asyncio/base_events.py", line 1010, in create_connection
    sock = await self._connect_sock(
  File "/usr/lib/python3.8/asyncio/base_events.py", line 924, in _connect_sock
    await self.sock_connect(sock, address)
  File "/usr/lib/python3.8/asyncio/selector_events.py", line 496, in sock_connect
    return await fut
  File "/usr/lib/python3.8/asyncio/selector_events.py", line 501, in _sock_connect
    sock.connect(address)
OSError: [Errno 101] Network is unreachable
2026-08-28 20:09:08,875 websockets.client INFO - ! connect failed again; retrying in 60 seconds
Traceback (most recent call last):
  File "/home/chase/mobileraker-env/lib/python3.8/site-packages/websockets/legacy/client.py", line 598, in __aiter__
    async with self as protocol:
  File "/home/chase/mobileraker-env/lib/python3.8/site-packages/websockets/legacy/client.py", line 633, in __aenter__
    return await self
  File "/home/chase/mobileraker-env/lib/python3.8/site-packages/websockets/legacy/client.py", line 650, in __await_impl_timeout__
    return await asyncio.wait_for(self.__await_impl__(), self.open_timeout)
  File "/usr/lib/python3.8/asyncio/tasks.py", line 494, in wait_for
    return fut.result()
  File "/home/chase/mobileraker-env/lib/python3.8/site-packages/websockets/legacy/client.py", line 654, in __await_impl__
    transport, protocol = await self._create_connection()
  File "/usr/lib/python3.8/asyncio/base_events.py", line 1025, in create_connection
    raise exceptions[0]
  File "/usr/lib/python3.8/asyncio/base_events.py", line 1010, in create_connection
    sock = await self._connect_sock(
  File "/usr/lib/python3.8/asyncio/base_events.py", line 924, in _connect_sock
    await self.sock_connect(sock, address)
  File "/usr/lib/python3.8/asyncio/selector_events.py", line 496, in sock_connect
    return await fut
  File "/usr/lib/python3.8/asyncio/selector_events.py", line 501, in _sock_connect
    sock.connect(address)
OSError: [Errno 101] Network is unreachable
2026-08-28 20:10:08,941 websockets.client INFO - ! connect failed again; retrying in 60 seconds
Traceback (most recent call last):
  File "/home/chase/mobileraker-env/lib/python3.8/site-packages/websockets/legacy/client.py", line 598, in __aiter__
    async with self as protocol:
  File "/home/chase/mobileraker-env/lib/python3.8/site-packages/websockets/legacy/client.py", line 633, in __aenter__
    return await self
  File "/home/chase/mobileraker-env/lib/python3.8/site-packages/websockets/legacy/client.py", line 650, in __await_impl_timeout__
    return await asyncio.wait_for(self.__await_impl__(), self.open_timeout)
  File "/usr/lib/python3.8/asyncio/tasks.py", line 494, in wait_for
    return fut.result()
  File "/home/chase/mobileraker-env/lib/python3.8/site-packages/websockets/legacy/client.py", line 654, in __await_impl__
    transport, protocol = await self._create_connection()
  File "/usr/lib/python3.8/asyncio/base_events.py", line 1025, in create_connection
    raise exceptions[0]
  File "/usr/lib/python3.8/asyncio/base_events.py", line 1010, in create_connection
    sock = await self._connect_sock(
  File "/usr/lib/python3.8/asyncio/base_events.py", line 924, in _connect_sock
    await self.sock_connect(sock, address)
  File "/usr/lib/python3.8/asyncio/selector_events.py", line 496, in sock_connect
    return await fut
  File "/usr/lib/python3.8/asyncio/selector_events.py", line 501, in _sock_connect
    sock.connect(address)
OSError: [Errno 101] Network is unreachable
2026-08-28 20:11:09,004 websockets.client INFO - ! connect failed again; retrying in 60 seconds
Traceback (most recent call last):
  File "/home/chase/mobileraker-env/lib/python3.8/site-packages/websockets/legacy/client.py", line 598, in __aiter__
    async with self as protocol:
  File "/home/chase/mobileraker-env/lib/python3.8/site-packages/websockets/legacy/client.py", line 633, in __aenter__
    return await self
  File "/home/chase/mobileraker-env/lib/python3.8/site-packages/websockets/legacy/client.py", line 650, in __await_impl_timeout__
    return await asyncio.wait_for(self.__await_impl__(), self.open_timeout)
  File "/usr/lib/python3.8/asyncio/tasks.py", line 494, in wait_for
    return fut.result()
  File "/home/chase/mobileraker-env/lib/python3.8/site-packages/websockets/legacy/client.py", line 654, in __await_impl__
    transport, protocol = await self._create_connection()
  File "/usr/lib/python3.8/asyncio/base_events.py", line 1025, in create_connection
    raise exceptions[0]
  File "/usr/lib/python3.8/asyncio/base_events.py", line 1010, in create_connection
    sock = await self._connect_sock(
  File "/usr/lib/python3.8/asyncio/base_events.py", line 924, in _connect_sock
    await self.sock_connect(sock, address)
  File "/usr/lib/python3.8/asyncio/selector_events.py", line 496, in sock_connect
    return await fut
  File "/usr/lib/python3.8/asyncio/selector_events.py", line 501, in _sock_connect
    sock.connect(address)
OSError: [Errno 101] Network is unreachable
2026-08-28 20:12:09,070 websockets.client INFO - ! connect failed again; retrying in 60 seconds
Traceback (most recent call last):
  File "/home/chase/mobileraker-env/lib/python3.8/site-packages/websockets/legacy/client.py", line 598, in __aiter__
    async with self as protocol:
  File "/home/chase/mobileraker-env/lib/python3.8/site-packages/websockets/legacy/client.py", line 633, in __aenter__
    return await self
  File "/home/chase/mobileraker-env/lib/python3.8/site-packages/websockets/legacy/client.py", line 650, in __await_impl_timeout__
    return await asyncio.wait_for(self.__await_impl__(), self.open_timeout)
  File "/usr/lib/python3.8/asyncio/tasks.py", line 494, in wait_for
    return fut.result()
  File "/home/chase/mobileraker-env/lib/python3.8/site-packages/websockets/legacy/client.py", line 654, in __await_impl__
    transport, protocol = await self._create_connection()
  File "/usr/lib/python3.8/asyncio/base_events.py", line 1025, in create_connection
    raise exceptions[0]
  File "/usr/lib/python3.8/asyncio/base_events.py", line 1010, in create_connection
    sock = await self._connect_sock(
  File "/usr/lib/python3.8/asyncio/base_events.py", line 924, in _connect_sock
    await self.sock_connect(sock, address)
  File "/usr/lib/python3.8/asyncio/selector_events.py", line 496, in sock_connect
    return await fut
  File "/usr/lib/python3.8/asyncio/selector_events.py", line 501, in _sock_connect
    sock.connect(address)
OSError: [Errno 101] Network is unreachable
2026-08-28 20:13:09,135 websockets.client INFO - ! connect failed again; retrying in 60 seconds
Traceback (most recent call last):
  File "/home/chase/mobileraker-env/lib/python3.8/site-packages/websockets/legacy/client.py", line 598, in __aiter__
    async with self as protocol:
  File "/home/chase/mobileraker-env/lib/python3.8/site-packages/websockets/legacy/client.py", line 633, in __aenter__
    return await self
  File "/home/chase/mobileraker-env/lib/python3.8/site-packages/websockets/legacy/client.py", line 650, in __await_impl_timeout__
    return await asyncio.wait_for(self.__await_impl__(), self.open_timeout)
  File "/usr/lib/python3.8/asyncio/tasks.py", line 494, in wait_for
    return fut.result()
  File "/home/chase/mobileraker-env/lib/python3.8/site-packages/websockets/legacy/client.py", line 654, in __await_impl__
    transport, protocol = await self._create_connection()
  File "/usr/lib/python3.8/asyncio/base_events.py", line 1025, in create_connection
    raise exceptions[0]
  File "/usr/lib/python3.8/asyncio/base_events.py", line 1010, in create_connection
    sock = await self._connect_sock(
  File "/usr/lib/python3.8/asyncio/base_events.py", line 924, in _connect_sock
    await self.sock_connect(sock, address)
  File "/usr/lib/python3.8/asyncio/selector_events.py", line 496, in sock_connect
    return await fut
  File "/usr/lib/python3.8/asyncio/selector_events.py", line 501, in _sock_connect
    sock.connect(address)
OSError: [Errno 101] Network is unreachable
2026-08-28 20:14:09,197 websockets.client INFO - ! connect failed again; retrying in 60 seconds
Traceback (most recent call last):
  File "/home/chase/mobileraker-env/lib/python3.8/site-packages/websockets/legacy/client.py", line 598, in __aiter__
    async with self as protocol:
  File "/home/chase/mobileraker-env/lib/python3.8/site-packages/websockets/legacy/client.py", line 633, in __aenter__
    return await self
  File "/home/chase/mobileraker-env/lib/python3.8/site-packages/websockets/legacy/client.py", line 650, in __await_impl_timeout__
    return await asyncio.wait_for(self.__await_impl__(), self.open_timeout)
  File "/usr/lib/python3.8/asyncio/tasks.py", line 494, in wait_for
    return fut.result()
  File "/home/chase/mobileraker-env/lib/python3.8/site-packages/websockets/legacy/client.py", line 654, in __await_impl__
    transport, protocol = await self._create_connection()
  File "/usr/lib/python3.8/asyncio/base_events.py", line 1025, in create_connection
    raise exceptions[0]
  File "/usr/lib/python3.8/asyncio/base_events.py", line 1010, in create_connection
    sock = await self._connect_sock(
  File "/usr/lib/python3.8/asyncio/base_events.py", line 924, in _connect_sock
    await self.sock_connect(sock, address)
  File "/usr/lib/python3.8/asyncio/selector_events.py", line 496, in sock_connect
    return await fut
  File "/usr/lib/python3.8/asyncio/selector_events.py", line 501, in _sock_connect
    sock.connect(address)
OSError: [Errno 101] Network is unreachable
2026-08-28 20:15:09,265 websockets.client INFO - ! connect failed again; retrying in 60 seconds
Traceback (most recent call last):
  File "/home/chase/mobileraker-env/lib/python3.8/site-packages/websockets/legacy/client.py", line 598, in __aiter__
    async with self as protocol:
  File "/home/chase/mobileraker-env/lib/python3.8/site-packages/websockets/legacy/client.py", line 633, in __aenter__
    return await self
  File "/home/chase/mobileraker-env/lib/python3.8/site-packages/websockets/legacy/client.py", line 650, in __await_impl_timeout__
    return await asyncio.wait_for(self.__await_impl__(), self.open_timeout)
  File "/usr/lib/python3.8/asyncio/tasks.py", line 494, in wait_for
    return fut.result()
  File "/home/chase/mobileraker-env/lib/python3.8/site-packages/websockets/legacy/client.py", line 654, in __await_impl__
    transport, protocol = await self._create_connection()
  File "/usr/lib/python3.8/asyncio/base_events.py", line 1025, in create_connection
    raise exceptions[0]
  File "/usr/lib/python3.8/asyncio/base_events.py", line 1010, in create_connection
    sock = await self._connect_sock(
  File "/usr/lib/python3.8/asyncio/base_events.py", line 924, in _connect_sock
    await self.sock_connect(sock, address)
  File "/usr/lib/python3.8/asyncio/selector_events.py", line 496, in sock_connect
    return await fut
  File "/usr/lib/python3.8/asyncio/selector_events.py", line 501, in _sock_connect
    sock.connect(address)
OSError: [Errno 101] Network is unreachable
2026-08-28 20:16:09,323 websockets.client INFO - ! connect failed again; retrying in 60 seconds
Traceback (most recent call last):
  File "/home/chase/mobileraker-env/lib/python3.8/site-packages/websockets/legacy/client.py", line 598, in __aiter__
    async with self as protocol:
  File "/home/chase/mobileraker-env/lib/python3.8/site-packages/websockets/legacy/client.py", line 633, in __aenter__
    return await self
  File "/home/chase/mobileraker-env/lib/python3.8/site-packages/websockets/legacy/client.py", line 650, in __await_impl_timeout__
    return await asyncio.wait_for(self.__await_impl__(), self.open_timeout)
  File "/usr/lib/python3.8/asyncio/tasks.py", line 494, in wait_for
    return fut.result()
  File "/home/chase/mobileraker-env/lib/python3.8/site-packages/websockets/legacy/client.py", line 654, in __await_impl__
    transport, protocol = await self._create_connection()
  File "/usr/lib/python3.8/asyncio/base_events.py", line 1025, in create_connection
    raise exceptions[0]
  File "/usr/lib/python3.8/asyncio/base_events.py", line 1010, in create_connection
    sock = await self._connect_sock(
  File "/usr/lib/python3.8/asyncio/base_events.py", line 924, in _connect_sock
    await self.sock_connect(sock, address)
  File "/usr/lib/python3.8/asyncio/selector_events.py", line 496, in sock_connect
    return await fut
  File "/usr/lib/python3.8/asyncio/selector_events.py", line 501, in _sock_connect
    sock.connect(address)
OSError: [Errno 101] Network is unreachable
2026-08-28 20:17:09,388 websockets.client INFO - ! connect failed again; retrying in 60 seconds
Traceback (most recent call last):
  File "/home/chase/mobileraker-env/lib/python3.8/site-packages/websockets/legacy/client.py", line 598, in __aiter__
    async with self as protocol:
  File "/home/chase/mobileraker-env/lib/python3.8/site-packages/websockets/legacy/client.py", line 633, in __aenter__
    return await self
  File "/home/chase/mobileraker-env/lib/python3.8/site-packages/websockets/legacy/client.py", line 650, in __await_impl_timeout__
    return await asyncio.wait_for(self.__await_impl__(), self.open_timeout)
  File "/usr/lib/python3.8/asyncio/tasks.py", line 494, in wait_for
    return fut.result()
  File "/home/chase/mobileraker-env/lib/python3.8/site-packages/websockets/legacy/client.py", line 654, in __await_impl__
    transport, protocol = await self._create_connection()
  File "/usr/lib/python3.8/asyncio/base_events.py", line 1025, in create_connection
    raise exceptions[0]
  File "/usr/lib/python3.8/asyncio/base_events.py", line 1010, in create_connection
    sock = await self._connect_sock(
  File "/usr/lib/python3.8/asyncio/base_events.py", line 924, in _connect_sock
    await self.sock_connect(sock, address)
  File "/usr/lib/python3.8/asyncio/selector_events.py", line 496, in sock_connect
    return await fut
  File "/usr/lib/python3.8/asyncio/selector_events.py", line 501, in _sock_connect
    sock.connect(address)
OSError: [Errno 101] Network is unreachable
2026-08-28 20:18:09,454 websockets.client INFO - ! connect failed again; retrying in 60 seconds
Traceback (most recent call last):
  File "/home/chase/mobileraker-env/lib/python3.8/site-packages/websockets/legacy/client.py", line 598, in __aiter__
    async with self as protocol:
  File "/home/chase/mobileraker-env/lib/python3.8/site-packages/websockets/legacy/client.py", line 633, in __aenter__
    return await self
  File "/home/chase/mobileraker-env/lib/python3.8/site-packages/websockets/legacy/client.py", line 650, in __await_impl_timeout__
    return await asyncio.wait_for(self.__await_impl__(), self.open_timeout)
  File "/usr/lib/python3.8/asyncio/tasks.py", line 494, in wait_for
    return fut.result()
  File "/home/chase/mobileraker-env/lib/python3.8/site-packages/websockets/legacy/client.py", line 654, in __await_impl__
    transport, protocol = await self._create_connection()
  File "/usr/lib/python3.8/asyncio/base_events.py", line 1025, in create_connection
    raise exceptions[0]
  File "/usr/lib/python3.8/asyncio/base_events.py", line 1010, in create_connection
    sock = await self._connect_sock(
  File "/usr/lib/python3.8/asyncio/base_events.py", line 924, in _connect_sock
    await self.sock_connect(sock, address)
  File "/usr/lib/python3.8/asyncio/selector_events.py", line 496, in sock_connect
    return await fut
  File "/usr/lib/python3.8/asyncio/selector_events.py", line 501, in _sock_connect
    sock.connect(address)
OSError: [Errno 101] Network is unreachable
2026-08-28 20:19:09,516 websockets.client INFO - ! connect failed again; retrying in 60 seconds
Traceback (most recent call last):
  File "/home/chase/mobileraker-env/lib/python3.8/site-packages/websockets/legacy/client.py", line 598, in __aiter__
    async with self as protocol:
  File "/home/chase/mobileraker-env/lib/python3.8/site-packages/websockets/legacy/client.py", line 633, in __aenter__
    return await self
  File "/home/chase/mobileraker-env/lib/python3.8/site-packages/websockets/legacy/client.py", line 650, in __await_impl_timeout__
    return await asyncio.wait_for(self.__await_impl__(), self.open_timeout)
  File "/usr/lib/python3.8/asyncio/tasks.py", line 494, in wait_for
    return fut.result()
  File "/home/chase/mobileraker-env/lib/python3.8/site-packages/websockets/legacy/client.py", line 654, in __await_impl__
    transport, protocol = await self._create_connection()
  File "/usr/lib/python3.8/asyncio/base_events.py", line 1025, in create_connection
    raise exceptions[0]
  File "/usr/lib/python3.8/asyncio/base_events.py", line 1010, in create_connection
    sock = await self._connect_sock(
  File "/usr/lib/python3.8/asyncio/base_events.py", line 924, in _connect_sock
    await self.sock_connect(sock, address)
  File "/usr/lib/python3.8/asyncio/selector_events.py", line 496, in sock_connect
    return await fut
  File "/usr/lib/python3.8/asyncio/selector_events.py", line 501, in _sock_connect
    sock.connect(address)
OSError: [Errno 101] Network is unreachable
2026-08-28 20:20:09,580 websockets.client INFO - ! connect failed again; retrying in 60 seconds
Traceback (most recent call last):
  File "/home/chase/mobileraker-env/lib/python3.8/site-packages/websockets/legacy/client.py", line 598, in __aiter__
    async with self as protocol:
  File "/home/chase/mobileraker-env/lib/python3.8/site-packages/websockets/legacy/client.py", line 633, in __aenter__
    return await self
  File "/home/chase/mobileraker-env/lib/python3.8/site-packages/websockets/legacy/client.py", line 650, in __await_impl_timeout__
    return await asyncio.wait_for(self.__await_impl__(), self.open_timeout)
  File "/usr/lib/python3.8/asyncio/tasks.py", line 494, in wait_for
    return fut.result()
  File "/home/chase/mobileraker-env/lib/python3.8/site-packages/websockets/legacy/client.py", line 654, in __await_impl__
    transport, protocol = await self._create_connection()
  File "/usr/lib/python3.8/asyncio/base_events.py", line 1025, in create_connection
    raise exceptions[0]
  File "/usr/lib/python3.8/asyncio/base_events.py", line 1010, in create_connection
    sock = await self._connect_sock(
  File "/usr/lib/python3.8/asyncio/base_events.py", line 924, in _connect_sock
    await self.sock_connect(sock, address)
  File "/usr/lib/python3.8/asyncio/selector_events.py", line 496, in sock_connect
    return await fut
  File "/usr/lib/python3.8/asyncio/selector_events.py", line 501, in _sock_connect
    sock.connect(address)
OSError: [Errno 101] Network is unreachable
2026-08-28 20:21:09,642 websockets.client INFO - ! connect failed again; retrying in 60 seconds
Traceback (most recent call last):
  File "/home/chase/mobileraker-env/lib/python3.8/site-packages/websockets/legacy/client.py", line 598, in __aiter__
    async with self as protocol:
  File "/home/chase/mobileraker-env/lib/python3.8/site-packages/websockets/legacy/client.py", line 633, in __aenter__
    return await self
  File "/home/chase/mobileraker-env/lib/python3.8/site-packages/websockets/legacy/client.py", line 650, in __await_impl_timeout__
    return await asyncio.wait_for(self.__await_impl__(), self.open_timeout)
  File "/usr/lib/python3.8/asyncio/tasks.py", line 494, in wait_for
    return fut.result()
  File "/home/chase/mobileraker-env/lib/python3.8/site-packages/websockets/legacy/client.py", line 654, in __await_impl__
    transport, protocol = await self._create_connection()
  File "/usr/lib/python3.8/asyncio/base_events.py", line 1025, in create_connection
    raise exceptions[0]
  File "/usr/lib/python3.8/asyncio/base_events.py", line 1010, in create_connection
    sock = await self._connect_sock(
  File "/usr/lib/python3.8/asyncio/base_events.py", line 924, in _connect_sock
    await self.sock_connect(sock, address)
  File "/usr/lib/python3.8/asyncio/selector_events.py", line 496, in sock_connect
    return await fut
  File "/usr/lib/python3.8/asyncio/selector_events.py", line 501, in _sock_connect
    sock.connect(address)
OSError: [Errno 101] Network is unreachable
2026-08-28 20:22:09,651 websockets.client INFO - ! connect failed again; retrying in 60 seconds
Traceback (most recent call last):
  File "/home/chase/mobileraker-env/lib/python3.8/site-packages/websockets/legacy/client.py", line 598, in __aiter__
    async with self as protocol:
  File "/home/chase/mobileraker-env/lib/python3.8/site-packages/websockets/legacy/client.py", line 633, in __aenter__
    return await self
  File "/home/chase/mobileraker-env/lib/python3.8/site-packages/websockets/legacy/client.py", line 650, in __await_impl_timeout__
    return await asyncio.wait_for(self.__await_impl__(), self.open_timeout)
  File "/usr/lib/python3.8/asyncio/tasks.py", line 494, in wait_for
    return fut.result()
  File "/home/chase/mobileraker-env/lib/python3.8/site-packages/websockets/legacy/client.py", line 654, in __await_impl__
    transport, protocol = await self._create_connection()
  File "/usr/lib/python3.8/asyncio/base_events.py", line 1025, in create_connection
    raise exceptions[0]
  File "/usr/lib/python3.8/asyncio/base_events.py", line 1010, in create_connection
    sock = await self._connect_sock(
  File "/usr/lib/python3.8/asyncio/base_events.py", line 924, in _connect_sock
    await self.sock_connect(sock, address)
  File "/usr/lib/python3.8/asyncio/selector_events.py", line 496, in sock_connect
    return await fut
  File "/usr/lib/python3.8/asyncio/selector_events.py", line 501, in _sock_connect
    sock.connect(address)
OSError: [Errno 101] Network is unreachable
2026-08-28 20:23:09,717 websockets.client INFO - ! connect failed again; retrying in 60 seconds
Traceback (most recent call last):
  File "/home/chase/mobileraker-env/lib/python3.8/site-packages/websockets/legacy/client.py", line 598, in __aiter__
    async with self as protocol:
  File "/home/chase/mobileraker-env/lib/python3.8/site-packages/websockets/legacy/client.py", line 633, in __aenter__
    return await self
  File "/home/chase/mobileraker-env/lib/python3.8/site-packages/websockets/legacy/client.py", line 650, in __await_impl_timeout__
    return await asyncio.wait_for(self.__await_impl__(), self.open_timeout)
  File "/usr/lib/python3.8/asyncio/tasks.py", line 494, in wait_for
    return fut.result()
  File "/home/chase/mobileraker-env/lib/python3.8/site-packages/websockets/legacy/client.py", line 654, in __await_impl__
    transport, protocol = await self._create_connection()
  File "/usr/lib/python3.8/asyncio/base_events.py", line 1025, in create_connection
    raise exceptions[0]
  File "/usr/lib/python3.8/asyncio/base_events.py", line 1010, in create_connection
    sock = await self._connect_sock(
  File "/usr/lib/python3.8/asyncio/base_events.py", line 924, in _connect_sock
    await self.sock_connect(sock, address)
  File "/usr/lib/python3.8/asyncio/selector_events.py", line 496, in sock_connect
    return await fut
  File "/usr/lib/python3.8/asyncio/selector_events.py", line 501, in _sock_connect
    sock.connect(address)
OSError: [Errno 101] Network is unreachable
2026-08-28 20:24:09,756 websockets.client INFO - ! connect failed again; retrying in 60 seconds
Traceback (most recent call last):
  File "/home/chase/mobileraker-env/lib/python3.8/site-packages/websockets/legacy/client.py", line 598, in __aiter__
    async with self as protocol:
  File "/home/chase/mobileraker-env/lib/python3.8/site-packages/websockets/legacy/client.py", line 633, in __aenter__
    return await self
  File "/home/chase/mobileraker-env/lib/python3.8/site-packages/websockets/legacy/client.py", line 650, in __await_impl_timeout__
    return await asyncio.wait_for(self.__await_impl__(), self.open_timeout)
  File "/usr/lib/python3.8/asyncio/tasks.py", line 494, in wait_for
    return fut.result()
  File "/home/chase/mobileraker-env/lib/python3.8/site-packages/websockets/legacy/client.py", line 654, in __await_impl__
    transport, protocol = await self._create_connection()
  File "/usr/lib/python3.8/asyncio/base_events.py", line 1025, in create_connection
    raise exceptions[0]
  File "/usr/lib/python3.8/asyncio/base_events.py", line 1010, in create_connection
    sock = await self._connect_sock(
  File "/usr/lib/python3.8/asyncio/base_events.py", line 924, in _connect_sock
    await self.sock_connect(sock, address)
  File "/usr/lib/python3.8/asyncio/selector_events.py", line 496, in sock_connect
    return await fut
  File "/usr/lib/python3.8/asyncio/selector_events.py", line 501, in _sock_connect
    sock.connect(address)
OSError: [Errno 101] Network is unreachable
2026-08-28 20:25:09,820 websockets.client INFO - ! connect failed again; retrying in 60 seconds
Traceback (most recent call last):
  File "/home/chase/mobileraker-env/lib/python3.8/site-packages/websockets/legacy/client.py", line 598, in __aiter__
    async with self as protocol:
  File "/home/chase/mobileraker-env/lib/python3.8/site-packages/websockets/legacy/client.py", line 633, in __aenter__
    return await self
  File "/home/chase/mobileraker-env/lib/python3.8/site-packages/websockets/legacy/client.py", line 650, in __await_impl_timeout__
    return await asyncio.wait_for(self.__await_impl__(), self.open_timeout)
  File "/usr/lib/python3.8/asyncio/tasks.py", line 494, in wait_for
    return fut.result()
  File "/home/chase/mobileraker-env/lib/python3.8/site-packages/websockets/legacy/client.py", line 654, in __await_impl__
    transport, protocol = await self._create_connection()
  File "/usr/lib/python3.8/asyncio/base_events.py", line 1025, in create_connection
    raise exceptions[0]
  File "/usr/lib/python3.8/asyncio/base_events.py", line 1010, in create_connection
    sock = await self._connect_sock(
  File "/usr/lib/python3.8/asyncio/base_events.py", line 924, in _connect_sock
    await self.sock_connect(sock, address)
  File "/usr/lib/python3.8/asyncio/selector_events.py", line 496, in sock_connect
    return await fut
  File "/usr/lib/python3.8/asyncio/selector_events.py", line 501, in _sock_connect
    sock.connect(address)
OSError: [Errno 101] Network is unreachable
2026-08-28 20:26:09,863 websockets.client INFO - ! connect failed again; retrying in 60 seconds
Traceback (most recent call last):
  File "/home/chase/mobileraker-env/lib/python3.8/site-packages/websockets/legacy/client.py", line 598, in __aiter__
    async with self as protocol:
  File "/home/chase/mobileraker-env/lib/python3.8/site-packages/websockets/legacy/client.py", line 633, in __aenter__
    return await self
  File "/home/chase/mobileraker-env/lib/python3.8/site-packages/websockets/legacy/client.py", line 650, in __await_impl_timeout__
    return await asyncio.wait_for(self.__await_impl__(), self.open_timeout)
  File "/usr/lib/python3.8/asyncio/tasks.py", line 494, in wait_for
    return fut.result()
  File "/home/chase/mobileraker-env/lib/python3.8/site-packages/websockets/legacy/client.py", line 654, in __await_impl__
    transport, protocol = await self._create_connection()
  File "/usr/lib/python3.8/asyncio/base_events.py", line 1025, in create_connection
    raise exceptions[0]
  File "/usr/lib/python3.8/asyncio/base_events.py", line 1010, in create_connection
    sock = await self._connect_sock(
  File "/usr/lib/python3.8/asyncio/base_events.py", line 924, in _connect_sock
    await self.sock_connect(sock, address)
  File "/usr/lib/python3.8/asyncio/selector_events.py", line 496, in sock_connect
    return await fut
  File "/usr/lib/python3.8/asyncio/selector_events.py", line 501, in _sock_connect
    sock.connect(address)
OSError: [Errno 101] Network is unreachable
2026-08-28 20:27:09,927 websockets.client INFO - ! connect failed again; retrying in 60 seconds
Traceback (most recent call last):
  File "/home/chase/mobileraker-env/lib/python3.8/site-packages/websockets/legacy/client.py", line 598, in __aiter__
    async with self as protocol:
  File "/home/chase/mobileraker-env/lib/python3.8/site-packages/websockets/legacy/client.py", line 633, in __aenter__
    return await self
  File "/home/chase/mobileraker-env/lib/python3.8/site-packages/websockets/legacy/client.py", line 650, in __await_impl_timeout__
    return await asyncio.wait_for(self.__await_impl__(), self.open_timeout)
  File "/usr/lib/python3.8/asyncio/tasks.py", line 494, in wait_for
    return fut.result()
  File "/home/chase/mobileraker-env/lib/python3.8/site-packages/websockets/legacy/client.py", line 654, in __await_impl__
    transport, protocol = await self._create_connection()
  File "/usr/lib/python3.8/asyncio/base_events.py", line 1025, in create_connection
    raise exceptions[0]
  File "/usr/lib/python3.8/asyncio/base_events.py", line 1010, in create_connection
    sock = await self._connect_sock(
  File "/usr/lib/python3.8/asyncio/base_events.py", line 924, in _connect_sock
    await self.sock_connect(sock, address)
  File "/usr/lib/python3.8/asyncio/selector_events.py", line 496, in sock_connect
    return await fut
  File "/usr/lib/python3.8/asyncio/selector_events.py", line 501, in _sock_connect
    sock.connect(address)
OSError: [Errno 101] Network is unreachable
2026-08-28 20:28:09,992 websockets.client INFO - ! connect failed again; retrying in 60 seconds
Traceback (most recent call last):
  File "/home/chase/mobileraker-env/lib/python3.8/site-packages/websockets/legacy/client.py", line 598, in __aiter__
    async with self as protocol:
  File "/home/chase/mobileraker-env/lib/python3.8/site-packages/websockets/legacy/client.py", line 633, in __aenter__
    return await self
  File "/home/chase/mobileraker-env/lib/python3.8/site-packages/websockets/legacy/client.py", line 650, in __await_impl_timeout__
    return await asyncio.wait_for(self.__await_impl__(), self.open_timeout)
  File "/usr/lib/python3.8/asyncio/tasks.py", line 494, in wait_for
    return fut.result()
  File "/home/chase/mobileraker-env/lib/python3.8/site-packages/websockets/legacy/client.py", line 654, in __await_impl__
    transport, protocol = await self._create_connection()
  File "/usr/lib/python3.8/asyncio/base_events.py", line 1025, in create_connection
    raise exceptions[0]
  File "/usr/lib/python3.8/asyncio/base_events.py", line 1010, in create_connection
    sock = await self._connect_sock(
  File "/usr/lib/python3.8/asyncio/base_events.py", line 924, in _connect_sock
    await self.sock_connect(sock, address)
  File "/usr/lib/python3.8/asyncio/selector_events.py", line 496, in sock_connect
    return await fut
  File "/usr/lib/python3.8/asyncio/selector_events.py", line 501, in _sock_connect
    sock.connect(address)
OSError: [Errno 101] Network is unreachable
2026-08-28 20:29:10,016 websockets.client INFO - ! connect failed again; retrying in 60 seconds
Traceback (most recent call last):
  File "/home/chase/mobileraker-env/lib/python3.8/site-packages/websockets/legacy/client.py", line 598, in __aiter__
    async with self as protocol:
  File "/home/chase/mobileraker-env/lib/python3.8/site-packages/websockets/legacy/client.py", line 633, in __aenter__
    return await self
  File "/home/chase/mobileraker-env/lib/python3.8/site-packages/websockets/legacy/client.py", line 650, in __await_impl_timeout__
    return await asyncio.wait_for(self.__await_impl__(), self.open_timeout)
  File "/usr/lib/python3.8/asyncio/tasks.py", line 494, in wait_for
    return fut.result()
  File "/home/chase/mobileraker-env/lib/python3.8/site-packages/websockets/legacy/client.py", line 654, in __await_impl__
    transport, protocol = await self._create_connection()
  File "/usr/lib/python3.8/asyncio/base_events.py", line 1025, in create_connection
    raise exceptions[0]
  File "/usr/lib/python3.8/asyncio/base_events.py", line 1010, in create_connection
    sock = await self._connect_sock(
  File "/usr/lib/python3.8/asyncio/base_events.py", line 924, in _connect_sock
    await self.sock_connect(sock, address)
  File "/usr/lib/python3.8/asyncio/selector_events.py", line 496, in sock_connect
    return await fut
  File "/usr/lib/python3.8/asyncio/selector_events.py", line 501, in _sock_connect
    sock.connect(address)
OSError: [Errno 101] Network is unreachable
2026-08-28 20:30:10,082 websockets.client INFO - ! connect failed again; retrying in 60 seconds
Traceback (most recent call last):
  File "/home/chase/mobileraker-env/lib/python3.8/site-packages/websockets/legacy/client.py", line 598, in __aiter__
    async with self as protocol:
  File "/home/chase/mobileraker-env/lib/python3.8/site-packages/websockets/legacy/client.py", line 633, in __aenter__
    return await self
  File "/home/chase/mobileraker-env/lib/python3.8/site-packages/websockets/legacy/client.py", line 650, in __await_impl_timeout__
    return await asyncio.wait_for(self.__await_impl__(), self.open_timeout)
  File "/usr/lib/python3.8/asyncio/tasks.py", line 494, in wait_for
    return fut.result()
  File "/home/chase/mobileraker-env/lib/python3.8/site-packages/websockets/legacy/client.py", line 654, in __await_impl__
    transport, protocol = await self._create_connection()
  File "/usr/lib/python3.8/asyncio/base_events.py", line 1025, in create_connection
    raise exceptions[0]
  File "/usr/lib/python3.8/asyncio/base_events.py", line 1010, in create_connection
    sock = await self._connect_sock(
  File "/usr/lib/python3.8/asyncio/base_events.py", line 924, in _connect_sock
    await self.sock_connect(sock, address)
  File "/usr/lib/python3.8/asyncio/selector_events.py", line 496, in sock_connect
    return await fut
  File "/usr/lib/python3.8/asyncio/selector_events.py", line 501, in _sock_connect
    sock.connect(address)
OSError: [Errno 101] Network is unreachable
2026-08-28 20:31:10,123 websockets.client INFO - ! connect failed again; retrying in 60 seconds
Traceback (most recent call last):
  File "/home/chase/mobileraker-env/lib/python3.8/site-packages/websockets/legacy/client.py", line 598, in __aiter__
    async with self as protocol:
  File "/home/chase/mobileraker-env/lib/python3.8/site-packages/websockets/legacy/client.py", line 633, in __aenter__
    return await self
  File "/home/chase/mobileraker-env/lib/python3.8/site-packages/websockets/legacy/client.py", line 650, in __await_impl_timeout__
    return await asyncio.wait_for(self.__await_impl__(), self.open_timeout)
  File "/usr/lib/python3.8/asyncio/tasks.py", line 494, in wait_for
    return fut.result()
  File "/home/chase/mobileraker-env/lib/python3.8/site-packages/websockets/legacy/client.py", line 654, in __await_impl__
    transport, protocol = await self._create_connection()
  File "/usr/lib/python3.8/asyncio/base_events.py", line 1025, in create_connection
    raise exceptions[0]
  File "/usr/lib/python3.8/asyncio/base_events.py", line 1010, in create_connection
    sock = await self._connect_sock(
  File "/usr/lib/python3.8/asyncio/base_events.py", line 924, in _connect_sock
    await self.sock_connect(sock, address)
  File "/usr/lib/python3.8/asyncio/selector_events.py", line 496, in sock_connect
    return await fut
  File "/usr/lib/python3.8/asyncio/selector_events.py", line 501, in _sock_connect
    sock.connect(address)
OSError: [Errno 101] Network is unreachable
2026-08-28 20:32:10,189 websockets.client INFO - ! connect failed again; retrying in 60 seconds
Traceback (most recent call last):
  File "/home/chase/mobileraker-env/lib/python3.8/site-packages/websockets/legacy/client.py", line 598, in __aiter__
    async with self as protocol:
  File "/home/chase/mobileraker-env/lib/python3.8/site-packages/websockets/legacy/client.py", line 633, in __aenter__
    return await self
  File "/home/chase/mobileraker-env/lib/python3.8/site-packages/websockets/legacy/client.py", line 650, in __await_impl_timeout__
    return await asyncio.wait_for(self.__await_impl__(), self.open_timeout)
  File "/usr/lib/python3.8/asyncio/tasks.py", line 494, in wait_for
    return fut.result()
  File "/home/chase/mobileraker-env/lib/python3.8/site-packages/websockets/legacy/client.py", line 654, in __await_impl__
    transport, protocol = await self._create_connection()
  File "/usr/lib/python3.8/asyncio/base_events.py", line 1025, in create_connection
    raise exceptions[0]
  File "/usr/lib/python3.8/asyncio/base_events.py", line 1010, in create_connection
    sock = await self._connect_sock(
  File "/usr/lib/python3.8/asyncio/base_events.py", line 924, in _connect_sock
    await self.sock_connect(sock, address)
  File "/usr/lib/python3.8/asyncio/selector_events.py", line 496, in sock_connect
    return await fut
  File "/usr/lib/python3.8/asyncio/selector_events.py", line 501, in _sock_connect
    sock.connect(address)
OSError: [Errno 101] Network is unreachable
2026-08-28 20:33:10,255 websockets.client INFO - ! connect failed again; retrying in 60 seconds
Traceback (most recent call last):
  File "/home/chase/mobileraker-env/lib/python3.8/site-packages/websockets/legacy/client.py", line 598, in __aiter__
    async with self as protocol:
  File "/home/chase/mobileraker-env/lib/python3.8/site-packages/websockets/legacy/client.py", line 633, in __aenter__
    return await self
  File "/home/chase/mobileraker-env/lib/python3.8/site-packages/websockets/legacy/client.py", line 650, in __await_impl_timeout__
    return await asyncio.wait_for(self.__await_impl__(), self.open_timeout)
  File "/usr/lib/python3.8/asyncio/tasks.py", line 494, in wait_for
    return fut.result()
  File "/home/chase/mobileraker-env/lib/python3.8/site-packages/websockets/legacy/client.py", line 654, in __await_impl__
    transport, protocol = await self._create_connection()
  File "/usr/lib/python3.8/asyncio/base_events.py", line 1025, in create_connection
    raise exceptions[0]
  File "/usr/lib/python3.8/asyncio/base_events.py", line 1010, in create_connection
    sock = await self._connect_sock(
  File "/usr/lib/python3.8/asyncio/base_events.py", line 924, in _connect_sock
    await self.sock_connect(sock, address)
  File "/usr/lib/python3.8/asyncio/selector_events.py", line 496, in sock_connect
    return await fut
  File "/usr/lib/python3.8/asyncio/selector_events.py", line 501, in _sock_connect
    sock.connect(address)
OSError: [Errno 101] Network is unreachable
2026-08-28 20:34:10,320 websockets.client INFO - ! connect failed again; retrying in 60 seconds
Traceback (most recent call last):
  File "/home/chase/mobileraker-env/lib/python3.8/site-packages/websockets/legacy/client.py", line 598, in __aiter__
    async with self as protocol:
  File "/home/chase/mobileraker-env/lib/python3.8/site-packages/websockets/legacy/client.py", line 633, in __aenter__
    return await self
  File "/home/chase/mobileraker-env/lib/python3.8/site-packages/websockets/legacy/client.py", line 650, in __await_impl_timeout__
    return await asyncio.wait_for(self.__await_impl__(), self.open_timeout)
  File "/usr/lib/python3.8/asyncio/tasks.py", line 494, in wait_for
    return fut.result()
  File "/home/chase/mobileraker-env/lib/python3.8/site-packages/websockets/legacy/client.py", line 654, in __await_impl__
    transport, protocol = await self._create_connection()
  File "/usr/lib/python3.8/asyncio/base_events.py", line 1025, in create_connection
    raise exceptions[0]
  File "/usr/lib/python3.8/asyncio/base_events.py", line 1010, in create_connection
    sock = await self._connect_sock(
  File "/usr/lib/python3.8/asyncio/base_events.py", line 924, in _connect_sock
    await self.sock_connect(sock, address)
  File "/usr/lib/python3.8/asyncio/selector_events.py", line 496, in sock_connect
    return await fut
  File "/usr/lib/python3.8/asyncio/selector_events.py", line 501, in _sock_connect
    sock.connect(address)
OSError: [Errno 101] Network is unreachable
2026-08-28 20:35:10,388 websockets.client INFO - ! connect failed again; retrying in 60 seconds
Traceback (most recent call last):
  File "/home/chase/mobileraker-env/lib/python3.8/site-packages/websockets/legacy/client.py", line 598, in __aiter__
    async with self as protocol:
  File "/home/chase/mobileraker-env/lib/python3.8/site-packages/websockets/legacy/client.py", line 633, in __aenter__
    return await self
  File "/home/chase/mobileraker-env/lib/python3.8/site-packages/websockets/legacy/client.py", line 650, in __await_impl_timeout__
    return await asyncio.wait_for(self.__await_impl__(), self.open_timeout)
  File "/usr/lib/python3.8/asyncio/tasks.py", line 494, in wait_for
    return fut.result()
  File "/home/chase/mobileraker-env/lib/python3.8/site-packages/websockets/legacy/client.py", line 654, in __await_impl__
    transport, protocol = await self._create_connection()
  File "/usr/lib/python3.8/asyncio/base_events.py", line 1025, in create_connection
    raise exceptions[0]
  File "/usr/lib/python3.8/asyncio/base_events.py", line 1010, in create_connection
    sock = await self._connect_sock(
  File "/usr/lib/python3.8/asyncio/base_events.py", line 924, in _connect_sock
    await self.sock_connect(sock, address)
  File "/usr/lib/python3.8/asyncio/selector_events.py", line 496, in sock_connect
    return await fut
  File "/usr/lib/python3.8/asyncio/selector_events.py", line 501, in _sock_connect
    sock.connect(address)
OSError: [Errno 101] Network is unreachable
2026-08-28 20:36:10,452 websockets.client INFO - ! connect failed again; retrying in 60 seconds
Traceback (most recent call last):
  File "/home/chase/mobileraker-env/lib/python3.8/site-packages/websockets/legacy/client.py", line 598, in __aiter__
    async with self as protocol:
  File "/home/chase/mobileraker-env/lib/python3.8/site-packages/websockets/legacy/client.py", line 633, in __aenter__
    return await self
  File "/home/chase/mobileraker-env/lib/python3.8/site-packages/websockets/legacy/client.py", line 650, in __await_impl_timeout__
    return await asyncio.wait_for(self.__await_impl__(), self.open_timeout)
  File "/usr/lib/python3.8/asyncio/tasks.py", line 494, in wait_for
    return fut.result()
  File "/home/chase/mobileraker-env/lib/python3.8/site-packages/websockets/legacy/client.py", line 654, in __await_impl__
    transport, protocol = await self._create_connection()
  File "/usr/lib/python3.8/asyncio/base_events.py", line 1025, in create_connection
    raise exceptions[0]
  File "/usr/lib/python3.8/asyncio/base_events.py", line 1010, in create_connection
    sock = await self._connect_sock(
  File "/usr/lib/python3.8/asyncio/base_events.py", line 924, in _connect_sock
    await self.sock_connect(sock, address)
  File "/usr/lib/python3.8/asyncio/selector_events.py", line 496, in sock_connect
    return await fut
  File "/usr/lib/python3.8/asyncio/selector_events.py", line 501, in _sock_connect
    sock.connect(address)
OSError: [Errno 101] Network is unreachable
2026-08-28 20:37:10,538 websockets.client INFO - ! connect failed again; retrying in 60 seconds
Traceback (most recent call last):
  File "/home/chase/mobileraker-env/lib/python3.8/site-packages/websockets/legacy/client.py", line 598, in __aiter__
    async with self as protocol:
  File "/home/chase/mobileraker-env/lib/python3.8/site-packages/websockets/legacy/client.py", line 633, in __aenter__
    return await self
  File "/home/chase/mobileraker-env/lib/python3.8/site-packages/websockets/legacy/client.py", line 650, in __await_impl_timeout__
    return await asyncio.wait_for(self.__await_impl__(), self.open_timeout)
  File "/usr/lib/python3.8/asyncio/tasks.py", line 494, in wait_for
    return fut.result()
  File "/home/chase/mobileraker-env/lib/python3.8/site-packages/websockets/legacy/client.py", line 654, in __await_impl__
    transport, protocol = await self._create_connection()
  File "/usr/lib/python3.8/asyncio/base_events.py", line 1025, in create_connection
    raise exceptions[0]
  File "/usr/lib/python3.8/asyncio/base_events.py", line 1010, in create_connection
    sock = await self._connect_sock(
  File "/usr/lib/python3.8/asyncio/base_events.py", line 924, in _connect_sock
    await self.sock_connect(sock, address)
  File "/usr/lib/python3.8/asyncio/selector_events.py", line 496, in sock_connect
    return await fut
  File "/usr/lib/python3.8/asyncio/selector_events.py", line 501, in _sock_connect
    sock.connect(address)
OSError: [Errno 101] Network is unreachable
2026-08-28 20:38:10,603 websockets.client INFO - ! connect failed again; retrying in 60 seconds
Traceback (most recent call last):
  File "/home/chase/mobileraker-env/lib/python3.8/site-packages/websockets/legacy/client.py", line 598, in __aiter__
    async with self as protocol:
  File "/home/chase/mobileraker-env/lib/python3.8/site-packages/websockets/legacy/client.py", line 633, in __aenter__
    return await self
  File "/home/chase/mobileraker-env/lib/python3.8/site-packages/websockets/legacy/client.py", line 650, in __await_impl_timeout__
    return await asyncio.wait_for(self.__await_impl__(), self.open_timeout)
  File "/usr/lib/python3.8/asyncio/tasks.py", line 494, in wait_for
    return fut.result()
  File "/home/chase/mobileraker-env/lib/python3.8/site-packages/websockets/legacy/client.py", line 654, in __await_impl__
    transport, protocol = await self._create_connection()
  File "/usr/lib/python3.8/asyncio/base_events.py", line 1025, in create_connection
    raise exceptions[0]
  File "/usr/lib/python3.8/asyncio/base_events.py", line 1010, in create_connection
    sock = await self._connect_sock(
  File "/usr/lib/python3.8/asyncio/base_events.py", line 924, in _connect_sock
    await self.sock_connect(sock, address)
  File "/usr/lib/python3.8/asyncio/selector_events.py", line 496, in sock_connect
    return await fut
  File "/usr/lib/python3.8/asyncio/selector_events.py", line 501, in _sock_connect
    sock.connect(address)
OSError: [Errno 101] Network is unreachable
2026-08-28 20:39:10,666 websockets.client INFO - ! connect failed again; retrying in 60 seconds
Traceback (most recent call last):
  File "/home/chase/mobileraker-env/lib/python3.8/site-packages/websockets/legacy/client.py", line 598, in __aiter__
    async with self as protocol:
  File "/home/chase/mobileraker-env/lib/python3.8/site-packages/websockets/legacy/client.py", line 633, in __aenter__
    return await self
  File "/home/chase/mobileraker-env/lib/python3.8/site-packages/websockets/legacy/client.py", line 650, in __await_impl_timeout__
    return await asyncio.wait_for(self.__await_impl__(), self.open_timeout)
  File "/usr/lib/python3.8/asyncio/tasks.py", line 494, in wait_for
    return fut.result()
  File "/home/chase/mobileraker-env/lib/python3.8/site-packages/websockets/legacy/client.py", line 654, in __await_impl__
    transport, protocol = await self._create_connection()
  File "/usr/lib/python3.8/asyncio/base_events.py", line 1025, in create_connection
    raise exceptions[0]
  File "/usr/lib/python3.8/asyncio/base_events.py", line 1010, in create_connection
    sock = await self._connect_sock(
  File "/usr/lib/python3.8/asyncio/base_events.py", line 924, in _connect_sock
    await self.sock_connect(sock, address)
  File "/usr/lib/python3.8/asyncio/selector_events.py", line 496, in sock_connect
    return await fut
  File "/usr/lib/python3.8/asyncio/selector_events.py", line 501, in _sock_connect
    sock.connect(address)
OSError: [Errno 101] Network is unreachable
2026-08-28 20:40:10,728 websockets.client INFO - ! connect failed again; retrying in 60 seconds
Traceback (most recent call last):
  File "/home/chase/mobileraker-env/lib/python3.8/site-packages/websockets/legacy/client.py", line 598, in __aiter__
    async with self as protocol:
  File "/home/chase/mobileraker-env/lib/python3.8/site-packages/websockets/legacy/client.py", line 633, in __aenter__
    return await self
  File "/home/chase/mobileraker-env/lib/python3.8/site-packages/websockets/legacy/client.py", line 650, in __await_impl_timeout__
    return await asyncio.wait_for(self.__await_impl__(), self.open_timeout)
  File "/usr/lib/python3.8/asyncio/tasks.py", line 494, in wait_for
    return fut.result()
  File "/home/chase/mobileraker-env/lib/python3.8/site-packages/websockets/legacy/client.py", line 654, in __await_impl__
    transport, protocol = await self._create_connection()
  File "/usr/lib/python3.8/asyncio/base_events.py", line 1025, in create_connection
    raise exceptions[0]
  File "/usr/lib/python3.8/asyncio/base_events.py", line 1010, in create_connection
    sock = await self._connect_sock(
  File "/usr/lib/python3.8/asyncio/base_events.py", line 924, in _connect_sock
    await self.sock_connect(sock, address)
  File "/usr/lib/python3.8/asyncio/selector_events.py", line 496, in sock_connect
    return await fut
  File "/usr/lib/python3.8/asyncio/selector_events.py", line 501, in _sock_connect
    sock.connect(address)
OSError: [Errno 101] Network is unreachable
2026-08-28 20:41:10,792 websockets.client INFO - ! connect failed again; retrying in 60 seconds
Traceback (most recent call last):
  File "/home/chase/mobileraker-env/lib/python3.8/site-packages/websockets/legacy/client.py", line 598, in __aiter__
    async with self as protocol:
  File "/home/chase/mobileraker-env/lib/python3.8/site-packages/websockets/legacy/client.py", line 633, in __aenter__
    return await self
  File "/home/chase/mobileraker-env/lib/python3.8/site-packages/websockets/legacy/client.py", line 650, in __await_impl_timeout__
    return await asyncio.wait_for(self.__await_impl__(), self.open_timeout)
  File "/usr/lib/python3.8/asyncio/tasks.py", line 494, in wait_for
    return fut.result()
  File "/home/chase/mobileraker-env/lib/python3.8/site-packages/websockets/legacy/client.py", line 654, in __await_impl__
    transport, protocol = await self._create_connection()
  File "/usr/lib/python3.8/asyncio/base_events.py", line 1025, in create_connection
    raise exceptions[0]
  File "/usr/lib/python3.8/asyncio/base_events.py", line 1010, in create_connection
    sock = await self._connect_sock(
  File "/usr/lib/python3.8/asyncio/base_events.py", line 924, in _connect_sock
    await self.sock_connect(sock, address)
  File "/usr/lib/python3.8/asyncio/selector_events.py", line 496, in sock_connect
    return await fut
  File "/usr/lib/python3.8/asyncio/selector_events.py", line 501, in _sock_connect
    sock.connect(address)
OSError: [Errno 101] Network is unreachable
2026-08-28 20:42:10,811 websockets.client INFO - ! connect failed again; retrying in 60 seconds
Traceback (most recent call last):
  File "/home/chase/mobileraker-env/lib/python3.8/site-packages/websockets/legacy/client.py", line 598, in __aiter__
    async with self as protocol:
  File "/home/chase/mobileraker-env/lib/python3.8/site-packages/websockets/legacy/client.py", line 633, in __aenter__
    return await self
  File "/home/chase/mobileraker-env/lib/python3.8/site-packages/websockets/legacy/client.py", line 650, in __await_impl_timeout__
    return await asyncio.wait_for(self.__await_impl__(), self.open_timeout)
  File "/usr/lib/python3.8/asyncio/tasks.py", line 494, in wait_for
    return fut.result()
  File "/home/chase/mobileraker-env/lib/python3.8/site-packages/websockets/legacy/client.py", line 654, in __await_impl__
    transport, protocol = await self._create_connection()
  File "/usr/lib/python3.8/asyncio/base_events.py", line 1025, in create_connection
    raise exceptions[0]
  File "/usr/lib/python3.8/asyncio/base_events.py", line 1010, in create_connection
    sock = await self._connect_sock(
  File "/usr/lib/python3.8/asyncio/base_events.py", line 924, in _connect_sock
    await self.sock_connect(sock, address)
  File "/usr/lib/python3.8/asyncio/selector_events.py", line 496, in sock_connect
    return await fut
  File "/usr/lib/python3.8/asyncio/selector_events.py", line 501, in _sock_connect
    sock.connect(address)
OSError: [Errno 101] Network is unreachable
2026-08-28 20:43:10,877 websockets.client INFO - ! connect failed again; retrying in 60 seconds
Traceback (most recent call last):
  File "/home/chase/mobileraker-env/lib/python3.8/site-packages/websockets/legacy/client.py", line 598, in __aiter__
    async with self as protocol:
  File "/home/chase/mobileraker-env/lib/python3.8/site-packages/websockets/legacy/client.py", line 633, in __aenter__
    return await self
  File "/home/chase/mobileraker-env/lib/python3.8/site-packages/websockets/legacy/client.py", line 650, in __await_impl_timeout__
    return await asyncio.wait_for(self.__await_impl__(), self.open_timeout)
  File "/usr/lib/python3.8/asyncio/tasks.py", line 494, in wait_for
    return fut.result()
  File "/home/chase/mobileraker-env/lib/python3.8/site-packages/websockets/legacy/client.py", line 654, in __await_impl__
    transport, protocol = await self._create_connection()
  File "/usr/lib/python3.8/asyncio/base_events.py", line 1025, in create_connection
    raise exceptions[0]
  File "/usr/lib/python3.8/asyncio/base_events.py", line 1010, in create_connection
    sock = await self._connect_sock(
  File "/usr/lib/python3.8/asyncio/base_events.py", line 924, in _connect_sock
    await self.sock_connect(sock, address)
  File "/usr/lib/python3.8/asyncio/selector_events.py", line 496, in sock_connect
    return await fut
  File "/usr/lib/python3.8/asyncio/selector_events.py", line 501, in _sock_connect
    sock.connect(address)
OSError: [Errno 101] Network is unreachable
2026-08-28 20:44:10,942 websockets.client INFO - ! connect failed again; retrying in 60 seconds
Traceback (most recent call last):
  File "/home/chase/mobileraker-env/lib/python3.8/site-packages/websockets/legacy/client.py", line 598, in __aiter__
    async with self as protocol:
  File "/home/chase/mobileraker-env/lib/python3.8/site-packages/websockets/legacy/client.py", line 633, in __aenter__
    return await self
  File "/home/chase/mobileraker-env/lib/python3.8/site-packages/websockets/legacy/client.py", line 650, in __await_impl_timeout__
    return await asyncio.wait_for(self.__await_impl__(), self.open_timeout)
  File "/usr/lib/python3.8/asyncio/tasks.py", line 494, in wait_for
    return fut.result()
  File "/home/chase/mobileraker-env/lib/python3.8/site-packages/websockets/legacy/client.py", line 654, in __await_impl__
    transport, protocol = await self._create_connection()
  File "/usr/lib/python3.8/asyncio/base_events.py", line 1025, in create_connection
    raise exceptions[0]
  File "/usr/lib/python3.8/asyncio/base_events.py", line 1010, in create_connection
    sock = await self._connect_sock(
  File "/usr/lib/python3.8/asyncio/base_events.py", line 924, in _connect_sock
    await self.sock_connect(sock, address)
  File "/usr/lib/python3.8/asyncio/selector_events.py", line 496, in sock_connect
    return await fut
  File "/usr/lib/python3.8/asyncio/selector_events.py", line 501, in _sock_connect
    sock.connect(address)
OSError: [Errno 101] Network is unreachable
2026-08-28 20:45:11,004 websockets.client INFO - ! connect failed again; retrying in 60 seconds
Traceback (most recent call last):
  File "/home/chase/mobileraker-env/lib/python3.8/site-packages/websockets/legacy/client.py", line 598, in __aiter__
    async with self as protocol:
  File "/home/chase/mobileraker-env/lib/python3.8/site-packages/websockets/legacy/client.py", line 633, in __aenter__
    return await self
  File "/home/chase/mobileraker-env/lib/python3.8/site-packages/websockets/legacy/client.py", line 650, in __await_impl_timeout__
    return await asyncio.wait_for(self.__await_impl__(), self.open_timeout)
  File "/usr/lib/python3.8/asyncio/tasks.py", line 494, in wait_for
    return fut.result()
  File "/home/chase/mobileraker-env/lib/python3.8/site-packages/websockets/legacy/client.py", line 654, in __await_impl__
    transport, protocol = await self._create_connection()
  File "/usr/lib/python3.8/asyncio/base_events.py", line 1025, in create_connection
    raise exceptions[0]
  File "/usr/lib/python3.8/asyncio/base_events.py", line 1010, in create_connection
    sock = await self._connect_sock(
  File "/usr/lib/python3.8/asyncio/base_events.py", line 924, in _connect_sock
    await self.sock_connect(sock, address)
  File "/usr/lib/python3.8/asyncio/selector_events.py", line 496, in sock_connect
    return await fut
  File "/usr/lib/python3.8/asyncio/selector_events.py", line 501, in _sock_connect
    sock.connect(address)
OSError: [Errno 101] Network is unreachable
2026-08-28 20:46:11,070 websockets.client INFO - ! connect failed again; retrying in 60 seconds
Traceback (most recent call last):
  File "/home/chase/mobileraker-env/lib/python3.8/site-packages/websockets/legacy/client.py", line 598, in __aiter__
    async with self as protocol:
  File "/home/chase/mobileraker-env/lib/python3.8/site-packages/websockets/legacy/client.py", line 633, in __aenter__
    return await self
  File "/home/chase/mobileraker-env/lib/python3.8/site-packages/websockets/legacy/client.py", line 650, in __await_impl_timeout__
    return await asyncio.wait_for(self.__await_impl__(), self.open_timeout)
  File "/usr/lib/python3.8/asyncio/tasks.py", line 494, in wait_for
    return fut.result()
  File "/home/chase/mobileraker-env/lib/python3.8/site-packages/websockets/legacy/client.py", line 654, in __await_impl__
    transport, protocol = await self._create_connection()
  File "/usr/lib/python3.8/asyncio/base_events.py", line 1025, in create_connection
    raise exceptions[0]
  File "/usr/lib/python3.8/asyncio/base_events.py", line 1010, in create_connection
    sock = await self._connect_sock(
  File "/usr/lib/python3.8/asyncio/base_events.py", line 924, in _connect_sock
    await self.sock_connect(sock, address)
  File "/usr/lib/python3.8/asyncio/selector_events.py", line 496, in sock_connect
    return await fut
  File "/usr/lib/python3.8/asyncio/selector_events.py", line 501, in _sock_connect
    sock.connect(address)
OSError: [Errno 101] Network is unreachable
2026-08-28 20:47:11,135 websockets.client INFO - ! connect failed again; retrying in 60 seconds
Traceback (most recent call last):
  File "/home/chase/mobileraker-env/lib/python3.8/site-packages/websockets/legacy/client.py", line 598, in __aiter__
    async with self as protocol:
  File "/home/chase/mobileraker-env/lib/python3.8/site-packages/websockets/legacy/client.py", line 633, in __aenter__
    return await self
  File "/home/chase/mobileraker-env/lib/python3.8/site-packages/websockets/legacy/client.py", line 650, in __await_impl_timeout__
    return await asyncio.wait_for(self.__await_impl__(), self.open_timeout)
  File "/usr/lib/python3.8/asyncio/tasks.py", line 494, in wait_for
    return fut.result()
  File "/home/chase/mobileraker-env/lib/python3.8/site-packages/websockets/legacy/client.py", line 654, in __await_impl__
    transport, protocol = await self._create_connection()
  File "/usr/lib/python3.8/asyncio/base_events.py", line 1025, in create_connection
    raise exceptions[0]
  File "/usr/lib/python3.8/asyncio/base_events.py", line 1010, in create_connection
    sock = await self._connect_sock(
  File "/usr/lib/python3.8/asyncio/base_events.py", line 924, in _connect_sock
    await self.sock_connect(sock, address)
  File "/usr/lib/python3.8/asyncio/selector_events.py", line 496, in sock_connect
    return await fut
  File "/usr/lib/python3.8/asyncio/selector_events.py", line 501, in _sock_connect
    sock.connect(address)
OSError: [Errno 101] Network is unreachable
2026-08-28 20:48:11,200 websockets.client INFO - ! connect failed again; retrying in 60 seconds
Traceback (most recent call last):
  File "/home/chase/mobileraker-env/lib/python3.8/site-packages/websockets/legacy/client.py", line 598, in __aiter__
    async with self as protocol:
  File "/home/chase/mobileraker-env/lib/python3.8/site-packages/websockets/legacy/client.py", line 633, in __aenter__
    return await self
  File "/home/chase/mobileraker-env/lib/python3.8/site-packages/websockets/legacy/client.py", line 650, in __await_impl_timeout__
    return await asyncio.wait_for(self.__await_impl__(), self.open_timeout)
  File "/usr/lib/python3.8/asyncio/tasks.py", line 494, in wait_for
    return fut.result()
  File "/home/chase/mobileraker-env/lib/python3.8/site-packages/websockets/legacy/client.py", line 654, in __await_impl__
    transport, protocol = await self._create_connection()
  File "/usr/lib/python3.8/asyncio/base_events.py", line 1025, in create_connection
    raise exceptions[0]
  File "/usr/lib/python3.8/asyncio/base_events.py", line 1010, in create_connection
    sock = await self._connect_sock(
  File "/usr/lib/python3.8/asyncio/base_events.py", line 924, in _connect_sock
    await self.sock_connect(sock, address)
  File "/usr/lib/python3.8/asyncio/selector_events.py", line 496, in sock_connect
    return await fut
  File "/usr/lib/python3.8/asyncio/selector_events.py", line 501, in _sock_connect
    sock.connect(address)
OSError: [Errno 101] Network is unreachable
2026-08-28 20:49:11,265 websockets.client INFO - ! connect failed again; retrying in 60 seconds
Traceback (most recent call last):
  File "/home/chase/mobileraker-env/lib/python3.8/site-packages/websockets/legacy/client.py", line 598, in __aiter__
    async with self as protocol:
  File "/home/chase/mobileraker-env/lib/python3.8/site-packages/websockets/legacy/client.py", line 633, in __aenter__
    return await self
  File "/home/chase/mobileraker-env/lib/python3.8/site-packages/websockets/legacy/client.py", line 650, in __await_impl_timeout__
    return await asyncio.wait_for(self.__await_impl__(), self.open_timeout)
  File "/usr/lib/python3.8/asyncio/tasks.py", line 494, in wait_for
    return fut.result()
  File "/home/chase/mobileraker-env/lib/python3.8/site-packages/websockets/legacy/client.py", line 654, in __await_impl__
    transport, protocol = await self._create_connection()
  File "/usr/lib/python3.8/asyncio/base_events.py", line 1025, in create_connection
    raise exceptions[0]
  File "/usr/lib/python3.8/asyncio/base_events.py", line 1010, in create_connection
    sock = await self._connect_sock(
  File "/usr/lib/python3.8/asyncio/base_events.py", line 924, in _connect_sock
    await self.sock_connect(sock, address)
  File "/usr/lib/python3.8/asyncio/selector_events.py", line 496, in sock_connect
    return await fut
  File "/usr/lib/python3.8/asyncio/selector_events.py", line 501, in _sock_connect
    sock.connect(address)
OSError: [Errno 101] Network is unreachable
2026-08-28 20:50:11,328 websockets.client INFO - ! connect failed again; retrying in 60 seconds
Traceback (most recent call last):
  File "/home/chase/mobileraker-env/lib/python3.8/site-packages/websockets/legacy/client.py", line 598, in __aiter__
    async with self as protocol:
  File "/home/chase/mobileraker-env/lib/python3.8/site-packages/websockets/legacy/client.py", line 633, in __aenter__
    return await self
  File "/home/chase/mobileraker-env/lib/python3.8/site-packages/websockets/legacy/client.py", line 650, in __await_impl_timeout__
    return await asyncio.wait_for(self.__await_impl__(), self.open_timeout)
  File "/usr/lib/python3.8/asyncio/tasks.py", line 494, in wait_for
    return fut.result()
  File "/home/chase/mobileraker-env/lib/python3.8/site-packages/websockets/legacy/client.py", line 654, in __await_impl__
    transport, protocol = await self._create_connection()
  File "/usr/lib/python3.8/asyncio/base_events.py", line 1025, in create_connection
    raise exceptions[0]
  File "/usr/lib/python3.8/asyncio/base_events.py", line 1010, in create_connection
    sock = await self._connect_sock(
  File "/usr/lib/python3.8/asyncio/base_events.py", line 924, in _connect_sock
    await self.sock_connect(sock, address)
  File "/usr/lib/python3.8/asyncio/selector_events.py", line 496, in sock_connect
    return await fut
  File "/usr/lib/python3.8/asyncio/selector_events.py", line 501, in _sock_connect
    sock.connect(address)
OSError: [Errno 101] Network is unreachable
2026-08-28 20:51:11,387 websockets.client INFO - ! connect failed again; retrying in 60 seconds
Traceback (most recent call last):
  File "/home/chase/mobileraker-env/lib/python3.8/site-packages/websockets/legacy/client.py", line 598, in __aiter__
    async with self as protocol:
  File "/home/chase/mobileraker-env/lib/python3.8/site-packages/websockets/legacy/client.py", line 633, in __aenter__
    return await self
  File "/home/chase/mobileraker-env/lib/python3.8/site-packages/websockets/legacy/client.py", line 650, in __await_impl_timeout__
    return await asyncio.wait_for(self.__await_impl__(), self.open_timeout)
  File "/usr/lib/python3.8/asyncio/tasks.py", line 494, in wait_for
    return fut.result()
  File "/home/chase/mobileraker-env/lib/python3.8/site-packages/websockets/legacy/client.py", line 654, in __await_impl__
    transport, protocol = await self._create_connection()
  File "/usr/lib/python3.8/asyncio/base_events.py", line 1025, in create_connection
    raise exceptions[0]
  File "/usr/lib/python3.8/asyncio/base_events.py", line 1010, in create_connection
    sock = await self._connect_sock(
  File "/usr/lib/python3.8/asyncio/base_events.py", line 924, in _connect_sock
    await self.sock_connect(sock, address)
  File "/usr/lib/python3.8/asyncio/selector_events.py", line 496, in sock_connect
    return await fut
  File "/usr/lib/python3.8/asyncio/selector_events.py", line 501, in _sock_connect
    sock.connect(address)
OSError: [Errno 101] Network is unreachable
2026-08-28 20:52:11,440 websockets.client INFO - ! connect failed again; retrying in 60 seconds
Traceback (most recent call last):
  File "/home/chase/mobileraker-env/lib/python3.8/site-packages/websockets/legacy/client.py", line 598, in __aiter__
    async with self as protocol:
  File "/home/chase/mobileraker-env/lib/python3.8/site-packages/websockets/legacy/client.py", line 633, in __aenter__
    return await self
  File "/home/chase/mobileraker-env/lib/python3.8/site-packages/websockets/legacy/client.py", line 650, in __await_impl_timeout__
    return await asyncio.wait_for(self.__await_impl__(), self.open_timeout)
  File "/usr/lib/python3.8/asyncio/tasks.py", line 494, in wait_for
    return fut.result()
  File "/home/chase/mobileraker-env/lib/python3.8/site-packages/websockets/legacy/client.py", line 654, in __await_impl__
    transport, protocol = await self._create_connection()
  File "/usr/lib/python3.8/asyncio/base_events.py", line 1025, in create_connection
    raise exceptions[0]
  File "/usr/lib/python3.8/asyncio/base_events.py", line 1010, in create_connection
    sock = await self._connect_sock(
  File "/usr/lib/python3.8/asyncio/base_events.py", line 924, in _connect_sock
    await self.sock_connect(sock, address)
  File "/usr/lib/python3.8/asyncio/selector_events.py", line 496, in sock_connect
    return await fut
  File "/usr/lib/python3.8/asyncio/selector_events.py", line 501, in _sock_connect
    sock.connect(address)
OSError: [Errno 101] Network is unreachable
2026-08-28 20:53:11,486 websockets.client INFO - ! connect failed again; retrying in 60 seconds
Traceback (most recent call last):
  File "/home/chase/mobileraker-env/lib/python3.8/site-packages/websockets/legacy/client.py", line 598, in __aiter__
    async with self as protocol:
  File "/home/chase/mobileraker-env/lib/python3.8/site-packages/websockets/legacy/client.py", line 633, in __aenter__
    return await self
  File "/home/chase/mobileraker-env/lib/python3.8/site-packages/websockets/legacy/client.py", line 650, in __await_impl_timeout__
    return await asyncio.wait_for(self.__await_impl__(), self.open_timeout)
  File "/usr/lib/python3.8/asyncio/tasks.py", line 494, in wait_for
    return fut.result()
  File "/home/chase/mobileraker-env/lib/python3.8/site-packages/websockets/legacy/client.py", line 654, in __await_impl__
    transport, protocol = await self._create_connection()
  File "/usr/lib/python3.8/asyncio/base_events.py", line 1025, in create_connection
    raise exceptions[0]
  File "/usr/lib/python3.8/asyncio/base_events.py", line 1010, in create_connection
    sock = await self._connect_sock(
  File "/usr/lib/python3.8/asyncio/base_events.py", line 924, in _connect_sock
    await self.sock_connect(sock, address)
  File "/usr/lib/python3.8/asyncio/selector_events.py", line 496, in sock_connect
    return await fut
  File "/usr/lib/python3.8/asyncio/selector_events.py", line 501, in _sock_connect
    sock.connect(address)
OSError: [Errno 101] Network is unreachable
2026-08-28 20:54:11,552 websockets.client INFO - ! connect failed again; retrying in 60 seconds
Traceback (most recent call last):
  File "/home/chase/mobileraker-env/lib/python3.8/site-packages/websockets/legacy/client.py", line 598, in __aiter__
    async with self as protocol:
  File "/home/chase/mobileraker-env/lib/python3.8/site-packages/websockets/legacy/client.py", line 633, in __aenter__
    return await self
  File "/home/chase/mobileraker-env/lib/python3.8/site-packages/websockets/legacy/client.py", line 650, in __await_impl_timeout__
    return await asyncio.wait_for(self.__await_impl__(), self.open_timeout)
  File "/usr/lib/python3.8/asyncio/tasks.py", line 494, in wait_for
    return fut.result()
  File "/home/chase/mobileraker-env/lib/python3.8/site-packages/websockets/legacy/client.py", line 654, in __await_impl__
    transport, protocol = await self._create_connection()
  File "/usr/lib/python3.8/asyncio/base_events.py", line 1025, in create_connection
    raise exceptions[0]
  File "/usr/lib/python3.8/asyncio/base_events.py", line 1010, in create_connection
    sock = await self._connect_sock(
  File "/usr/lib/python3.8/asyncio/base_events.py", line 924, in _connect_sock
    await self.sock_connect(sock, address)
  File "/usr/lib/python3.8/asyncio/selector_events.py", line 496, in sock_connect
    return await fut
  File "/usr/lib/python3.8/asyncio/selector_events.py", line 501, in _sock_connect
    sock.connect(address)
OSError: [Errno 101] Network is unreachable
2026-08-28 20:55:11,616 websockets.client INFO - ! connect failed again; retrying in 60 seconds
Traceback (most recent call last):
  File "/home/chase/mobileraker-env/lib/python3.8/site-packages/websockets/legacy/client.py", line 598, in __aiter__
    async with self as protocol:
  File "/home/chase/mobileraker-env/lib/python3.8/site-packages/websockets/legacy/client.py", line 633, in __aenter__
    return await self
  File "/home/chase/mobileraker-env/lib/python3.8/site-packages/websockets/legacy/client.py", line 650, in __await_impl_timeout__
    return await asyncio.wait_for(self.__await_impl__(), self.open_timeout)
  File "/usr/lib/python3.8/asyncio/tasks.py", line 494, in wait_for
    return fut.result()
  File "/home/chase/mobileraker-env/lib/python3.8/site-packages/websockets/legacy/client.py", line 654, in __await_impl__
    transport, protocol = await self._create_connection()
  File "/usr/lib/python3.8/asyncio/base_events.py", line 1025, in create_connection
    raise exceptions[0]
  File "/usr/lib/python3.8/asyncio/base_events.py", line 1010, in create_connection
    sock = await self._connect_sock(
  File "/usr/lib/python3.8/asyncio/base_events.py", line 924, in _connect_sock
    await self.sock_connect(sock, address)
  File "/usr/lib/python3.8/asyncio/selector_events.py", line 496, in sock_connect
    return await fut
  File "/usr/lib/python3.8/asyncio/selector_events.py", line 501, in _sock_connect
    sock.connect(address)
OSError: [Errno 101] Network is unreachable
2026-08-28 20:56:11,680 websockets.client INFO - ! connect failed again; retrying in 60 seconds
Traceback (most recent call last):
  File "/home/chase/mobileraker-env/lib/python3.8/site-packages/websockets/legacy/client.py", line 598, in __aiter__
    async with self as protocol:
  File "/home/chase/mobileraker-env/lib/python3.8/site-packages/websockets/legacy/client.py", line 633, in __aenter__
    return await self
  File "/home/chase/mobileraker-env/lib/python3.8/site-packages/websockets/legacy/client.py", line 650, in __await_impl_timeout__
    return await asyncio.wait_for(self.__await_impl__(), self.open_timeout)
  File "/usr/lib/python3.8/asyncio/tasks.py", line 494, in wait_for
    return fut.result()
  File "/home/chase/mobileraker-env/lib/python3.8/site-packages/websockets/legacy/client.py", line 654, in __await_impl__
    transport, protocol = await self._create_connection()
  File "/usr/lib/python3.8/asyncio/base_events.py", line 1025, in create_connection
    raise exceptions[0]
  File "/usr/lib/python3.8/asyncio/base_events.py", line 1010, in create_connection
    sock = await self._connect_sock(
  File "/usr/lib/python3.8/asyncio/base_events.py", line 924, in _connect_sock
    await self.sock_connect(sock, address)
  File "/usr/lib/python3.8/asyncio/selector_events.py", line 496, in sock_connect
    return await fut
  File "/usr/lib/python3.8/asyncio/selector_events.py", line 501, in _sock_connect
    sock.connect(address)
OSError: [Errno 101] Network is unreachable
2026-08-28 20:57:11,744 websockets.client INFO - ! connect failed again; retrying in 60 seconds
Traceback (most recent call last):
  File "/home/chase/mobileraker-env/lib/python3.8/site-packages/websockets/legacy/client.py", line 598, in __aiter__
    async with self as protocol:
  File "/home/chase/mobileraker-env/lib/python3.8/site-packages/websockets/legacy/client.py", line 633, in __aenter__
    return await self
  File "/home/chase/mobileraker-env/lib/python3.8/site-packages/websockets/legacy/client.py", line 650, in __await_impl_timeout__
    return await asyncio.wait_for(self.__await_impl__(), self.open_timeout)
  File "/usr/lib/python3.8/asyncio/tasks.py", line 494, in wait_for
    return fut.result()
  File "/home/chase/mobileraker-env/lib/python3.8/site-packages/websockets/legacy/client.py", line 654, in __await_impl__
    transport, protocol = await self._create_connection()
  File "/usr/lib/python3.8/asyncio/base_events.py", line 1025, in create_connection
    raise exceptions[0]
  File "/usr/lib/python3.8/asyncio/base_events.py", line 1010, in create_connection
    sock = await self._connect_sock(
  File "/usr/lib/python3.8/asyncio/base_events.py", line 924, in _connect_sock
    await self.sock_connect(sock, address)
  File "/usr/lib/python3.8/asyncio/selector_events.py", line 496, in sock_connect
    return await fut
  File "/usr/lib/python3.8/asyncio/selector_events.py", line 501, in _sock_connect
    sock.connect(address)
OSError: [Errno 101] Network is unreachable
2026-08-28 20:58:11,803 websockets.client INFO - ! connect failed again; retrying in 60 seconds
Traceback (most recent call last):
  File "/home/chase/mobileraker-env/lib/python3.8/site-packages/websockets/legacy/client.py", line 598, in __aiter__
    async with self as protocol:
  File "/home/chase/mobileraker-env/lib/python3.8/site-packages/websockets/legacy/client.py", line 633, in __aenter__
    return await self
  File "/home/chase/mobileraker-env/lib/python3.8/site-packages/websockets/legacy/client.py", line 650, in __await_impl_timeout__
    return await asyncio.wait_for(self.__await_impl__(), self.open_timeout)
  File "/usr/lib/python3.8/asyncio/tasks.py", line 494, in wait_for
    return fut.result()
  File "/home/chase/mobileraker-env/lib/python3.8/site-packages/websockets/legacy/client.py", line 654, in __await_impl__
    transport, protocol = await self._create_connection()
  File "/usr/lib/python3.8/asyncio/base_events.py", line 1025, in create_connection
    raise exceptions[0]
  File "/usr/lib/python3.8/asyncio/base_events.py", line 1010, in create_connection
    sock = await self._connect_sock(
  File "/usr/lib/python3.8/asyncio/base_events.py", line 924, in _connect_sock
    await self.sock_connect(sock, address)
  File "/usr/lib/python3.8/asyncio/selector_events.py", line 496, in sock_connect
    return await fut
  File "/usr/lib/python3.8/asyncio/selector_events.py", line 501, in _sock_connect
    sock.connect(address)
OSError: [Errno 101] Network is unreachable
2026-08-28 20:59:11,813 websockets.client INFO - ! connect failed again; retrying in 60 seconds
Traceback (most recent call last):
  File "/home/chase/mobileraker-env/lib/python3.8/site-packages/websockets/legacy/client.py", line 598, in __aiter__
    async with self as protocol:
  File "/home/chase/mobileraker-env/lib/python3.8/site-packages/websockets/legacy/client.py", line 633, in __aenter__
    return await self
  File "/home/chase/mobileraker-env/lib/python3.8/site-packages/websockets/legacy/client.py", line 650, in __await_impl_timeout__
    return await asyncio.wait_for(self.__await_impl__(), self.open_timeout)
  File "/usr/lib/python3.8/asyncio/tasks.py", line 494, in wait_for
    return fut.result()
  File "/home/chase/mobileraker-env/lib/python3.8/site-packages/websockets/legacy/client.py", line 654, in __await_impl__
    transport, protocol = await self._create_connection()
  File "/usr/lib/python3.8/asyncio/base_events.py", line 1025, in create_connection
    raise exceptions[0]
  File "/usr/lib/python3.8/asyncio/base_events.py", line 1010, in create_connection
    sock = await self._connect_sock(
  File "/usr/lib/python3.8/asyncio/base_events.py", line 924, in _connect_sock
    await self.sock_connect(sock, address)
  File "/usr/lib/python3.8/asyncio/selector_events.py", line 496, in sock_connect
    return await fut
  File "/usr/lib/python3.8/asyncio/selector_events.py", line 501, in _sock_connect
    sock.connect(address)
OSError: [Errno 101] Network is unreachable
2026-08-28 21:00:11,863 websockets.client INFO - ! connect failed again; retrying in 60 seconds
Traceback (most recent call last):
  File "/home/chase/mobileraker-env/lib/python3.8/site-packages/websockets/legacy/client.py", line 598, in __aiter__
    async with self as protocol:
  File "/home/chase/mobileraker-env/lib/python3.8/site-packages/websockets/legacy/client.py", line 633, in __aenter__
    return await self
  File "/home/chase/mobileraker-env/lib/python3.8/site-packages/websockets/legacy/client.py", line 650, in __await_impl_timeout__
    return await asyncio.wait_for(self.__await_impl__(), self.open_timeout)
  File "/usr/lib/python3.8/asyncio/tasks.py", line 494, in wait_for
    return fut.result()
  File "/home/chase/mobileraker-env/lib/python3.8/site-packages/websockets/legacy/client.py", line 654, in __await_impl__
    transport, protocol = await self._create_connection()
  File "/usr/lib/python3.8/asyncio/base_events.py", line 1025, in create_connection
    raise exceptions[0]
  File "/usr/lib/python3.8/asyncio/base_events.py", line 1010, in create_connection
    sock = await self._connect_sock(
  File "/usr/lib/python3.8/asyncio/base_events.py", line 924, in _connect_sock
    await self.sock_connect(sock, address)
  File "/usr/lib/python3.8/asyncio/selector_events.py", line 496, in sock_connect
    return await fut
  File "/usr/lib/python3.8/asyncio/selector_events.py", line 501, in _sock_connect
    sock.connect(address)
OSError: [Errno 101] Network is unreachable
2026-08-28 21:01:11,927 websockets.client INFO - ! connect failed again; retrying in 60 seconds
Traceback (most recent call last):
  File "/home/chase/mobileraker-env/lib/python3.8/site-packages/websockets/legacy/client.py", line 598, in __aiter__
    async with self as protocol:
  File "/home/chase/mobileraker-env/lib/python3.8/site-packages/websockets/legacy/client.py", line 633, in __aenter__
    return await self
  File "/home/chase/mobileraker-env/lib/python3.8/site-packages/websockets/legacy/client.py", line 650, in __await_impl_timeout__
    return await asyncio.wait_for(self.__await_impl__(), self.open_timeout)
  File "/usr/lib/python3.8/asyncio/tasks.py", line 494, in wait_for
    return fut.result()
  File "/home/chase/mobileraker-env/lib/python3.8/site-packages/websockets/legacy/client.py", line 654, in __await_impl__
    transport, protocol = await self._create_connection()
  File "/usr/lib/python3.8/asyncio/base_events.py", line 1025, in create_connection
    raise exceptions[0]
  File "/usr/lib/python3.8/asyncio/base_events.py", line 1010, in create_connection
    sock = await self._connect_sock(
  File "/usr/lib/python3.8/asyncio/base_events.py", line 924, in _connect_sock
    await self.sock_connect(sock, address)
  File "/usr/lib/python3.8/asyncio/selector_events.py", line 496, in sock_connect
    return await fut
  File "/usr/lib/python3.8/asyncio/selector_events.py", line 501, in _sock_connect
    sock.connect(address)
OSError: [Errno 101] Network is unreachable
2026-08-28 21:02:11,988 websockets.client INFO - ! connect failed again; retrying in 60 seconds
Traceback (most recent call last):
  File "/home/chase/mobileraker-env/lib/python3.8/site-packages/websockets/legacy/client.py", line 598, in __aiter__
    async with self as protocol:
  File "/home/chase/mobileraker-env/lib/python3.8/site-packages/websockets/legacy/client.py", line 633, in __aenter__
    return await self
  File "/home/chase/mobileraker-env/lib/python3.8/site-packages/websockets/legacy/client.py", line 650, in __await_impl_timeout__
    return await asyncio.wait_for(self.__await_impl__(), self.open_timeout)
  File "/usr/lib/python3.8/asyncio/tasks.py", line 494, in wait_for
    return fut.result()
  File "/home/chase/mobileraker-env/lib/python3.8/site-packages/websockets/legacy/client.py", line 654, in __await_impl__
    transport, protocol = await self._create_connection()
  File "/usr/lib/python3.8/asyncio/base_events.py", line 1025, in create_connection
    raise exceptions[0]
  File "/usr/lib/python3.8/asyncio/base_events.py", line 1010, in create_connection
    sock = await self._connect_sock(
  File "/usr/lib/python3.8/asyncio/base_events.py", line 924, in _connect_sock
    await self.sock_connect(sock, address)
  File "/usr/lib/python3.8/asyncio/selector_events.py", line 496, in sock_connect
    return await fut
  File "/usr/lib/python3.8/asyncio/selector_events.py", line 501, in _sock_connect
    sock.connect(address)
OSError: [Errno 101] Network is unreachable
2026-08-28 21:03:12,052 websockets.client INFO - ! connect failed again; retrying in 60 seconds
Traceback (most recent call last):
  File "/home/chase/mobileraker-env/lib/python3.8/site-packages/websockets/legacy/client.py", line 598, in __aiter__
    async with self as protocol:
  File "/home/chase/mobileraker-env/lib/python3.8/site-packages/websockets/legacy/client.py", line 633, in __aenter__
    return await self
  File "/home/chase/mobileraker-env/lib/python3.8/site-packages/websockets/legacy/client.py", line 650, in __await_impl_timeout__
    return await asyncio.wait_for(self.__await_impl__(), self.open_timeout)
  File "/usr/lib/python3.8/asyncio/tasks.py", line 494, in wait_for
    return fut.result()
  File "/home/chase/mobileraker-env/lib/python3.8/site-packages/websockets/legacy/client.py", line 654, in __await_impl__
    transport, protocol = await self._create_connection()
  File "/usr/lib/python3.8/asyncio/base_events.py", line 1025, in create_connection
    raise exceptions[0]
  File "/usr/lib/python3.8/asyncio/base_events.py", line 1010, in create_connection
    sock = await self._connect_sock(
  File "/usr/lib/python3.8/asyncio/base_events.py", line 924, in _connect_sock
    await self.sock_connect(sock, address)
  File "/usr/lib/python3.8/asyncio/selector_events.py", line 496, in sock_connect
    return await fut
  File "/usr/lib/python3.8/asyncio/selector_events.py", line 501, in _sock_connect
    sock.connect(address)
OSError: [Errno 101] Network is unreachable
2026-08-28 21:04:12,088 websockets.client INFO - ! connect failed again; retrying in 60 seconds
Traceback (most recent call last):
  File "/home/chase/mobileraker-env/lib/python3.8/site-packages/websockets/legacy/client.py", line 598, in __aiter__
    async with self as protocol:
  File "/home/chase/mobileraker-env/lib/python3.8/site-packages/websockets/legacy/client.py", line 633, in __aenter__
    return await self
  File "/home/chase/mobileraker-env/lib/python3.8/site-packages/websockets/legacy/client.py", line 650, in __await_impl_timeout__
    return await asyncio.wait_for(self.__await_impl__(), self.open_timeout)
  File "/usr/lib/python3.8/asyncio/tasks.py", line 494, in wait_for
    return fut.result()
  File "/home/chase/mobileraker-env/lib/python3.8/site-packages/websockets/legacy/client.py", line 654, in __await_impl__
    transport, protocol = await self._create_connection()
  File "/usr/lib/python3.8/asyncio/base_events.py", line 1025, in create_connection
    raise exceptions[0]
  File "/usr/lib/python3.8/asyncio/base_events.py", line 1010, in create_connection
    sock = await self._connect_sock(
  File "/usr/lib/python3.8/asyncio/base_events.py", line 924, in _connect_sock
    await self.sock_connect(sock, address)
  File "/usr/lib/python3.8/asyncio/selector_events.py", line 496, in sock_connect
    return await fut
  File "/usr/lib/python3.8/asyncio/selector_events.py", line 501, in _sock_connect
    sock.connect(address)
OSError: [Errno 101] Network is unreachable
2026-08-28 21:05:12,107 websockets.client INFO - ! connect failed again; retrying in 60 seconds
Traceback (most recent call last):
  File "/home/chase/mobileraker-env/lib/python3.8/site-packages/websockets/legacy/client.py", line 598, in __aiter__
    async with self as protocol:
  File "/home/chase/mobileraker-env/lib/python3.8/site-packages/websockets/legacy/client.py", line 633, in __aenter__
    return await self
  File "/home/chase/mobileraker-env/lib/python3.8/site-packages/websockets/legacy/client.py", line 650, in __await_impl_timeout__
    return await asyncio.wait_for(self.__await_impl__(), self.open_timeout)
  File "/usr/lib/python3.8/asyncio/tasks.py", line 494, in wait_for
    return fut.result()
  File "/home/chase/mobileraker-env/lib/python3.8/site-packages/websockets/legacy/client.py", line 654, in __await_impl__
    transport, protocol = await self._create_connection()
  File "/usr/lib/python3.8/asyncio/base_events.py", line 1025, in create_connection
    raise exceptions[0]
  File "/usr/lib/python3.8/asyncio/base_events.py", line 1010, in create_connection
    sock = await self._connect_sock(
  File "/usr/lib/python3.8/asyncio/base_events.py", line 924, in _connect_sock
    await self.sock_connect(sock, address)
  File "/usr/lib/python3.8/asyncio/selector_events.py", line 496, in sock_connect
    return await fut
  File "/usr/lib/python3.8/asyncio/selector_events.py", line 501, in _sock_connect
    sock.connect(address)
OSError: [Errno 101] Network is unreachable
2026-08-28 21:06:12,172 websockets.client INFO - ! connect failed again; retrying in 60 seconds
Traceback (most recent call last):
  File "/home/chase/mobileraker-env/lib/python3.8/site-packages/websockets/legacy/client.py", line 598, in __aiter__
    async with self as protocol:
  File "/home/chase/mobileraker-env/lib/python3.8/site-packages/websockets/legacy/client.py", line 633, in __aenter__
    return await self
  File "/home/chase/mobileraker-env/lib/python3.8/site-packages/websockets/legacy/client.py", line 650, in __await_impl_timeout__
    return await asyncio.wait_for(self.__await_impl__(), self.open_timeout)
  File "/usr/lib/python3.8/asyncio/tasks.py", line 494, in wait_for
    return fut.result()
  File "/home/chase/mobileraker-env/lib/python3.8/site-packages/websockets/legacy/client.py", line 654, in __await_impl__
    transport, protocol = await self._create_connection()
  File "/usr/lib/python3.8/asyncio/base_events.py", line 1025, in create_connection
    raise exceptions[0]
  File "/usr/lib/python3.8/asyncio/base_events.py", line 1010, in create_connection
    sock = await self._connect_sock(
  File "/usr/lib/python3.8/asyncio/base_events.py", line 924, in _connect_sock
    await self.sock_connect(sock, address)
  File "/usr/lib/python3.8/asyncio/selector_events.py", line 496, in sock_connect
    return await fut
  File "/usr/lib/python3.8/asyncio/selector_events.py", line 501, in _sock_connect
    sock.connect(address)
OSError: [Errno 101] Network is unreachable
2026-08-28 21:07:12,231 websockets.client INFO - ! connect failed again; retrying in 60 seconds
Traceback (most recent call last):
  File "/home/chase/mobileraker-env/lib/python3.8/site-packages/websockets/legacy/client.py", line 598, in __aiter__
    async with self as protocol:
  File "/home/chase/mobileraker-env/lib/python3.8/site-packages/websockets/legacy/client.py", line 633, in __aenter__
    return await self
  File "/home/chase/mobileraker-env/lib/python3.8/site-packages/websockets/legacy/client.py", line 650, in __await_impl_timeout__
    return await asyncio.wait_for(self.__await_impl__(), self.open_timeout)
  File "/usr/lib/python3.8/asyncio/tasks.py", line 494, in wait_for
    return fut.result()
  File "/home/chase/mobileraker-env/lib/python3.8/site-packages/websockets/legacy/client.py", line 654, in __await_impl__
    transport, protocol = await self._create_connection()
  File "/usr/lib/python3.8/asyncio/base_events.py", line 1025, in create_connection
    raise exceptions[0]
  File "/usr/lib/python3.8/asyncio/base_events.py", line 1010, in create_connection
    sock = await self._connect_sock(
  File "/usr/lib/python3.8/asyncio/base_events.py", line 924, in _connect_sock
    await self.sock_connect(sock, address)
  File "/usr/lib/python3.8/asyncio/selector_events.py", line 496, in sock_connect
    return await fut
  File "/usr/lib/python3.8/asyncio/selector_events.py", line 501, in _sock_connect
    sock.connect(address)
OSError: [Errno 101] Network is unreachable
2026-08-28 21:08:12,287 websockets.client INFO - ! connect failed again; retrying in 60 seconds
Traceback (most recent call last):
  File "/home/chase/mobileraker-env/lib/python3.8/site-packages/websockets/legacy/client.py", line 598, in __aiter__
    async with self as protocol:
  File "/home/chase/mobileraker-env/lib/python3.8/site-packages/websockets/legacy/client.py", line 633, in __aenter__
    return await self
  File "/home/chase/mobileraker-env/lib/python3.8/site-packages/websockets/legacy/client.py", line 650, in __await_impl_timeout__
    return await asyncio.wait_for(self.__await_impl__(), self.open_timeout)
  File "/usr/lib/python3.8/asyncio/tasks.py", line 494, in wait_for
    return fut.result()
  File "/home/chase/mobileraker-env/lib/python3.8/site-packages/websockets/legacy/client.py", line 654, in __await_impl__
    transport, protocol = await self._create_connection()
  File "/usr/lib/python3.8/asyncio/base_events.py", line 1025, in create_connection
    raise exceptions[0]
  File "/usr/lib/python3.8/asyncio/base_events.py", line 1010, in create_connection
    sock = await self._connect_sock(
  File "/usr/lib/python3.8/asyncio/base_events.py", line 924, in _connect_sock
    await self.sock_connect(sock, address)
  File "/usr/lib/python3.8/asyncio/selector_events.py", line 496, in sock_connect
    return await fut
  File "/usr/lib/python3.8/asyncio/selector_events.py", line 501, in _sock_connect
    sock.connect(address)
OSError: [Errno 101] Network is unreachable
2026-08-28 21:09:12,349 websockets.client INFO - ! connect failed again; retrying in 60 seconds
Traceback (most recent call last):
  File "/home/chase/mobileraker-env/lib/python3.8/site-packages/websockets/legacy/client.py", line 598, in __aiter__
    async with self as protocol:
  File "/home/chase/mobileraker-env/lib/python3.8/site-packages/websockets/legacy/client.py", line 633, in __aenter__
    return await self
  File "/home/chase/mobileraker-env/lib/python3.8/site-packages/websockets/legacy/client.py", line 650, in __await_impl_timeout__
    return await asyncio.wait_for(self.__await_impl__(), self.open_timeout)
  File "/usr/lib/python3.8/asyncio/tasks.py", line 494, in wait_for
    return fut.result()
  File "/home/chase/mobileraker-env/lib/python3.8/site-packages/websockets/legacy/client.py", line 654, in __await_impl__
    transport, protocol = await self._create_connection()
  File "/usr/lib/python3.8/asyncio/base_events.py", line 1025, in create_connection
    raise exceptions[0]
  File "/usr/lib/python3.8/asyncio/base_events.py", line 1010, in create_connection
    sock = await self._connect_sock(
  File "/usr/lib/python3.8/asyncio/base_events.py", line 924, in _connect_sock
    await self.sock_connect(sock, address)
  File "/usr/lib/python3.8/asyncio/selector_events.py", line 496, in sock_connect
    return await fut
  File "/usr/lib/python3.8/asyncio/selector_events.py", line 501, in _sock_connect
    sock.connect(address)
OSError: [Errno 101] Network is unreachable
2026-08-28 21:10:12,412 websockets.client INFO - ! connect failed again; retrying in 60 seconds
Traceback (most recent call last):
  File "/home/chase/mobileraker-env/lib/python3.8/site-packages/websockets/legacy/client.py", line 598, in __aiter__
    async with self as protocol:
  File "/home/chase/mobileraker-env/lib/python3.8/site-packages/websockets/legacy/client.py", line 633, in __aenter__
    return await self
  File "/home/chase/mobileraker-env/lib/python3.8/site-packages/websockets/legacy/client.py", line 650, in __await_impl_timeout__
    return await asyncio.wait_for(self.__await_impl__(), self.open_timeout)
  File "/usr/lib/python3.8/asyncio/tasks.py", line 494, in wait_for
    return fut.result()
  File "/home/chase/mobileraker-env/lib/python3.8/site-packages/websockets/legacy/client.py", line 654, in __await_impl__
    transport, protocol = await self._create_connection()
  File "/usr/lib/python3.8/asyncio/base_events.py", line 1025, in create_connection
    raise exceptions[0]
  File "/usr/lib/python3.8/asyncio/base_events.py", line 1010, in create_connection
    sock = await self._connect_sock(
  File "/usr/lib/python3.8/asyncio/base_events.py", line 924, in _connect_sock
    await self.sock_connect(sock, address)
  File "/usr/lib/python3.8/asyncio/selector_events.py", line 496, in sock_connect
    return await fut
  File "/usr/lib/python3.8/asyncio/selector_events.py", line 501, in _sock_connect
    sock.connect(address)
OSError: [Errno 101] Network is unreachable
2026-08-28 21:11:12,477 websockets.client INFO - ! connect failed again; retrying in 60 seconds
Traceback (most recent call last):
  File "/home/chase/mobileraker-env/lib/python3.8/site-packages/websockets/legacy/client.py", line 598, in __aiter__
    async with self as protocol:
  File "/home/chase/mobileraker-env/lib/python3.8/site-packages/websockets/legacy/client.py", line 633, in __aenter__
    return await self
  File "/home/chase/mobileraker-env/lib/python3.8/site-packages/websockets/legacy/client.py", line 650, in __await_impl_timeout__
    return await asyncio.wait_for(self.__await_impl__(), self.open_timeout)
  File "/usr/lib/python3.8/asyncio/tasks.py", line 494, in wait_for
    return fut.result()
  File "/home/chase/mobileraker-env/lib/python3.8/site-packages/websockets/legacy/client.py", line 654, in __await_impl__
    transport, protocol = await self._create_connection()
  File "/usr/lib/python3.8/asyncio/base_events.py", line 1025, in create_connection
    raise exceptions[0]
  File "/usr/lib/python3.8/asyncio/base_events.py", line 1010, in create_connection
    sock = await self._connect_sock(
  File "/usr/lib/python3.8/asyncio/base_events.py", line 924, in _connect_sock
    await self.sock_connect(sock, address)
  File "/usr/lib/python3.8/asyncio/selector_events.py", line 496, in sock_connect
    return await fut
  File "/usr/lib/python3.8/asyncio/selector_events.py", line 501, in _sock_connect
    sock.connect(address)
OSError: [Errno 101] Network is unreachable
2026-08-28 21:12:12,543 websockets.client INFO - ! connect failed again; retrying in 60 seconds
Traceback (most recent call last):
  File "/home/chase/mobileraker-env/lib/python3.8/site-packages/websockets/legacy/client.py", line 598, in __aiter__
    async with self as protocol:
  File "/home/chase/mobileraker-env/lib/python3.8/site-packages/websockets/legacy/client.py", line 633, in __aenter__
    return await self
  File "/home/chase/mobileraker-env/lib/python3.8/site-packages/websockets/legacy/client.py", line 650, in __await_impl_timeout__
    return await asyncio.wait_for(self.__await_impl__(), self.open_timeout)
  File "/usr/lib/python3.8/asyncio/tasks.py", line 494, in wait_for
    return fut.result()
  File "/home/chase/mobileraker-env/lib/python3.8/site-packages/websockets/legacy/client.py", line 654, in __await_impl__
    transport, protocol = await self._create_connection()
  File "/usr/lib/python3.8/asyncio/base_events.py", line 1025, in create_connection
    raise exceptions[0]
  File "/usr/lib/python3.8/asyncio/base_events.py", line 1010, in create_connection
    sock = await self._connect_sock(
  File "/usr/lib/python3.8/asyncio/base_events.py", line 924, in _connect_sock
    await self.sock_connect(sock, address)
  File "/usr/lib/python3.8/asyncio/selector_events.py", line 496, in sock_connect
    return await fut
  File "/usr/lib/python3.8/asyncio/selector_events.py", line 501, in _sock_connect
    sock.connect(address)
OSError: [Errno 101] Network is unreachable
2026-08-28 21:13:12,608 websockets.client INFO - ! connect failed again; retrying in 60 seconds
Traceback (most recent call last):
  File "/home/chase/mobileraker-env/lib/python3.8/site-packages/websockets/legacy/client.py", line 598, in __aiter__
    async with self as protocol:
  File "/home/chase/mobileraker-env/lib/python3.8/site-packages/websockets/legacy/client.py", line 633, in __aenter__
    return await self
  File "/home/chase/mobileraker-env/lib/python3.8/site-packages/websockets/legacy/client.py", line 650, in __await_impl_timeout__
    return await asyncio.wait_for(self.__await_impl__(), self.open_timeout)
  File "/usr/lib/python3.8/asyncio/tasks.py", line 494, in wait_for
    return fut.result()
  File "/home/chase/mobileraker-env/lib/python3.8/site-packages/websockets/legacy/client.py", line 654, in __await_impl__
    transport, protocol = await self._create_connection()
  File "/usr/lib/python3.8/asyncio/base_events.py", line 1025, in create_connection
    raise exceptions[0]
  File "/usr/lib/python3.8/asyncio/base_events.py", line 1010, in create_connection
    sock = await self._connect_sock(
  File "/usr/lib/python3.8/asyncio/base_events.py", line 924, in _connect_sock
    await self.sock_connect(sock, address)
  File "/usr/lib/python3.8/asyncio/selector_events.py", line 496, in sock_connect
    return await fut
  File "/usr/lib/python3.8/asyncio/selector_events.py", line 501, in _sock_connect
    sock.connect(address)
OSError: [Errno 101] Network is unreachable
2026-08-28 21:14:12,673 websockets.client INFO - ! connect failed again; retrying in 60 seconds
Traceback (most recent call last):
  File "/home/chase/mobileraker-env/lib/python3.8/site-packages/websockets/legacy/client.py", line 598, in __aiter__
    async with self as protocol:
  File "/home/chase/mobileraker-env/lib/python3.8/site-packages/websockets/legacy/client.py", line 633, in __aenter__
    return await self
  File "/home/chase/mobileraker-env/lib/python3.8/site-packages/websockets/legacy/client.py", line 650, in __await_impl_timeout__
    return await asyncio.wait_for(self.__await_impl__(), self.open_timeout)
  File "/usr/lib/python3.8/asyncio/tasks.py", line 494, in wait_for
    return fut.result()
  File "/home/chase/mobileraker-env/lib/python3.8/site-packages/websockets/legacy/client.py", line 654, in __await_impl__
    transport, protocol = await self._create_connection()
  File "/usr/lib/python3.8/asyncio/base_events.py", line 1025, in create_connection
    raise exceptions[0]
  File "/usr/lib/python3.8/asyncio/base_events.py", line 1010, in create_connection
    sock = await self._connect_sock(
  File "/usr/lib/python3.8/asyncio/base_events.py", line 924, in _connect_sock
    await self.sock_connect(sock, address)
  File "/usr/lib/python3.8/asyncio/selector_events.py", line 496, in sock_connect
    return await fut
  File "/usr/lib/python3.8/asyncio/selector_events.py", line 501, in _sock_connect
    sock.connect(address)
OSError: [Errno 101] Network is unreachable
2026-08-28 21:15:12,738 websockets.client INFO - ! connect failed again; retrying in 60 seconds
Traceback (most recent call last):
  File "/home/chase/mobileraker-env/lib/python3.8/site-packages/websockets/legacy/client.py", line 598, in __aiter__
    async with self as protocol:
  File "/home/chase/mobileraker-env/lib/python3.8/site-packages/websockets/legacy/client.py", line 633, in __aenter__
    return await self
  File "/home/chase/mobileraker-env/lib/python3.8/site-packages/websockets/legacy/client.py", line 650, in __await_impl_timeout__
    return await asyncio.wait_for(self.__await_impl__(), self.open_timeout)
  File "/usr/lib/python3.8/asyncio/tasks.py", line 494, in wait_for
    return fut.result()
  File "/home/chase/mobileraker-env/lib/python3.8/site-packages/websockets/legacy/client.py", line 654, in __await_impl__
    transport, protocol = await self._create_connection()
  File "/usr/lib/python3.8/asyncio/base_events.py", line 1025, in create_connection
    raise exceptions[0]
  File "/usr/lib/python3.8/asyncio/base_events.py", line 1010, in create_connection
    sock = await self._connect_sock(
  File "/usr/lib/python3.8/asyncio/base_events.py", line 924, in _connect_sock
    await self.sock_connect(sock, address)
  File "/usr/lib/python3.8/asyncio/selector_events.py", line 496, in sock_connect
    return await fut
  File "/usr/lib/python3.8/asyncio/selector_events.py", line 501, in _sock_connect
    sock.connect(address)
OSError: [Errno 101] Network is unreachable
2026-08-28 21:16:12,790 websockets.client INFO - ! connect failed again; retrying in 60 seconds
Traceback (most recent call last):
  File "/home/chase/mobileraker-env/lib/python3.8/site-packages/websockets/legacy/client.py", line 598, in __aiter__
    async with self as protocol:
  File "/home/chase/mobileraker-env/lib/python3.8/site-packages/websockets/legacy/client.py", line 633, in __aenter__
    return await self
  File "/home/chase/mobileraker-env/lib/python3.8/site-packages/websockets/legacy/client.py", line 650, in __await_impl_timeout__
    return await asyncio.wait_for(self.__await_impl__(), self.open_timeout)
  File "/usr/lib/python3.8/asyncio/tasks.py", line 494, in wait_for
    return fut.result()
  File "/home/chase/mobileraker-env/lib/python3.8/site-packages/websockets/legacy/client.py", line 654, in __await_impl__
    transport, protocol = await self._create_connection()
  File "/usr/lib/python3.8/asyncio/base_events.py", line 1025, in create_connection
    raise exceptions[0]
  File "/usr/lib/python3.8/asyncio/base_events.py", line 1010, in create_connection
    sock = await self._connect_sock(
  File "/usr/lib/python3.8/asyncio/base_events.py", line 924, in _connect_sock
    await self.sock_connect(sock, address)
  File "/usr/lib/python3.8/asyncio/selector_events.py", line 496, in sock_connect
    return await fut
  File "/usr/lib/python3.8/asyncio/selector_events.py", line 501, in _sock_connect
    sock.connect(address)
OSError: [Errno 101] Network is unreachable
2026-08-28 21:17:12,852 websockets.client INFO - ! connect failed again; retrying in 60 seconds
Traceback (most recent call last):
  File "/home/chase/mobileraker-env/lib/python3.8/site-packages/websockets/legacy/client.py", line 598, in __aiter__
    async with self as protocol:
  File "/home/chase/mobileraker-env/lib/python3.8/site-packages/websockets/legacy/client.py", line 633, in __aenter__
    return await self
  File "/home/chase/mobileraker-env/lib/python3.8/site-packages/websockets/legacy/client.py", line 650, in __await_impl_timeout__
    return await asyncio.wait_for(self.__await_impl__(), self.open_timeout)
  File "/usr/lib/python3.8/asyncio/tasks.py", line 494, in wait_for
    return fut.result()
  File "/home/chase/mobileraker-env/lib/python3.8/site-packages/websockets/legacy/client.py", line 654, in __await_impl__
    transport, protocol = await self._create_connection()
  File "/usr/lib/python3.8/asyncio/base_events.py", line 1025, in create_connection
    raise exceptions[0]
  File "/usr/lib/python3.8/asyncio/base_events.py", line 1010, in create_connection
    sock = await self._connect_sock(
  File "/usr/lib/python3.8/asyncio/base_events.py", line 924, in _connect_sock
    await self.sock_connect(sock, address)
  File "/usr/lib/python3.8/asyncio/selector_events.py", line 496, in sock_connect
    return await fut
  File "/usr/lib/python3.8/asyncio/selector_events.py", line 501, in _sock_connect
    sock.connect(address)
OSError: [Errno 101] Network is unreachable
2026-08-28 21:18:12,917 websockets.client INFO - ! connect failed again; retrying in 60 seconds
Traceback (most recent call last):
  File "/home/chase/mobileraker-env/lib/python3.8/site-packages/websockets/legacy/client.py", line 598, in __aiter__
    async with self as protocol:
  File "/home/chase/mobileraker-env/lib/python3.8/site-packages/websockets/legacy/client.py", line 633, in __aenter__
    return await self
  File "/home/chase/mobileraker-env/lib/python3.8/site-packages/websockets/legacy/client.py", line 650, in __await_impl_timeout__
    return await asyncio.wait_for(self.__await_impl__(), self.open_timeout)
  File "/usr/lib/python3.8/asyncio/tasks.py", line 494, in wait_for
    return fut.result()
  File "/home/chase/mobileraker-env/lib/python3.8/site-packages/websockets/legacy/client.py", line 654, in __await_impl__
    transport, protocol = await self._create_connection()
  File "/usr/lib/python3.8/asyncio/base_events.py", line 1025, in create_connection
    raise exceptions[0]
  File "/usr/lib/python3.8/asyncio/base_events.py", line 1010, in create_connection
    sock = await self._connect_sock(
  File "/usr/lib/python3.8/asyncio/base_events.py", line 924, in _connect_sock
    await self.sock_connect(sock, address)
  File "/usr/lib/python3.8/asyncio/selector_events.py", line 496, in sock_connect
    return await fut
  File "/usr/lib/python3.8/asyncio/selector_events.py", line 501, in _sock_connect
    sock.connect(address)
OSError: [Errno 101] Network is unreachable
2026-08-28 21:19:12,965 websockets.client INFO - ! connect failed again; retrying in 60 seconds
Traceback (most recent call last):
  File "/home/chase/mobileraker-env/lib/python3.8/site-packages/websockets/legacy/client.py", line 598, in __aiter__
    async with self as protocol:
  File "/home/chase/mobileraker-env/lib/python3.8/site-packages/websockets/legacy/client.py", line 633, in __aenter__
    return await self
  File "/home/chase/mobileraker-env/lib/python3.8/site-packages/websockets/legacy/client.py", line 650, in __await_impl_timeout__
    return await asyncio.wait_for(self.__await_impl__(), self.open_timeout)
  File "/usr/lib/python3.8/asyncio/tasks.py", line 494, in wait_for
    return fut.result()
  File "/home/chase/mobileraker-env/lib/python3.8/site-packages/websockets/legacy/client.py", line 654, in __await_impl__
    transport, protocol = await self._create_connection()
  File "/usr/lib/python3.8/asyncio/base_events.py", line 1025, in create_connection
    raise exceptions[0]
  File "/usr/lib/python3.8/asyncio/base_events.py", line 1010, in create_connection
    sock = await self._connect_sock(
  File "/usr/lib/python3.8/asyncio/base_events.py", line 924, in _connect_sock
    await self.sock_connect(sock, address)
  File "/usr/lib/python3.8/asyncio/selector_events.py", line 496, in sock_connect
    return await fut
  File "/usr/lib/python3.8/asyncio/selector_events.py", line 501, in _sock_connect
    sock.connect(address)
OSError: [Errno 101] Network is unreachable
2026-08-28 21:20:13,031 websockets.client INFO - ! connect failed again; retrying in 60 seconds
Traceback (most recent call last):
  File "/home/chase/mobileraker-env/lib/python3.8/site-packages/websockets/legacy/client.py", line 598, in __aiter__
    async with self as protocol:
  File "/home/chase/mobileraker-env/lib/python3.8/site-packages/websockets/legacy/client.py", line 633, in __aenter__
    return await self
  File "/home/chase/mobileraker-env/lib/python3.8/site-packages/websockets/legacy/client.py", line 650, in __await_impl_timeout__
    return await asyncio.wait_for(self.__await_impl__(), self.open_timeout)
  File "/usr/lib/python3.8/asyncio/tasks.py", line 494, in wait_for
    return fut.result()
  File "/home/chase/mobileraker-env/lib/python3.8/site-packages/websockets/legacy/client.py", line 654, in __await_impl__
    transport, protocol = await self._create_connection()
  File "/usr/lib/python3.8/asyncio/base_events.py", line 1025, in create_connection
    raise exceptions[0]
  File "/usr/lib/python3.8/asyncio/base_events.py", line 1010, in create_connection
    sock = await self._connect_sock(
  File "/usr/lib/python3.8/asyncio/base_events.py", line 924, in _connect_sock
    await self.sock_connect(sock, address)
  File "/usr/lib/python3.8/asyncio/selector_events.py", line 496, in sock_connect
    return await fut
  File "/usr/lib/python3.8/asyncio/selector_events.py", line 501, in _sock_connect
    sock.connect(address)
OSError: [Errno 101] Network is unreachable
2026-08-28 21:21:13,096 websockets.client INFO - ! connect failed again; retrying in 60 seconds
Traceback (most recent call last):
  File "/home/chase/mobileraker-env/lib/python3.8/site-packages/websockets/legacy/client.py", line 598, in __aiter__
    async with self as protocol:
  File "/home/chase/mobileraker-env/lib/python3.8/site-packages/websockets/legacy/client.py", line 633, in __aenter__
    return await self
  File "/home/chase/mobileraker-env/lib/python3.8/site-packages/websockets/legacy/client.py", line 650, in __await_impl_timeout__
    return await asyncio.wait_for(self.__await_impl__(), self.open_timeout)
  File "/usr/lib/python3.8/asyncio/tasks.py", line 494, in wait_for
    return fut.result()
  File "/home/chase/mobileraker-env/lib/python3.8/site-packages/websockets/legacy/client.py", line 654, in __await_impl__
    transport, protocol = await self._create_connection()
  File "/usr/lib/python3.8/asyncio/base_events.py", line 1025, in create_connection
    raise exceptions[0]
  File "/usr/lib/python3.8/asyncio/base_events.py", line 1010, in create_connection
    sock = await self._connect_sock(
  File "/usr/lib/python3.8/asyncio/base_events.py", line 924, in _connect_sock
    await self.sock_connect(sock, address)
  File "/usr/lib/python3.8/asyncio/selector_events.py", line 496, in sock_connect
    return await fut
  File "/usr/lib/python3.8/asyncio/selector_events.py", line 501, in _sock_connect
    sock.connect(address)
OSError: [Errno 101] Network is unreachable
2026-08-28 21:22:13,162 websockets.client INFO - ! connect failed again; retrying in 60 seconds
Traceback (most recent call last):
  File "/home/chase/mobileraker-env/lib/python3.8/site-packages/websockets/legacy/client.py", line 598, in __aiter__
    async with self as protocol:
  File "/home/chase/mobileraker-env/lib/python3.8/site-packages/websockets/legacy/client.py", line 633, in __aenter__
    return await self
  File "/home/chase/mobileraker-env/lib/python3.8/site-packages/websockets/legacy/client.py", line 650, in __await_impl_timeout__
    return await asyncio.wait_for(self.__await_impl__(), self.open_timeout)
  File "/usr/lib/python3.8/asyncio/tasks.py", line 494, in wait_for
    return fut.result()
  File "/home/chase/mobileraker-env/lib/python3.8/site-packages/websockets/legacy/client.py", line 654, in __await_impl__
    transport, protocol = await self._create_connection()
  File "/usr/lib/python3.8/asyncio/base_events.py", line 1025, in create_connection
    raise exceptions[0]
  File "/usr/lib/python3.8/asyncio/base_events.py", line 1010, in create_connection
    sock = await self._connect_sock(
  File "/usr/lib/python3.8/asyncio/base_events.py", line 924, in _connect_sock
    await self.sock_connect(sock, address)
  File "/usr/lib/python3.8/asyncio/selector_events.py", line 496, in sock_connect
    return await fut
  File "/usr/lib/python3.8/asyncio/selector_events.py", line 501, in _sock_connect
    sock.connect(address)
OSError: [Errno 101] Network is unreachable
2026-08-28 21:23:13,226 websockets.client INFO - ! connect failed again; retrying in 60 seconds
Traceback (most recent call last):
  File "/home/chase/mobileraker-env/lib/python3.8/site-packages/websockets/legacy/client.py", line 598, in __aiter__
    async with self as protocol:
  File "/home/chase/mobileraker-env/lib/python3.8/site-packages/websockets/legacy/client.py", line 633, in __aenter__
    return await self
  File "/home/chase/mobileraker-env/lib/python3.8/site-packages/websockets/legacy/client.py", line 650, in __await_impl_timeout__
    return await asyncio.wait_for(self.__await_impl__(), self.open_timeout)
  File "/usr/lib/python3.8/asyncio/tasks.py", line 494, in wait_for
    return fut.result()
  File "/home/chase/mobileraker-env/lib/python3.8/site-packages/websockets/legacy/client.py", line 654, in __await_impl__
    transport, protocol = await self._create_connection()
  File "/usr/lib/python3.8/asyncio/base_events.py", line 1025, in create_connection
    raise exceptions[0]
  File "/usr/lib/python3.8/asyncio/base_events.py", line 1010, in create_connection
    sock = await self._connect_sock(
  File "/usr/lib/python3.8/asyncio/base_events.py", line 924, in _connect_sock
    await self.sock_connect(sock, address)
  File "/usr/lib/python3.8/asyncio/selector_events.py", line 496, in sock_connect
    return await fut
  File "/usr/lib/python3.8/asyncio/selector_events.py", line 501, in _sock_connect
    sock.connect(address)
OSError: [Errno 101] Network is unreachable
2026-08-28 21:24:13,249 websockets.client INFO - ! connect failed again; retrying in 60 seconds
Traceback (most recent call last):
  File "/home/chase/mobileraker-env/lib/python3.8/site-packages/websockets/legacy/client.py", line 598, in __aiter__
    async with self as protocol:
  File "/home/chase/mobileraker-env/lib/python3.8/site-packages/websockets/legacy/client.py", line 633, in __aenter__
    return await self
  File "/home/chase/mobileraker-env/lib/python3.8/site-packages/websockets/legacy/client.py", line 650, in __await_impl_timeout__
    return await asyncio.wait_for(self.__await_impl__(), self.open_timeout)
  File "/usr/lib/python3.8/asyncio/tasks.py", line 494, in wait_for
    return fut.result()
  File "/home/chase/mobileraker-env/lib/python3.8/site-packages/websockets/legacy/client.py", line 654, in __await_impl__
    transport, protocol = await self._create_connection()
  File "/usr/lib/python3.8/asyncio/base_events.py", line 1025, in create_connection
    raise exceptions[0]
  File "/usr/lib/python3.8/asyncio/base_events.py", line 1010, in create_connection
    sock = await self._connect_sock(
  File "/usr/lib/python3.8/asyncio/base_events.py", line 924, in _connect_sock
    await self.sock_connect(sock, address)
  File "/usr/lib/python3.8/asyncio/selector_events.py", line 496, in sock_connect
    return await fut
  File "/usr/lib/python3.8/asyncio/selector_events.py", line 501, in _sock_connect
    sock.connect(address)
OSError: [Errno 101] Network is unreachable
2026-08-28 21:25:13,312 websockets.client INFO - ! connect failed again; retrying in 60 seconds
Traceback (most recent call last):
  File "/home/chase/mobileraker-env/lib/python3.8/site-packages/websockets/legacy/client.py", line 598, in __aiter__
    async with self as protocol:
  File "/home/chase/mobileraker-env/lib/python3.8/site-packages/websockets/legacy/client.py", line 633, in __aenter__
    return await self
  File "/home/chase/mobileraker-env/lib/python3.8/site-packages/websockets/legacy/client.py", line 650, in __await_impl_timeout__
    return await asyncio.wait_for(self.__await_impl__(), self.open_timeout)
  File "/usr/lib/python3.8/asyncio/tasks.py", line 494, in wait_for
    return fut.result()
  File "/home/chase/mobileraker-env/lib/python3.8/site-packages/websockets/legacy/client.py", line 654, in __await_impl__
    transport, protocol = await self._create_connection()
  File "/usr/lib/python3.8/asyncio/base_events.py", line 1025, in create_connection
    raise exceptions[0]
  File "/usr/lib/python3.8/asyncio/base_events.py", line 1010, in create_connection
    sock = await self._connect_sock(
  File "/usr/lib/python3.8/asyncio/base_events.py", line 924, in _connect_sock
    await self.sock_connect(sock, address)
  File "/usr/lib/python3.8/asyncio/selector_events.py", line 496, in sock_connect
    return await fut
  File "/usr/lib/python3.8/asyncio/selector_events.py", line 501, in _sock_connect
    sock.connect(address)
OSError: [Errno 101] Network is unreachable
2026-08-28 21:26:13,376 websockets.client INFO - ! connect failed again; retrying in 60 seconds
Traceback (most recent call last):
  File "/home/chase/mobileraker-env/lib/python3.8/site-packages/websockets/legacy/client.py", line 598, in __aiter__
    async with self as protocol:
  File "/home/chase/mobileraker-env/lib/python3.8/site-packages/websockets/legacy/client.py", line 633, in __aenter__
    return await self
  File "/home/chase/mobileraker-env/lib/python3.8/site-packages/websockets/legacy/client.py", line 650, in __await_impl_timeout__
    return await asyncio.wait_for(self.__await_impl__(), self.open_timeout)
  File "/usr/lib/python3.8/asyncio/tasks.py", line 494, in wait_for
    return fut.result()
  File "/home/chase/mobileraker-env/lib/python3.8/site-packages/websockets/legacy/client.py", line 654, in __await_impl__
    transport, protocol = await self._create_connection()
  File "/usr/lib/python3.8/asyncio/base_events.py", line 1025, in create_connection
    raise exceptions[0]
  File "/usr/lib/python3.8/asyncio/base_events.py", line 1010, in create_connection
    sock = await self._connect_sock(
  File "/usr/lib/python3.8/asyncio/base_events.py", line 924, in _connect_sock
    await self.sock_connect(sock, address)
  File "/usr/lib/python3.8/asyncio/selector_events.py", line 496, in sock_connect
    return await fut
  File "/usr/lib/python3.8/asyncio/selector_events.py", line 501, in _sock_connect
    sock.connect(address)
OSError: [Errno 101] Network is unreachable
2026-08-28 21:27:13,442 websockets.client INFO - ! connect failed again; retrying in 60 seconds
Traceback (most recent call last):
  File "/home/chase/mobileraker-env/lib/python3.8/site-packages/websockets/legacy/client.py", line 598, in __aiter__
    async with self as protocol:
  File "/home/chase/mobileraker-env/lib/python3.8/site-packages/websockets/legacy/client.py", line 633, in __aenter__
    return await self
  File "/home/chase/mobileraker-env/lib/python3.8/site-packages/websockets/legacy/client.py", line 650, in __await_impl_timeout__
    return await asyncio.wait_for(self.__await_impl__(), self.open_timeout)
  File "/usr/lib/python3.8/asyncio/tasks.py", line 494, in wait_for
    return fut.result()
  File "/home/chase/mobileraker-env/lib/python3.8/site-packages/websockets/legacy/client.py", line 654, in __await_impl__
    transport, protocol = await self._create_connection()
  File "/usr/lib/python3.8/asyncio/base_events.py", line 1025, in create_connection
    raise exceptions[0]
  File "/usr/lib/python3.8/asyncio/base_events.py", line 1010, in create_connection
    sock = await self._connect_sock(
  File "/usr/lib/python3.8/asyncio/base_events.py", line 924, in _connect_sock
    await self.sock_connect(sock, address)
  File "/usr/lib/python3.8/asyncio/selector_events.py", line 496, in sock_connect
    return await fut
  File "/usr/lib/python3.8/asyncio/selector_events.py", line 501, in _sock_connect
    sock.connect(address)
OSError: [Errno 101] Network is unreachable
2026-08-28 21:28:13,507 websockets.client INFO - ! connect failed again; retrying in 60 seconds
Traceback (most recent call last):
  File "/home/chase/mobileraker-env/lib/python3.8/site-packages/websockets/legacy/client.py", line 598, in __aiter__
    async with self as protocol:
  File "/home/chase/mobileraker-env/lib/python3.8/site-packages/websockets/legacy/client.py", line 633, in __aenter__
    return await self
  File "/home/chase/mobileraker-env/lib/python3.8/site-packages/websockets/legacy/client.py", line 650, in __await_impl_timeout__
    return await asyncio.wait_for(self.__await_impl__(), self.open_timeout)
  File "/usr/lib/python3.8/asyncio/tasks.py", line 494, in wait_for
    return fut.result()
  File "/home/chase/mobileraker-env/lib/python3.8/site-packages/websockets/legacy/client.py", line 654, in __await_impl__
    transport, protocol = await self._create_connection()
  File "/usr/lib/python3.8/asyncio/base_events.py", line 1025, in create_connection
    raise exceptions[0]
  File "/usr/lib/python3.8/asyncio/base_events.py", line 1010, in create_connection
    sock = await self._connect_sock(
  File "/usr/lib/python3.8/asyncio/base_events.py", line 924, in _connect_sock
    await self.sock_connect(sock, address)
  File "/usr/lib/python3.8/asyncio/selector_events.py", line 496, in sock_connect
    return await fut
  File "/usr/lib/python3.8/asyncio/selector_events.py", line 501, in _sock_connect
    sock.connect(address)
OSError: [Errno 101] Network is unreachable
2026-08-28 21:29:13,530 websockets.client INFO - ! connect failed again; retrying in 60 seconds
Traceback (most recent call last):
  File "/home/chase/mobileraker-env/lib/python3.8/site-packages/websockets/legacy/client.py", line 598, in __aiter__
    async with self as protocol:
  File "/home/chase/mobileraker-env/lib/python3.8/site-packages/websockets/legacy/client.py", line 633, in __aenter__
    return await self
  File "/home/chase/mobileraker-env/lib/python3.8/site-packages/websockets/legacy/client.py", line 650, in __await_impl_timeout__
    return await asyncio.wait_for(self.__await_impl__(), self.open_timeout)
  File "/usr/lib/python3.8/asyncio/tasks.py", line 494, in wait_for
    return fut.result()
  File "/home/chase/mobileraker-env/lib/python3.8/site-packages/websockets/legacy/client.py", line 654, in __await_impl__
    transport, protocol = await self._create_connection()
  File "/usr/lib/python3.8/asyncio/base_events.py", line 1025, in create_connection
    raise exceptions[0]
  File "/usr/lib/python3.8/asyncio/base_events.py", line 1010, in create_connection
    sock = await self._connect_sock(
  File "/usr/lib/python3.8/asyncio/base_events.py", line 924, in _connect_sock
    await self.sock_connect(sock, address)
  File "/usr/lib/python3.8/asyncio/selector_events.py", line 496, in sock_connect
    return await fut
  File "/usr/lib/python3.8/asyncio/selector_events.py", line 501, in _sock_connect
    sock.connect(address)
OSError: [Errno 101] Network is unreachable
2026-08-28 21:30:13,584 websockets.client INFO - ! connect failed again; retrying in 60 seconds
Traceback (most recent call last):
  File "/home/chase/mobileraker-env/lib/python3.8/site-packages/websockets/legacy/client.py", line 598, in __aiter__
    async with self as protocol:
  File "/home/chase/mobileraker-env/lib/python3.8/site-packages/websockets/legacy/client.py", line 633, in __aenter__
    return await self
  File "/home/chase/mobileraker-env/lib/python3.8/site-packages/websockets/legacy/client.py", line 650, in __await_impl_timeout__
    return await asyncio.wait_for(self.__await_impl__(), self.open_timeout)
  File "/usr/lib/python3.8/asyncio/tasks.py", line 494, in wait_for
    return fut.result()
  File "/home/chase/mobileraker-env/lib/python3.8/site-packages/websockets/legacy/client.py", line 654, in __await_impl__
    transport, protocol = await self._create_connection()
  File "/usr/lib/python3.8/asyncio/base_events.py", line 1025, in create_connection
    raise exceptions[0]
  File "/usr/lib/python3.8/asyncio/base_events.py", line 1010, in create_connection
    sock = await self._connect_sock(
  File "/usr/lib/python3.8/asyncio/base_events.py", line 924, in _connect_sock
    await self.sock_connect(sock, address)
  File "/usr/lib/python3.8/asyncio/selector_events.py", line 496, in sock_connect
    return await fut
  File "/usr/lib/python3.8/asyncio/selector_events.py", line 501, in _sock_connect
    sock.connect(address)
OSError: [Errno 101] Network is unreachable
2026-08-28 21:31:13,650 websockets.client INFO - ! connect failed again; retrying in 60 seconds
Traceback (most recent call last):
  File "/home/chase/mobileraker-env/lib/python3.8/site-packages/websockets/legacy/client.py", line 598, in __aiter__
    async with self as protocol:
  File "/home/chase/mobileraker-env/lib/python3.8/site-packages/websockets/legacy/client.py", line 633, in __aenter__
    return await self
  File "/home/chase/mobileraker-env/lib/python3.8/site-packages/websockets/legacy/client.py", line 650, in __await_impl_timeout__
    return await asyncio.wait_for(self.__await_impl__(), self.open_timeout)
  File "/usr/lib/python3.8/asyncio/tasks.py", line 494, in wait_for
    return fut.result()
  File "/home/chase/mobileraker-env/lib/python3.8/site-packages/websockets/legacy/client.py", line 654, in __await_impl__
    transport, protocol = await self._create_connection()
  File "/usr/lib/python3.8/asyncio/base_events.py", line 1025, in create_connection
    raise exceptions[0]
  File "/usr/lib/python3.8/asyncio/base_events.py", line 1010, in create_connection
    sock = await self._connect_sock(
  File "/usr/lib/python3.8/asyncio/base_events.py", line 924, in _connect_sock
    await self.sock_connect(sock, address)
  File "/usr/lib/python3.8/asyncio/selector_events.py", line 496, in sock_connect
    return await fut
  File "/usr/lib/python3.8/asyncio/selector_events.py", line 501, in _sock_connect
    sock.connect(address)
OSError: [Errno 101] Network is unreachable
2026-08-28 21:32:13,696 websockets.client INFO - ! connect failed again; retrying in 60 seconds
Traceback (most recent call last):
  File "/home/chase/mobileraker-env/lib/python3.8/site-packages/websockets/legacy/client.py", line 598, in __aiter__
    async with self as protocol:
  File "/home/chase/mobileraker-env/lib/python3.8/site-packages/websockets/legacy/client.py", line 633, in __aenter__
    return await self
  File "/home/chase/mobileraker-env/lib/python3.8/site-packages/websockets/legacy/client.py", line 650, in __await_impl_timeout__
    return await asyncio.wait_for(self.__await_impl__(), self.open_timeout)
  File "/usr/lib/python3.8/asyncio/tasks.py", line 494, in wait_for
    return fut.result()
  File "/home/chase/mobileraker-env/lib/python3.8/site-packages/websockets/legacy/client.py", line 654, in __await_impl__
    transport, protocol = await self._create_connection()
  File "/usr/lib/python3.8/asyncio/base_events.py", line 1025, in create_connection
    raise exceptions[0]
  File "/usr/lib/python3.8/asyncio/base_events.py", line 1010, in create_connection
    sock = await self._connect_sock(
  File "/usr/lib/python3.8/asyncio/base_events.py", line 924, in _connect_sock
    await self.sock_connect(sock, address)
  File "/usr/lib/python3.8/asyncio/selector_events.py", line 496, in sock_connect
    return await fut
  File "/usr/lib/python3.8/asyncio/selector_events.py", line 501, in _sock_connect
    sock.connect(address)
OSError: [Errno 101] Network is unreachable
2026-08-28 21:33:13,726 websockets.client INFO - ! connect failed again; retrying in 60 seconds
Traceback (most recent call last):
  File "/home/chase/mobileraker-env/lib/python3.8/site-packages/websockets/legacy/client.py", line 598, in __aiter__
    async with self as protocol:
  File "/home/chase/mobileraker-env/lib/python3.8/site-packages/websockets/legacy/client.py", line 633, in __aenter__
    return await self
  File "/home/chase/mobileraker-env/lib/python3.8/site-packages/websockets/legacy/client.py", line 650, in __await_impl_timeout__
    return await asyncio.wait_for(self.__await_impl__(), self.open_timeout)
  File "/usr/lib/python3.8/asyncio/tasks.py", line 494, in wait_for
    return fut.result()
  File "/home/chase/mobileraker-env/lib/python3.8/site-packages/websockets/legacy/client.py", line 654, in __await_impl__
    transport, protocol = await self._create_connection()
  File "/usr/lib/python3.8/asyncio/base_events.py", line 1025, in create_connection
    raise exceptions[0]
  File "/usr/lib/python3.8/asyncio/base_events.py", line 1010, in create_connection
    sock = await self._connect_sock(
  File "/usr/lib/python3.8/asyncio/base_events.py", line 924, in _connect_sock
    await self.sock_connect(sock, address)
  File "/usr/lib/python3.8/asyncio/selector_events.py", line 496, in sock_connect
    return await fut
  File "/usr/lib/python3.8/asyncio/selector_events.py", line 501, in _sock_connect
    sock.connect(address)
OSError: [Errno 101] Network is unreachable
2026-08-28 21:34:13,790 websockets.client INFO - ! connect failed again; retrying in 60 seconds
Traceback (most recent call last):
  File "/home/chase/mobileraker-env/lib/python3.8/site-packages/websockets/legacy/client.py", line 598, in __aiter__
    async with self as protocol:
  File "/home/chase/mobileraker-env/lib/python3.8/site-packages/websockets/legacy/client.py", line 633, in __aenter__
    return await self
  File "/home/chase/mobileraker-env/lib/python3.8/site-packages/websockets/legacy/client.py", line 650, in __await_impl_timeout__
    return await asyncio.wait_for(self.__await_impl__(), self.open_timeout)
  File "/usr/lib/python3.8/asyncio/tasks.py", line 494, in wait_for
    return fut.result()
  File "/home/chase/mobileraker-env/lib/python3.8/site-packages/websockets/legacy/client.py", line 654, in __await_impl__
    transport, protocol = await self._create_connection()
  File "/usr/lib/python3.8/asyncio/base_events.py", line 1025, in create_connection
    raise exceptions[0]
  File "/usr/lib/python3.8/asyncio/base_events.py", line 1010, in create_connection
    sock = await self._connect_sock(
  File "/usr/lib/python3.8/asyncio/base_events.py", line 924, in _connect_sock
    await self.sock_connect(sock, address)
  File "/usr/lib/python3.8/asyncio/selector_events.py", line 496, in sock_connect
    return await fut
  File "/usr/lib/python3.8/asyncio/selector_events.py", line 501, in _sock_connect
    sock.connect(address)
OSError: [Errno 101] Network is unreachable
2026-08-28 21:35:13,851 websockets.client INFO - ! connect failed again; retrying in 60 seconds
Traceback (most recent call last):
  File "/home/chase/mobileraker-env/lib/python3.8/site-packages/websockets/legacy/client.py", line 598, in __aiter__
    async with self as protocol:
  File "/home/chase/mobileraker-env/lib/python3.8/site-packages/websockets/legacy/client.py", line 633, in __aenter__
    return await self
  File "/home/chase/mobileraker-env/lib/python3.8/site-packages/websockets/legacy/client.py", line 650, in __await_impl_timeout__
    return await asyncio.wait_for(self.__await_impl__(), self.open_timeout)
  File "/usr/lib/python3.8/asyncio/tasks.py", line 494, in wait_for
    return fut.result()
  File "/home/chase/mobileraker-env/lib/python3.8/site-packages/websockets/legacy/client.py", line 654, in __await_impl__
    transport, protocol = await self._create_connection()
  File "/usr/lib/python3.8/asyncio/base_events.py", line 1025, in create_connection
    raise exceptions[0]
  File "/usr/lib/python3.8/asyncio/base_events.py", line 1010, in create_connection
    sock = await self._connect_sock(
  File "/usr/lib/python3.8/asyncio/base_events.py", line 924, in _connect_sock
    await self.sock_connect(sock, address)
  File "/usr/lib/python3.8/asyncio/selector_events.py", line 496, in sock_connect
    return await fut
  File "/usr/lib/python3.8/asyncio/selector_events.py", line 501, in _sock_connect
    sock.connect(address)
OSError: [Errno 101] Network is unreachable
2026-08-28 21:36:13,872 websockets.client INFO - ! connect failed again; retrying in 60 seconds
Traceback (most recent call last):
  File "/home/chase/mobileraker-env/lib/python3.8/site-packages/websockets/legacy/client.py", line 598, in __aiter__
    async with self as protocol:
  File "/home/chase/mobileraker-env/lib/python3.8/site-packages/websockets/legacy/client.py", line 633, in __aenter__
    return await self
  File "/home/chase/mobileraker-env/lib/python3.8/site-packages/websockets/legacy/client.py", line 650, in __await_impl_timeout__
    return await asyncio.wait_for(self.__await_impl__(), self.open_timeout)
  File "/usr/lib/python3.8/asyncio/tasks.py", line 494, in wait_for
    return fut.result()
  File "/home/chase/mobileraker-env/lib/python3.8/site-packages/websockets/legacy/client.py", line 654, in __await_impl__
    transport, protocol = await self._create_connection()
  File "/usr/lib/python3.8/asyncio/base_events.py", line 1025, in create_connection
    raise exceptions[0]
  File "/usr/lib/python3.8/asyncio/base_events.py", line 1010, in create_connection
    sock = await self._connect_sock(
  File "/usr/lib/python3.8/asyncio/base_events.py", line 924, in _connect_sock
    await self.sock_connect(sock, address)
  File "/usr/lib/python3.8/asyncio/selector_events.py", line 496, in sock_connect
    return await fut
  File "/usr/lib/python3.8/asyncio/selector_events.py", line 501, in _sock_connect
    sock.connect(address)
OSError: [Errno 101] Network is unreachable
2026-08-28 21:37:13,920 websockets.client INFO - ! connect failed again; retrying in 60 seconds
Traceback (most recent call last):
  File "/home/chase/mobileraker-env/lib/python3.8/site-packages/websockets/legacy/client.py", line 598, in __aiter__
    async with self as protocol:
  File "/home/chase/mobileraker-env/lib/python3.8/site-packages/websockets/legacy/client.py", line 633, in __aenter__
    return await self
  File "/home/chase/mobileraker-env/lib/python3.8/site-packages/websockets/legacy/client.py", line 650, in __await_impl_timeout__
    return await asyncio.wait_for(self.__await_impl__(), self.open_timeout)
  File "/usr/lib/python3.8/asyncio/tasks.py", line 494, in wait_for
    return fut.result()
  File "/home/chase/mobileraker-env/lib/python3.8/site-packages/websockets/legacy/client.py", line 654, in __await_impl__
    transport, protocol = await self._create_connection()
  File "/usr/lib/python3.8/asyncio/base_events.py", line 1025, in create_connection
    raise exceptions[0]
  File "/usr/lib/python3.8/asyncio/base_events.py", line 1010, in create_connection
    sock = await self._connect_sock(
  File "/usr/lib/python3.8/asyncio/base_events.py", line 924, in _connect_sock
    await self.sock_connect(sock, address)
  File "/usr/lib/python3.8/asyncio/selector_events.py", line 496, in sock_connect
    return await fut
  File "/usr/lib/python3.8/asyncio/selector_events.py", line 501, in _sock_connect
    sock.connect(address)
OSError: [Errno 101] Network is unreachable
2026-08-28 21:38:13,987 websockets.client INFO - ! connect failed again; retrying in 60 seconds
Traceback (most recent call last):
  File "/home/chase/mobileraker-env/lib/python3.8/site-packages/websockets/legacy/client.py", line 598, in __aiter__
    async with self as protocol:
  File "/home/chase/mobileraker-env/lib/python3.8/site-packages/websockets/legacy/client.py", line 633, in __aenter__
    return await self
  File "/home/chase/mobileraker-env/lib/python3.8/site-packages/websockets/legacy/client.py", line 650, in __await_impl_timeout__
    return await asyncio.wait_for(self.__await_impl__(), self.open_timeout)
  File "/usr/lib/python3.8/asyncio/tasks.py", line 494, in wait_for
    return fut.result()
  File "/home/chase/mobileraker-env/lib/python3.8/site-packages/websockets/legacy/client.py", line 654, in __await_impl__
    transport, protocol = await self._create_connection()
  File "/usr/lib/python3.8/asyncio/base_events.py", line 1025, in create_connection
    raise exceptions[0]
  File "/usr/lib/python3.8/asyncio/base_events.py", line 1010, in create_connection
    sock = await self._connect_sock(
  File "/usr/lib/python3.8/asyncio/base_events.py", line 924, in _connect_sock
    await self.sock_connect(sock, address)
  File "/usr/lib/python3.8/asyncio/selector_events.py", line 496, in sock_connect
    return await fut
  File "/usr/lib/python3.8/asyncio/selector_events.py", line 501, in _sock_connect
    sock.connect(address)
OSError: [Errno 101] Network is unreachable
2026-08-28 21:39:14,052 websockets.client INFO - ! connect failed again; retrying in 60 seconds
Traceback (most recent call last):
  File "/home/chase/mobileraker-env/lib/python3.8/site-packages/websockets/legacy/client.py", line 598, in __aiter__
    async with self as protocol:
  File "/home/chase/mobileraker-env/lib/python3.8/site-packages/websockets/legacy/client.py", line 633, in __aenter__
    return await self
  File "/home/chase/mobileraker-env/lib/python3.8/site-packages/websockets/legacy/client.py", line 650, in __await_impl_timeout__
    return await asyncio.wait_for(self.__await_impl__(), self.open_timeout)
  File "/usr/lib/python3.8/asyncio/tasks.py", line 494, in wait_for
    return fut.result()
  File "/home/chase/mobileraker-env/lib/python3.8/site-packages/websockets/legacy/client.py", line 654, in __await_impl__
    transport, protocol = await self._create_connection()
  File "/usr/lib/python3.8/asyncio/base_events.py", line 1025, in create_connection
    raise exceptions[0]
  File "/usr/lib/python3.8/asyncio/base_events.py", line 1010, in create_connection
    sock = await self._connect_sock(
  File "/usr/lib/python3.8/asyncio/base_events.py", line 924, in _connect_sock
    await self.sock_connect(sock, address)
  File "/usr/lib/python3.8/asyncio/selector_events.py", line 496, in sock_connect
    return await fut
  File "/usr/lib/python3.8/asyncio/selector_events.py", line 501, in _sock_connect
    sock.connect(address)
OSError: [Errno 101] Network is unreachable
2026-08-28 21:40:14,116 websockets.client INFO - ! connect failed again; retrying in 60 seconds
Traceback (most recent call last):
  File "/home/chase/mobileraker-env/lib/python3.8/site-packages/websockets/legacy/client.py", line 598, in __aiter__
    async with self as protocol:
  File "/home/chase/mobileraker-env/lib/python3.8/site-packages/websockets/legacy/client.py", line 633, in __aenter__
    return await self
  File "/home/chase/mobileraker-env/lib/python3.8/site-packages/websockets/legacy/client.py", line 650, in __await_impl_timeout__
    return await asyncio.wait_for(self.__await_impl__(), self.open_timeout)
  File "/usr/lib/python3.8/asyncio/tasks.py", line 494, in wait_for
    return fut.result()
  File "/home/chase/mobileraker-env/lib/python3.8/site-packages/websockets/legacy/client.py", line 654, in __await_impl__
    transport, protocol = await self._create_connection()
  File "/usr/lib/python3.8/asyncio/base_events.py", line 1025, in create_connection
    raise exceptions[0]
  File "/usr/lib/python3.8/asyncio/base_events.py", line 1010, in create_connection
    sock = await self._connect_sock(
  File "/usr/lib/python3.8/asyncio/base_events.py", line 924, in _connect_sock
    await self.sock_connect(sock, address)
  File "/usr/lib/python3.8/asyncio/selector_events.py", line 496, in sock_connect
    return await fut
  File "/usr/lib/python3.8/asyncio/selector_events.py", line 501, in _sock_connect
    sock.connect(address)
OSError: [Errno 101] Network is unreachable
2026-08-28 21:41:14,181 websockets.client INFO - ! connect failed again; retrying in 60 seconds
Traceback (most recent call last):
  File "/home/chase/mobileraker-env/lib/python3.8/site-packages/websockets/legacy/client.py", line 598, in __aiter__
    async with self as protocol:
  File "/home/chase/mobileraker-env/lib/python3.8/site-packages/websockets/legacy/client.py", line 633, in __aenter__
    return await self
  File "/home/chase/mobileraker-env/lib/python3.8/site-packages/websockets/legacy/client.py", line 650, in __await_impl_timeout__
    return await asyncio.wait_for(self.__await_impl__(), self.open_timeout)
  File "/usr/lib/python3.8/asyncio/tasks.py", line 494, in wait_for
    return fut.result()
  File "/home/chase/mobileraker-env/lib/python3.8/site-packages/websockets/legacy/client.py", line 654, in __await_impl__
    transport, protocol = await self._create_connection()
  File "/usr/lib/python3.8/asyncio/base_events.py", line 1025, in create_connection
    raise exceptions[0]
  File "/usr/lib/python3.8/asyncio/base_events.py", line 1010, in create_connection
    sock = await self._connect_sock(
  File "/usr/lib/python3.8/asyncio/base_events.py", line 924, in _connect_sock
    await self.sock_connect(sock, address)
  File "/usr/lib/python3.8/asyncio/selector_events.py", line 496, in sock_connect
    return await fut
  File "/usr/lib/python3.8/asyncio/selector_events.py", line 501, in _sock_connect
    sock.connect(address)
OSError: [Errno 101] Network is unreachable
2026-08-28 21:42:14,204 websockets.client INFO - ! connect failed again; retrying in 60 seconds
Traceback (most recent call last):
  File "/home/chase/mobileraker-env/lib/python3.8/site-packages/websockets/legacy/client.py", line 598, in __aiter__
    async with self as protocol:
  File "/home/chase/mobileraker-env/lib/python3.8/site-packages/websockets/legacy/client.py", line 633, in __aenter__
    return await self
  File "/home/chase/mobileraker-env/lib/python3.8/site-packages/websockets/legacy/client.py", line 650, in __await_impl_timeout__
    return await asyncio.wait_for(self.__await_impl__(), self.open_timeout)
  File "/usr/lib/python3.8/asyncio/tasks.py", line 494, in wait_for
    return fut.result()
  File "/home/chase/mobileraker-env/lib/python3.8/site-packages/websockets/legacy/client.py", line 654, in __await_impl__
    transport, protocol = await self._create_connection()
  File "/usr/lib/python3.8/asyncio/base_events.py", line 1025, in create_connection
    raise exceptions[0]
  File "/usr/lib/python3.8/asyncio/base_events.py", line 1010, in create_connection
    sock = await self._connect_sock(
  File "/usr/lib/python3.8/asyncio/base_events.py", line 924, in _connect_sock
    await self.sock_connect(sock, address)
  File "/usr/lib/python3.8/asyncio/selector_events.py", line 496, in sock_connect
    return await fut
  File "/usr/lib/python3.8/asyncio/selector_events.py", line 501, in _sock_connect
    sock.connect(address)
OSError: [Errno 101] Network is unreachable
2026-08-28 21:43:14,224 websockets.client INFO - ! connect failed again; retrying in 60 seconds
Traceback (most recent call last):
  File "/home/chase/mobileraker-env/lib/python3.8/site-packages/websockets/legacy/client.py", line 598, in __aiter__
    async with self as protocol:
  File "/home/chase/mobileraker-env/lib/python3.8/site-packages/websockets/legacy/client.py", line 633, in __aenter__
    return await self
  File "/home/chase/mobileraker-env/lib/python3.8/site-packages/websockets/legacy/client.py", line 650, in __await_impl_timeout__
    return await asyncio.wait_for(self.__await_impl__(), self.open_timeout)
  File "/usr/lib/python3.8/asyncio/tasks.py", line 494, in wait_for
    return fut.result()
  File "/home/chase/mobileraker-env/lib/python3.8/site-packages/websockets/legacy/client.py", line 654, in __await_impl__
    transport, protocol = await self._create_connection()
  File "/usr/lib/python3.8/asyncio/base_events.py", line 1025, in create_connection
    raise exceptions[0]
  File "/usr/lib/python3.8/asyncio/base_events.py", line 1010, in create_connection
    sock = await self._connect_sock(
  File "/usr/lib/python3.8/asyncio/base_events.py", line 924, in _connect_sock
    await self.sock_connect(sock, address)
  File "/usr/lib/python3.8/asyncio/selector_events.py", line 496, in sock_connect
    return await fut
  File "/usr/lib/python3.8/asyncio/selector_events.py", line 501, in _sock_connect
    sock.connect(address)
OSError: [Errno 101] Network is unreachable
2026-08-28 21:44:14,288 websockets.client INFO - ! connect failed again; retrying in 60 seconds
Traceback (most recent call last):
  File "/home/chase/mobileraker-env/lib/python3.8/site-packages/websockets/legacy/client.py", line 598, in __aiter__
    async with self as protocol:
  File "/home/chase/mobileraker-env/lib/python3.8/site-packages/websockets/legacy/client.py", line 633, in __aenter__
    return await self
  File "/home/chase/mobileraker-env/lib/python3.8/site-packages/websockets/legacy/client.py", line 650, in __await_impl_timeout__
    return await asyncio.wait_for(self.__await_impl__(), self.open_timeout)
  File "/usr/lib/python3.8/asyncio/tasks.py", line 494, in wait_for
    return fut.result()
  File "/home/chase/mobileraker-env/lib/python3.8/site-packages/websockets/legacy/client.py", line 654, in __await_impl__
    transport, protocol = await self._create_connection()
  File "/usr/lib/python3.8/asyncio/base_events.py", line 1025, in create_connection
    raise exceptions[0]
  File "/usr/lib/python3.8/asyncio/base_events.py", line 1010, in create_connection
    sock = await self._connect_sock(
  File "/usr/lib/python3.8/asyncio/base_events.py", line 924, in _connect_sock
    await self.sock_connect(sock, address)
  File "/usr/lib/python3.8/asyncio/selector_events.py", line 496, in sock_connect
    return await fut
  File "/usr/lib/python3.8/asyncio/selector_events.py", line 501, in _sock_connect
    sock.connect(address)
OSError: [Errno 101] Network is unreachable
2026-08-28 21:45:14,352 websockets.client INFO - ! connect failed again; retrying in 60 seconds
Traceback (most recent call last):
  File "/home/chase/mobileraker-env/lib/python3.8/site-packages/websockets/legacy/client.py", line 598, in __aiter__
    async with self as protocol:
  File "/home/chase/mobileraker-env/lib/python3.8/site-packages/websockets/legacy/client.py", line 633, in __aenter__
    return await self
  File "/home/chase/mobileraker-env/lib/python3.8/site-packages/websockets/legacy/client.py", line 650, in __await_impl_timeout__
    return await asyncio.wait_for(self.__await_impl__(), self.open_timeout)
  File "/usr/lib/python3.8/asyncio/tasks.py", line 494, in wait_for
    return fut.result()
  File "/home/chase/mobileraker-env/lib/python3.8/site-packages/websockets/legacy/client.py", line 654, in __await_impl__
    transport, protocol = await self._create_connection()
  File "/usr/lib/python3.8/asyncio/base_events.py", line 1025, in create_connection
    raise exceptions[0]
  File "/usr/lib/python3.8/asyncio/base_events.py", line 1010, in create_connection
    sock = await self._connect_sock(
  File "/usr/lib/python3.8/asyncio/base_events.py", line 924, in _connect_sock
    await self.sock_connect(sock, address)
  File "/usr/lib/python3.8/asyncio/selector_events.py", line 496, in sock_connect
    return await fut
  File "/usr/lib/python3.8/asyncio/selector_events.py", line 501, in _sock_connect
    sock.connect(address)
OSError: [Errno 101] Network is unreachable
2026-08-28 21:46:14,396 websockets.client INFO - ! connect failed again; retrying in 60 seconds
Traceback (most recent call last):
  File "/home/chase/mobileraker-env/lib/python3.8/site-packages/websockets/legacy/client.py", line 598, in __aiter__
    async with self as protocol:
  File "/home/chase/mobileraker-env/lib/python3.8/site-packages/websockets/legacy/client.py", line 633, in __aenter__
    return await self
  File "/home/chase/mobileraker-env/lib/python3.8/site-packages/websockets/legacy/client.py", line 650, in __await_impl_timeout__
    return await asyncio.wait_for(self.__await_impl__(), self.open_timeout)
  File "/usr/lib/python3.8/asyncio/tasks.py", line 494, in wait_for
    return fut.result()
  File "/home/chase/mobileraker-env/lib/python3.8/site-packages/websockets/legacy/client.py", line 654, in __await_impl__
    transport, protocol = await self._create_connection()
  File "/usr/lib/python3.8/asyncio/base_events.py", line 1025, in create_connection
    raise exceptions[0]
  File "/usr/lib/python3.8/asyncio/base_events.py", line 1010, in create_connection
    sock = await self._connect_sock(
  File "/usr/lib/python3.8/asyncio/base_events.py", line 924, in _connect_sock
    await self.sock_connect(sock, address)
  File "/usr/lib/python3.8/asyncio/selector_events.py", line 496, in sock_connect
    return await fut
  File "/usr/lib/python3.8/asyncio/selector_events.py", line 501, in _sock_connect
    sock.connect(address)
OSError: [Errno 101] Network is unreachable
2026-08-28 21:47:14,455 websockets.client INFO - ! connect failed again; retrying in 60 seconds
Traceback (most recent call last):
  File "/home/chase/mobileraker-env/lib/python3.8/site-packages/websockets/legacy/client.py", line 598, in __aiter__
    async with self as protocol:
  File "/home/chase/mobileraker-env/lib/python3.8/site-packages/websockets/legacy/client.py", line 633, in __aenter__
    return await self
  File "/home/chase/mobileraker-env/lib/python3.8/site-packages/websockets/legacy/client.py", line 650, in __await_impl_timeout__
    return await asyncio.wait_for(self.__await_impl__(), self.open_timeout)
  File "/usr/lib/python3.8/asyncio/tasks.py", line 494, in wait_for
    return fut.result()
  File "/home/chase/mobileraker-env/lib/python3.8/site-packages/websockets/legacy/client.py", line 654, in __await_impl__
    transport, protocol = await self._create_connection()
  File "/usr/lib/python3.8/asyncio/base_events.py", line 1025, in create_connection
    raise exceptions[0]
  File "/usr/lib/python3.8/asyncio/base_events.py", line 1010, in create_connection
    sock = await self._connect_sock(
  File "/usr/lib/python3.8/asyncio/base_events.py", line 924, in _connect_sock
    await self.sock_connect(sock, address)
  File "/usr/lib/python3.8/asyncio/selector_events.py", line 496, in sock_connect
    return await fut
  File "/usr/lib/python3.8/asyncio/selector_events.py", line 501, in _sock_connect
    sock.connect(address)
OSError: [Errno 101] Network is unreachable
2026-08-28 21:48:14,520 websockets.client INFO - ! connect failed again; retrying in 60 seconds
Traceback (most recent call last):
  File "/home/chase/mobileraker-env/lib/python3.8/site-packages/websockets/legacy/client.py", line 598, in __aiter__
    async with self as protocol:
  File "/home/chase/mobileraker-env/lib/python3.8/site-packages/websockets/legacy/client.py", line 633, in __aenter__
    return await self
  File "/home/chase/mobileraker-env/lib/python3.8/site-packages/websockets/legacy/client.py", line 650, in __await_impl_timeout__
    return await asyncio.wait_for(self.__await_impl__(), self.open_timeout)
  File "/usr/lib/python3.8/asyncio/tasks.py", line 494, in wait_for
    return fut.result()
  File "/home/chase/mobileraker-env/lib/python3.8/site-packages/websockets/legacy/client.py", line 654, in __await_impl__
    transport, protocol = await self._create_connection()
  File "/usr/lib/python3.8/asyncio/base_events.py", line 1025, in create_connection
    raise exceptions[0]
  File "/usr/lib/python3.8/asyncio/base_events.py", line 1010, in create_connection
    sock = await self._connect_sock(
  File "/usr/lib/python3.8/asyncio/base_events.py", line 924, in _connect_sock
    await self.sock_connect(sock, address)
  File "/usr/lib/python3.8/asyncio/selector_events.py", line 496, in sock_connect
    return await fut
  File "/usr/lib/python3.8/asyncio/selector_events.py", line 501, in _sock_connect
    sock.connect(address)
OSError: [Errno 101] Network is unreachable
2026-08-28 21:49:14,586 websockets.client INFO - ! connect failed again; retrying in 60 seconds
Traceback (most recent call last):
  File "/home/chase/mobileraker-env/lib/python3.8/site-packages/websockets/legacy/client.py", line 598, in __aiter__
    async with self as protocol:
  File "/home/chase/mobileraker-env/lib/python3.8/site-packages/websockets/legacy/client.py", line 633, in __aenter__
    return await self
  File "/home/chase/mobileraker-env/lib/python3.8/site-packages/websockets/legacy/client.py", line 650, in __await_impl_timeout__
    return await asyncio.wait_for(self.__await_impl__(), self.open_timeout)
  File "/usr/lib/python3.8/asyncio/tasks.py", line 494, in wait_for
    return fut.result()
  File "/home/chase/mobileraker-env/lib/python3.8/site-packages/websockets/legacy/client.py", line 654, in __await_impl__
    transport, protocol = await self._create_connection()
  File "/usr/lib/python3.8/asyncio/base_events.py", line 1025, in create_connection
    raise exceptions[0]
  File "/usr/lib/python3.8/asyncio/base_events.py", line 1010, in create_connection
    sock = await self._connect_sock(
  File "/usr/lib/python3.8/asyncio/base_events.py", line 924, in _connect_sock
    await self.sock_connect(sock, address)
  File "/usr/lib/python3.8/asyncio/selector_events.py", line 496, in sock_connect
    return await fut
  File "/usr/lib/python3.8/asyncio/selector_events.py", line 501, in _sock_connect
    sock.connect(address)
OSError: [Errno 101] Network is unreachable
2026-08-28 21:50:14,612 websockets.client INFO - ! connect failed again; retrying in 60 seconds
Traceback (most recent call last):
  File "/home/chase/mobileraker-env/lib/python3.8/site-packages/websockets/legacy/client.py", line 598, in __aiter__
    async with self as protocol:
  File "/home/chase/mobileraker-env/lib/python3.8/site-packages/websockets/legacy/client.py", line 633, in __aenter__
    return await self
  File "/home/chase/mobileraker-env/lib/python3.8/site-packages/websockets/legacy/client.py", line 650, in __await_impl_timeout__
    return await asyncio.wait_for(self.__await_impl__(), self.open_timeout)
  File "/usr/lib/python3.8/asyncio/tasks.py", line 494, in wait_for
    return fut.result()
  File "/home/chase/mobileraker-env/lib/python3.8/site-packages/websockets/legacy/client.py", line 654, in __await_impl__
    transport, protocol = await self._create_connection()
  File "/usr/lib/python3.8/asyncio/base_events.py", line 1025, in create_connection
    raise exceptions[0]
  File "/usr/lib/python3.8/asyncio/base_events.py", line 1010, in create_connection
    sock = await self._connect_sock(
  File "/usr/lib/python3.8/asyncio/base_events.py", line 924, in _connect_sock
    await self.sock_connect(sock, address)
  File "/usr/lib/python3.8/asyncio/selector_events.py", line 496, in sock_connect
    return await fut
  File "/usr/lib/python3.8/asyncio/selector_events.py", line 501, in _sock_connect
    sock.connect(address)
OSError: [Errno 101] Network is unreachable
2026-08-28 21:51:14,619 websockets.client INFO - ! connect failed again; retrying in 60 seconds
Traceback (most recent call last):
  File "/home/chase/mobileraker-env/lib/python3.8/site-packages/websockets/legacy/client.py", line 598, in __aiter__
    async with self as protocol:
  File "/home/chase/mobileraker-env/lib/python3.8/site-packages/websockets/legacy/client.py", line 633, in __aenter__
    return await self
  File "/home/chase/mobileraker-env/lib/python3.8/site-packages/websockets/legacy/client.py", line 650, in __await_impl_timeout__
    return await asyncio.wait_for(self.__await_impl__(), self.open_timeout)
  File "/usr/lib/python3.8/asyncio/tasks.py", line 494, in wait_for
    return fut.result()
  File "/home/chase/mobileraker-env/lib/python3.8/site-packages/websockets/legacy/client.py", line 654, in __await_impl__
    transport, protocol = await self._create_connection()
  File "/usr/lib/python3.8/asyncio/base_events.py", line 1025, in create_connection
    raise exceptions[0]
  File "/usr/lib/python3.8/asyncio/base_events.py", line 1010, in create_connection
    sock = await self._connect_sock(
  File "/usr/lib/python3.8/asyncio/base_events.py", line 924, in _connect_sock
    await self.sock_connect(sock, address)
  File "/usr/lib/python3.8/asyncio/selector_events.py", line 496, in sock_connect
    return await fut
  File "/usr/lib/python3.8/asyncio/selector_events.py", line 501, in _sock_connect
    sock.connect(address)
OSError: [Errno 101] Network is unreachable
2026-08-28 21:52:14,684 websockets.client INFO - ! connect failed again; retrying in 60 seconds
Traceback (most recent call last):
  File "/home/chase/mobileraker-env/lib/python3.8/site-packages/websockets/legacy/client.py", line 598, in __aiter__
    async with self as protocol:
  File "/home/chase/mobileraker-env/lib/python3.8/site-packages/websockets/legacy/client.py", line 633, in __aenter__
    return await self
  File "/home/chase/mobileraker-env/lib/python3.8/site-packages/websockets/legacy/client.py", line 650, in __await_impl_timeout__
    return await asyncio.wait_for(self.__await_impl__(), self.open_timeout)
  File "/usr/lib/python3.8/asyncio/tasks.py", line 494, in wait_for
    return fut.result()
  File "/home/chase/mobileraker-env/lib/python3.8/site-packages/websockets/legacy/client.py", line 654, in __await_impl__
    transport, protocol = await self._create_connection()
  File "/usr/lib/python3.8/asyncio/base_events.py", line 1025, in create_connection
    raise exceptions[0]
  File "/usr/lib/python3.8/asyncio/base_events.py", line 1010, in create_connection
    sock = await self._connect_sock(
  File "/usr/lib/python3.8/asyncio/base_events.py", line 924, in _connect_sock
    await self.sock_connect(sock, address)
  File "/usr/lib/python3.8/asyncio/selector_events.py", line 496, in sock_connect
    return await fut
  File "/usr/lib/python3.8/asyncio/selector_events.py", line 501, in _sock_connect
    sock.connect(address)
OSError: [Errno 101] Network is unreachable
2026-08-28 21:53:14,748 websockets.client INFO - ! connect failed again; retrying in 60 seconds
Traceback (most recent call last):
  File "/home/chase/mobileraker-env/lib/python3.8/site-packages/websockets/legacy/client.py", line 598, in __aiter__
    async with self as protocol:
  File "/home/chase/mobileraker-env/lib/python3.8/site-packages/websockets/legacy/client.py", line 633, in __aenter__
    return await self
  File "/home/chase/mobileraker-env/lib/python3.8/site-packages/websockets/legacy/client.py", line 650, in __await_impl_timeout__
    return await asyncio.wait_for(self.__await_impl__(), self.open_timeout)
  File "/usr/lib/python3.8/asyncio/tasks.py", line 494, in wait_for
    return fut.result()
  File "/home/chase/mobileraker-env/lib/python3.8/site-packages/websockets/legacy/client.py", line 654, in __await_impl__
    transport, protocol = await self._create_connection()
  File "/usr/lib/python3.8/asyncio/base_events.py", line 1025, in create_connection
    raise exceptions[0]
  File "/usr/lib/python3.8/asyncio/base_events.py", line 1010, in create_connection
    sock = await self._connect_sock(
  File "/usr/lib/python3.8/asyncio/base_events.py", line 924, in _connect_sock
    await self.sock_connect(sock, address)
  File "/usr/lib/python3.8/asyncio/selector_events.py", line 496, in sock_connect
    return await fut
  File "/usr/lib/python3.8/asyncio/selector_events.py", line 501, in _sock_connect
    sock.connect(address)
OSError: [Errno 101] Network is unreachable
2026-08-28 21:54:14,763 websockets.client INFO - ! connect failed again; retrying in 60 seconds
Traceback (most recent call last):
  File "/home/chase/mobileraker-env/lib/python3.8/site-packages/websockets/legacy/client.py", line 598, in __aiter__
    async with self as protocol:
  File "/home/chase/mobileraker-env/lib/python3.8/site-packages/websockets/legacy/client.py", line 633, in __aenter__
    return await self
  File "/home/chase/mobileraker-env/lib/python3.8/site-packages/websockets/legacy/client.py", line 650, in __await_impl_timeout__
    return await asyncio.wait_for(self.__await_impl__(), self.open_timeout)
  File "/usr/lib/python3.8/asyncio/tasks.py", line 494, in wait_for
    return fut.result()
  File "/home/chase/mobileraker-env/lib/python3.8/site-packages/websockets/legacy/client.py", line 654, in __await_impl__
    transport, protocol = await self._create_connection()
  File "/usr/lib/python3.8/asyncio/base_events.py", line 1025, in create_connection
    raise exceptions[0]
  File "/usr/lib/python3.8/asyncio/base_events.py", line 1010, in create_connection
    sock = await self._connect_sock(
  File "/usr/lib/python3.8/asyncio/base_events.py", line 924, in _connect_sock
    await self.sock_connect(sock, address)
  File "/usr/lib/python3.8/asyncio/selector_events.py", line 496, in sock_connect
    return await fut
  File "/usr/lib/python3.8/asyncio/selector_events.py", line 501, in _sock_connect
    sock.connect(address)
OSError: [Errno 101] Network is unreachable
2026-08-28 21:55:14,826 websockets.client INFO - ! connect failed again; retrying in 60 seconds
Traceback (most recent call last):
  File "/home/chase/mobileraker-env/lib/python3.8/site-packages/websockets/legacy/client.py", line 598, in __aiter__
    async with self as protocol:
  File "/home/chase/mobileraker-env/lib/python3.8/site-packages/websockets/legacy/client.py", line 633, in __aenter__
    return await self
  File "/home/chase/mobileraker-env/lib/python3.8/site-packages/websockets/legacy/client.py", line 650, in __await_impl_timeout__
    return await asyncio.wait_for(self.__await_impl__(), self.open_timeout)
  File "/usr/lib/python3.8/asyncio/tasks.py", line 494, in wait_for
    return fut.result()
  File "/home/chase/mobileraker-env/lib/python3.8/site-packages/websockets/legacy/client.py", line 654, in __await_impl__
    transport, protocol = await self._create_connection()
  File "/usr/lib/python3.8/asyncio/base_events.py", line 1025, in create_connection
    raise exceptions[0]
  File "/usr/lib/python3.8/asyncio/base_events.py", line 1010, in create_connection
    sock = await self._connect_sock(
  File "/usr/lib/python3.8/asyncio/base_events.py", line 924, in _connect_sock
    await self.sock_connect(sock, address)
  File "/usr/lib/python3.8/asyncio/selector_events.py", line 496, in sock_connect
    return await fut
  File "/usr/lib/python3.8/asyncio/selector_events.py", line 501, in _sock_connect
    sock.connect(address)
OSError: [Errno 101] Network is unreachable
2026-08-28 21:56:14,859 websockets.client INFO - ! connect failed again; retrying in 60 seconds
Traceback (most recent call last):
  File "/home/chase/mobileraker-env/lib/python3.8/site-packages/websockets/legacy/client.py", line 598, in __aiter__
    async with self as protocol:
  File "/home/chase/mobileraker-env/lib/python3.8/site-packages/websockets/legacy/client.py", line 633, in __aenter__
    return await self
  File "/home/chase/mobileraker-env/lib/python3.8/site-packages/websockets/legacy/client.py", line 650, in __await_impl_timeout__
    return await asyncio.wait_for(self.__await_impl__(), self.open_timeout)
  File "/usr/lib/python3.8/asyncio/tasks.py", line 494, in wait_for
    return fut.result()
  File "/home/chase/mobileraker-env/lib/python3.8/site-packages/websockets/legacy/client.py", line 654, in __await_impl__
    transport, protocol = await self._create_connection()
  File "/usr/lib/python3.8/asyncio/base_events.py", line 1025, in create_connection
    raise exceptions[0]
  File "/usr/lib/python3.8/asyncio/base_events.py", line 1010, in create_connection
    sock = await self._connect_sock(
  File "/usr/lib/python3.8/asyncio/base_events.py", line 924, in _connect_sock
    await self.sock_connect(sock, address)
  File "/usr/lib/python3.8/asyncio/selector_events.py", line 496, in sock_connect
    return await fut
  File "/usr/lib/python3.8/asyncio/selector_events.py", line 501, in _sock_connect
    sock.connect(address)
OSError: [Errno 101] Network is unreachable
2026-08-28 21:57:14,906 websockets.client INFO - ! connect failed again; retrying in 60 seconds
Traceback (most recent call last):
  File "/home/chase/mobileraker-env/lib/python3.8/site-packages/websockets/legacy/client.py", line 598, in __aiter__
    async with self as protocol:
  File "/home/chase/mobileraker-env/lib/python3.8/site-packages/websockets/legacy/client.py", line 633, in __aenter__
    return await self
  File "/home/chase/mobileraker-env/lib/python3.8/site-packages/websockets/legacy/client.py", line 650, in __await_impl_timeout__
    return await asyncio.wait_for(self.__await_impl__(), self.open_timeout)
  File "/usr/lib/python3.8/asyncio/tasks.py", line 494, in wait_for
    return fut.result()
  File "/home/chase/mobileraker-env/lib/python3.8/site-packages/websockets/legacy/client.py", line 654, in __await_impl__
    transport, protocol = await self._create_connection()
  File "/usr/lib/python3.8/asyncio/base_events.py", line 1025, in create_connection
    raise exceptions[0]
  File "/usr/lib/python3.8/asyncio/base_events.py", line 1010, in create_connection
    sock = await self._connect_sock(
  File "/usr/lib/python3.8/asyncio/base_events.py", line 924, in _connect_sock
    await self.sock_connect(sock, address)
  File "/usr/lib/python3.8/asyncio/selector_events.py", line 496, in sock_connect
    return await fut
  File "/usr/lib/python3.8/asyncio/selector_events.py", line 501, in _sock_connect
    sock.connect(address)
OSError: [Errno 101] Network is unreachable
2026-08-28 21:58:14,968 websockets.client INFO - ! connect failed again; retrying in 60 seconds
Traceback (most recent call last):
  File "/home/chase/mobileraker-env/lib/python3.8/site-packages/websockets/legacy/client.py", line 598, in __aiter__
    async with self as protocol:
  File "/home/chase/mobileraker-env/lib/python3.8/site-packages/websockets/legacy/client.py", line 633, in __aenter__
    return await self
  File "/home/chase/mobileraker-env/lib/python3.8/site-packages/websockets/legacy/client.py", line 650, in __await_impl_timeout__
    return await asyncio.wait_for(self.__await_impl__(), self.open_timeout)
  File "/usr/lib/python3.8/asyncio/tasks.py", line 494, in wait_for
    return fut.result()
  File "/home/chase/mobileraker-env/lib/python3.8/site-packages/websockets/legacy/client.py", line 654, in __await_impl__
    transport, protocol = await self._create_connection()
  File "/usr/lib/python3.8/asyncio/base_events.py", line 1025, in create_connection
    raise exceptions[0]
  File "/usr/lib/python3.8/asyncio/base_events.py", line 1010, in create_connection
    sock = await self._connect_sock(
  File "/usr/lib/python3.8/asyncio/base_events.py", line 924, in _connect_sock
    await self.sock_connect(sock, address)
  File "/usr/lib/python3.8/asyncio/selector_events.py", line 496, in sock_connect
    return await fut
  File "/usr/lib/python3.8/asyncio/selector_events.py", line 501, in _sock_connect
    sock.connect(address)
OSError: [Errno 101] Network is unreachable
2026-08-28 21:59:15,034 websockets.client INFO - ! connect failed again; retrying in 60 seconds
Traceback (most recent call last):
  File "/home/chase/mobileraker-env/lib/python3.8/site-packages/websockets/legacy/client.py", line 598, in __aiter__
    async with self as protocol:
  File "/home/chase/mobileraker-env/lib/python3.8/site-packages/websockets/legacy/client.py", line 633, in __aenter__
    return await self
  File "/home/chase/mobileraker-env/lib/python3.8/site-packages/websockets/legacy/client.py", line 650, in __await_impl_timeout__
    return await asyncio.wait_for(self.__await_impl__(), self.open_timeout)
  File "/usr/lib/python3.8/asyncio/tasks.py", line 494, in wait_for
    return fut.result()
  File "/home/chase/mobileraker-env/lib/python3.8/site-packages/websockets/legacy/client.py", line 654, in __await_impl__
    transport, protocol = await self._create_connection()
  File "/usr/lib/python3.8/asyncio/base_events.py", line 1025, in create_connection
    raise exceptions[0]
  File "/usr/lib/python3.8/asyncio/base_events.py", line 1010, in create_connection
    sock = await self._connect_sock(
  File "/usr/lib/python3.8/asyncio/base_events.py", line 924, in _connect_sock
    await self.sock_connect(sock, address)
  File "/usr/lib/python3.8/asyncio/selector_events.py", line 496, in sock_connect
    return await fut
  File "/usr/lib/python3.8/asyncio/selector_events.py", line 501, in _sock_connect
    sock.connect(address)
OSError: [Errno 101] Network is unreachable
2026-08-28 22:00:15,083 websockets.client INFO - ! connect failed again; retrying in 60 seconds
Traceback (most recent call last):
  File "/home/chase/mobileraker-env/lib/python3.8/site-packages/websockets/legacy/client.py", line 598, in __aiter__
    async with self as protocol:
  File "/home/chase/mobileraker-env/lib/python3.8/site-packages/websockets/legacy/client.py", line 633, in __aenter__
    return await self
  File "/home/chase/mobileraker-env/lib/python3.8/site-packages/websockets/legacy/client.py", line 650, in __await_impl_timeout__
    return await asyncio.wait_for(self.__await_impl__(), self.open_timeout)
  File "/usr/lib/python3.8/asyncio/tasks.py", line 494, in wait_for
    return fut.result()
  File "/home/chase/mobileraker-env/lib/python3.8/site-packages/websockets/legacy/client.py", line 654, in __await_impl__
    transport, protocol = await self._create_connection()
  File "/usr/lib/python3.8/asyncio/base_events.py", line 1025, in create_connection
    raise exceptions[0]
  File "/usr/lib/python3.8/asyncio/base_events.py", line 1010, in create_connection
    sock = await self._connect_sock(
  File "/usr/lib/python3.8/asyncio/base_events.py", line 924, in _connect_sock
    await self.sock_connect(sock, address)
  File "/usr/lib/python3.8/asyncio/selector_events.py", line 496, in sock_connect
    return await fut
  File "/usr/lib/python3.8/asyncio/selector_events.py", line 501, in _sock_connect
    sock.connect(address)
OSError: [Errno 101] Network is unreachable
2026-08-28 22:01:15,147 websockets.client INFO - ! connect failed again; retrying in 60 seconds
Traceback (most recent call last):
  File "/home/chase/mobileraker-env/lib/python3.8/site-packages/websockets/legacy/client.py", line 598, in __aiter__
    async with self as protocol:
  File "/home/chase/mobileraker-env/lib/python3.8/site-packages/websockets/legacy/client.py", line 633, in __aenter__
    return await self
  File "/home/chase/mobileraker-env/lib/python3.8/site-packages/websockets/legacy/client.py", line 650, in __await_impl_timeout__
    return await asyncio.wait_for(self.__await_impl__(), self.open_timeout)
  File "/usr/lib/python3.8/asyncio/tasks.py", line 494, in wait_for
    return fut.result()
  File "/home/chase/mobileraker-env/lib/python3.8/site-packages/websockets/legacy/client.py", line 654, in __await_impl__
    transport, protocol = await self._create_connection()
  File "/usr/lib/python3.8/asyncio/base_events.py", line 1025, in create_connection
    raise exceptions[0]
  File "/usr/lib/python3.8/asyncio/base_events.py", line 1010, in create_connection
    sock = await self._connect_sock(
  File "/usr/lib/python3.8/asyncio/base_events.py", line 924, in _connect_sock
    await self.sock_connect(sock, address)
  File "/usr/lib/python3.8/asyncio/selector_events.py", line 496, in sock_connect
    return await fut
  File "/usr/lib/python3.8/asyncio/selector_events.py", line 501, in _sock_connect
    sock.connect(address)
OSError: [Errno 101] Network is unreachable
2026-08-28 22:02:15,212 websockets.client INFO - ! connect failed again; retrying in 60 seconds
Traceback (most recent call last):
  File "/home/chase/mobileraker-env/lib/python3.8/site-packages/websockets/legacy/client.py", line 598, in __aiter__
    async with self as protocol:
  File "/home/chase/mobileraker-env/lib/python3.8/site-packages/websockets/legacy/client.py", line 633, in __aenter__
    return await self
  File "/home/chase/mobileraker-env/lib/python3.8/site-packages/websockets/legacy/client.py", line 650, in __await_impl_timeout__
    return await asyncio.wait_for(self.__await_impl__(), self.open_timeout)
  File "/usr/lib/python3.8/asyncio/tasks.py", line 494, in wait_for
    return fut.result()
  File "/home/chase/mobileraker-env/lib/python3.8/site-packages/websockets/legacy/client.py", line 654, in __await_impl__
    transport, protocol = await self._create_connection()
  File "/usr/lib/python3.8/asyncio/base_events.py", line 1025, in create_connection
    raise exceptions[0]
  File "/usr/lib/python3.8/asyncio/base_events.py", line 1010, in create_connection
    sock = await self._connect_sock(
  File "/usr/lib/python3.8/asyncio/base_events.py", line 924, in _connect_sock
    await self.sock_connect(sock, address)
  File "/usr/lib/python3.8/asyncio/selector_events.py", line 496, in sock_connect
    return await fut
  File "/usr/lib/python3.8/asyncio/selector_events.py", line 501, in _sock_connect
    sock.connect(address)
OSError: [Errno 101] Network is unreachable
2026-08-28 22:03:15,229 websockets.client INFO - ! connect failed again; retrying in 60 seconds
Traceback (most recent call last):
  File "/home/chase/mobileraker-env/lib/python3.8/site-packages/websockets/legacy/client.py", line 598, in __aiter__
    async with self as protocol:
  File "/home/chase/mobileraker-env/lib/python3.8/site-packages/websockets/legacy/client.py", line 633, in __aenter__
    return await self
  File "/home/chase/mobileraker-env/lib/python3.8/site-packages/websockets/legacy/client.py", line 650, in __await_impl_timeout__
    return await asyncio.wait_for(self.__await_impl__(), self.open_timeout)
  File "/usr/lib/python3.8/asyncio/tasks.py", line 494, in wait_for
    return fut.result()
  File "/home/chase/mobileraker-env/lib/python3.8/site-packages/websockets/legacy/client.py", line 654, in __await_impl__
    transport, protocol = await self._create_connection()
  File "/usr/lib/python3.8/asyncio/base_events.py", line 1025, in create_connection
    raise exceptions[0]
  File "/usr/lib/python3.8/asyncio/base_events.py", line 1010, in create_connection
    sock = await self._connect_sock(
  File "/usr/lib/python3.8/asyncio/base_events.py", line 924, in _connect_sock
    await self.sock_connect(sock, address)
  File "/usr/lib/python3.8/asyncio/selector_events.py", line 496, in sock_connect
    return await fut
  File "/usr/lib/python3.8/asyncio/selector_events.py", line 501, in _sock_connect
    sock.connect(address)
OSError: [Errno 101] Network is unreachable
2026-08-28 22:04:15,295 websockets.client INFO - ! connect failed again; retrying in 60 seconds
Traceback (most recent call last):
  File "/home/chase/mobileraker-env/lib/python3.8/site-packages/websockets/legacy/client.py", line 598, in __aiter__
    async with self as protocol:
  File "/home/chase/mobileraker-env/lib/python3.8/site-packages/websockets/legacy/client.py", line 633, in __aenter__
    return await self
  File "/home/chase/mobileraker-env/lib/python3.8/site-packages/websockets/legacy/client.py", line 650, in __await_impl_timeout__
    return await asyncio.wait_for(self.__await_impl__(), self.open_timeout)
  File "/usr/lib/python3.8/asyncio/tasks.py", line 494, in wait_for
    return fut.result()
  File "/home/chase/mobileraker-env/lib/python3.8/site-packages/websockets/legacy/client.py", line 654, in __await_impl__
    transport, protocol = await self._create_connection()
  File "/usr/lib/python3.8/asyncio/base_events.py", line 1025, in create_connection
    raise exceptions[0]
  File "/usr/lib/python3.8/asyncio/base_events.py", line 1010, in create_connection
    sock = await self._connect_sock(
  File "/usr/lib/python3.8/asyncio/base_events.py", line 924, in _connect_sock
    await self.sock_connect(sock, address)
  File "/usr/lib/python3.8/asyncio/selector_events.py", line 496, in sock_connect
    return await fut
  File "/usr/lib/python3.8/asyncio/selector_events.py", line 501, in _sock_connect
    sock.connect(address)
OSError: [Errno 101] Network is unreachable
2026-08-28 22:05:15,336 websockets.client INFO - ! connect failed again; retrying in 60 seconds
Traceback (most recent call last):
  File "/home/chase/mobileraker-env/lib/python3.8/site-packages/websockets/legacy/client.py", line 598, in __aiter__
    async with self as protocol:
  File "/home/chase/mobileraker-env/lib/python3.8/site-packages/websockets/legacy/client.py", line 633, in __aenter__
    return await self
  File "/home/chase/mobileraker-env/lib/python3.8/site-packages/websockets/legacy/client.py", line 650, in __await_impl_timeout__
    return await asyncio.wait_for(self.__await_impl__(), self.open_timeout)
  File "/usr/lib/python3.8/asyncio/tasks.py", line 494, in wait_for
    return fut.result()
  File "/home/chase/mobileraker-env/lib/python3.8/site-packages/websockets/legacy/client.py", line 654, in __await_impl__
    transport, protocol = await self._create_connection()
  File "/usr/lib/python3.8/asyncio/base_events.py", line 1025, in create_connection
    raise exceptions[0]
  File "/usr/lib/python3.8/asyncio/base_events.py", line 1010, in create_connection
    sock = await self._connect_sock(
  File "/usr/lib/python3.8/asyncio/base_events.py", line 924, in _connect_sock
    await self.sock_connect(sock, address)
  File "/usr/lib/python3.8/asyncio/selector_events.py", line 496, in sock_connect
    return await fut
  File "/usr/lib/python3.8/asyncio/selector_events.py", line 501, in _sock_connect
    sock.connect(address)
OSError: [Errno 101] Network is unreachable
2026-08-28 22:06:15,400 websockets.client INFO - ! connect failed again; retrying in 60 seconds
Traceback (most recent call last):
  File "/home/chase/mobileraker-env/lib/python3.8/site-packages/websockets/legacy/client.py", line 598, in __aiter__
    async with self as protocol:
  File "/home/chase/mobileraker-env/lib/python3.8/site-packages/websockets/legacy/client.py", line 633, in __aenter__
    return await self
  File "/home/chase/mobileraker-env/lib/python3.8/site-packages/websockets/legacy/client.py", line 650, in __await_impl_timeout__
    return await asyncio.wait_for(self.__await_impl__(), self.open_timeout)
  File "/usr/lib/python3.8/asyncio/tasks.py", line 494, in wait_for
    return fut.result()
  File "/home/chase/mobileraker-env/lib/python3.8/site-packages/websockets/legacy/client.py", line 654, in __await_impl__
    transport, protocol = await self._create_connection()
  File "/usr/lib/python3.8/asyncio/base_events.py", line 1025, in create_connection
    raise exceptions[0]
  File "/usr/lib/python3.8/asyncio/base_events.py", line 1010, in create_connection
    sock = await self._connect_sock(
  File "/usr/lib/python3.8/asyncio/base_events.py", line 924, in _connect_sock
    await self.sock_connect(sock, address)
  File "/usr/lib/python3.8/asyncio/selector_events.py", line 496, in sock_connect
    return await fut
  File "/usr/lib/python3.8/asyncio/selector_events.py", line 501, in _sock_connect
    sock.connect(address)
OSError: [Errno 101] Network is unreachable
2026-08-28 22:07:15,466 websockets.client INFO - ! connect failed again; retrying in 60 seconds
Traceback (most recent call last):
  File "/home/chase/mobileraker-env/lib/python3.8/site-packages/websockets/legacy/client.py", line 598, in __aiter__
    async with self as protocol:
  File "/home/chase/mobileraker-env/lib/python3.8/site-packages/websockets/legacy/client.py", line 633, in __aenter__
    return await self
  File "/home/chase/mobileraker-env/lib/python3.8/site-packages/websockets/legacy/client.py", line 650, in __await_impl_timeout__
    return await asyncio.wait_for(self.__await_impl__(), self.open_timeout)
  File "/usr/lib/python3.8/asyncio/tasks.py", line 494, in wait_for
    return fut.result()
  File "/home/chase/mobileraker-env/lib/python3.8/site-packages/websockets/legacy/client.py", line 654, in __await_impl__
    transport, protocol = await self._create_connection()
  File "/usr/lib/python3.8/asyncio/base_events.py", line 1025, in create_connection
    raise exceptions[0]
  File "/usr/lib/python3.8/asyncio/base_events.py", line 1010, in create_connection
    sock = await self._connect_sock(
  File "/usr/lib/python3.8/asyncio/base_events.py", line 924, in _connect_sock
    await self.sock_connect(sock, address)
  File "/usr/lib/python3.8/asyncio/selector_events.py", line 496, in sock_connect
    return await fut
  File "/usr/lib/python3.8/asyncio/selector_events.py", line 501, in _sock_connect
    sock.connect(address)
OSError: [Errno 101] Network is unreachable
2026-08-28 22:08:15,476 websockets.client INFO - ! connect failed again; retrying in 60 seconds
Traceback (most recent call last):
  File "/home/chase/mobileraker-env/lib/python3.8/site-packages/websockets/legacy/client.py", line 598, in __aiter__
    async with self as protocol:
  File "/home/chase/mobileraker-env/lib/python3.8/site-packages/websockets/legacy/client.py", line 633, in __aenter__
    return await self
  File "/home/chase/mobileraker-env/lib/python3.8/site-packages/websockets/legacy/client.py", line 650, in __await_impl_timeout__
    return await asyncio.wait_for(self.__await_impl__(), self.open_timeout)
  File "/usr/lib/python3.8/asyncio/tasks.py", line 494, in wait_for
    return fut.result()
  File "/home/chase/mobileraker-env/lib/python3.8/site-packages/websockets/legacy/client.py", line 654, in __await_impl__
    transport, protocol = await self._create_connection()
  File "/usr/lib/python3.8/asyncio/base_events.py", line 1025, in create_connection
    raise exceptions[0]
  File "/usr/lib/python3.8/asyncio/base_events.py", line 1010, in create_connection
    sock = await self._connect_sock(
  File "/usr/lib/python3.8/asyncio/base_events.py", line 924, in _connect_sock
    await self.sock_connect(sock, address)
  File "/usr/lib/python3.8/asyncio/selector_events.py", line 496, in sock_connect
    return await fut
  File "/usr/lib/python3.8/asyncio/selector_events.py", line 501, in _sock_connect
    sock.connect(address)
OSError: [Errno 101] Network is unreachable
2026-08-28 22:09:15,540 websockets.client INFO - ! connect failed again; retrying in 60 seconds
Traceback (most recent call last):
  File "/home/chase/mobileraker-env/lib/python3.8/site-packages/websockets/legacy/client.py", line 598, in __aiter__
    async with self as protocol:
  File "/home/chase/mobileraker-env/lib/python3.8/site-packages/websockets/legacy/client.py", line 633, in __aenter__
    return await self
  File "/home/chase/mobileraker-env/lib/python3.8/site-packages/websockets/legacy/client.py", line 650, in __await_impl_timeout__
    return await asyncio.wait_for(self.__await_impl__(), self.open_timeout)
  File "/usr/lib/python3.8/asyncio/tasks.py", line 494, in wait_for
    return fut.result()
  File "/home/chase/mobileraker-env/lib/python3.8/site-packages/websockets/legacy/client.py", line 654, in __await_impl__
    transport, protocol = await self._create_connection()
  File "/usr/lib/python3.8/asyncio/base_events.py", line 1025, in create_connection
    raise exceptions[0]
  File "/usr/lib/python3.8/asyncio/base_events.py", line 1010, in create_connection
    sock = await self._connect_sock(
  File "/usr/lib/python3.8/asyncio/base_events.py", line 924, in _connect_sock
    await self.sock_connect(sock, address)
  File "/usr/lib/python3.8/asyncio/selector_events.py", line 496, in sock_connect
    return await fut
  File "/usr/lib/python3.8/asyncio/selector_events.py", line 501, in _sock_connect
    sock.connect(address)
OSError: [Errno 101] Network is unreachable
2026-08-28 22:10:15,604 websockets.client INFO - ! connect failed again; retrying in 60 seconds
Traceback (most recent call last):
  File "/home/chase/mobileraker-env/lib/python3.8/site-packages/websockets/legacy/client.py", line 598, in __aiter__
    async with self as protocol:
  File "/home/chase/mobileraker-env/lib/python3.8/site-packages/websockets/legacy/client.py", line 633, in __aenter__
    return await self
  File "/home/chase/mobileraker-env/lib/python3.8/site-packages/websockets/legacy/client.py", line 650, in __await_impl_timeout__
    return await asyncio.wait_for(self.__await_impl__(), self.open_timeout)
  File "/usr/lib/python3.8/asyncio/tasks.py", line 494, in wait_for
    return fut.result()
  File "/home/chase/mobileraker-env/lib/python3.8/site-packages/websockets/legacy/client.py", line 654, in __await_impl__
    transport, protocol = await self._create_connection()
  File "/usr/lib/python3.8/asyncio/base_events.py", line 1025, in create_connection
    raise exceptions[0]
  File "/usr/lib/python3.8/asyncio/base_events.py", line 1010, in create_connection
    sock = await self._connect_sock(
  File "/usr/lib/python3.8/asyncio/base_events.py", line 924, in _connect_sock
    await self.sock_connect(sock, address)
  File "/usr/lib/python3.8/asyncio/selector_events.py", line 496, in sock_connect
    return await fut
  File "/usr/lib/python3.8/asyncio/selector_events.py", line 501, in _sock_connect
    sock.connect(address)
OSError: [Errno 101] Network is unreachable
2026-08-28 22:11:15,668 websockets.client INFO - ! connect failed again; retrying in 60 seconds
Traceback (most recent call last):
  File "/home/chase/mobileraker-env/lib/python3.8/site-packages/websockets/legacy/client.py", line 598, in __aiter__
    async with self as protocol:
  File "/home/chase/mobileraker-env/lib/python3.8/site-packages/websockets/legacy/client.py", line 633, in __aenter__
    return await self
  File "/home/chase/mobileraker-env/lib/python3.8/site-packages/websockets/legacy/client.py", line 650, in __await_impl_timeout__
    return await asyncio.wait_for(self.__await_impl__(), self.open_timeout)
  File "/usr/lib/python3.8/asyncio/tasks.py", line 494, in wait_for
    return fut.result()
  File "/home/chase/mobileraker-env/lib/python3.8/site-packages/websockets/legacy/client.py", line 654, in __await_impl__
    transport, protocol = await self._create_connection()
  File "/usr/lib/python3.8/asyncio/base_events.py", line 1025, in create_connection
    raise exceptions[0]
  File "/usr/lib/python3.8/asyncio/base_events.py", line 1010, in create_connection
    sock = await self._connect_sock(
  File "/usr/lib/python3.8/asyncio/base_events.py", line 924, in _connect_sock
    await self.sock_connect(sock, address)
  File "/usr/lib/python3.8/asyncio/selector_events.py", line 496, in sock_connect
    return await fut
  File "/usr/lib/python3.8/asyncio/selector_events.py", line 501, in _sock_connect
    sock.connect(address)
OSError: [Errno 101] Network is unreachable
2026-08-28 22:12:15,733 websockets.client INFO - ! connect failed again; retrying in 60 seconds
Traceback (most recent call last):
  File "/home/chase/mobileraker-env/lib/python3.8/site-packages/websockets/legacy/client.py", line 598, in __aiter__
    async with self as protocol:
  File "/home/chase/mobileraker-env/lib/python3.8/site-packages/websockets/legacy/client.py", line 633, in __aenter__
    return await self
  File "/home/chase/mobileraker-env/lib/python3.8/site-packages/websockets/legacy/client.py", line 650, in __await_impl_timeout__
    return await asyncio.wait_for(self.__await_impl__(), self.open_timeout)
  File "/usr/lib/python3.8/asyncio/tasks.py", line 494, in wait_for
    return fut.result()
  File "/home/chase/mobileraker-env/lib/python3.8/site-packages/websockets/legacy/client.py", line 654, in __await_impl__
    transport, protocol = await self._create_connection()
  File "/usr/lib/python3.8/asyncio/base_events.py", line 1025, in create_connection
    raise exceptions[0]
  File "/usr/lib/python3.8/asyncio/base_events.py", line 1010, in create_connection
    sock = await self._connect_sock(
  File "/usr/lib/python3.8/asyncio/base_events.py", line 924, in _connect_sock
    await self.sock_connect(sock, address)
  File "/usr/lib/python3.8/asyncio/selector_events.py", line 496, in sock_connect
    return await fut
  File "/usr/lib/python3.8/asyncio/selector_events.py", line 501, in _sock_connect
    sock.connect(address)
OSError: [Errno 101] Network is unreachable
2026-08-28 22:13:15,796 websockets.client INFO - ! connect failed again; retrying in 60 seconds
Traceback (most recent call last):
  File "/home/chase/mobileraker-env/lib/python3.8/site-packages/websockets/legacy/client.py", line 598, in __aiter__
    async with self as protocol:
  File "/home/chase/mobileraker-env/lib/python3.8/site-packages/websockets/legacy/client.py", line 633, in __aenter__
    return await self
  File "/home/chase/mobileraker-env/lib/python3.8/site-packages/websockets/legacy/client.py", line 650, in __await_impl_timeout__
    return await asyncio.wait_for(self.__await_impl__(), self.open_timeout)
  File "/usr/lib/python3.8/asyncio/tasks.py", line 494, in wait_for
    return fut.result()
  File "/home/chase/mobileraker-env/lib/python3.8/site-packages/websockets/legacy/client.py", line 654, in __await_impl__
    transport, protocol = await self._create_connection()
  File "/usr/lib/python3.8/asyncio/base_events.py", line 1025, in create_connection
    raise exceptions[0]
  File "/usr/lib/python3.8/asyncio/base_events.py", line 1010, in create_connection
    sock = await self._connect_sock(
  File "/usr/lib/python3.8/asyncio/base_events.py", line 924, in _connect_sock
    await self.sock_connect(sock, address)
  File "/usr/lib/python3.8/asyncio/selector_events.py", line 496, in sock_connect
    return await fut
  File "/usr/lib/python3.8/asyncio/selector_events.py", line 501, in _sock_connect
    sock.connect(address)
OSError: [Errno 101] Network is unreachable
2026-08-28 22:14:15,861 websockets.client INFO - ! connect failed again; retrying in 60 seconds
Traceback (most recent call last):
  File "/home/chase/mobileraker-env/lib/python3.8/site-packages/websockets/legacy/client.py", line 598, in __aiter__
    async with self as protocol:
  File "/home/chase/mobileraker-env/lib/python3.8/site-packages/websockets/legacy/client.py", line 633, in __aenter__
    return await self
  File "/home/chase/mobileraker-env/lib/python3.8/site-packages/websockets/legacy/client.py", line 650, in __await_impl_timeout__
    return await asyncio.wait_for(self.__await_impl__(), self.open_timeout)
  File "/usr/lib/python3.8/asyncio/tasks.py", line 494, in wait_for
    return fut.result()
  File "/home/chase/mobileraker-env/lib/python3.8/site-packages/websockets/legacy/client.py", line 654, in __await_impl__
    transport, protocol = await self._create_connection()
  File "/usr/lib/python3.8/asyncio/base_events.py", line 1025, in create_connection
    raise exceptions[0]
  File "/usr/lib/python3.8/asyncio/base_events.py", line 1010, in create_connection
    sock = await self._connect_sock(
  File "/usr/lib/python3.8/asyncio/base_events.py", line 924, in _connect_sock
    await self.sock_connect(sock, address)
  File "/usr/lib/python3.8/asyncio/selector_events.py", line 496, in sock_connect
    return await fut
  File "/usr/lib/python3.8/asyncio/selector_events.py", line 501, in _sock_connect
    sock.connect(address)
OSError: [Errno 101] Network is unreachable
2026-08-28 22:15:15,924 websockets.client INFO - ! connect failed again; retrying in 60 seconds
Traceback (most recent call last):
  File "/home/chase/mobileraker-env/lib/python3.8/site-packages/websockets/legacy/client.py", line 598, in __aiter__
    async with self as protocol:
  File "/home/chase/mobileraker-env/lib/python3.8/site-packages/websockets/legacy/client.py", line 633, in __aenter__
    return await self
  File "/home/chase/mobileraker-env/lib/python3.8/site-packages/websockets/legacy/client.py", line 650, in __await_impl_timeout__
    return await asyncio.wait_for(self.__await_impl__(), self.open_timeout)
  File "/usr/lib/python3.8/asyncio/tasks.py", line 494, in wait_for
    return fut.result()
  File "/home/chase/mobileraker-env/lib/python3.8/site-packages/websockets/legacy/client.py", line 654, in __await_impl__
    transport, protocol = await self._create_connection()
  File "/usr/lib/python3.8/asyncio/base_events.py", line 1025, in create_connection
    raise exceptions[0]
  File "/usr/lib/python3.8/asyncio/base_events.py", line 1010, in create_connection
    sock = await self._connect_sock(
  File "/usr/lib/python3.8/asyncio/base_events.py", line 924, in _connect_sock
    await self.sock_connect(sock, address)
  File "/usr/lib/python3.8/asyncio/selector_events.py", line 496, in sock_connect
    return await fut
  File "/usr/lib/python3.8/asyncio/selector_events.py", line 501, in _sock_connect
    sock.connect(address)
OSError: [Errno 101] Network is unreachable
2026-08-28 22:16:15,985 websockets.client INFO - ! connect failed again; retrying in 60 seconds
Traceback (most recent call last):
  File "/home/chase/mobileraker-env/lib/python3.8/site-packages/websockets/legacy/client.py", line 598, in __aiter__
    async with self as protocol:
  File "/home/chase/mobileraker-env/lib/python3.8/site-packages/websockets/legacy/client.py", line 633, in __aenter__
    return await self
  File "/home/chase/mobileraker-env/lib/python3.8/site-packages/websockets/legacy/client.py", line 650, in __await_impl_timeout__
    return await asyncio.wait_for(self.__await_impl__(), self.open_timeout)
  File "/usr/lib/python3.8/asyncio/tasks.py", line 494, in wait_for
    return fut.result()
  File "/home/chase/mobileraker-env/lib/python3.8/site-packages/websockets/legacy/client.py", line 654, in __await_impl__
    transport, protocol = await self._create_connection()
  File "/usr/lib/python3.8/asyncio/base_events.py", line 1025, in create_connection
    raise exceptions[0]
  File "/usr/lib/python3.8/asyncio/base_events.py", line 1010, in create_connection
    sock = await self._connect_sock(
  File "/usr/lib/python3.8/asyncio/base_events.py", line 924, in _connect_sock
    await self.sock_connect(sock, address)
  File "/usr/lib/python3.8/asyncio/selector_events.py", line 496, in sock_connect
    return await fut
  File "/usr/lib/python3.8/asyncio/selector_events.py", line 501, in _sock_connect
    sock.connect(address)
OSError: [Errno 101] Network is unreachable
2026-08-28 22:17:16,051 websockets.client INFO - ! connect failed again; retrying in 60 seconds
Traceback (most recent call last):
  File "/home/chase/mobileraker-env/lib/python3.8/site-packages/websockets/legacy/client.py", line 598, in __aiter__
    async with self as protocol:
  File "/home/chase/mobileraker-env/lib/python3.8/site-packages/websockets/legacy/client.py", line 633, in __aenter__
    return await self
  File "/home/chase/mobileraker-env/lib/python3.8/site-packages/websockets/legacy/client.py", line 650, in __await_impl_timeout__
    return await asyncio.wait_for(self.__await_impl__(), self.open_timeout)
  File "/usr/lib/python3.8/asyncio/tasks.py", line 494, in wait_for
    return fut.result()
  File "/home/chase/mobileraker-env/lib/python3.8/site-packages/websockets/legacy/client.py", line 654, in __await_impl__
    transport, protocol = await self._create_connection()
  File "/usr/lib/python3.8/asyncio/base_events.py", line 1025, in create_connection
    raise exceptions[0]
  File "/usr/lib/python3.8/asyncio/base_events.py", line 1010, in create_connection
    sock = await self._connect_sock(
  File "/usr/lib/python3.8/asyncio/base_events.py", line 924, in _connect_sock
    await self.sock_connect(sock, address)
  File "/usr/lib/python3.8/asyncio/selector_events.py", line 496, in sock_connect
    return await fut
  File "/usr/lib/python3.8/asyncio/selector_events.py", line 501, in _sock_connect
    sock.connect(address)
OSError: [Errno 101] Network is unreachable
2026-08-28 22:18:16,115 websockets.client INFO - ! connect failed again; retrying in 60 seconds
Traceback (most recent call last):
  File "/home/chase/mobileraker-env/lib/python3.8/site-packages/websockets/legacy/client.py", line 598, in __aiter__
    async with self as protocol:
  File "/home/chase/mobileraker-env/lib/python3.8/site-packages/websockets/legacy/client.py", line 633, in __aenter__
    return await self
  File "/home/chase/mobileraker-env/lib/python3.8/site-packages/websockets/legacy/client.py", line 650, in __await_impl_timeout__
    return await asyncio.wait_for(self.__await_impl__(), self.open_timeout)
  File "/usr/lib/python3.8/asyncio/tasks.py", line 494, in wait_for
    return fut.result()
  File "/home/chase/mobileraker-env/lib/python3.8/site-packages/websockets/legacy/client.py", line 654, in __await_impl__
    transport, protocol = await self._create_connection()
  File "/usr/lib/python3.8/asyncio/base_events.py", line 1025, in create_connection
    raise exceptions[0]
  File "/usr/lib/python3.8/asyncio/base_events.py", line 1010, in create_connection
    sock = await self._connect_sock(
  File "/usr/lib/python3.8/asyncio/base_events.py", line 924, in _connect_sock
    await self.sock_connect(sock, address)
  File "/usr/lib/python3.8/asyncio/selector_events.py", line 496, in sock_connect
    return await fut
  File "/usr/lib/python3.8/asyncio/selector_events.py", line 501, in _sock_connect
    sock.connect(address)
OSError: [Errno 101] Network is unreachable
2026-08-28 22:19:16,180 websockets.client INFO - ! connect failed again; retrying in 60 seconds
Traceback (most recent call last):
  File "/home/chase/mobileraker-env/lib/python3.8/site-packages/websockets/legacy/client.py", line 598, in __aiter__
    async with self as protocol:
  File "/home/chase/mobileraker-env/lib/python3.8/site-packages/websockets/legacy/client.py", line 633, in __aenter__
    return await self
  File "/home/chase/mobileraker-env/lib/python3.8/site-packages/websockets/legacy/client.py", line 650, in __await_impl_timeout__
    return await asyncio.wait_for(self.__await_impl__(), self.open_timeout)
  File "/usr/lib/python3.8/asyncio/tasks.py", line 494, in wait_for
    return fut.result()
  File "/home/chase/mobileraker-env/lib/python3.8/site-packages/websockets/legacy/client.py", line 654, in __await_impl__
    transport, protocol = await self._create_connection()
  File "/usr/lib/python3.8/asyncio/base_events.py", line 1025, in create_connection
    raise exceptions[0]
  File "/usr/lib/python3.8/asyncio/base_events.py", line 1010, in create_connection
    sock = await self._connect_sock(
  File "/usr/lib/python3.8/asyncio/base_events.py", line 924, in _connect_sock
    await self.sock_connect(sock, address)
  File "/usr/lib/python3.8/asyncio/selector_events.py", line 496, in sock_connect
    return await fut
  File "/usr/lib/python3.8/asyncio/selector_events.py", line 501, in _sock_connect
    sock.connect(address)
OSError: [Errno 101] Network is unreachable
2026-08-28 22:20:16,245 websockets.client INFO - ! connect failed again; retrying in 60 seconds
Traceback (most recent call last):
  File "/home/chase/mobileraker-env/lib/python3.8/site-packages/websockets/legacy/client.py", line 598, in __aiter__
    async with self as protocol:
  File "/home/chase/mobileraker-env/lib/python3.8/site-packages/websockets/legacy/client.py", line 633, in __aenter__
    return await self
  File "/home/chase/mobileraker-env/lib/python3.8/site-packages/websockets/legacy/client.py", line 650, in __await_impl_timeout__
    return await asyncio.wait_for(self.__await_impl__(), self.open_timeout)
  File "/usr/lib/python3.8/asyncio/tasks.py", line 494, in wait_for
    return fut.result()
  File "/home/chase/mobileraker-env/lib/python3.8/site-packages/websockets/legacy/client.py", line 654, in __await_impl__
    transport, protocol = await self._create_connection()
  File "/usr/lib/python3.8/asyncio/base_events.py", line 1025, in create_connection
    raise exceptions[0]
  File "/usr/lib/python3.8/asyncio/base_events.py", line 1010, in create_connection
    sock = await self._connect_sock(
  File "/usr/lib/python3.8/asyncio/base_events.py", line 924, in _connect_sock
    await self.sock_connect(sock, address)
  File "/usr/lib/python3.8/asyncio/selector_events.py", line 496, in sock_connect
    return await fut
  File "/usr/lib/python3.8/asyncio/selector_events.py", line 501, in _sock_connect
    sock.connect(address)
OSError: [Errno 101] Network is unreachable
2026-08-28 22:21:16,311 websockets.client INFO - ! connect failed again; retrying in 60 seconds
Traceback (most recent call last):
  File "/home/chase/mobileraker-env/lib/python3.8/site-packages/websockets/legacy/client.py", line 598, in __aiter__
    async with self as protocol:
  File "/home/chase/mobileraker-env/lib/python3.8/site-packages/websockets/legacy/client.py", line 633, in __aenter__
    return await self
  File "/home/chase/mobileraker-env/lib/python3.8/site-packages/websockets/legacy/client.py", line 650, in __await_impl_timeout__
    return await asyncio.wait_for(self.__await_impl__(), self.open_timeout)
  File "/usr/lib/python3.8/asyncio/tasks.py", line 494, in wait_for
    return fut.result()
  File "/home/chase/mobileraker-env/lib/python3.8/site-packages/websockets/legacy/client.py", line 654, in __await_impl__
    transport, protocol = await self._create_connection()
  File "/usr/lib/python3.8/asyncio/base_events.py", line 1025, in create_connection
    raise exceptions[0]
  File "/usr/lib/python3.8/asyncio/base_events.py", line 1010, in create_connection
    sock = await self._connect_sock(
  File "/usr/lib/python3.8/asyncio/base_events.py", line 924, in _connect_sock
    await self.sock_connect(sock, address)
  File "/usr/lib/python3.8/asyncio/selector_events.py", line 496, in sock_connect
    return await fut
  File "/usr/lib/python3.8/asyncio/selector_events.py", line 501, in _sock_connect
    sock.connect(address)
OSError: [Errno 101] Network is unreachable
2026-08-28 22:22:16,377 websockets.client INFO - ! connect failed again; retrying in 60 seconds
Traceback (most recent call last):
  File "/home/chase/mobileraker-env/lib/python3.8/site-packages/websockets/legacy/client.py", line 598, in __aiter__
    async with self as protocol:
  File "/home/chase/mobileraker-env/lib/python3.8/site-packages/websockets/legacy/client.py", line 633, in __aenter__
    return await self
  File "/home/chase/mobileraker-env/lib/python3.8/site-packages/websockets/legacy/client.py", line 650, in __await_impl_timeout__
    return await asyncio.wait_for(self.__await_impl__(), self.open_timeout)
  File "/usr/lib/python3.8/asyncio/tasks.py", line 494, in wait_for
    return fut.result()
  File "/home/chase/mobileraker-env/lib/python3.8/site-packages/websockets/legacy/client.py", line 654, in __await_impl__
    transport, protocol = await self._create_connection()
  File "/usr/lib/python3.8/asyncio/base_events.py", line 1025, in create_connection
    raise exceptions[0]
  File "/usr/lib/python3.8/asyncio/base_events.py", line 1010, in create_connection
    sock = await self._connect_sock(
  File "/usr/lib/python3.8/asyncio/base_events.py", line 924, in _connect_sock
    await self.sock_connect(sock, address)
  File "/usr/lib/python3.8/asyncio/selector_events.py", line 496, in sock_connect
    return await fut
  File "/usr/lib/python3.8/asyncio/selector_events.py", line 501, in _sock_connect
    sock.connect(address)
OSError: [Errno 101] Network is unreachable
2026-08-28 22:23:16,439 websockets.client INFO - ! connect failed again; retrying in 60 seconds
Traceback (most recent call last):
  File "/home/chase/mobileraker-env/lib/python3.8/site-packages/websockets/legacy/client.py", line 598, in __aiter__
    async with self as protocol:
  File "/home/chase/mobileraker-env/lib/python3.8/site-packages/websockets/legacy/client.py", line 633, in __aenter__
    return await self
  File "/home/chase/mobileraker-env/lib/python3.8/site-packages/websockets/legacy/client.py", line 650, in __await_impl_timeout__
    return await asyncio.wait_for(self.__await_impl__(), self.open_timeout)
  File "/usr/lib/python3.8/asyncio/tasks.py", line 494, in wait_for
    return fut.result()
  File "/home/chase/mobileraker-env/lib/python3.8/site-packages/websockets/legacy/client.py", line 654, in __await_impl__
    transport, protocol = await self._create_connection()
  File "/usr/lib/python3.8/asyncio/base_events.py", line 1025, in create_connection
    raise exceptions[0]
  File "/usr/lib/python3.8/asyncio/base_events.py", line 1010, in create_connection
    sock = await self._connect_sock(
  File "/usr/lib/python3.8/asyncio/base_events.py", line 924, in _connect_sock
    await self.sock_connect(sock, address)
  File "/usr/lib/python3.8/asyncio/selector_events.py", line 496, in sock_connect
    return await fut
  File "/usr/lib/python3.8/asyncio/selector_events.py", line 501, in _sock_connect
    sock.connect(address)
OSError: [Errno 101] Network is unreachable
2026-08-28 22:24:16,503 websockets.client INFO - ! connect failed again; retrying in 60 seconds
Traceback (most recent call last):
  File "/home/chase/mobileraker-env/lib/python3.8/site-packages/websockets/legacy/client.py", line 598, in __aiter__
    async with self as protocol:
  File "/home/chase/mobileraker-env/lib/python3.8/site-packages/websockets/legacy/client.py", line 633, in __aenter__
    return await self
  File "/home/chase/mobileraker-env/lib/python3.8/site-packages/websockets/legacy/client.py", line 650, in __await_impl_timeout__
    return await asyncio.wait_for(self.__await_impl__(), self.open_timeout)
  File "/usr/lib/python3.8/asyncio/tasks.py", line 494, in wait_for
    return fut.result()
  File "/home/chase/mobileraker-env/lib/python3.8/site-packages/websockets/legacy/client.py", line 654, in __await_impl__
    transport, protocol = await self._create_connection()
  File "/usr/lib/python3.8/asyncio/base_events.py", line 1025, in create_connection
    raise exceptions[0]
  File "/usr/lib/python3.8/asyncio/base_events.py", line 1010, in create_connection
    sock = await self._connect_sock(
  File "/usr/lib/python3.8/asyncio/base_events.py", line 924, in _connect_sock
    await self.sock_connect(sock, address)
  File "/usr/lib/python3.8/asyncio/selector_events.py", line 496, in sock_connect
    return await fut
  File "/usr/lib/python3.8/asyncio/selector_events.py", line 501, in _sock_connect
    sock.connect(address)
OSError: [Errno 101] Network is unreachable
2026-08-28 22:25:16,540 websockets.client INFO - ! connect failed again; retrying in 60 seconds
Traceback (most recent call last):
  File "/home/chase/mobileraker-env/lib/python3.8/site-packages/websockets/legacy/client.py", line 598, in __aiter__
    async with self as protocol:
  File "/home/chase/mobileraker-env/lib/python3.8/site-packages/websockets/legacy/client.py", line 633, in __aenter__
    return await self
  File "/home/chase/mobileraker-env/lib/python3.8/site-packages/websockets/legacy/client.py", line 650, in __await_impl_timeout__
    return await asyncio.wait_for(self.__await_impl__(), self.open_timeout)
  File "/usr/lib/python3.8/asyncio/tasks.py", line 494, in wait_for
    return fut.result()
  File "/home/chase/mobileraker-env/lib/python3.8/site-packages/websockets/legacy/client.py", line 654, in __await_impl__
    transport, protocol = await self._create_connection()
  File "/usr/lib/python3.8/asyncio/base_events.py", line 1025, in create_connection
    raise exceptions[0]
  File "/usr/lib/python3.8/asyncio/base_events.py", line 1010, in create_connection
    sock = await self._connect_sock(
  File "/usr/lib/python3.8/asyncio/base_events.py", line 924, in _connect_sock
    await self.sock_connect(sock, address)
  File "/usr/lib/python3.8/asyncio/selector_events.py", line 496, in sock_connect
    return await fut
  File "/usr/lib/python3.8/asyncio/selector_events.py", line 501, in _sock_connect
    sock.connect(address)
OSError: [Errno 101] Network is unreachable
2026-08-28 22:26:16,608 websockets.client INFO - ! connect failed again; retrying in 60 seconds
Traceback (most recent call last):
  File "/home/chase/mobileraker-env/lib/python3.8/site-packages/websockets/legacy/client.py", line 598, in __aiter__
    async with self as protocol:
  File "/home/chase/mobileraker-env/lib/python3.8/site-packages/websockets/legacy/client.py", line 633, in __aenter__
    return await self
  File "/home/chase/mobileraker-env/lib/python3.8/site-packages/websockets/legacy/client.py", line 650, in __await_impl_timeout__
    return await asyncio.wait_for(self.__await_impl__(), self.open_timeout)
  File "/usr/lib/python3.8/asyncio/tasks.py", line 494, in wait_for
    return fut.result()
  File "/home/chase/mobileraker-env/lib/python3.8/site-packages/websockets/legacy/client.py", line 654, in __await_impl__
    transport, protocol = await self._create_connection()
  File "/usr/lib/python3.8/asyncio/base_events.py", line 1025, in create_connection
    raise exceptions[0]
  File "/usr/lib/python3.8/asyncio/base_events.py", line 1010, in create_connection
    sock = await self._connect_sock(
  File "/usr/lib/python3.8/asyncio/base_events.py", line 924, in _connect_sock
    await self.sock_connect(sock, address)
  File "/usr/lib/python3.8/asyncio/selector_events.py", line 496, in sock_connect
    return await fut
  File "/usr/lib/python3.8/asyncio/selector_events.py", line 501, in _sock_connect
    sock.connect(address)
OSError: [Errno 101] Network is unreachable
2026-08-28 22:27:16,672 websockets.client INFO - ! connect failed again; retrying in 60 seconds
Traceback (most recent call last):
  File "/home/chase/mobileraker-env/lib/python3.8/site-packages/websockets/legacy/client.py", line 598, in __aiter__
    async with self as protocol:
  File "/home/chase/mobileraker-env/lib/python3.8/site-packages/websockets/legacy/client.py", line 633, in __aenter__
    return await self
  File "/home/chase/mobileraker-env/lib/python3.8/site-packages/websockets/legacy/client.py", line 650, in __await_impl_timeout__
    return await asyncio.wait_for(self.__await_impl__(), self.open_timeout)
  File "/usr/lib/python3.8/asyncio/tasks.py", line 494, in wait_for
    return fut.result()
  File "/home/chase/mobileraker-env/lib/python3.8/site-packages/websockets/legacy/client.py", line 654, in __await_impl__
    transport, protocol = await self._create_connection()
  File "/usr/lib/python3.8/asyncio/base_events.py", line 1025, in create_connection
    raise exceptions[0]
  File "/usr/lib/python3.8/asyncio/base_events.py", line 1010, in create_connection
    sock = await self._connect_sock(
  File "/usr/lib/python3.8/asyncio/base_events.py", line 924, in _connect_sock
    await self.sock_connect(sock, address)
  File "/usr/lib/python3.8/asyncio/selector_events.py", line 496, in sock_connect
    return await fut
  File "/usr/lib/python3.8/asyncio/selector_events.py", line 501, in _sock_connect
    sock.connect(address)
OSError: [Errno 101] Network is unreachable
2026-08-28 22:28:16,735 websockets.client INFO - ! connect failed again; retrying in 60 seconds
Traceback (most recent call last):
  File "/home/chase/mobileraker-env/lib/python3.8/site-packages/websockets/legacy/client.py", line 598, in __aiter__
    async with self as protocol:
  File "/home/chase/mobileraker-env/lib/python3.8/site-packages/websockets/legacy/client.py", line 633, in __aenter__
    return await self
  File "/home/chase/mobileraker-env/lib/python3.8/site-packages/websockets/legacy/client.py", line 650, in __await_impl_timeout__
    return await asyncio.wait_for(self.__await_impl__(), self.open_timeout)
  File "/usr/lib/python3.8/asyncio/tasks.py", line 494, in wait_for
    return fut.result()
  File "/home/chase/mobileraker-env/lib/python3.8/site-packages/websockets/legacy/client.py", line 654, in __await_impl__
    transport, protocol = await self._create_connection()
  File "/usr/lib/python3.8/asyncio/base_events.py", line 1025, in create_connection
    raise exceptions[0]
  File "/usr/lib/python3.8/asyncio/base_events.py", line 1010, in create_connection
    sock = await self._connect_sock(
  File "/usr/lib/python3.8/asyncio/base_events.py", line 924, in _connect_sock
    await self.sock_connect(sock, address)
  File "/usr/lib/python3.8/asyncio/selector_events.py", line 496, in sock_connect
    return await fut
  File "/usr/lib/python3.8/asyncio/selector_events.py", line 501, in _sock_connect
    sock.connect(address)
OSError: [Errno 101] Network is unreachable
2026-08-28 22:29:16,798 websockets.client INFO - ! connect failed again; retrying in 60 seconds
Traceback (most recent call last):
  File "/home/chase/mobileraker-env/lib/python3.8/site-packages/websockets/legacy/client.py", line 598, in __aiter__
    async with self as protocol:
  File "/home/chase/mobileraker-env/lib/python3.8/site-packages/websockets/legacy/client.py", line 633, in __aenter__
    return await self
  File "/home/chase/mobileraker-env/lib/python3.8/site-packages/websockets/legacy/client.py", line 650, in __await_impl_timeout__
    return await asyncio.wait_for(self.__await_impl__(), self.open_timeout)
  File "/usr/lib/python3.8/asyncio/tasks.py", line 494, in wait_for
    return fut.result()
  File "/home/chase/mobileraker-env/lib/python3.8/site-packages/websockets/legacy/client.py", line 654, in __await_impl__
    transport, protocol = await self._create_connection()
  File "/usr/lib/python3.8/asyncio/base_events.py", line 1025, in create_connection
    raise exceptions[0]
  File "/usr/lib/python3.8/asyncio/base_events.py", line 1010, in create_connection
    sock = await self._connect_sock(
  File "/usr/lib/python3.8/asyncio/base_events.py", line 924, in _connect_sock
    await self.sock_connect(sock, address)
  File "/usr/lib/python3.8/asyncio/selector_events.py", line 496, in sock_connect
    return await fut
  File "/usr/lib/python3.8/asyncio/selector_events.py", line 501, in _sock_connect
    sock.connect(address)
OSError: [Errno 101] Network is unreachable
2026-08-28 22:30:16,867 websockets.client INFO - ! connect failed again; retrying in 60 seconds
Traceback (most recent call last):
  File "/home/chase/mobileraker-env/lib/python3.8/site-packages/websockets/legacy/client.py", line 598, in __aiter__
    async with self as protocol:
  File "/home/chase/mobileraker-env/lib/python3.8/site-packages/websockets/legacy/client.py", line 633, in __aenter__
    return await self
  File "/home/chase/mobileraker-env/lib/python3.8/site-packages/websockets/legacy/client.py", line 650, in __await_impl_timeout__
    return await asyncio.wait_for(self.__await_impl__(), self.open_timeout)
  File "/usr/lib/python3.8/asyncio/tasks.py", line 494, in wait_for
    return fut.result()
  File "/home/chase/mobileraker-env/lib/python3.8/site-packages/websockets/legacy/client.py", line 654, in __await_impl__
    transport, protocol = await self._create_connection()
  File "/usr/lib/python3.8/asyncio/base_events.py", line 1025, in create_connection
    raise exceptions[0]
  File "/usr/lib/python3.8/asyncio/base_events.py", line 1010, in create_connection
    sock = await self._connect_sock(
  File "/usr/lib/python3.8/asyncio/base_events.py", line 924, in _connect_sock
    await self.sock_connect(sock, address)
  File "/usr/lib/python3.8/asyncio/selector_events.py", line 496, in sock_connect
    return await fut
  File "/usr/lib/python3.8/asyncio/selector_events.py", line 501, in _sock_connect
    sock.connect(address)
OSError: [Errno 101] Network is unreachable
2026-08-28 22:31:16,931 websockets.client INFO - ! connect failed again; retrying in 60 seconds
Traceback (most recent call last):
  File "/home/chase/mobileraker-env/lib/python3.8/site-packages/websockets/legacy/client.py", line 598, in __aiter__
    async with self as protocol:
  File "/home/chase/mobileraker-env/lib/python3.8/site-packages/websockets/legacy/client.py", line 633, in __aenter__
    return await self
  File "/home/chase/mobileraker-env/lib/python3.8/site-packages/websockets/legacy/client.py", line 650, in __await_impl_timeout__
    return await asyncio.wait_for(self.__await_impl__(), self.open_timeout)
  File "/usr/lib/python3.8/asyncio/tasks.py", line 494, in wait_for
    return fut.result()
  File "/home/chase/mobileraker-env/lib/python3.8/site-packages/websockets/legacy/client.py", line 654, in __await_impl__
    transport, protocol = await self._create_connection()
  File "/usr/lib/python3.8/asyncio/base_events.py", line 1025, in create_connection
    raise exceptions[0]
  File "/usr/lib/python3.8/asyncio/base_events.py", line 1010, in create_connection
    sock = await self._connect_sock(
  File "/usr/lib/python3.8/asyncio/base_events.py", line 924, in _connect_sock
    await self.sock_connect(sock, address)
  File "/usr/lib/python3.8/asyncio/selector_events.py", line 496, in sock_connect
    return await fut
  File "/usr/lib/python3.8/asyncio/selector_events.py", line 501, in _sock_connect
    sock.connect(address)
OSError: [Errno 101] Network is unreachable
2026-08-28 22:32:16,991 websockets.client INFO - ! connect failed again; retrying in 60 seconds
Traceback (most recent call last):
  File "/home/chase/mobileraker-env/lib/python3.8/site-packages/websockets/legacy/client.py", line 598, in __aiter__
    async with self as protocol:
  File "/home/chase/mobileraker-env/lib/python3.8/site-packages/websockets/legacy/client.py", line 633, in __aenter__
    return await self
  File "/home/chase/mobileraker-env/lib/python3.8/site-packages/websockets/legacy/client.py", line 650, in __await_impl_timeout__
    return await asyncio.wait_for(self.__await_impl__(), self.open_timeout)
  File "/usr/lib/python3.8/asyncio/tasks.py", line 494, in wait_for
    return fut.result()
  File "/home/chase/mobileraker-env/lib/python3.8/site-packages/websockets/legacy/client.py", line 654, in __await_impl__
    transport, protocol = await self._create_connection()
  File "/usr/lib/python3.8/asyncio/base_events.py", line 1025, in create_connection
    raise exceptions[0]
  File "/usr/lib/python3.8/asyncio/base_events.py", line 1010, in create_connection
    sock = await self._connect_sock(
  File "/usr/lib/python3.8/asyncio/base_events.py", line 924, in _connect_sock
    await self.sock_connect(sock, address)
  File "/usr/lib/python3.8/asyncio/selector_events.py", line 496, in sock_connect
    return await fut
  File "/usr/lib/python3.8/asyncio/selector_events.py", line 501, in _sock_connect
    sock.connect(address)
OSError: [Errno 101] Network is unreachable
2026-08-28 22:33:17,055 websockets.client INFO - ! connect failed again; retrying in 60 seconds
Traceback (most recent call last):
  File "/home/chase/mobileraker-env/lib/python3.8/site-packages/websockets/legacy/client.py", line 598, in __aiter__
    async with self as protocol:
  File "/home/chase/mobileraker-env/lib/python3.8/site-packages/websockets/legacy/client.py", line 633, in __aenter__
    return await self
  File "/home/chase/mobileraker-env/lib/python3.8/site-packages/websockets/legacy/client.py", line 650, in __await_impl_timeout__
    return await asyncio.wait_for(self.__await_impl__(), self.open_timeout)
  File "/usr/lib/python3.8/asyncio/tasks.py", line 494, in wait_for
    return fut.result()
  File "/home/chase/mobileraker-env/lib/python3.8/site-packages/websockets/legacy/client.py", line 654, in __await_impl__
    transport, protocol = await self._create_connection()
  File "/usr/lib/python3.8/asyncio/base_events.py", line 1025, in create_connection
    raise exceptions[0]
  File "/usr/lib/python3.8/asyncio/base_events.py", line 1010, in create_connection
    sock = await self._connect_sock(
  File "/usr/lib/python3.8/asyncio/base_events.py", line 924, in _connect_sock
    await self.sock_connect(sock, address)
  File "/usr/lib/python3.8/asyncio/selector_events.py", line 496, in sock_connect
    return await fut
  File "/usr/lib/python3.8/asyncio/selector_events.py", line 501, in _sock_connect
    sock.connect(address)
OSError: [Errno 101] Network is unreachable
2026-08-28 22:34:17,108 websockets.client INFO - ! connect failed again; retrying in 60 seconds
Traceback (most recent call last):
  File "/home/chase/mobileraker-env/lib/python3.8/site-packages/websockets/legacy/client.py", line 598, in __aiter__
    async with self as protocol:
  File "/home/chase/mobileraker-env/lib/python3.8/site-packages/websockets/legacy/client.py", line 633, in __aenter__
    return await self
  File "/home/chase/mobileraker-env/lib/python3.8/site-packages/websockets/legacy/client.py", line 650, in __await_impl_timeout__
    return await asyncio.wait_for(self.__await_impl__(), self.open_timeout)
  File "/usr/lib/python3.8/asyncio/tasks.py", line 494, in wait_for
    return fut.result()
  File "/home/chase/mobileraker-env/lib/python3.8/site-packages/websockets/legacy/client.py", line 654, in __await_impl__
    transport, protocol = await self._create_connection()
  File "/usr/lib/python3.8/asyncio/base_events.py", line 1025, in create_connection
    raise exceptions[0]
  File "/usr/lib/python3.8/asyncio/base_events.py", line 1010, in create_connection
    sock = await self._connect_sock(
  File "/usr/lib/python3.8/asyncio/base_events.py", line 924, in _connect_sock
    await self.sock_connect(sock, address)
  File "/usr/lib/python3.8/asyncio/selector_events.py", line 496, in sock_connect
    return await fut
  File "/usr/lib/python3.8/asyncio/selector_events.py", line 501, in _sock_connect
    sock.connect(address)
OSError: [Errno 101] Network is unreachable
2026-08-28 22:35:17,173 websockets.client INFO - ! connect failed again; retrying in 60 seconds
Traceback (most recent call last):
  File "/home/chase/mobileraker-env/lib/python3.8/site-packages/websockets/legacy/client.py", line 598, in __aiter__
    async with self as protocol:
  File "/home/chase/mobileraker-env/lib/python3.8/site-packages/websockets/legacy/client.py", line 633, in __aenter__
    return await self
  File "/home/chase/mobileraker-env/lib/python3.8/site-packages/websockets/legacy/client.py", line 650, in __await_impl_timeout__
    return await asyncio.wait_for(self.__await_impl__(), self.open_timeout)
  File "/usr/lib/python3.8/asyncio/tasks.py", line 494, in wait_for
    return fut.result()
  File "/home/chase/mobileraker-env/lib/python3.8/site-packages/websockets/legacy/client.py", line 654, in __await_impl__
    transport, protocol = await self._create_connection()
  File "/usr/lib/python3.8/asyncio/base_events.py", line 1025, in create_connection
    raise exceptions[0]
  File "/usr/lib/python3.8/asyncio/base_events.py", line 1010, in create_connection
    sock = await self._connect_sock(
  File "/usr/lib/python3.8/asyncio/base_events.py", line 924, in _connect_sock
    await self.sock_connect(sock, address)
  File "/usr/lib/python3.8/asyncio/selector_events.py", line 496, in sock_connect
    return await fut
  File "/usr/lib/python3.8/asyncio/selector_events.py", line 501, in _sock_connect
    sock.connect(address)
OSError: [Errno 101] Network is unreachable
2026-08-28 22:36:17,238 websockets.client INFO - ! connect failed again; retrying in 60 seconds
Traceback (most recent call last):
  File "/home/chase/mobileraker-env/lib/python3.8/site-packages/websockets/legacy/client.py", line 598, in __aiter__
    async with self as protocol:
  File "/home/chase/mobileraker-env/lib/python3.8/site-packages/websockets/legacy/client.py", line 633, in __aenter__
    return await self
  File "/home/chase/mobileraker-env/lib/python3.8/site-packages/websockets/legacy/client.py", line 650, in __await_impl_timeout__
    return await asyncio.wait_for(self.__await_impl__(), self.open_timeout)
  File "/usr/lib/python3.8/asyncio/tasks.py", line 494, in wait_for
    return fut.result()
  File "/home/chase/mobileraker-env/lib/python3.8/site-packages/websockets/legacy/client.py", line 654, in __await_impl__
    transport, protocol = await self._create_connection()
  File "/usr/lib/python3.8/asyncio/base_events.py", line 1025, in create_connection
    raise exceptions[0]
  File "/usr/lib/python3.8/asyncio/base_events.py", line 1010, in create_connection
    sock = await self._connect_sock(
  File "/usr/lib/python3.8/asyncio/base_events.py", line 924, in _connect_sock
    await self.sock_connect(sock, address)
  File "/usr/lib/python3.8/asyncio/selector_events.py", line 496, in sock_connect
    return await fut
  File "/usr/lib/python3.8/asyncio/selector_events.py", line 501, in _sock_connect
    sock.connect(address)
OSError: [Errno 101] Network is unreachable
2026-08-28 22:37:17,303 websockets.client INFO - ! connect failed again; retrying in 60 seconds
Traceback (most recent call last):
  File "/home/chase/mobileraker-env/lib/python3.8/site-packages/websockets/legacy/client.py", line 598, in __aiter__
    async with self as protocol:
  File "/home/chase/mobileraker-env/lib/python3.8/site-packages/websockets/legacy/client.py", line 633, in __aenter__
    return await self
  File "/home/chase/mobileraker-env/lib/python3.8/site-packages/websockets/legacy/client.py", line 650, in __await_impl_timeout__
    return await asyncio.wait_for(self.__await_impl__(), self.open_timeout)
  File "/usr/lib/python3.8/asyncio/tasks.py", line 494, in wait_for
    return fut.result()
  File "/home/chase/mobileraker-env/lib/python3.8/site-packages/websockets/legacy/client.py", line 654, in __await_impl__
    transport, protocol = await self._create_connection()
  File "/usr/lib/python3.8/asyncio/base_events.py", line 1025, in create_connection
    raise exceptions[0]
  File "/usr/lib/python3.8/asyncio/base_events.py", line 1010, in create_connection
    sock = await self._connect_sock(
  File "/usr/lib/python3.8/asyncio/base_events.py", line 924, in _connect_sock
    await self.sock_connect(sock, address)
  File "/usr/lib/python3.8/asyncio/selector_events.py", line 496, in sock_connect
    return await fut
  File "/usr/lib/python3.8/asyncio/selector_events.py", line 501, in _sock_connect
    sock.connect(address)
OSError: [Errno 101] Network is unreachable
2026-08-28 22:38:17,367 websockets.client INFO - ! connect failed again; retrying in 60 seconds
Traceback (most recent call last):
  File "/home/chase/mobileraker-env/lib/python3.8/site-packages/websockets/legacy/client.py", line 598, in __aiter__
    async with self as protocol:
  File "/home/chase/mobileraker-env/lib/python3.8/site-packages/websockets/legacy/client.py", line 633, in __aenter__
    return await self
  File "/home/chase/mobileraker-env/lib/python3.8/site-packages/websockets/legacy/client.py", line 650, in __await_impl_timeout__
    return await asyncio.wait_for(self.__await_impl__(), self.open_timeout)
  File "/usr/lib/python3.8/asyncio/tasks.py", line 494, in wait_for
    return fut.result()
  File "/home/chase/mobileraker-env/lib/python3.8/site-packages/websockets/legacy/client.py", line 654, in __await_impl__
    transport, protocol = await self._create_connection()
  File "/usr/lib/python3.8/asyncio/base_events.py", line 1025, in create_connection
    raise exceptions[0]
  File "/usr/lib/python3.8/asyncio/base_events.py", line 1010, in create_connection
    sock = await self._connect_sock(
  File "/usr/lib/python3.8/asyncio/base_events.py", line 924, in _connect_sock
    await self.sock_connect(sock, address)
  File "/usr/lib/python3.8/asyncio/selector_events.py", line 496, in sock_connect
    return await fut
  File "/usr/lib/python3.8/asyncio/selector_events.py", line 501, in _sock_connect
    sock.connect(address)
OSError: [Errno 101] Network is unreachable
2026-08-28 22:39:17,432 websockets.client INFO - ! connect failed again; retrying in 60 seconds
Traceback (most recent call last):
  File "/home/chase/mobileraker-env/lib/python3.8/site-packages/websockets/legacy/client.py", line 598, in __aiter__
    async with self as protocol:
  File "/home/chase/mobileraker-env/lib/python3.8/site-packages/websockets/legacy/client.py", line 633, in __aenter__
    return await self
  File "/home/chase/mobileraker-env/lib/python3.8/site-packages/websockets/legacy/client.py", line 650, in __await_impl_timeout__
    return await asyncio.wait_for(self.__await_impl__(), self.open_timeout)
  File "/usr/lib/python3.8/asyncio/tasks.py", line 494, in wait_for
    return fut.result()
  File "/home/chase/mobileraker-env/lib/python3.8/site-packages/websockets/legacy/client.py", line 654, in __await_impl__
    transport, protocol = await self._create_connection()
  File "/usr/lib/python3.8/asyncio/base_events.py", line 1025, in create_connection
    raise exceptions[0]
  File "/usr/lib/python3.8/asyncio/base_events.py", line 1010, in create_connection
    sock = await self._connect_sock(
  File "/usr/lib/python3.8/asyncio/base_events.py", line 924, in _connect_sock
    await self.sock_connect(sock, address)
  File "/usr/lib/python3.8/asyncio/selector_events.py", line 496, in sock_connect
    return await fut
  File "/usr/lib/python3.8/asyncio/selector_events.py", line 501, in _sock_connect
    sock.connect(address)
OSError: [Errno 101] Network is unreachable
2026-08-28 22:40:17,497 websockets.client INFO - ! connect failed again; retrying in 60 seconds
Traceback (most recent call last):
  File "/home/chase/mobileraker-env/lib/python3.8/site-packages/websockets/legacy/client.py", line 598, in __aiter__
    async with self as protocol:
  File "/home/chase/mobileraker-env/lib/python3.8/site-packages/websockets/legacy/client.py", line 633, in __aenter__
    return await self
  File "/home/chase/mobileraker-env/lib/python3.8/site-packages/websockets/legacy/client.py", line 650, in __await_impl_timeout__
    return await asyncio.wait_for(self.__await_impl__(), self.open_timeout)
  File "/usr/lib/python3.8/asyncio/tasks.py", line 494, in wait_for
    return fut.result()
  File "/home/chase/mobileraker-env/lib/python3.8/site-packages/websockets/legacy/client.py", line 654, in __await_impl__
    transport, protocol = await self._create_connection()
  File "/usr/lib/python3.8/asyncio/base_events.py", line 1025, in create_connection
    raise exceptions[0]
  File "/usr/lib/python3.8/asyncio/base_events.py", line 1010, in create_connection
    sock = await self._connect_sock(
  File "/usr/lib/python3.8/asyncio/base_events.py", line 924, in _connect_sock
    await self.sock_connect(sock, address)
  File "/usr/lib/python3.8/asyncio/selector_events.py", line 496, in sock_connect
    return await fut
  File "/usr/lib/python3.8/asyncio/selector_events.py", line 501, in _sock_connect
    sock.connect(address)
OSError: [Errno 101] Network is unreachable
2026-08-28 22:41:17,562 websockets.client INFO - ! connect failed again; retrying in 60 seconds
Traceback (most recent call last):
  File "/home/chase/mobileraker-env/lib/python3.8/site-packages/websockets/legacy/client.py", line 598, in __aiter__
    async with self as protocol:
  File "/home/chase/mobileraker-env/lib/python3.8/site-packages/websockets/legacy/client.py", line 633, in __aenter__
    return await self
  File "/home/chase/mobileraker-env/lib/python3.8/site-packages/websockets/legacy/client.py", line 650, in __await_impl_timeout__
    return await asyncio.wait_for(self.__await_impl__(), self.open_timeout)
  File "/usr/lib/python3.8/asyncio/tasks.py", line 494, in wait_for
    return fut.result()
  File "/home/chase/mobileraker-env/lib/python3.8/site-packages/websockets/legacy/client.py", line 654, in __await_impl__
    transport, protocol = await self._create_connection()
  File "/usr/lib/python3.8/asyncio/base_events.py", line 1025, in create_connection
    raise exceptions[0]
  File "/usr/lib/python3.8/asyncio/base_events.py", line 1010, in create_connection
    sock = await self._connect_sock(
  File "/usr/lib/python3.8/asyncio/base_events.py", line 924, in _connect_sock
    await self.sock_connect(sock, address)
  File "/usr/lib/python3.8/asyncio/selector_events.py", line 496, in sock_connect
    return await fut
  File "/usr/lib/python3.8/asyncio/selector_events.py", line 501, in _sock_connect
    sock.connect(address)
OSError: [Errno 101] Network is unreachable
2026-08-28 22:42:17,625 websockets.client INFO - ! connect failed again; retrying in 60 seconds
Traceback (most recent call last):
  File "/home/chase/mobileraker-env/lib/python3.8/site-packages/websockets/legacy/client.py", line 598, in __aiter__
    async with self as protocol:
  File "/home/chase/mobileraker-env/lib/python3.8/site-packages/websockets/legacy/client.py", line 633, in __aenter__
    return await self
  File "/home/chase/mobileraker-env/lib/python3.8/site-packages/websockets/legacy/client.py", line 650, in __await_impl_timeout__
    return await asyncio.wait_for(self.__await_impl__(), self.open_timeout)
  File "/usr/lib/python3.8/asyncio/tasks.py", line 494, in wait_for
    return fut.result()
  File "/home/chase/mobileraker-env/lib/python3.8/site-packages/websockets/legacy/client.py", line 654, in __await_impl__
    transport, protocol = await self._create_connection()
  File "/usr/lib/python3.8/asyncio/base_events.py", line 1025, in create_connection
    raise exceptions[0]
  File "/usr/lib/python3.8/asyncio/base_events.py", line 1010, in create_connection
    sock = await self._connect_sock(
  File "/usr/lib/python3.8/asyncio/base_events.py", line 924, in _connect_sock
    await self.sock_connect(sock, address)
  File "/usr/lib/python3.8/asyncio/selector_events.py", line 496, in sock_connect
    return await fut
  File "/usr/lib/python3.8/asyncio/selector_events.py", line 501, in _sock_connect
    sock.connect(address)
OSError: [Errno 101] Network is unreachable
2026-08-28 22:43:17,691 websockets.client INFO - ! connect failed again; retrying in 60 seconds
Traceback (most recent call last):
  File "/home/chase/mobileraker-env/lib/python3.8/site-packages/websockets/legacy/client.py", line 598, in __aiter__
    async with self as protocol:
  File "/home/chase/mobileraker-env/lib/python3.8/site-packages/websockets/legacy/client.py", line 633, in __aenter__
    return await self
  File "/home/chase/mobileraker-env/lib/python3.8/site-packages/websockets/legacy/client.py", line 650, in __await_impl_timeout__
    return await asyncio.wait_for(self.__await_impl__(), self.open_timeout)
  File "/usr/lib/python3.8/asyncio/tasks.py", line 494, in wait_for
    return fut.result()
  File "/home/chase/mobileraker-env/lib/python3.8/site-packages/websockets/legacy/client.py", line 654, in __await_impl__
    transport, protocol = await self._create_connection()
  File "/usr/lib/python3.8/asyncio/base_events.py", line 1025, in create_connection
    raise exceptions[0]
  File "/usr/lib/python3.8/asyncio/base_events.py", line 1010, in create_connection
    sock = await self._connect_sock(
  File "/usr/lib/python3.8/asyncio/base_events.py", line 924, in _connect_sock
    await self.sock_connect(sock, address)
  File "/usr/lib/python3.8/asyncio/selector_events.py", line 496, in sock_connect
    return await fut
  File "/usr/lib/python3.8/asyncio/selector_events.py", line 501, in _sock_connect
    sock.connect(address)
OSError: [Errno 101] Network is unreachable
2026-08-28 22:44:17,756 websockets.client INFO - ! connect failed again; retrying in 60 seconds
Traceback (most recent call last):
  File "/home/chase/mobileraker-env/lib/python3.8/site-packages/websockets/legacy/client.py", line 598, in __aiter__
    async with self as protocol:
  File "/home/chase/mobileraker-env/lib/python3.8/site-packages/websockets/legacy/client.py", line 633, in __aenter__
    return await self
  File "/home/chase/mobileraker-env/lib/python3.8/site-packages/websockets/legacy/client.py", line 650, in __await_impl_timeout__
    return await asyncio.wait_for(self.__await_impl__(), self.open_timeout)
  File "/usr/lib/python3.8/asyncio/tasks.py", line 494, in wait_for
    return fut.result()
  File "/home/chase/mobileraker-env/lib/python3.8/site-packages/websockets/legacy/client.py", line 654, in __await_impl__
    transport, protocol = await self._create_connection()
  File "/usr/lib/python3.8/asyncio/base_events.py", line 1025, in create_connection
    raise exceptions[0]
  File "/usr/lib/python3.8/asyncio/base_events.py", line 1010, in create_connection
    sock = await self._connect_sock(
  File "/usr/lib/python3.8/asyncio/base_events.py", line 924, in _connect_sock
    await self.sock_connect(sock, address)
  File "/usr/lib/python3.8/asyncio/selector_events.py", line 496, in sock_connect
    return await fut
  File "/usr/lib/python3.8/asyncio/selector_events.py", line 501, in _sock_connect
    sock.connect(address)
OSError: [Errno 101] Network is unreachable
2026-08-28 22:45:17,821 websockets.client INFO - ! connect failed again; retrying in 60 seconds
Traceback (most recent call last):
  File "/home/chase/mobileraker-env/lib/python3.8/site-packages/websockets/legacy/client.py", line 598, in __aiter__
    async with self as protocol:
  File "/home/chase/mobileraker-env/lib/python3.8/site-packages/websockets/legacy/client.py", line 633, in __aenter__
    return await self
  File "/home/chase/mobileraker-env/lib/python3.8/site-packages/websockets/legacy/client.py", line 650, in __await_impl_timeout__
    return await asyncio.wait_for(self.__await_impl__(), self.open_timeout)
  File "/usr/lib/python3.8/asyncio/tasks.py", line 494, in wait_for
    return fut.result()
  File "/home/chase/mobileraker-env/lib/python3.8/site-packages/websockets/legacy/client.py", line 654, in __await_impl__
    transport, protocol = await self._create_connection()
  File "/usr/lib/python3.8/asyncio/base_events.py", line 1025, in create_connection
    raise exceptions[0]
  File "/usr/lib/python3.8/asyncio/base_events.py", line 1010, in create_connection
    sock = await self._connect_sock(
  File "/usr/lib/python3.8/asyncio/base_events.py", line 924, in _connect_sock
    await self.sock_connect(sock, address)
  File "/usr/lib/python3.8/asyncio/selector_events.py", line 496, in sock_connect
    return await fut
  File "/usr/lib/python3.8/asyncio/selector_events.py", line 501, in _sock_connect
    sock.connect(address)
OSError: [Errno 101] Network is unreachable
2026-08-28 22:46:17,863 websockets.client INFO - ! connect failed again; retrying in 60 seconds
Traceback (most recent call last):
  File "/home/chase/mobileraker-env/lib/python3.8/site-packages/websockets/legacy/client.py", line 598, in __aiter__
    async with self as protocol:
  File "/home/chase/mobileraker-env/lib/python3.8/site-packages/websockets/legacy/client.py", line 633, in __aenter__
    return await self
  File "/home/chase/mobileraker-env/lib/python3.8/site-packages/websockets/legacy/client.py", line 650, in __await_impl_timeout__
    return await asyncio.wait_for(self.__await_impl__(), self.open_timeout)
  File "/usr/lib/python3.8/asyncio/tasks.py", line 494, in wait_for
    return fut.result()
  File "/home/chase/mobileraker-env/lib/python3.8/site-packages/websockets/legacy/client.py", line 654, in __await_impl__
    transport, protocol = await self._create_connection()
  File "/usr/lib/python3.8/asyncio/base_events.py", line 1025, in create_connection
    raise exceptions[0]
  File "/usr/lib/python3.8/asyncio/base_events.py", line 1010, in create_connection
    sock = await self._connect_sock(
  File "/usr/lib/python3.8/asyncio/base_events.py", line 924, in _connect_sock
    await self.sock_connect(sock, address)
  File "/usr/lib/python3.8/asyncio/selector_events.py", line 496, in sock_connect
    return await fut
  File "/usr/lib/python3.8/asyncio/selector_events.py", line 501, in _sock_connect
    sock.connect(address)
OSError: [Errno 101] Network is unreachable
2026-08-28 22:47:17,928 websockets.client INFO - ! connect failed again; retrying in 60 seconds
Traceback (most recent call last):
  File "/home/chase/mobileraker-env/lib/python3.8/site-packages/websockets/legacy/client.py", line 598, in __aiter__
    async with self as protocol:
  File "/home/chase/mobileraker-env/lib/python3.8/site-packages/websockets/legacy/client.py", line 633, in __aenter__
    return await self
  File "/home/chase/mobileraker-env/lib/python3.8/site-packages/websockets/legacy/client.py", line 650, in __await_impl_timeout__
    return await asyncio.wait_for(self.__await_impl__(), self.open_timeout)
  File "/usr/lib/python3.8/asyncio/tasks.py", line 494, in wait_for
    return fut.result()
  File "/home/chase/mobileraker-env/lib/python3.8/site-packages/websockets/legacy/client.py", line 654, in __await_impl__
    transport, protocol = await self._create_connection()
  File "/usr/lib/python3.8/asyncio/base_events.py", line 1025, in create_connection
    raise exceptions[0]
  File "/usr/lib/python3.8/asyncio/base_events.py", line 1010, in create_connection
    sock = await self._connect_sock(
  File "/usr/lib/python3.8/asyncio/base_events.py", line 924, in _connect_sock
    await self.sock_connect(sock, address)
  File "/usr/lib/python3.8/asyncio/selector_events.py", line 496, in sock_connect
    return await fut
  File "/usr/lib/python3.8/asyncio/selector_events.py", line 501, in _sock_connect
    sock.connect(address)
OSError: [Errno 101] Network is unreachable
2026-08-28 22:48:17,976 websockets.client INFO - ! connect failed again; retrying in 60 seconds
Traceback (most recent call last):
  File "/home/chase/mobileraker-env/lib/python3.8/site-packages/websockets/legacy/client.py", line 598, in __aiter__
    async with self as protocol:
  File "/home/chase/mobileraker-env/lib/python3.8/site-packages/websockets/legacy/client.py", line 633, in __aenter__
    return await self
  File "/home/chase/mobileraker-env/lib/python3.8/site-packages/websockets/legacy/client.py", line 650, in __await_impl_timeout__
    return await asyncio.wait_for(self.__await_impl__(), self.open_timeout)
  File "/usr/lib/python3.8/asyncio/tasks.py", line 494, in wait_for
    return fut.result()
  File "/home/chase/mobileraker-env/lib/python3.8/site-packages/websockets/legacy/client.py", line 654, in __await_impl__
    transport, protocol = await self._create_connection()
  File "/usr/lib/python3.8/asyncio/base_events.py", line 1025, in create_connection
    raise exceptions[0]
  File "/usr/lib/python3.8/asyncio/base_events.py", line 1010, in create_connection
    sock = await self._connect_sock(
  File "/usr/lib/python3.8/asyncio/base_events.py", line 924, in _connect_sock
    await self.sock_connect(sock, address)
  File "/usr/lib/python3.8/asyncio/selector_events.py", line 496, in sock_connect
    return await fut
  File "/usr/lib/python3.8/asyncio/selector_events.py", line 501, in _sock_connect
    sock.connect(address)
OSError: [Errno 101] Network is unreachable
2026-08-28 22:49:18,043 websockets.client INFO - ! connect failed again; retrying in 60 seconds
Traceback (most recent call last):
  File "/home/chase/mobileraker-env/lib/python3.8/site-packages/websockets/legacy/client.py", line 598, in __aiter__
    async with self as protocol:
  File "/home/chase/mobileraker-env/lib/python3.8/site-packages/websockets/legacy/client.py", line 633, in __aenter__
    return await self
  File "/home/chase/mobileraker-env/lib/python3.8/site-packages/websockets/legacy/client.py", line 650, in __await_impl_timeout__
    return await asyncio.wait_for(self.__await_impl__(), self.open_timeout)
  File "/usr/lib/python3.8/asyncio/tasks.py", line 494, in wait_for
    return fut.result()
  File "/home/chase/mobileraker-env/lib/python3.8/site-packages/websockets/legacy/client.py", line 654, in __await_impl__
    transport, protocol = await self._create_connection()
  File "/usr/lib/python3.8/asyncio/base_events.py", line 1025, in create_connection
    raise exceptions[0]
  File "/usr/lib/python3.8/asyncio/base_events.py", line 1010, in create_connection
    sock = await self._connect_sock(
  File "/usr/lib/python3.8/asyncio/base_events.py", line 924, in _connect_sock
    await self.sock_connect(sock, address)
  File "/usr/lib/python3.8/asyncio/selector_events.py", line 496, in sock_connect
    return await fut
  File "/usr/lib/python3.8/asyncio/selector_events.py", line 501, in _sock_connect
    sock.connect(address)
OSError: [Errno 101] Network is unreachable
2026-08-28 22:50:18,108 websockets.client INFO - ! connect failed again; retrying in 60 seconds
Traceback (most recent call last):
  File "/home/chase/mobileraker-env/lib/python3.8/site-packages/websockets/legacy/client.py", line 598, in __aiter__
    async with self as protocol:
  File "/home/chase/mobileraker-env/lib/python3.8/site-packages/websockets/legacy/client.py", line 633, in __aenter__
    return await self
  File "/home/chase/mobileraker-env/lib/python3.8/site-packages/websockets/legacy/client.py", line 650, in __await_impl_timeout__
    return await asyncio.wait_for(self.__await_impl__(), self.open_timeout)
  File "/usr/lib/python3.8/asyncio/tasks.py", line 494, in wait_for
    return fut.result()
  File "/home/chase/mobileraker-env/lib/python3.8/site-packages/websockets/legacy/client.py", line 654, in __await_impl__
    transport, protocol = await self._create_connection()
  File "/usr/lib/python3.8/asyncio/base_events.py", line 1025, in create_connection
    raise exceptions[0]
  File "/usr/lib/python3.8/asyncio/base_events.py", line 1010, in create_connection
    sock = await self._connect_sock(
  File "/usr/lib/python3.8/asyncio/base_events.py", line 924, in _connect_sock
    await self.sock_connect(sock, address)
  File "/usr/lib/python3.8/asyncio/selector_events.py", line 496, in sock_connect
    return await fut
  File "/usr/lib/python3.8/asyncio/selector_events.py", line 501, in _sock_connect
    sock.connect(address)
OSError: [Errno 101] Network is unreachable
2026-08-28 22:51:18,135 websockets.client INFO - ! connect failed again; retrying in 60 seconds
Traceback (most recent call last):
  File "/home/chase/mobileraker-env/lib/python3.8/site-packages/websockets/legacy/client.py", line 598, in __aiter__
    async with self as protocol:
  File "/home/chase/mobileraker-env/lib/python3.8/site-packages/websockets/legacy/client.py", line 633, in __aenter__
    return await self
  File "/home/chase/mobileraker-env/lib/python3.8/site-packages/websockets/legacy/client.py", line 650, in __await_impl_timeout__
    return await asyncio.wait_for(self.__await_impl__(), self.open_timeout)
  File "/usr/lib/python3.8/asyncio/tasks.py", line 494, in wait_for
    return fut.result()
  File "/home/chase/mobileraker-env/lib/python3.8/site-packages/websockets/legacy/client.py", line 654, in __await_impl__
    transport, protocol = await self._create_connection()
  File "/usr/lib/python3.8/asyncio/base_events.py", line 1025, in create_connection
    raise exceptions[0]
  File "/usr/lib/python3.8/asyncio/base_events.py", line 1010, in create_connection
    sock = await self._connect_sock(
  File "/usr/lib/python3.8/asyncio/base_events.py", line 924, in _connect_sock
    await self.sock_connect(sock, address)
  File "/usr/lib/python3.8/asyncio/selector_events.py", line 496, in sock_connect
    return await fut
  File "/usr/lib/python3.8/asyncio/selector_events.py", line 501, in _sock_connect
    sock.connect(address)
OSError: [Errno 101] Network is unreachable
2026-08-28 22:52:18,200 websockets.client INFO - ! connect failed again; retrying in 60 seconds
Traceback (most recent call last):
  File "/home/chase/mobileraker-env/lib/python3.8/site-packages/websockets/legacy/client.py", line 598, in __aiter__
    async with self as protocol:
  File "/home/chase/mobileraker-env/lib/python3.8/site-packages/websockets/legacy/client.py", line 633, in __aenter__
    return await self
  File "/home/chase/mobileraker-env/lib/python3.8/site-packages/websockets/legacy/client.py", line 650, in __await_impl_timeout__
    return await asyncio.wait_for(self.__await_impl__(), self.open_timeout)
  File "/usr/lib/python3.8/asyncio/tasks.py", line 494, in wait_for
    return fut.result()
  File "/home/chase/mobileraker-env/lib/python3.8/site-packages/websockets/legacy/client.py", line 654, in __await_impl__
    transport, protocol = await self._create_connection()
  File "/usr/lib/python3.8/asyncio/base_events.py", line 1025, in create_connection
    raise exceptions[0]
  File "/usr/lib/python3.8/asyncio/base_events.py", line 1010, in create_connection
    sock = await self._connect_sock(
  File "/usr/lib/python3.8/asyncio/base_events.py", line 924, in _connect_sock
    await self.sock_connect(sock, address)
  File "/usr/lib/python3.8/asyncio/selector_events.py", line 496, in sock_connect
    return await fut
  File "/usr/lib/python3.8/asyncio/selector_events.py", line 501, in _sock_connect
    sock.connect(address)
OSError: [Errno 101] Network is unreachable
2026-08-28 22:53:18,265 websockets.client INFO - ! connect failed again; retrying in 60 seconds
Traceback (most recent call last):
  File "/home/chase/mobileraker-env/lib/python3.8/site-packages/websockets/legacy/client.py", line 598, in __aiter__
    async with self as protocol:
  File "/home/chase/mobileraker-env/lib/python3.8/site-packages/websockets/legacy/client.py", line 633, in __aenter__
    return await self
  File "/home/chase/mobileraker-env/lib/python3.8/site-packages/websockets/legacy/client.py", line 650, in __await_impl_timeout__
    return await asyncio.wait_for(self.__await_impl__(), self.open_timeout)
  File "/usr/lib/python3.8/asyncio/tasks.py", line 494, in wait_for
    return fut.result()
  File "/home/chase/mobileraker-env/lib/python3.8/site-packages/websockets/legacy/client.py", line 654, in __await_impl__
    transport, protocol = await self._create_connection()
  File "/usr/lib/python3.8/asyncio/base_events.py", line 1025, in create_connection
    raise exceptions[0]
  File "/usr/lib/python3.8/asyncio/base_events.py", line 1010, in create_connection
    sock = await self._connect_sock(
  File "/usr/lib/python3.8/asyncio/base_events.py", line 924, in _connect_sock
    await self.sock_connect(sock, address)
  File "/usr/lib/python3.8/asyncio/selector_events.py", line 496, in sock_connect
    return await fut
  File "/usr/lib/python3.8/asyncio/selector_events.py", line 501, in _sock_connect
    sock.connect(address)
OSError: [Errno 101] Network is unreachable
2026-08-28 22:54:18,330 websockets.client INFO - ! connect failed again; retrying in 60 seconds
Traceback (most recent call last):
  File "/home/chase/mobileraker-env/lib/python3.8/site-packages/websockets/legacy/client.py", line 598, in __aiter__
    async with self as protocol:
  File "/home/chase/mobileraker-env/lib/python3.8/site-packages/websockets/legacy/client.py", line 633, in __aenter__
    return await self
  File "/home/chase/mobileraker-env/lib/python3.8/site-packages/websockets/legacy/client.py", line 650, in __await_impl_timeout__
    return await asyncio.wait_for(self.__await_impl__(), self.open_timeout)
  File "/usr/lib/python3.8/asyncio/tasks.py", line 494, in wait_for
    return fut.result()
  File "/home/chase/mobileraker-env/lib/python3.8/site-packages/websockets/legacy/client.py", line 654, in __await_impl__
    transport, protocol = await self._create_connection()
  File "/usr/lib/python3.8/asyncio/base_events.py", line 1025, in create_connection
    raise exceptions[0]
  File "/usr/lib/python3.8/asyncio/base_events.py", line 1010, in create_connection
    sock = await self._connect_sock(
  File "/usr/lib/python3.8/asyncio/base_events.py", line 924, in _connect_sock
    await self.sock_connect(sock, address)
  File "/usr/lib/python3.8/asyncio/selector_events.py", line 496, in sock_connect
    return await fut
  File "/usr/lib/python3.8/asyncio/selector_events.py", line 501, in _sock_connect
    sock.connect(address)
OSError: [Errno 101] Network is unreachable
2026-08-28 22:55:18,377 websockets.client INFO - ! connect failed again; retrying in 60 seconds
Traceback (most recent call last):
  File "/home/chase/mobileraker-env/lib/python3.8/site-packages/websockets/legacy/client.py", line 598, in __aiter__
    async with self as protocol:
  File "/home/chase/mobileraker-env/lib/python3.8/site-packages/websockets/legacy/client.py", line 633, in __aenter__
    return await self
  File "/home/chase/mobileraker-env/lib/python3.8/site-packages/websockets/legacy/client.py", line 650, in __await_impl_timeout__
    return await asyncio.wait_for(self.__await_impl__(), self.open_timeout)
  File "/usr/lib/python3.8/asyncio/tasks.py", line 494, in wait_for
    return fut.result()
  File "/home/chase/mobileraker-env/lib/python3.8/site-packages/websockets/legacy/client.py", line 654, in __await_impl__
    transport, protocol = await self._create_connection()
  File "/usr/lib/python3.8/asyncio/base_events.py", line 1025, in create_connection
    raise exceptions[0]
  File "/usr/lib/python3.8/asyncio/base_events.py", line 1010, in create_connection
    sock = await self._connect_sock(
  File "/usr/lib/python3.8/asyncio/base_events.py", line 924, in _connect_sock
    await self.sock_connect(sock, address)
  File "/usr/lib/python3.8/asyncio/selector_events.py", line 496, in sock_connect
    return await fut
  File "/usr/lib/python3.8/asyncio/selector_events.py", line 501, in _sock_connect
    sock.connect(address)
OSError: [Errno 101] Network is unreachable
2026-08-28 22:56:18,443 websockets.client INFO - ! connect failed again; retrying in 60 seconds
Traceback (most recent call last):
  File "/home/chase/mobileraker-env/lib/python3.8/site-packages/websockets/legacy/client.py", line 598, in __aiter__
    async with self as protocol:
  File "/home/chase/mobileraker-env/lib/python3.8/site-packages/websockets/legacy/client.py", line 633, in __aenter__
    return await self
  File "/home/chase/mobileraker-env/lib/python3.8/site-packages/websockets/legacy/client.py", line 650, in __await_impl_timeout__
    return await asyncio.wait_for(self.__await_impl__(), self.open_timeout)
  File "/usr/lib/python3.8/asyncio/tasks.py", line 494, in wait_for
    return fut.result()
  File "/home/chase/mobileraker-env/lib/python3.8/site-packages/websockets/legacy/client.py", line 654, in __await_impl__
    transport, protocol = await self._create_connection()
  File "/usr/lib/python3.8/asyncio/base_events.py", line 1025, in create_connection
    raise exceptions[0]
  File "/usr/lib/python3.8/asyncio/base_events.py", line 1010, in create_connection
    sock = await self._connect_sock(
  File "/usr/lib/python3.8/asyncio/base_events.py", line 924, in _connect_sock
    await self.sock_connect(sock, address)
  File "/usr/lib/python3.8/asyncio/selector_events.py", line 496, in sock_connect
    return await fut
  File "/usr/lib/python3.8/asyncio/selector_events.py", line 501, in _sock_connect
    sock.connect(address)
OSError: [Errno 101] Network is unreachable
2026-08-28 22:57:18,510 websockets.client INFO - ! connect failed again; retrying in 60 seconds
Traceback (most recent call last):
  File "/home/chase/mobileraker-env/lib/python3.8/site-packages/websockets/legacy/client.py", line 598, in __aiter__
    async with self as protocol:
  File "/home/chase/mobileraker-env/lib/python3.8/site-packages/websockets/legacy/client.py", line 633, in __aenter__
    return await self
  File "/home/chase/mobileraker-env/lib/python3.8/site-packages/websockets/legacy/client.py", line 650, in __await_impl_timeout__
    return await asyncio.wait_for(self.__await_impl__(), self.open_timeout)
  File "/usr/lib/python3.8/asyncio/tasks.py", line 494, in wait_for
    return fut.result()
  File "/home/chase/mobileraker-env/lib/python3.8/site-packages/websockets/legacy/client.py", line 654, in __await_impl__
    transport, protocol = await self._create_connection()
  File "/usr/lib/python3.8/asyncio/base_events.py", line 1025, in create_connection
    raise exceptions[0]
  File "/usr/lib/python3.8/asyncio/base_events.py", line 1010, in create_connection
    sock = await self._connect_sock(
  File "/usr/lib/python3.8/asyncio/base_events.py", line 924, in _connect_sock
    await self.sock_connect(sock, address)
  File "/usr/lib/python3.8/asyncio/selector_events.py", line 496, in sock_connect
    return await fut
  File "/usr/lib/python3.8/asyncio/selector_events.py", line 501, in _sock_connect
    sock.connect(address)
OSError: [Errno 101] Network is unreachable
2026-08-28 22:58:18,575 websockets.client INFO - ! connect failed again; retrying in 60 seconds
Traceback (most recent call last):
  File "/home/chase/mobileraker-env/lib/python3.8/site-packages/websockets/legacy/client.py", line 598, in __aiter__
    async with self as protocol:
  File "/home/chase/mobileraker-env/lib/python3.8/site-packages/websockets/legacy/client.py", line 633, in __aenter__
    return await self
  File "/home/chase/mobileraker-env/lib/python3.8/site-packages/websockets/legacy/client.py", line 650, in __await_impl_timeout__
    return await asyncio.wait_for(self.__await_impl__(), self.open_timeout)
  File "/usr/lib/python3.8/asyncio/tasks.py", line 494, in wait_for
    return fut.result()
  File "/home/chase/mobileraker-env/lib/python3.8/site-packages/websockets/legacy/client.py", line 654, in __await_impl__
    transport, protocol = await self._create_connection()
  File "/usr/lib/python3.8/asyncio/base_events.py", line 1025, in create_connection
    raise exceptions[0]
  File "/usr/lib/python3.8/asyncio/base_events.py", line 1010, in create_connection
    sock = await self._connect_sock(
  File "/usr/lib/python3.8/asyncio/base_events.py", line 924, in _connect_sock
    await self.sock_connect(sock, address)
  File "/usr/lib/python3.8/asyncio/selector_events.py", line 496, in sock_connect
    return await fut
  File "/usr/lib/python3.8/asyncio/selector_events.py", line 501, in _sock_connect
    sock.connect(address)
OSError: [Errno 101] Network is unreachable
2026-08-28 22:59:18,640 websockets.client INFO - ! connect failed again; retrying in 60 seconds
Traceback (most recent call last):
  File "/home/chase/mobileraker-env/lib/python3.8/site-packages/websockets/legacy/client.py", line 598, in __aiter__
    async with self as protocol:
  File "/home/chase/mobileraker-env/lib/python3.8/site-packages/websockets/legacy/client.py", line 633, in __aenter__
    return await self
  File "/home/chase/mobileraker-env/lib/python3.8/site-packages/websockets/legacy/client.py", line 650, in __await_impl_timeout__
    return await asyncio.wait_for(self.__await_impl__(), self.open_timeout)
  File "/usr/lib/python3.8/asyncio/tasks.py", line 494, in wait_for
    return fut.result()
  File "/home/chase/mobileraker-env/lib/python3.8/site-packages/websockets/legacy/client.py", line 654, in __await_impl__
    transport, protocol = await self._create_connection()
  File "/usr/lib/python3.8/asyncio/base_events.py", line 1025, in create_connection
    raise exceptions[0]
  File "/usr/lib/python3.8/asyncio/base_events.py", line 1010, in create_connection
    sock = await self._connect_sock(
  File "/usr/lib/python3.8/asyncio/base_events.py", line 924, in _connect_sock
    await self.sock_connect(sock, address)
  File "/usr/lib/python3.8/asyncio/selector_events.py", line 496, in sock_connect
    return await fut
  File "/usr/lib/python3.8/asyncio/selector_events.py", line 501, in _sock_connect
    sock.connect(address)
OSError: [Errno 101] Network is unreachable
2026-08-28 23:00:18,705 websockets.client INFO - ! connect failed again; retrying in 60 seconds
Traceback (most recent call last):
  File "/home/chase/mobileraker-env/lib/python3.8/site-packages/websockets/legacy/client.py", line 598, in __aiter__
    async with self as protocol:
  File "/home/chase/mobileraker-env/lib/python3.8/site-packages/websockets/legacy/client.py", line 633, in __aenter__
    return await self
  File "/home/chase/mobileraker-env/lib/python3.8/site-packages/websockets/legacy/client.py", line 650, in __await_impl_timeout__
    return await asyncio.wait_for(self.__await_impl__(), self.open_timeout)
  File "/usr/lib/python3.8/asyncio/tasks.py", line 494, in wait_for
    return fut.result()
  File "/home/chase/mobileraker-env/lib/python3.8/site-packages/websockets/legacy/client.py", line 654, in __await_impl__
    transport, protocol = await self._create_connection()
  File "/usr/lib/python3.8/asyncio/base_events.py", line 1025, in create_connection
    raise exceptions[0]
  File "/usr/lib/python3.8/asyncio/base_events.py", line 1010, in create_connection
    sock = await self._connect_sock(
  File "/usr/lib/python3.8/asyncio/base_events.py", line 924, in _connect_sock
    await self.sock_connect(sock, address)
  File "/usr/lib/python3.8/asyncio/selector_events.py", line 496, in sock_connect
    return await fut
  File "/usr/lib/python3.8/asyncio/selector_events.py", line 501, in _sock_connect
    sock.connect(address)
OSError: [Errno 101] Network is unreachable
2026-08-28 23:01:18,771 websockets.client INFO - ! connect failed again; retrying in 60 seconds
Traceback (most recent call last):
  File "/home/chase/mobileraker-env/lib/python3.8/site-packages/websockets/legacy/client.py", line 598, in __aiter__
    async with self as protocol:
  File "/home/chase/mobileraker-env/lib/python3.8/site-packages/websockets/legacy/client.py", line 633, in __aenter__
    return await self
  File "/home/chase/mobileraker-env/lib/python3.8/site-packages/websockets/legacy/client.py", line 650, in __await_impl_timeout__
    return await asyncio.wait_for(self.__await_impl__(), self.open_timeout)
  File "/usr/lib/python3.8/asyncio/tasks.py", line 494, in wait_for
    return fut.result()
  File "/home/chase/mobileraker-env/lib/python3.8/site-packages/websockets/legacy/client.py", line 654, in __await_impl__
    transport, protocol = await self._create_connection()
  File "/usr/lib/python3.8/asyncio/base_events.py", line 1025, in create_connection
    raise exceptions[0]
  File "/usr/lib/python3.8/asyncio/base_events.py", line 1010, in create_connection
    sock = await self._connect_sock(
  File "/usr/lib/python3.8/asyncio/base_events.py", line 924, in _connect_sock
    await self.sock_connect(sock, address)
  File "/usr/lib/python3.8/asyncio/selector_events.py", line 496, in sock_connect
    return await fut
  File "/usr/lib/python3.8/asyncio/selector_events.py", line 501, in _sock_connect
    sock.connect(address)
OSError: [Errno 101] Network is unreachable
2026-08-28 23:02:18,836 websockets.client INFO - ! connect failed again; retrying in 60 seconds
Traceback (most recent call last):
  File "/home/chase/mobileraker-env/lib/python3.8/site-packages/websockets/legacy/client.py", line 598, in __aiter__
    async with self as protocol:
  File "/home/chase/mobileraker-env/lib/python3.8/site-packages/websockets/legacy/client.py", line 633, in __aenter__
    return await self
  File "/home/chase/mobileraker-env/lib/python3.8/site-packages/websockets/legacy/client.py", line 650, in __await_impl_timeout__
    return await asyncio.wait_for(self.__await_impl__(), self.open_timeout)
  File "/usr/lib/python3.8/asyncio/tasks.py", line 494, in wait_for
    return fut.result()
  File "/home/chase/mobileraker-env/lib/python3.8/site-packages/websockets/legacy/client.py", line 654, in __await_impl__
    transport, protocol = await self._create_connection()
  File "/usr/lib/python3.8/asyncio/base_events.py", line 1025, in create_connection
    raise exceptions[0]
  File "/usr/lib/python3.8/asyncio/base_events.py", line 1010, in create_connection
    sock = await self._connect_sock(
  File "/usr/lib/python3.8/asyncio/base_events.py", line 924, in _connect_sock
    await self.sock_connect(sock, address)
  File "/usr/lib/python3.8/asyncio/selector_events.py", line 496, in sock_connect
    return await fut
  File "/usr/lib/python3.8/asyncio/selector_events.py", line 501, in _sock_connect
    sock.connect(address)
OSError: [Errno 101] Network is unreachable
2026-08-28 23:03:18,902 websockets.client INFO - ! connect failed again; retrying in 60 seconds
Traceback (most recent call last):
  File "/home/chase/mobileraker-env/lib/python3.8/site-packages/websockets/legacy/client.py", line 598, in __aiter__
    async with self as protocol:
  File "/home/chase/mobileraker-env/lib/python3.8/site-packages/websockets/legacy/client.py", line 633, in __aenter__
    return await self
  File "/home/chase/mobileraker-env/lib/python3.8/site-packages/websockets/legacy/client.py", line 650, in __await_impl_timeout__
    return await asyncio.wait_for(self.__await_impl__(), self.open_timeout)
  File "/usr/lib/python3.8/asyncio/tasks.py", line 494, in wait_for
    return fut.result()
  File "/home/chase/mobileraker-env/lib/python3.8/site-packages/websockets/legacy/client.py", line 654, in __await_impl__
    transport, protocol = await self._create_connection()
  File "/usr/lib/python3.8/asyncio/base_events.py", line 1025, in create_connection
    raise exceptions[0]
  File "/usr/lib/python3.8/asyncio/base_events.py", line 1010, in create_connection
    sock = await self._connect_sock(
  File "/usr/lib/python3.8/asyncio/base_events.py", line 924, in _connect_sock
    await self.sock_connect(sock, address)
  File "/usr/lib/python3.8/asyncio/selector_events.py", line 496, in sock_connect
    return await fut
  File "/usr/lib/python3.8/asyncio/selector_events.py", line 501, in _sock_connect
    sock.connect(address)
OSError: [Errno 101] Network is unreachable
2026-08-28 23:04:18,959 websockets.client INFO - ! connect failed again; retrying in 60 seconds
Traceback (most recent call last):
  File "/home/chase/mobileraker-env/lib/python3.8/site-packages/websockets/legacy/client.py", line 598, in __aiter__
    async with self as protocol:
  File "/home/chase/mobileraker-env/lib/python3.8/site-packages/websockets/legacy/client.py", line 633, in __aenter__
    return await self
  File "/home/chase/mobileraker-env/lib/python3.8/site-packages/websockets/legacy/client.py", line 650, in __await_impl_timeout__
    return await asyncio.wait_for(self.__await_impl__(), self.open_timeout)
  File "/usr/lib/python3.8/asyncio/tasks.py", line 494, in wait_for
    return fut.result()
  File "/home/chase/mobileraker-env/lib/python3.8/site-packages/websockets/legacy/client.py", line 654, in __await_impl__
    transport, protocol = await self._create_connection()
  File "/usr/lib/python3.8/asyncio/base_events.py", line 1025, in create_connection
    raise exceptions[0]
  File "/usr/lib/python3.8/asyncio/base_events.py", line 1010, in create_connection
    sock = await self._connect_sock(
  File "/usr/lib/python3.8/asyncio/base_events.py", line 924, in _connect_sock
    await self.sock_connect(sock, address)
  File "/usr/lib/python3.8/asyncio/selector_events.py", line 496, in sock_connect
    return await fut
  File "/usr/lib/python3.8/asyncio/selector_events.py", line 501, in _sock_connect
    sock.connect(address)
OSError: [Errno 101] Network is unreachable
2026-08-28 23:05:19,024 websockets.client INFO - ! connect failed again; retrying in 60 seconds
Traceback (most recent call last):
  File "/home/chase/mobileraker-env/lib/python3.8/site-packages/websockets/legacy/client.py", line 598, in __aiter__
    async with self as protocol:
  File "/home/chase/mobileraker-env/lib/python3.8/site-packages/websockets/legacy/client.py", line 633, in __aenter__
    return await self
  File "/home/chase/mobileraker-env/lib/python3.8/site-packages/websockets/legacy/client.py", line 650, in __await_impl_timeout__
    return await asyncio.wait_for(self.__await_impl__(), self.open_timeout)
  File "/usr/lib/python3.8/asyncio/tasks.py", line 494, in wait_for
    return fut.result()
  File "/home/chase/mobileraker-env/lib/python3.8/site-packages/websockets/legacy/client.py", line 654, in __await_impl__
    transport, protocol = await self._create_connection()
  File "/usr/lib/python3.8/asyncio/base_events.py", line 1025, in create_connection
    raise exceptions[0]
  File "/usr/lib/python3.8/asyncio/base_events.py", line 1010, in create_connection
    sock = await self._connect_sock(
  File "/usr/lib/python3.8/asyncio/base_events.py", line 924, in _connect_sock
    await self.sock_connect(sock, address)
  File "/usr/lib/python3.8/asyncio/selector_events.py", line 496, in sock_connect
    return await fut
  File "/usr/lib/python3.8/asyncio/selector_events.py", line 501, in _sock_connect
    sock.connect(address)
OSError: [Errno 101] Network is unreachable
2026-08-28 23:06:19,090 websockets.client INFO - ! connect failed again; retrying in 60 seconds
Traceback (most recent call last):
  File "/home/chase/mobileraker-env/lib/python3.8/site-packages/websockets/legacy/client.py", line 598, in __aiter__
    async with self as protocol:
  File "/home/chase/mobileraker-env/lib/python3.8/site-packages/websockets/legacy/client.py", line 633, in __aenter__
    return await self
  File "/home/chase/mobileraker-env/lib/python3.8/site-packages/websockets/legacy/client.py", line 650, in __await_impl_timeout__
    return await asyncio.wait_for(self.__await_impl__(), self.open_timeout)
  File "/usr/lib/python3.8/asyncio/tasks.py", line 494, in wait_for
    return fut.result()
  File "/home/chase/mobileraker-env/lib/python3.8/site-packages/websockets/legacy/client.py", line 654, in __await_impl__
    transport, protocol = await self._create_connection()
  File "/usr/lib/python3.8/asyncio/base_events.py", line 1025, in create_connection
    raise exceptions[0]
  File "/usr/lib/python3.8/asyncio/base_events.py", line 1010, in create_connection
    sock = await self._connect_sock(
  File "/usr/lib/python3.8/asyncio/base_events.py", line 924, in _connect_sock
    await self.sock_connect(sock, address)
  File "/usr/lib/python3.8/asyncio/selector_events.py", line 496, in sock_connect
    return await fut
  File "/usr/lib/python3.8/asyncio/selector_events.py", line 501, in _sock_connect
    sock.connect(address)
OSError: [Errno 101] Network is unreachable
2026-08-28 23:07:19,125 websockets.client INFO - ! connect failed again; retrying in 60 seconds
Traceback (most recent call last):
  File "/home/chase/mobileraker-env/lib/python3.8/site-packages/websockets/legacy/client.py", line 598, in __aiter__
    async with self as protocol:
  File "/home/chase/mobileraker-env/lib/python3.8/site-packages/websockets/legacy/client.py", line 633, in __aenter__
    return await self
  File "/home/chase/mobileraker-env/lib/python3.8/site-packages/websockets/legacy/client.py", line 650, in __await_impl_timeout__
    return await asyncio.wait_for(self.__await_impl__(), self.open_timeout)
  File "/usr/lib/python3.8/asyncio/tasks.py", line 494, in wait_for
    return fut.result()
  File "/home/chase/mobileraker-env/lib/python3.8/site-packages/websockets/legacy/client.py", line 654, in __await_impl__
    transport, protocol = await self._create_connection()
  File "/usr/lib/python3.8/asyncio/base_events.py", line 1025, in create_connection
    raise exceptions[0]
  File "/usr/lib/python3.8/asyncio/base_events.py", line 1010, in create_connection
    sock = await self._connect_sock(
  File "/usr/lib/python3.8/asyncio/base_events.py", line 924, in _connect_sock
    await self.sock_connect(sock, address)
  File "/usr/lib/python3.8/asyncio/selector_events.py", line 496, in sock_connect
    return await fut
  File "/usr/lib/python3.8/asyncio/selector_events.py", line 501, in _sock_connect
    sock.connect(address)
OSError: [Errno 101] Network is unreachable
2026-08-28 23:08:19,178 websockets.client INFO - ! connect failed again; retrying in 60 seconds
Traceback (most recent call last):
  File "/home/chase/mobileraker-env/lib/python3.8/site-packages/websockets/legacy/client.py", line 598, in __aiter__
    async with self as protocol:
  File "/home/chase/mobileraker-env/lib/python3.8/site-packages/websockets/legacy/client.py", line 633, in __aenter__
    return await self
  File "/home/chase/mobileraker-env/lib/python3.8/site-packages/websockets/legacy/client.py", line 650, in __await_impl_timeout__
    return await asyncio.wait_for(self.__await_impl__(), self.open_timeout)
  File "/usr/lib/python3.8/asyncio/tasks.py", line 494, in wait_for
    return fut.result()
  File "/home/chase/mobileraker-env/lib/python3.8/site-packages/websockets/legacy/client.py", line 654, in __await_impl__
    transport, protocol = await self._create_connection()
  File "/usr/lib/python3.8/asyncio/base_events.py", line 1025, in create_connection
    raise exceptions[0]
  File "/usr/lib/python3.8/asyncio/base_events.py", line 1010, in create_connection
    sock = await self._connect_sock(
  File "/usr/lib/python3.8/asyncio/base_events.py", line 924, in _connect_sock
    await self.sock_connect(sock, address)
  File "/usr/lib/python3.8/asyncio/selector_events.py", line 496, in sock_connect
    return await fut
  File "/usr/lib/python3.8/asyncio/selector_events.py", line 501, in _sock_connect
    sock.connect(address)
OSError: [Errno 101] Network is unreachable
2026-08-28 23:09:19,240 websockets.client INFO - ! connect failed again; retrying in 60 seconds
Traceback (most recent call last):
  File "/home/chase/mobileraker-env/lib/python3.8/site-packages/websockets/legacy/client.py", line 598, in __aiter__
    async with self as protocol:
  File "/home/chase/mobileraker-env/lib/python3.8/site-packages/websockets/legacy/client.py", line 633, in __aenter__
    return await self
  File "/home/chase/mobileraker-env/lib/python3.8/site-packages/websockets/legacy/client.py", line 650, in __await_impl_timeout__
    return await asyncio.wait_for(self.__await_impl__(), self.open_timeout)
  File "/usr/lib/python3.8/asyncio/tasks.py", line 494, in wait_for
    return fut.result()
  File "/home/chase/mobileraker-env/lib/python3.8/site-packages/websockets/legacy/client.py", line 654, in __await_impl__
    transport, protocol = await self._create_connection()
  File "/usr/lib/python3.8/asyncio/base_events.py", line 1025, in create_connection
    raise exceptions[0]
  File "/usr/lib/python3.8/asyncio/base_events.py", line 1010, in create_connection
    sock = await self._connect_sock(
  File "/usr/lib/python3.8/asyncio/base_events.py", line 924, in _connect_sock
    await self.sock_connect(sock, address)
  File "/usr/lib/python3.8/asyncio/selector_events.py", line 496, in sock_connect
    return await fut
  File "/usr/lib/python3.8/asyncio/selector_events.py", line 501, in _sock_connect
    sock.connect(address)
OSError: [Errno 101] Network is unreachable
2026-08-28 23:10:19,304 websockets.client INFO - ! connect failed again; retrying in 60 seconds
Traceback (most recent call last):
  File "/home/chase/mobileraker-env/lib/python3.8/site-packages/websockets/legacy/client.py", line 598, in __aiter__
    async with self as protocol:
  File "/home/chase/mobileraker-env/lib/python3.8/site-packages/websockets/legacy/client.py", line 633, in __aenter__
    return await self
  File "/home/chase/mobileraker-env/lib/python3.8/site-packages/websockets/legacy/client.py", line 650, in __await_impl_timeout__
    return await asyncio.wait_for(self.__await_impl__(), self.open_timeout)
  File "/usr/lib/python3.8/asyncio/tasks.py", line 494, in wait_for
    return fut.result()
  File "/home/chase/mobileraker-env/lib/python3.8/site-packages/websockets/legacy/client.py", line 654, in __await_impl__
    transport, protocol = await self._create_connection()
  File "/usr/lib/python3.8/asyncio/base_events.py", line 1025, in create_connection
    raise exceptions[0]
  File "/usr/lib/python3.8/asyncio/base_events.py", line 1010, in create_connection
    sock = await self._connect_sock(
  File "/usr/lib/python3.8/asyncio/base_events.py", line 924, in _connect_sock
    await self.sock_connect(sock, address)
  File "/usr/lib/python3.8/asyncio/selector_events.py", line 496, in sock_connect
    return await fut
  File "/usr/lib/python3.8/asyncio/selector_events.py", line 501, in _sock_connect
    sock.connect(address)
OSError: [Errno 101] Network is unreachable
2026-08-28 23:11:19,363 websockets.client INFO - ! connect failed again; retrying in 60 seconds
Traceback (most recent call last):
  File "/home/chase/mobileraker-env/lib/python3.8/site-packages/websockets/legacy/client.py", line 598, in __aiter__
    async with self as protocol:
  File "/home/chase/mobileraker-env/lib/python3.8/site-packages/websockets/legacy/client.py", line 633, in __aenter__
    return await self
  File "/home/chase/mobileraker-env/lib/python3.8/site-packages/websockets/legacy/client.py", line 650, in __await_impl_timeout__
    return await asyncio.wait_for(self.__await_impl__(), self.open_timeout)
  File "/usr/lib/python3.8/asyncio/tasks.py", line 494, in wait_for
    return fut.result()
  File "/home/chase/mobileraker-env/lib/python3.8/site-packages/websockets/legacy/client.py", line 654, in __await_impl__
    transport, protocol = await self._create_connection()
  File "/usr/lib/python3.8/asyncio/base_events.py", line 1025, in create_connection
    raise exceptions[0]
  File "/usr/lib/python3.8/asyncio/base_events.py", line 1010, in create_connection
    sock = await self._connect_sock(
  File "/usr/lib/python3.8/asyncio/base_events.py", line 924, in _connect_sock
    await self.sock_connect(sock, address)
  File "/usr/lib/python3.8/asyncio/selector_events.py", line 496, in sock_connect
    return await fut
  File "/usr/lib/python3.8/asyncio/selector_events.py", line 501, in _sock_connect
    sock.connect(address)
OSError: [Errno 101] Network is unreachable
2026-08-28 23:12:19,418 websockets.client INFO - ! connect failed again; retrying in 60 seconds
Traceback (most recent call last):
  File "/home/chase/mobileraker-env/lib/python3.8/site-packages/websockets/legacy/client.py", line 598, in __aiter__
    async with self as protocol:
  File "/home/chase/mobileraker-env/lib/python3.8/site-packages/websockets/legacy/client.py", line 633, in __aenter__
    return await self
  File "/home/chase/mobileraker-env/lib/python3.8/site-packages/websockets/legacy/client.py", line 650, in __await_impl_timeout__
    return await asyncio.wait_for(self.__await_impl__(), self.open_timeout)
  File "/usr/lib/python3.8/asyncio/tasks.py", line 494, in wait_for
    return fut.result()
  File "/home/chase/mobileraker-env/lib/python3.8/site-packages/websockets/legacy/client.py", line 654, in __await_impl__
    transport, protocol = await self._create_connection()
  File "/usr/lib/python3.8/asyncio/base_events.py", line 1025, in create_connection
    raise exceptions[0]
  File "/usr/lib/python3.8/asyncio/base_events.py", line 1010, in create_connection
    sock = await self._connect_sock(
  File "/usr/lib/python3.8/asyncio/base_events.py", line 924, in _connect_sock
    await self.sock_connect(sock, address)
  File "/usr/lib/python3.8/asyncio/selector_events.py", line 496, in sock_connect
    return await fut
  File "/usr/lib/python3.8/asyncio/selector_events.py", line 501, in _sock_connect
    sock.connect(address)
OSError: [Errno 101] Network is unreachable
2026-08-28 23:13:19,461 websockets.client INFO - ! connect failed again; retrying in 60 seconds
Traceback (most recent call last):
  File "/home/chase/mobileraker-env/lib/python3.8/site-packages/websockets/legacy/client.py", line 598, in __aiter__
    async with self as protocol:
  File "/home/chase/mobileraker-env/lib/python3.8/site-packages/websockets/legacy/client.py", line 633, in __aenter__
    return await self
  File "/home/chase/mobileraker-env/lib/python3.8/site-packages/websockets/legacy/client.py", line 650, in __await_impl_timeout__
    return await asyncio.wait_for(self.__await_impl__(), self.open_timeout)
  File "/usr/lib/python3.8/asyncio/tasks.py", line 494, in wait_for
    return fut.result()
  File "/home/chase/mobileraker-env/lib/python3.8/site-packages/websockets/legacy/client.py", line 654, in __await_impl__
    transport, protocol = await self._create_connection()
  File "/usr/lib/python3.8/asyncio/base_events.py", line 1025, in create_connection
    raise exceptions[0]
  File "/usr/lib/python3.8/asyncio/base_events.py", line 1010, in create_connection
    sock = await self._connect_sock(
  File "/usr/lib/python3.8/asyncio/base_events.py", line 924, in _connect_sock
    await self.sock_connect(sock, address)
  File "/usr/lib/python3.8/asyncio/selector_events.py", line 496, in sock_connect
    return await fut
  File "/usr/lib/python3.8/asyncio/selector_events.py", line 501, in _sock_connect
    sock.connect(address)
OSError: [Errno 101] Network is unreachable
2026-08-28 23:14:19,524 websockets.client INFO - ! connect failed again; retrying in 60 seconds
Traceback (most recent call last):
  File "/home/chase/mobileraker-env/lib/python3.8/site-packages/websockets/legacy/client.py", line 598, in __aiter__
    async with self as protocol:
  File "/home/chase/mobileraker-env/lib/python3.8/site-packages/websockets/legacy/client.py", line 633, in __aenter__
    return await self
  File "/home/chase/mobileraker-env/lib/python3.8/site-packages/websockets/legacy/client.py", line 650, in __await_impl_timeout__
    return await asyncio.wait_for(self.__await_impl__(), self.open_timeout)
  File "/usr/lib/python3.8/asyncio/tasks.py", line 494, in wait_for
    return fut.result()
  File "/home/chase/mobileraker-env/lib/python3.8/site-packages/websockets/legacy/client.py", line 654, in __await_impl__
    transport, protocol = await self._create_connection()
  File "/usr/lib/python3.8/asyncio/base_events.py", line 1025, in create_connection
    raise exceptions[0]
  File "/usr/lib/python3.8/asyncio/base_events.py", line 1010, in create_connection
    sock = await self._connect_sock(
  File "/usr/lib/python3.8/asyncio/base_events.py", line 924, in _connect_sock
    await self.sock_connect(sock, address)
  File "/usr/lib/python3.8/asyncio/selector_events.py", line 496, in sock_connect
    return await fut
  File "/usr/lib/python3.8/asyncio/selector_events.py", line 501, in _sock_connect
    sock.connect(address)
OSError: [Errno 101] Network is unreachable
2026-08-28 23:15:19,531 websockets.client INFO - ! connect failed again; retrying in 60 seconds
Traceback (most recent call last):
  File "/home/chase/mobileraker-env/lib/python3.8/site-packages/websockets/legacy/client.py", line 598, in __aiter__
    async with self as protocol:
  File "/home/chase/mobileraker-env/lib/python3.8/site-packages/websockets/legacy/client.py", line 633, in __aenter__
    return await self
  File "/home/chase/mobileraker-env/lib/python3.8/site-packages/websockets/legacy/client.py", line 650, in __await_impl_timeout__
    return await asyncio.wait_for(self.__await_impl__(), self.open_timeout)
  File "/usr/lib/python3.8/asyncio/tasks.py", line 494, in wait_for
    return fut.result()
  File "/home/chase/mobileraker-env/lib/python3.8/site-packages/websockets/legacy/client.py", line 654, in __await_impl__
    transport, protocol = await self._create_connection()
  File "/usr/lib/python3.8/asyncio/base_events.py", line 1025, in create_connection
    raise exceptions[0]
  File "/usr/lib/python3.8/asyncio/base_events.py", line 1010, in create_connection
    sock = await self._connect_sock(
  File "/usr/lib/python3.8/asyncio/base_events.py", line 924, in _connect_sock
    await self.sock_connect(sock, address)
  File "/usr/lib/python3.8/asyncio/selector_events.py", line 496, in sock_connect
    return await fut
  File "/usr/lib/python3.8/asyncio/selector_events.py", line 501, in _sock_connect
    sock.connect(address)
OSError: [Errno 101] Network is unreachable
2026-08-28 23:16:19,539 websockets.client INFO - ! connect failed again; retrying in 60 seconds
Traceback (most recent call last):
  File "/home/chase/mobileraker-env/lib/python3.8/site-packages/websockets/legacy/client.py", line 598, in __aiter__
    async with self as protocol:
  File "/home/chase/mobileraker-env/lib/python3.8/site-packages/websockets/legacy/client.py", line 633, in __aenter__
    return await self
  File "/home/chase/mobileraker-env/lib/python3.8/site-packages/websockets/legacy/client.py", line 650, in __await_impl_timeout__
    return await asyncio.wait_for(self.__await_impl__(), self.open_timeout)
  File "/usr/lib/python3.8/asyncio/tasks.py", line 494, in wait_for
    return fut.result()
  File "/home/chase/mobileraker-env/lib/python3.8/site-packages/websockets/legacy/client.py", line 654, in __await_impl__
    transport, protocol = await self._create_connection()
  File "/usr/lib/python3.8/asyncio/base_events.py", line 1025, in create_connection
    raise exceptions[0]
  File "/usr/lib/python3.8/asyncio/base_events.py", line 1010, in create_connection
    sock = await self._connect_sock(
  File "/usr/lib/python3.8/asyncio/base_events.py", line 924, in _connect_sock
    await self.sock_connect(sock, address)
  File "/usr/lib/python3.8/asyncio/selector_events.py", line 496, in sock_connect
    return await fut
  File "/usr/lib/python3.8/asyncio/selector_events.py", line 501, in _sock_connect
    sock.connect(address)
OSError: [Errno 101] Network is unreachable
2026-08-28 23:17:19,603 websockets.client INFO - ! connect failed again; retrying in 60 seconds
Traceback (most recent call last):
  File "/home/chase/mobileraker-env/lib/python3.8/site-packages/websockets/legacy/client.py", line 598, in __aiter__
    async with self as protocol:
  File "/home/chase/mobileraker-env/lib/python3.8/site-packages/websockets/legacy/client.py", line 633, in __aenter__
    return await self
  File "/home/chase/mobileraker-env/lib/python3.8/site-packages/websockets/legacy/client.py", line 650, in __await_impl_timeout__
    return await asyncio.wait_for(self.__await_impl__(), self.open_timeout)
  File "/usr/lib/python3.8/asyncio/tasks.py", line 494, in wait_for
    return fut.result()
  File "/home/chase/mobileraker-env/lib/python3.8/site-packages/websockets/legacy/client.py", line 654, in __await_impl__
    transport, protocol = await self._create_connection()
  File "/usr/lib/python3.8/asyncio/base_events.py", line 1025, in create_connection
    raise exceptions[0]
  File "/usr/lib/python3.8/asyncio/base_events.py", line 1010, in create_connection
    sock = await self._connect_sock(
  File "/usr/lib/python3.8/asyncio/base_events.py", line 924, in _connect_sock
    await self.sock_connect(sock, address)
  File "/usr/lib/python3.8/asyncio/selector_events.py", line 496, in sock_connect
    return await fut
  File "/usr/lib/python3.8/asyncio/selector_events.py", line 501, in _sock_connect
    sock.connect(address)
OSError: [Errno 101] Network is unreachable
2026-08-28 23:18:19,668 websockets.client INFO - ! connect failed again; retrying in 60 seconds
Traceback (most recent call last):
  File "/home/chase/mobileraker-env/lib/python3.8/site-packages/websockets/legacy/client.py", line 598, in __aiter__
    async with self as protocol:
  File "/home/chase/mobileraker-env/lib/python3.8/site-packages/websockets/legacy/client.py", line 633, in __aenter__
    return await self
  File "/home/chase/mobileraker-env/lib/python3.8/site-packages/websockets/legacy/client.py", line 650, in __await_impl_timeout__
    return await asyncio.wait_for(self.__await_impl__(), self.open_timeout)
  File "/usr/lib/python3.8/asyncio/tasks.py", line 494, in wait_for
    return fut.result()
  File "/home/chase/mobileraker-env/lib/python3.8/site-packages/websockets/legacy/client.py", line 654, in __await_impl__
    transport, protocol = await self._create_connection()
  File "/usr/lib/python3.8/asyncio/base_events.py", line 1025, in create_connection
    raise exceptions[0]
  File "/usr/lib/python3.8/asyncio/base_events.py", line 1010, in create_connection
    sock = await self._connect_sock(
  File "/usr/lib/python3.8/asyncio/base_events.py", line 924, in _connect_sock
    await self.sock_connect(sock, address)
  File "/usr/lib/python3.8/asyncio/selector_events.py", line 496, in sock_connect
    return await fut
  File "/usr/lib/python3.8/asyncio/selector_events.py", line 501, in _sock_connect
    sock.connect(address)
OSError: [Errno 101] Network is unreachable
2026-08-28 23:19:19,675 websockets.client INFO - ! connect failed again; retrying in 60 seconds
Traceback (most recent call last):
  File "/home/chase/mobileraker-env/lib/python3.8/site-packages/websockets/legacy/client.py", line 598, in __aiter__
    async with self as protocol:
  File "/home/chase/mobileraker-env/lib/python3.8/site-packages/websockets/legacy/client.py", line 633, in __aenter__
    return await self
  File "/home/chase/mobileraker-env/lib/python3.8/site-packages/websockets/legacy/client.py", line 650, in __await_impl_timeout__
    return await asyncio.wait_for(self.__await_impl__(), self.open_timeout)
  File "/usr/lib/python3.8/asyncio/tasks.py", line 494, in wait_for
    return fut.result()
  File "/home/chase/mobileraker-env/lib/python3.8/site-packages/websockets/legacy/client.py", line 654, in __await_impl__
    transport, protocol = await self._create_connection()
  File "/usr/lib/python3.8/asyncio/base_events.py", line 1025, in create_connection
    raise exceptions[0]
  File "/usr/lib/python3.8/asyncio/base_events.py", line 1010, in create_connection
    sock = await self._connect_sock(
  File "/usr/lib/python3.8/asyncio/base_events.py", line 924, in _connect_sock
    await self.sock_connect(sock, address)
  File "/usr/lib/python3.8/asyncio/selector_events.py", line 496, in sock_connect
    return await fut
  File "/usr/lib/python3.8/asyncio/selector_events.py", line 501, in _sock_connect
    sock.connect(address)
OSError: [Errno 101] Network is unreachable
2026-08-28 23:20:19,691 websockets.client INFO - ! connect failed again; retrying in 60 seconds
Traceback (most recent call last):
  File "/home/chase/mobileraker-env/lib/python3.8/site-packages/websockets/legacy/client.py", line 598, in __aiter__
    async with self as protocol:
  File "/home/chase/mobileraker-env/lib/python3.8/site-packages/websockets/legacy/client.py", line 633, in __aenter__
    return await self
  File "/home/chase/mobileraker-env/lib/python3.8/site-packages/websockets/legacy/client.py", line 650, in __await_impl_timeout__
    return await asyncio.wait_for(self.__await_impl__(), self.open_timeout)
  File "/usr/lib/python3.8/asyncio/tasks.py", line 494, in wait_for
    return fut.result()
  File "/home/chase/mobileraker-env/lib/python3.8/site-packages/websockets/legacy/client.py", line 654, in __await_impl__
    transport, protocol = await self._create_connection()
  File "/usr/lib/python3.8/asyncio/base_events.py", line 1025, in create_connection
    raise exceptions[0]
  File "/usr/lib/python3.8/asyncio/base_events.py", line 1010, in create_connection
    sock = await self._connect_sock(
  File "/usr/lib/python3.8/asyncio/base_events.py", line 924, in _connect_sock
    await self.sock_connect(sock, address)
  File "/usr/lib/python3.8/asyncio/selector_events.py", line 496, in sock_connect
    return await fut
  File "/usr/lib/python3.8/asyncio/selector_events.py", line 501, in _sock_connect
    sock.connect(address)
OSError: [Errno 101] Network is unreachable
2026-08-28 23:21:19,756 websockets.client INFO - ! connect failed again; retrying in 60 seconds
Traceback (most recent call last):
  File "/home/chase/mobileraker-env/lib/python3.8/site-packages/websockets/legacy/client.py", line 598, in __aiter__
    async with self as protocol:
  File "/home/chase/mobileraker-env/lib/python3.8/site-packages/websockets/legacy/client.py", line 633, in __aenter__
    return await self
  File "/home/chase/mobileraker-env/lib/python3.8/site-packages/websockets/legacy/client.py", line 650, in __await_impl_timeout__
    return await asyncio.wait_for(self.__await_impl__(), self.open_timeout)
  File "/usr/lib/python3.8/asyncio/tasks.py", line 494, in wait_for
    return fut.result()
  File "/home/chase/mobileraker-env/lib/python3.8/site-packages/websockets/legacy/client.py", line 654, in __await_impl__
    transport, protocol = await self._create_connection()
  File "/usr/lib/python3.8/asyncio/base_events.py", line 1025, in create_connection
    raise exceptions[0]
  File "/usr/lib/python3.8/asyncio/base_events.py", line 1010, in create_connection
    sock = await self._connect_sock(
  File "/usr/lib/python3.8/asyncio/base_events.py", line 924, in _connect_sock
    await self.sock_connect(sock, address)
  File "/usr/lib/python3.8/asyncio/selector_events.py", line 496, in sock_connect
    return await fut
  File "/usr/lib/python3.8/asyncio/selector_events.py", line 501, in _sock_connect
    sock.connect(address)
OSError: [Errno 101] Network is unreachable
2026-08-28 23:22:19,819 websockets.client INFO - ! connect failed again; retrying in 60 seconds
Traceback (most recent call last):
  File "/home/chase/mobileraker-env/lib/python3.8/site-packages/websockets/legacy/client.py", line 598, in __aiter__
    async with self as protocol:
  File "/home/chase/mobileraker-env/lib/python3.8/site-packages/websockets/legacy/client.py", line 633, in __aenter__
    return await self
  File "/home/chase/mobileraker-env/lib/python3.8/site-packages/websockets/legacy/client.py", line 650, in __await_impl_timeout__
    return await asyncio.wait_for(self.__await_impl__(), self.open_timeout)
  File "/usr/lib/python3.8/asyncio/tasks.py", line 494, in wait_for
    return fut.result()
  File "/home/chase/mobileraker-env/lib/python3.8/site-packages/websockets/legacy/client.py", line 654, in __await_impl__
    transport, protocol = await self._create_connection()
  File "/usr/lib/python3.8/asyncio/base_events.py", line 1025, in create_connection
    raise exceptions[0]
  File "/usr/lib/python3.8/asyncio/base_events.py", line 1010, in create_connection
    sock = await self._connect_sock(
  File "/usr/lib/python3.8/asyncio/base_events.py", line 924, in _connect_sock
    await self.sock_connect(sock, address)
  File "/usr/lib/python3.8/asyncio/selector_events.py", line 496, in sock_connect
    return await fut
  File "/usr/lib/python3.8/asyncio/selector_events.py", line 501, in _sock_connect
    sock.connect(address)
OSError: [Errno 101] Network is unreachable
2026-08-28 23:23:19,884 websockets.client INFO - ! connect failed again; retrying in 60 seconds
Traceback (most recent call last):
  File "/home/chase/mobileraker-env/lib/python3.8/site-packages/websockets/legacy/client.py", line 598, in __aiter__
    async with self as protocol:
  File "/home/chase/mobileraker-env/lib/python3.8/site-packages/websockets/legacy/client.py", line 633, in __aenter__
    return await self
  File "/home/chase/mobileraker-env/lib/python3.8/site-packages/websockets/legacy/client.py", line 650, in __await_impl_timeout__
    return await asyncio.wait_for(self.__await_impl__(), self.open_timeout)
  File "/usr/lib/python3.8/asyncio/tasks.py", line 494, in wait_for
    return fut.result()
  File "/home/chase/mobileraker-env/lib/python3.8/site-packages/websockets/legacy/client.py", line 654, in __await_impl__
    transport, protocol = await self._create_connection()
  File "/usr/lib/python3.8/asyncio/base_events.py", line 1025, in create_connection
    raise exceptions[0]
  File "/usr/lib/python3.8/asyncio/base_events.py", line 1010, in create_connection
    sock = await self._connect_sock(
  File "/usr/lib/python3.8/asyncio/base_events.py", line 924, in _connect_sock
    await self.sock_connect(sock, address)
  File "/usr/lib/python3.8/asyncio/selector_events.py", line 496, in sock_connect
    return await fut
  File "/usr/lib/python3.8/asyncio/selector_events.py", line 501, in _sock_connect
    sock.connect(address)
OSError: [Errno 101] Network is unreachable
2026-08-28 23:24:19,898 websockets.client INFO - ! connect failed again; retrying in 60 seconds
Traceback (most recent call last):
  File "/home/chase/mobileraker-env/lib/python3.8/site-packages/websockets/legacy/client.py", line 598, in __aiter__
    async with self as protocol:
  File "/home/chase/mobileraker-env/lib/python3.8/site-packages/websockets/legacy/client.py", line 633, in __aenter__
    return await self
  File "/home/chase/mobileraker-env/lib/python3.8/site-packages/websockets/legacy/client.py", line 650, in __await_impl_timeout__
    return await asyncio.wait_for(self.__await_impl__(), self.open_timeout)
  File "/usr/lib/python3.8/asyncio/tasks.py", line 494, in wait_for
    return fut.result()
  File "/home/chase/mobileraker-env/lib/python3.8/site-packages/websockets/legacy/client.py", line 654, in __await_impl__
    transport, protocol = await self._create_connection()
  File "/usr/lib/python3.8/asyncio/base_events.py", line 1025, in create_connection
    raise exceptions[0]
  File "/usr/lib/python3.8/asyncio/base_events.py", line 1010, in create_connection
    sock = await self._connect_sock(
  File "/usr/lib/python3.8/asyncio/base_events.py", line 924, in _connect_sock
    await self.sock_connect(sock, address)
  File "/usr/lib/python3.8/asyncio/selector_events.py", line 496, in sock_connect
    return await fut
  File "/usr/lib/python3.8/asyncio/selector_events.py", line 501, in _sock_connect
    sock.connect(address)
OSError: [Errno 101] Network is unreachable
2026-08-28 23:25:19,963 websockets.client INFO - ! connect failed again; retrying in 60 seconds
Traceback (most recent call last):
  File "/home/chase/mobileraker-env/lib/python3.8/site-packages/websockets/legacy/client.py", line 598, in __aiter__
    async with self as protocol:
  File "/home/chase/mobileraker-env/lib/python3.8/site-packages/websockets/legacy/client.py", line 633, in __aenter__
    return await self
  File "/home/chase/mobileraker-env/lib/python3.8/site-packages/websockets/legacy/client.py", line 650, in __await_impl_timeout__
    return await asyncio.wait_for(self.__await_impl__(), self.open_timeout)
  File "/usr/lib/python3.8/asyncio/tasks.py", line 494, in wait_for
    return fut.result()
  File "/home/chase/mobileraker-env/lib/python3.8/site-packages/websockets/legacy/client.py", line 654, in __await_impl__
    transport, protocol = await self._create_connection()
  File "/usr/lib/python3.8/asyncio/base_events.py", line 1025, in create_connection
    raise exceptions[0]
  File "/usr/lib/python3.8/asyncio/base_events.py", line 1010, in create_connection
    sock = await self._connect_sock(
  File "/usr/lib/python3.8/asyncio/base_events.py", line 924, in _connect_sock
    await self.sock_connect(sock, address)
  File "/usr/lib/python3.8/asyncio/selector_events.py", line 496, in sock_connect
    return await fut
  File "/usr/lib/python3.8/asyncio/selector_events.py", line 501, in _sock_connect
    sock.connect(address)
OSError: [Errno 101] Network is unreachable
2026-08-28 23:26:20,028 websockets.client INFO - ! connect failed again; retrying in 60 seconds
Traceback (most recent call last):
  File "/home/chase/mobileraker-env/lib/python3.8/site-packages/websockets/legacy/client.py", line 598, in __aiter__
    async with self as protocol:
  File "/home/chase/mobileraker-env/lib/python3.8/site-packages/websockets/legacy/client.py", line 633, in __aenter__
    return await self
  File "/home/chase/mobileraker-env/lib/python3.8/site-packages/websockets/legacy/client.py", line 650, in __await_impl_timeout__
    return await asyncio.wait_for(self.__await_impl__(), self.open_timeout)
  File "/usr/lib/python3.8/asyncio/tasks.py", line 494, in wait_for
    return fut.result()
  File "/home/chase/mobileraker-env/lib/python3.8/site-packages/websockets/legacy/client.py", line 654, in __await_impl__
    transport, protocol = await self._create_connection()
  File "/usr/lib/python3.8/asyncio/base_events.py", line 1025, in create_connection
    raise exceptions[0]
  File "/usr/lib/python3.8/asyncio/base_events.py", line 1010, in create_connection
    sock = await self._connect_sock(
  File "/usr/lib/python3.8/asyncio/base_events.py", line 924, in _connect_sock
    await self.sock_connect(sock, address)
  File "/usr/lib/python3.8/asyncio/selector_events.py", line 496, in sock_connect
    return await fut
  File "/usr/lib/python3.8/asyncio/selector_events.py", line 501, in _sock_connect
    sock.connect(address)
OSError: [Errno 101] Network is unreachable
2026-08-28 23:27:20,092 websockets.client INFO - ! connect failed again; retrying in 60 seconds
Traceback (most recent call last):
  File "/home/chase/mobileraker-env/lib/python3.8/site-packages/websockets/legacy/client.py", line 598, in __aiter__
    async with self as protocol:
  File "/home/chase/mobileraker-env/lib/python3.8/site-packages/websockets/legacy/client.py", line 633, in __aenter__
    return await self
  File "/home/chase/mobileraker-env/lib/python3.8/site-packages/websockets/legacy/client.py", line 650, in __await_impl_timeout__
    return await asyncio.wait_for(self.__await_impl__(), self.open_timeout)
  File "/usr/lib/python3.8/asyncio/tasks.py", line 494, in wait_for
    return fut.result()
  File "/home/chase/mobileraker-env/lib/python3.8/site-packages/websockets/legacy/client.py", line 654, in __await_impl__
    transport, protocol = await self._create_connection()
  File "/usr/lib/python3.8/asyncio/base_events.py", line 1025, in create_connection
    raise exceptions[0]
  File "/usr/lib/python3.8/asyncio/base_events.py", line 1010, in create_connection
    sock = await self._connect_sock(
  File "/usr/lib/python3.8/asyncio/base_events.py", line 924, in _connect_sock
    await self.sock_connect(sock, address)
  File "/usr/lib/python3.8/asyncio/selector_events.py", line 496, in sock_connect
    return await fut
  File "/usr/lib/python3.8/asyncio/selector_events.py", line 501, in _sock_connect
    sock.connect(address)
OSError: [Errno 101] Network is unreachable
2026-08-28 23:28:20,154 websockets.client INFO - ! connect failed again; retrying in 60 seconds
Traceback (most recent call last):
  File "/home/chase/mobileraker-env/lib/python3.8/site-packages/websockets/legacy/client.py", line 598, in __aiter__
    async with self as protocol:
  File "/home/chase/mobileraker-env/lib/python3.8/site-packages/websockets/legacy/client.py", line 633, in __aenter__
    return await self
  File "/home/chase/mobileraker-env/lib/python3.8/site-packages/websockets/legacy/client.py", line 650, in __await_impl_timeout__
    return await asyncio.wait_for(self.__await_impl__(), self.open_timeout)
  File "/usr/lib/python3.8/asyncio/tasks.py", line 494, in wait_for
    return fut.result()
  File "/home/chase/mobileraker-env/lib/python3.8/site-packages/websockets/legacy/client.py", line 654, in __await_impl__
    transport, protocol = await self._create_connection()
  File "/usr/lib/python3.8/asyncio/base_events.py", line 1025, in create_connection
    raise exceptions[0]
  File "/usr/lib/python3.8/asyncio/base_events.py", line 1010, in create_connection
    sock = await self._connect_sock(
  File "/usr/lib/python3.8/asyncio/base_events.py", line 924, in _connect_sock
    await self.sock_connect(sock, address)
  File "/usr/lib/python3.8/asyncio/selector_events.py", line 496, in sock_connect
    return await fut
  File "/usr/lib/python3.8/asyncio/selector_events.py", line 501, in _sock_connect
    sock.connect(address)
OSError: [Errno 101] Network is unreachable
2026-08-28 23:29:20,219 websockets.client INFO - ! connect failed again; retrying in 60 seconds
Traceback (most recent call last):
  File "/home/chase/mobileraker-env/lib/python3.8/site-packages/websockets/legacy/client.py", line 598, in __aiter__
    async with self as protocol:
  File "/home/chase/mobileraker-env/lib/python3.8/site-packages/websockets/legacy/client.py", line 633, in __aenter__
    return await self
  File "/home/chase/mobileraker-env/lib/python3.8/site-packages/websockets/legacy/client.py", line 650, in __await_impl_timeout__
    return await asyncio.wait_for(self.__await_impl__(), self.open_timeout)
  File "/usr/lib/python3.8/asyncio/tasks.py", line 494, in wait_for
    return fut.result()
  File "/home/chase/mobileraker-env/lib/python3.8/site-packages/websockets/legacy/client.py", line 654, in __await_impl__
    transport, protocol = await self._create_connection()
  File "/usr/lib/python3.8/asyncio/base_events.py", line 1025, in create_connection
    raise exceptions[0]
  File "/usr/lib/python3.8/asyncio/base_events.py", line 1010, in create_connection
    sock = await self._connect_sock(
  File "/usr/lib/python3.8/asyncio/base_events.py", line 924, in _connect_sock
    await self.sock_connect(sock, address)
  File "/usr/lib/python3.8/asyncio/selector_events.py", line 496, in sock_connect
    return await fut
  File "/usr/lib/python3.8/asyncio/selector_events.py", line 501, in _sock_connect
    sock.connect(address)
OSError: [Errno 101] Network is unreachable
2026-08-28 23:30:20,251 websockets.client INFO - ! connect failed again; retrying in 60 seconds
Traceback (most recent call last):
  File "/home/chase/mobileraker-env/lib/python3.8/site-packages/websockets/legacy/client.py", line 598, in __aiter__
    async with self as protocol:
  File "/home/chase/mobileraker-env/lib/python3.8/site-packages/websockets/legacy/client.py", line 633, in __aenter__
    return await self
  File "/home/chase/mobileraker-env/lib/python3.8/site-packages/websockets/legacy/client.py", line 650, in __await_impl_timeout__
    return await asyncio.wait_for(self.__await_impl__(), self.open_timeout)
  File "/usr/lib/python3.8/asyncio/tasks.py", line 494, in wait_for
    return fut.result()
  File "/home/chase/mobileraker-env/lib/python3.8/site-packages/websockets/legacy/client.py", line 654, in __await_impl__
    transport, protocol = await self._create_connection()
  File "/usr/lib/python3.8/asyncio/base_events.py", line 1025, in create_connection
    raise exceptions[0]
  File "/usr/lib/python3.8/asyncio/base_events.py", line 1010, in create_connection
    sock = await self._connect_sock(
  File "/usr/lib/python3.8/asyncio/base_events.py", line 924, in _connect_sock
    await self.sock_connect(sock, address)
  File "/usr/lib/python3.8/asyncio/selector_events.py", line 496, in sock_connect
    return await fut
  File "/usr/lib/python3.8/asyncio/selector_events.py", line 501, in _sock_connect
    sock.connect(address)
OSError: [Errno 101] Network is unreachable
2026-08-28 23:31:20,315 websockets.client INFO - ! connect failed again; retrying in 60 seconds
Traceback (most recent call last):
  File "/home/chase/mobileraker-env/lib/python3.8/site-packages/websockets/legacy/client.py", line 598, in __aiter__
    async with self as protocol:
  File "/home/chase/mobileraker-env/lib/python3.8/site-packages/websockets/legacy/client.py", line 633, in __aenter__
    return await self
  File "/home/chase/mobileraker-env/lib/python3.8/site-packages/websockets/legacy/client.py", line 650, in __await_impl_timeout__
    return await asyncio.wait_for(self.__await_impl__(), self.open_timeout)
  File "/usr/lib/python3.8/asyncio/tasks.py", line 494, in wait_for
    return fut.result()
  File "/home/chase/mobileraker-env/lib/python3.8/site-packages/websockets/legacy/client.py", line 654, in __await_impl__
    transport, protocol = await self._create_connection()
  File "/usr/lib/python3.8/asyncio/base_events.py", line 1025, in create_connection
    raise exceptions[0]
  File "/usr/lib/python3.8/asyncio/base_events.py", line 1010, in create_connection
    sock = await self._connect_sock(
  File "/usr/lib/python3.8/asyncio/base_events.py", line 924, in _connect_sock
    await self.sock_connect(sock, address)
  File "/usr/lib/python3.8/asyncio/selector_events.py", line 496, in sock_connect
    return await fut
  File "/usr/lib/python3.8/asyncio/selector_events.py", line 501, in _sock_connect
    sock.connect(address)
OSError: [Errno 101] Network is unreachable
2026-08-28 23:32:20,382 websockets.client INFO - ! connect failed again; retrying in 60 seconds
Traceback (most recent call last):
  File "/home/chase/mobileraker-env/lib/python3.8/site-packages/websockets/legacy/client.py", line 598, in __aiter__
    async with self as protocol:
  File "/home/chase/mobileraker-env/lib/python3.8/site-packages/websockets/legacy/client.py", line 633, in __aenter__
    return await self
  File "/home/chase/mobileraker-env/lib/python3.8/site-packages/websockets/legacy/client.py", line 650, in __await_impl_timeout__
    return await asyncio.wait_for(self.__await_impl__(), self.open_timeout)
  File "/usr/lib/python3.8/asyncio/tasks.py", line 494, in wait_for
    return fut.result()
  File "/home/chase/mobileraker-env/lib/python3.8/site-packages/websockets/legacy/client.py", line 654, in __await_impl__
    transport, protocol = await self._create_connection()
  File "/usr/lib/python3.8/asyncio/base_events.py", line 1025, in create_connection
    raise exceptions[0]
  File "/usr/lib/python3.8/asyncio/base_events.py", line 1010, in create_connection
    sock = await self._connect_sock(
  File "/usr/lib/python3.8/asyncio/base_events.py", line 924, in _connect_sock
    await self.sock_connect(sock, address)
  File "/usr/lib/python3.8/asyncio/selector_events.py", line 496, in sock_connect
    return await fut
  File "/usr/lib/python3.8/asyncio/selector_events.py", line 501, in _sock_connect
    sock.connect(address)
OSError: [Errno 101] Network is unreachable
2026-08-28 23:33:20,410 websockets.client INFO - ! connect failed again; retrying in 60 seconds
Traceback (most recent call last):
  File "/home/chase/mobileraker-env/lib/python3.8/site-packages/websockets/legacy/client.py", line 598, in __aiter__
    async with self as protocol:
  File "/home/chase/mobileraker-env/lib/python3.8/site-packages/websockets/legacy/client.py", line 633, in __aenter__
    return await self
  File "/home/chase/mobileraker-env/lib/python3.8/site-packages/websockets/legacy/client.py", line 650, in __await_impl_timeout__
    return await asyncio.wait_for(self.__await_impl__(), self.open_timeout)
  File "/usr/lib/python3.8/asyncio/tasks.py", line 494, in wait_for
    return fut.result()
  File "/home/chase/mobileraker-env/lib/python3.8/site-packages/websockets/legacy/client.py", line 654, in __await_impl__
    transport, protocol = await self._create_connection()
  File "/usr/lib/python3.8/asyncio/base_events.py", line 1025, in create_connection
    raise exceptions[0]
  File "/usr/lib/python3.8/asyncio/base_events.py", line 1010, in create_connection
    sock = await self._connect_sock(
  File "/usr/lib/python3.8/asyncio/base_events.py", line 924, in _connect_sock
    await self.sock_connect(sock, address)
  File "/usr/lib/python3.8/asyncio/selector_events.py", line 496, in sock_connect
    return await fut
  File "/usr/lib/python3.8/asyncio/selector_events.py", line 501, in _sock_connect
    sock.connect(address)
OSError: [Errno 101] Network is unreachable
2026-08-28 23:34:20,476 websockets.client INFO - ! connect failed again; retrying in 60 seconds
Traceback (most recent call last):
  File "/home/chase/mobileraker-env/lib/python3.8/site-packages/websockets/legacy/client.py", line 598, in __aiter__
    async with self as protocol:
  File "/home/chase/mobileraker-env/lib/python3.8/site-packages/websockets/legacy/client.py", line 633, in __aenter__
    return await self
  File "/home/chase/mobileraker-env/lib/python3.8/site-packages/websockets/legacy/client.py", line 650, in __await_impl_timeout__
    return await asyncio.wait_for(self.__await_impl__(), self.open_timeout)
  File "/usr/lib/python3.8/asyncio/tasks.py", line 494, in wait_for
    return fut.result()
  File "/home/chase/mobileraker-env/lib/python3.8/site-packages/websockets/legacy/client.py", line 654, in __await_impl__
    transport, protocol = await self._create_connection()
  File "/usr/lib/python3.8/asyncio/base_events.py", line 1025, in create_connection
    raise exceptions[0]
  File "/usr/lib/python3.8/asyncio/base_events.py", line 1010, in create_connection
    sock = await self._connect_sock(
  File "/usr/lib/python3.8/asyncio/base_events.py", line 924, in _connect_sock
    await self.sock_connect(sock, address)
  File "/usr/lib/python3.8/asyncio/selector_events.py", line 496, in sock_connect
    return await fut
  File "/usr/lib/python3.8/asyncio/selector_events.py", line 501, in _sock_connect
    sock.connect(address)
OSError: [Errno 101] Network is unreachable
2026-08-28 23:35:20,500 websockets.client INFO - ! connect failed again; retrying in 60 seconds
Traceback (most recent call last):
  File "/home/chase/mobileraker-env/lib/python3.8/site-packages/websockets/legacy/client.py", line 598, in __aiter__
    async with self as protocol:
  File "/home/chase/mobileraker-env/lib/python3.8/site-packages/websockets/legacy/client.py", line 633, in __aenter__
    return await self
  File "/home/chase/mobileraker-env/lib/python3.8/site-packages/websockets/legacy/client.py", line 650, in __await_impl_timeout__
    return await asyncio.wait_for(self.__await_impl__(), self.open_timeout)
  File "/usr/lib/python3.8/asyncio/tasks.py", line 494, in wait_for
    return fut.result()
  File "/home/chase/mobileraker-env/lib/python3.8/site-packages/websockets/legacy/client.py", line 654, in __await_impl__
    transport, protocol = await self._create_connection()
  File "/usr/lib/python3.8/asyncio/base_events.py", line 1025, in create_connection
    raise exceptions[0]
  File "/usr/lib/python3.8/asyncio/base_events.py", line 1010, in create_connection
    sock = await self._connect_sock(
  File "/usr/lib/python3.8/asyncio/base_events.py", line 924, in _connect_sock
    await self.sock_connect(sock, address)
  File "/usr/lib/python3.8/asyncio/selector_events.py", line 496, in sock_connect
    return await fut
  File "/usr/lib/python3.8/asyncio/selector_events.py", line 501, in _sock_connect
    sock.connect(address)
OSError: [Errno 101] Network is unreachable
2026-08-28 23:36:20,564 websockets.client INFO - ! connect failed again; retrying in 60 seconds
Traceback (most recent call last):
  File "/home/chase/mobileraker-env/lib/python3.8/site-packages/websockets/legacy/client.py", line 598, in __aiter__
    async with self as protocol:
  File "/home/chase/mobileraker-env/lib/python3.8/site-packages/websockets/legacy/client.py", line 633, in __aenter__
    return await self
  File "/home/chase/mobileraker-env/lib/python3.8/site-packages/websockets/legacy/client.py", line 650, in __await_impl_timeout__
    return await asyncio.wait_for(self.__await_impl__(), self.open_timeout)
  File "/usr/lib/python3.8/asyncio/tasks.py", line 494, in wait_for
    return fut.result()
  File "/home/chase/mobileraker-env/lib/python3.8/site-packages/websockets/legacy/client.py", line 654, in __await_impl__
    transport, protocol = await self._create_connection()
  File "/usr/lib/python3.8/asyncio/base_events.py", line 1025, in create_connection
    raise exceptions[0]
  File "/usr/lib/python3.8/asyncio/base_events.py", line 1010, in create_connection
    sock = await self._connect_sock(
  File "/usr/lib/python3.8/asyncio/base_events.py", line 924, in _connect_sock
    await self.sock_connect(sock, address)
  File "/usr/lib/python3.8/asyncio/selector_events.py", line 496, in sock_connect
    return await fut
  File "/usr/lib/python3.8/asyncio/selector_events.py", line 501, in _sock_connect
    sock.connect(address)
OSError: [Errno 101] Network is unreachable
2026-08-28 23:37:20,629 websockets.client INFO - ! connect failed again; retrying in 60 seconds
Traceback (most recent call last):
  File "/home/chase/mobileraker-env/lib/python3.8/site-packages/websockets/legacy/client.py", line 598, in __aiter__
    async with self as protocol:
  File "/home/chase/mobileraker-env/lib/python3.8/site-packages/websockets/legacy/client.py", line 633, in __aenter__
    return await self
  File "/home/chase/mobileraker-env/lib/python3.8/site-packages/websockets/legacy/client.py", line 650, in __await_impl_timeout__
    return await asyncio.wait_for(self.__await_impl__(), self.open_timeout)
  File "/usr/lib/python3.8/asyncio/tasks.py", line 494, in wait_for
    return fut.result()
  File "/home/chase/mobileraker-env/lib/python3.8/site-packages/websockets/legacy/client.py", line 654, in __await_impl__
    transport, protocol = await self._create_connection()
  File "/usr/lib/python3.8/asyncio/base_events.py", line 1025, in create_connection
    raise exceptions[0]
  File "/usr/lib/python3.8/asyncio/base_events.py", line 1010, in create_connection
    sock = await self._connect_sock(
  File "/usr/lib/python3.8/asyncio/base_events.py", line 924, in _connect_sock
    await self.sock_connect(sock, address)
  File "/usr/lib/python3.8/asyncio/selector_events.py", line 496, in sock_connect
    return await fut
  File "/usr/lib/python3.8/asyncio/selector_events.py", line 501, in _sock_connect
    sock.connect(address)
OSError: [Errno 101] Network is unreachable
2026-08-28 23:38:20,651 websockets.client INFO - ! connect failed again; retrying in 60 seconds
Traceback (most recent call last):
  File "/home/chase/mobileraker-env/lib/python3.8/site-packages/websockets/legacy/client.py", line 598, in __aiter__
    async with self as protocol:
  File "/home/chase/mobileraker-env/lib/python3.8/site-packages/websockets/legacy/client.py", line 633, in __aenter__
    return await self
  File "/home/chase/mobileraker-env/lib/python3.8/site-packages/websockets/legacy/client.py", line 650, in __await_impl_timeout__
    return await asyncio.wait_for(self.__await_impl__(), self.open_timeout)
  File "/usr/lib/python3.8/asyncio/tasks.py", line 494, in wait_for
    return fut.result()
  File "/home/chase/mobileraker-env/lib/python3.8/site-packages/websockets/legacy/client.py", line 654, in __await_impl__
    transport, protocol = await self._create_connection()
  File "/usr/lib/python3.8/asyncio/base_events.py", line 1025, in create_connection
    raise exceptions[0]
  File "/usr/lib/python3.8/asyncio/base_events.py", line 1010, in create_connection
    sock = await self._connect_sock(
  File "/usr/lib/python3.8/asyncio/base_events.py", line 924, in _connect_sock
    await self.sock_connect(sock, address)
  File "/usr/lib/python3.8/asyncio/selector_events.py", line 496, in sock_connect
    return await fut
  File "/usr/lib/python3.8/asyncio/selector_events.py", line 501, in _sock_connect
    sock.connect(address)
OSError: [Errno 101] Network is unreachable
2026-08-28 23:39:20,717 websockets.client INFO - ! connect failed again; retrying in 60 seconds
Traceback (most recent call last):
  File "/home/chase/mobileraker-env/lib/python3.8/site-packages/websockets/legacy/client.py", line 598, in __aiter__
    async with self as protocol:
  File "/home/chase/mobileraker-env/lib/python3.8/site-packages/websockets/legacy/client.py", line 633, in __aenter__
    return await self
  File "/home/chase/mobileraker-env/lib/python3.8/site-packages/websockets/legacy/client.py", line 650, in __await_impl_timeout__
    return await asyncio.wait_for(self.__await_impl__(), self.open_timeout)
  File "/usr/lib/python3.8/asyncio/tasks.py", line 494, in wait_for
    return fut.result()
  File "/home/chase/mobileraker-env/lib/python3.8/site-packages/websockets/legacy/client.py", line 654, in __await_impl__
    transport, protocol = await self._create_connection()
  File "/usr/lib/python3.8/asyncio/base_events.py", line 1025, in create_connection
    raise exceptions[0]
  File "/usr/lib/python3.8/asyncio/base_events.py", line 1010, in create_connection
    sock = await self._connect_sock(
  File "/usr/lib/python3.8/asyncio/base_events.py", line 924, in _connect_sock
    await self.sock_connect(sock, address)
  File "/usr/lib/python3.8/asyncio/selector_events.py", line 496, in sock_connect
    return await fut
  File "/usr/lib/python3.8/asyncio/selector_events.py", line 501, in _sock_connect
    sock.connect(address)
OSError: [Errno 101] Network is unreachable
2026-08-28 23:40:20,734 websockets.client INFO - ! connect failed again; retrying in 60 seconds
Traceback (most recent call last):
  File "/home/chase/mobileraker-env/lib/python3.8/site-packages/websockets/legacy/client.py", line 598, in __aiter__
    async with self as protocol:
  File "/home/chase/mobileraker-env/lib/python3.8/site-packages/websockets/legacy/client.py", line 633, in __aenter__
    return await self
  File "/home/chase/mobileraker-env/lib/python3.8/site-packages/websockets/legacy/client.py", line 650, in __await_impl_timeout__
    return await asyncio.wait_for(self.__await_impl__(), self.open_timeout)
  File "/usr/lib/python3.8/asyncio/tasks.py", line 494, in wait_for
    return fut.result()
  File "/home/chase/mobileraker-env/lib/python3.8/site-packages/websockets/legacy/client.py", line 654, in __await_impl__
    transport, protocol = await self._create_connection()
  File "/usr/lib/python3.8/asyncio/base_events.py", line 1025, in create_connection
    raise exceptions[0]
  File "/usr/lib/python3.8/asyncio/base_events.py", line 1010, in create_connection
    sock = await self._connect_sock(
  File "/usr/lib/python3.8/asyncio/base_events.py", line 924, in _connect_sock
    await self.sock_connect(sock, address)
  File "/usr/lib/python3.8/asyncio/selector_events.py", line 496, in sock_connect
    return await fut
  File "/usr/lib/python3.8/asyncio/selector_events.py", line 501, in _sock_connect
    sock.connect(address)
OSError: [Errno 101] Network is unreachable
2026-08-28 23:41:20,797 websockets.client INFO - ! connect failed again; retrying in 60 seconds
Traceback (most recent call last):
  File "/home/chase/mobileraker-env/lib/python3.8/site-packages/websockets/legacy/client.py", line 598, in __aiter__
    async with self as protocol:
  File "/home/chase/mobileraker-env/lib/python3.8/site-packages/websockets/legacy/client.py", line 633, in __aenter__
    return await self
  File "/home/chase/mobileraker-env/lib/python3.8/site-packages/websockets/legacy/client.py", line 650, in __await_impl_timeout__
    return await asyncio.wait_for(self.__await_impl__(), self.open_timeout)
  File "/usr/lib/python3.8/asyncio/tasks.py", line 494, in wait_for
    return fut.result()
  File "/home/chase/mobileraker-env/lib/python3.8/site-packages/websockets/legacy/client.py", line 654, in __await_impl__
    transport, protocol = await self._create_connection()
  File "/usr/lib/python3.8/asyncio/base_events.py", line 1025, in create_connection
    raise exceptions[0]
  File "/usr/lib/python3.8/asyncio/base_events.py", line 1010, in create_connection
    sock = await self._connect_sock(
  File "/usr/lib/python3.8/asyncio/base_events.py", line 924, in _connect_sock
    await self.sock_connect(sock, address)
  File "/usr/lib/python3.8/asyncio/selector_events.py", line 496, in sock_connect
    return await fut
  File "/usr/lib/python3.8/asyncio/selector_events.py", line 501, in _sock_connect
    sock.connect(address)
OSError: [Errno 101] Network is unreachable
2026-08-28 23:42:20,863 websockets.client INFO - ! connect failed again; retrying in 60 seconds
Traceback (most recent call last):
  File "/home/chase/mobileraker-env/lib/python3.8/site-packages/websockets/legacy/client.py", line 598, in __aiter__
    async with self as protocol:
  File "/home/chase/mobileraker-env/lib/python3.8/site-packages/websockets/legacy/client.py", line 633, in __aenter__
    return await self
  File "/home/chase/mobileraker-env/lib/python3.8/site-packages/websockets/legacy/client.py", line 650, in __await_impl_timeout__
    return await asyncio.wait_for(self.__await_impl__(), self.open_timeout)
  File "/usr/lib/python3.8/asyncio/tasks.py", line 494, in wait_for
    return fut.result()
  File "/home/chase/mobileraker-env/lib/python3.8/site-packages/websockets/legacy/client.py", line 654, in __await_impl__
    transport, protocol = await self._create_connection()
  File "/usr/lib/python3.8/asyncio/base_events.py", line 1025, in create_connection
    raise exceptions[0]
  File "/usr/lib/python3.8/asyncio/base_events.py", line 1010, in create_connection
    sock = await self._connect_sock(
  File "/usr/lib/python3.8/asyncio/base_events.py", line 924, in _connect_sock
    await self.sock_connect(sock, address)
  File "/usr/lib/python3.8/asyncio/selector_events.py", line 496, in sock_connect
    return await fut
  File "/usr/lib/python3.8/asyncio/selector_events.py", line 501, in _sock_connect
    sock.connect(address)
OSError: [Errno 101] Network is unreachable
2026-08-28 23:43:20,891 websockets.client INFO - ! connect failed again; retrying in 60 seconds
Traceback (most recent call last):
  File "/home/chase/mobileraker-env/lib/python3.8/site-packages/websockets/legacy/client.py", line 598, in __aiter__
    async with self as protocol:
  File "/home/chase/mobileraker-env/lib/python3.8/site-packages/websockets/legacy/client.py", line 633, in __aenter__
    return await self
  File "/home/chase/mobileraker-env/lib/python3.8/site-packages/websockets/legacy/client.py", line 650, in __await_impl_timeout__
    return await asyncio.wait_for(self.__await_impl__(), self.open_timeout)
  File "/usr/lib/python3.8/asyncio/tasks.py", line 494, in wait_for
    return fut.result()
  File "/home/chase/mobileraker-env/lib/python3.8/site-packages/websockets/legacy/client.py", line 654, in __await_impl__
    transport, protocol = await self._create_connection()
  File "/usr/lib/python3.8/asyncio/base_events.py", line 1025, in create_connection
    raise exceptions[0]
  File "/usr/lib/python3.8/asyncio/base_events.py", line 1010, in create_connection
    sock = await self._connect_sock(
  File "/usr/lib/python3.8/asyncio/base_events.py", line 924, in _connect_sock
    await self.sock_connect(sock, address)
  File "/usr/lib/python3.8/asyncio/selector_events.py", line 496, in sock_connect
    return await fut
  File "/usr/lib/python3.8/asyncio/selector_events.py", line 501, in _sock_connect
    sock.connect(address)
OSError: [Errno 101] Network is unreachable
2026-08-28 23:44:20,956 websockets.client INFO - ! connect failed again; retrying in 60 seconds
Traceback (most recent call last):
  File "/home/chase/mobileraker-env/lib/python3.8/site-packages/websockets/legacy/client.py", line 598, in __aiter__
    async with self as protocol:
  File "/home/chase/mobileraker-env/lib/python3.8/site-packages/websockets/legacy/client.py", line 633, in __aenter__
    return await self
  File "/home/chase/mobileraker-env/lib/python3.8/site-packages/websockets/legacy/client.py", line 650, in __await_impl_timeout__
    return await asyncio.wait_for(self.__await_impl__(), self.open_timeout)
  File "/usr/lib/python3.8/asyncio/tasks.py", line 494, in wait_for
    return fut.result()
  File "/home/chase/mobileraker-env/lib/python3.8/site-packages/websockets/legacy/client.py", line 654, in __await_impl__
    transport, protocol = await self._create_connection()
  File "/usr/lib/python3.8/asyncio/base_events.py", line 1025, in create_connection
    raise exceptions[0]
  File "/usr/lib/python3.8/asyncio/base_events.py", line 1010, in create_connection
    sock = await self._connect_sock(
  File "/usr/lib/python3.8/asyncio/base_events.py", line 924, in _connect_sock
    await self.sock_connect(sock, address)
  File "/usr/lib/python3.8/asyncio/selector_events.py", line 496, in sock_connect
    return await fut
  File "/usr/lib/python3.8/asyncio/selector_events.py", line 501, in _sock_connect
    sock.connect(address)
OSError: [Errno 101] Network is unreachable
2026-08-28 23:45:21,020 websockets.client INFO - ! connect failed again; retrying in 60 seconds
Traceback (most recent call last):
  File "/home/chase/mobileraker-env/lib/python3.8/site-packages/websockets/legacy/client.py", line 598, in __aiter__
    async with self as protocol:
  File "/home/chase/mobileraker-env/lib/python3.8/site-packages/websockets/legacy/client.py", line 633, in __aenter__
    return await self
  File "/home/chase/mobileraker-env/lib/python3.8/site-packages/websockets/legacy/client.py", line 650, in __await_impl_timeout__
    return await asyncio.wait_for(self.__await_impl__(), self.open_timeout)
  File "/usr/lib/python3.8/asyncio/tasks.py", line 494, in wait_for
    return fut.result()
  File "/home/chase/mobileraker-env/lib/python3.8/site-packages/websockets/legacy/client.py", line 654, in __await_impl__
    transport, protocol = await self._create_connection()
  File "/usr/lib/python3.8/asyncio/base_events.py", line 1025, in create_connection
    raise exceptions[0]
  File "/usr/lib/python3.8/asyncio/base_events.py", line 1010, in create_connection
    sock = await self._connect_sock(
  File "/usr/lib/python3.8/asyncio/base_events.py", line 924, in _connect_sock
    await self.sock_connect(sock, address)
  File "/usr/lib/python3.8/asyncio/selector_events.py", line 496, in sock_connect
    return await fut
  File "/usr/lib/python3.8/asyncio/selector_events.py", line 501, in _sock_connect
    sock.connect(address)
OSError: [Errno 101] Network is unreachable
2026-08-28 23:46:21,084 websockets.client INFO - ! connect failed again; retrying in 60 seconds
Traceback (most recent call last):
  File "/home/chase/mobileraker-env/lib/python3.8/site-packages/websockets/legacy/client.py", line 598, in __aiter__
    async with self as protocol:
  File "/home/chase/mobileraker-env/lib/python3.8/site-packages/websockets/legacy/client.py", line 633, in __aenter__
    return await self
  File "/home/chase/mobileraker-env/lib/python3.8/site-packages/websockets/legacy/client.py", line 650, in __await_impl_timeout__
    return await asyncio.wait_for(self.__await_impl__(), self.open_timeout)
  File "/usr/lib/python3.8/asyncio/tasks.py", line 494, in wait_for
    return fut.result()
  File "/home/chase/mobileraker-env/lib/python3.8/site-packages/websockets/legacy/client.py", line 654, in __await_impl__
    transport, protocol = await self._create_connection()
  File "/usr/lib/python3.8/asyncio/base_events.py", line 1025, in create_connection
    raise exceptions[0]
  File "/usr/lib/python3.8/asyncio/base_events.py", line 1010, in create_connection
    sock = await self._connect_sock(
  File "/usr/lib/python3.8/asyncio/base_events.py", line 924, in _connect_sock
    await self.sock_connect(sock, address)
  File "/usr/lib/python3.8/asyncio/selector_events.py", line 496, in sock_connect
    return await fut
  File "/usr/lib/python3.8/asyncio/selector_events.py", line 501, in _sock_connect
    sock.connect(address)
OSError: [Errno 101] Network is unreachable
2026-08-28 23:47:21,098 websockets.client INFO - ! connect failed again; retrying in 60 seconds
Traceback (most recent call last):
  File "/home/chase/mobileraker-env/lib/python3.8/site-packages/websockets/legacy/client.py", line 598, in __aiter__
    async with self as protocol:
  File "/home/chase/mobileraker-env/lib/python3.8/site-packages/websockets/legacy/client.py", line 633, in __aenter__
    return await self
  File "/home/chase/mobileraker-env/lib/python3.8/site-packages/websockets/legacy/client.py", line 650, in __await_impl_timeout__
    return await asyncio.wait_for(self.__await_impl__(), self.open_timeout)
  File "/usr/lib/python3.8/asyncio/tasks.py", line 494, in wait_for
    return fut.result()
  File "/home/chase/mobileraker-env/lib/python3.8/site-packages/websockets/legacy/client.py", line 654, in __await_impl__
    transport, protocol = await self._create_connection()
  File "/usr/lib/python3.8/asyncio/base_events.py", line 1025, in create_connection
    raise exceptions[0]
  File "/usr/lib/python3.8/asyncio/base_events.py", line 1010, in create_connection
    sock = await self._connect_sock(
  File "/usr/lib/python3.8/asyncio/base_events.py", line 924, in _connect_sock
    await self.sock_connect(sock, address)
  File "/usr/lib/python3.8/asyncio/selector_events.py", line 496, in sock_connect
    return await fut
  File "/usr/lib/python3.8/asyncio/selector_events.py", line 501, in _sock_connect
    sock.connect(address)
OSError: [Errno 101] Network is unreachable
2026-08-28 23:48:21,163 websockets.client INFO - ! connect failed again; retrying in 60 seconds
Traceback (most recent call last):
  File "/home/chase/mobileraker-env/lib/python3.8/site-packages/websockets/legacy/client.py", line 598, in __aiter__
    async with self as protocol:
  File "/home/chase/mobileraker-env/lib/python3.8/site-packages/websockets/legacy/client.py", line 633, in __aenter__
    return await self
  File "/home/chase/mobileraker-env/lib/python3.8/site-packages/websockets/legacy/client.py", line 650, in __await_impl_timeout__
    return await asyncio.wait_for(self.__await_impl__(), self.open_timeout)
  File "/usr/lib/python3.8/asyncio/tasks.py", line 494, in wait_for
    return fut.result()
  File "/home/chase/mobileraker-env/lib/python3.8/site-packages/websockets/legacy/client.py", line 654, in __await_impl__
    transport, protocol = await self._create_connection()
  File "/usr/lib/python3.8/asyncio/base_events.py", line 1025, in create_connection
    raise exceptions[0]
  File "/usr/lib/python3.8/asyncio/base_events.py", line 1010, in create_connection
    sock = await self._connect_sock(
  File "/usr/lib/python3.8/asyncio/base_events.py", line 924, in _connect_sock
    await self.sock_connect(sock, address)
  File "/usr/lib/python3.8/asyncio/selector_events.py", line 496, in sock_connect
    return await fut
  File "/usr/lib/python3.8/asyncio/selector_events.py", line 501, in _sock_connect
    sock.connect(address)
OSError: [Errno 101] Network is unreachable
2026-08-28 23:49:21,228 websockets.client INFO - ! connect failed again; retrying in 60 seconds
Traceback (most recent call last):
  File "/home/chase/mobileraker-env/lib/python3.8/site-packages/websockets/legacy/client.py", line 598, in __aiter__
    async with self as protocol:
  File "/home/chase/mobileraker-env/lib/python3.8/site-packages/websockets/legacy/client.py", line 633, in __aenter__
    return await self
  File "/home/chase/mobileraker-env/lib/python3.8/site-packages/websockets/legacy/client.py", line 650, in __await_impl_timeout__
    return await asyncio.wait_for(self.__await_impl__(), self.open_timeout)
  File "/usr/lib/python3.8/asyncio/tasks.py", line 494, in wait_for
    return fut.result()
  File "/home/chase/mobileraker-env/lib/python3.8/site-packages/websockets/legacy/client.py", line 654, in __await_impl__
    transport, protocol = await self._create_connection()
  File "/usr/lib/python3.8/asyncio/base_events.py", line 1025, in create_connection
    raise exceptions[0]
  File "/usr/lib/python3.8/asyncio/base_events.py", line 1010, in create_connection
    sock = await self._connect_sock(
  File "/usr/lib/python3.8/asyncio/base_events.py", line 924, in _connect_sock
    await self.sock_connect(sock, address)
  File "/usr/lib/python3.8/asyncio/selector_events.py", line 496, in sock_connect
    return await fut
  File "/usr/lib/python3.8/asyncio/selector_events.py", line 501, in _sock_connect
    sock.connect(address)
OSError: [Errno 101] Network is unreachable
2026-08-28 23:50:21,294 websockets.client INFO - ! connect failed again; retrying in 60 seconds
Traceback (most recent call last):
  File "/home/chase/mobileraker-env/lib/python3.8/site-packages/websockets/legacy/client.py", line 598, in __aiter__
    async with self as protocol:
  File "/home/chase/mobileraker-env/lib/python3.8/site-packages/websockets/legacy/client.py", line 633, in __aenter__
    return await self
  File "/home/chase/mobileraker-env/lib/python3.8/site-packages/websockets/legacy/client.py", line 650, in __await_impl_timeout__
    return await asyncio.wait_for(self.__await_impl__(), self.open_timeout)
  File "/usr/lib/python3.8/asyncio/tasks.py", line 494, in wait_for
    return fut.result()
  File "/home/chase/mobileraker-env/lib/python3.8/site-packages/websockets/legacy/client.py", line 654, in __await_impl__
    transport, protocol = await self._create_connection()
  File "/usr/lib/python3.8/asyncio/base_events.py", line 1025, in create_connection
    raise exceptions[0]
  File "/usr/lib/python3.8/asyncio/base_events.py", line 1010, in create_connection
    sock = await self._connect_sock(
  File "/usr/lib/python3.8/asyncio/base_events.py", line 924, in _connect_sock
    await self.sock_connect(sock, address)
  File "/usr/lib/python3.8/asyncio/selector_events.py", line 496, in sock_connect
    return await fut
  File "/usr/lib/python3.8/asyncio/selector_events.py", line 501, in _sock_connect
    sock.connect(address)
OSError: [Errno 101] Network is unreachable
2026-08-28 23:51:21,363 websockets.client INFO - ! connect failed again; retrying in 60 seconds
Traceback (most recent call last):
  File "/home/chase/mobileraker-env/lib/python3.8/site-packages/websockets/legacy/client.py", line 598, in __aiter__
    async with self as protocol:
  File "/home/chase/mobileraker-env/lib/python3.8/site-packages/websockets/legacy/client.py", line 633, in __aenter__
    return await self
  File "/home/chase/mobileraker-env/lib/python3.8/site-packages/websockets/legacy/client.py", line 650, in __await_impl_timeout__
    return await asyncio.wait_for(self.__await_impl__(), self.open_timeout)
  File "/usr/lib/python3.8/asyncio/tasks.py", line 494, in wait_for
    return fut.result()
  File "/home/chase/mobileraker-env/lib/python3.8/site-packages/websockets/legacy/client.py", line 654, in __await_impl__
    transport, protocol = await self._create_connection()
  File "/usr/lib/python3.8/asyncio/base_events.py", line 1025, in create_connection
    raise exceptions[0]
  File "/usr/lib/python3.8/asyncio/base_events.py", line 1010, in create_connection
    sock = await self._connect_sock(
  File "/usr/lib/python3.8/asyncio/base_events.py", line 924, in _connect_sock
    await self.sock_connect(sock, address)
  File "/usr/lib/python3.8/asyncio/selector_events.py", line 496, in sock_connect
    return await fut
  File "/usr/lib/python3.8/asyncio/selector_events.py", line 501, in _sock_connect
    sock.connect(address)
OSError: [Errno 101] Network is unreachable
2026-08-28 23:52:21,429 websockets.client INFO - ! connect failed again; retrying in 60 seconds
Traceback (most recent call last):
  File "/home/chase/mobileraker-env/lib/python3.8/site-packages/websockets/legacy/client.py", line 598, in __aiter__
    async with self as protocol:
  File "/home/chase/mobileraker-env/lib/python3.8/site-packages/websockets/legacy/client.py", line 633, in __aenter__
    return await self
  File "/home/chase/mobileraker-env/lib/python3.8/site-packages/websockets/legacy/client.py", line 650, in __await_impl_timeout__
    return await asyncio.wait_for(self.__await_impl__(), self.open_timeout)
  File "/usr/lib/python3.8/asyncio/tasks.py", line 494, in wait_for
    return fut.result()
  File "/home/chase/mobileraker-env/lib/python3.8/site-packages/websockets/legacy/client.py", line 654, in __await_impl__
    transport, protocol = await self._create_connection()
  File "/usr/lib/python3.8/asyncio/base_events.py", line 1025, in create_connection
    raise exceptions[0]
  File "/usr/lib/python3.8/asyncio/base_events.py", line 1010, in create_connection
    sock = await self._connect_sock(
  File "/usr/lib/python3.8/asyncio/base_events.py", line 924, in _connect_sock
    await self.sock_connect(sock, address)
  File "/usr/lib/python3.8/asyncio/selector_events.py", line 496, in sock_connect
    return await fut
  File "/usr/lib/python3.8/asyncio/selector_events.py", line 501, in _sock_connect
    sock.connect(address)
OSError: [Errno 101] Network is unreachable
2026-08-28 23:53:21,491 websockets.client INFO - ! connect failed again; retrying in 60 seconds
Traceback (most recent call last):
  File "/home/chase/mobileraker-env/lib/python3.8/site-packages/websockets/legacy/client.py", line 598, in __aiter__
    async with self as protocol:
  File "/home/chase/mobileraker-env/lib/python3.8/site-packages/websockets/legacy/client.py", line 633, in __aenter__
    return await self
  File "/home/chase/mobileraker-env/lib/python3.8/site-packages/websockets/legacy/client.py", line 650, in __await_impl_timeout__
    return await asyncio.wait_for(self.__await_impl__(), self.open_timeout)
  File "/usr/lib/python3.8/asyncio/tasks.py", line 494, in wait_for
    return fut.result()
  File "/home/chase/mobileraker-env/lib/python3.8/site-packages/websockets/legacy/client.py", line 654, in __await_impl__
    transport, protocol = await self._create_connection()
  File "/usr/lib/python3.8/asyncio/base_events.py", line 1025, in create_connection
    raise exceptions[0]
  File "/usr/lib/python3.8/asyncio/base_events.py", line 1010, in create_connection
    sock = await self._connect_sock(
  File "/usr/lib/python3.8/asyncio/base_events.py", line 924, in _connect_sock
    await self.sock_connect(sock, address)
  File "/usr/lib/python3.8/asyncio/selector_events.py", line 496, in sock_connect
    return await fut
  File "/usr/lib/python3.8/asyncio/selector_events.py", line 501, in _sock_connect
    sock.connect(address)
OSError: [Errno 101] Network is unreachable
2026-08-28 23:54:21,499 websockets.client INFO - ! connect failed again; retrying in 60 seconds
Traceback (most recent call last):
  File "/home/chase/mobileraker-env/lib/python3.8/site-packages/websockets/legacy/client.py", line 598, in __aiter__
    async with self as protocol:
  File "/home/chase/mobileraker-env/lib/python3.8/site-packages/websockets/legacy/client.py", line 633, in __aenter__
    return await self
  File "/home/chase/mobileraker-env/lib/python3.8/site-packages/websockets/legacy/client.py", line 650, in __await_impl_timeout__
    return await asyncio.wait_for(self.__await_impl__(), self.open_timeout)
  File "/usr/lib/python3.8/asyncio/tasks.py", line 494, in wait_for
    return fut.result()
  File "/home/chase/mobileraker-env/lib/python3.8/site-packages/websockets/legacy/client.py", line 654, in __await_impl__
    transport, protocol = await self._create_connection()
  File "/usr/lib/python3.8/asyncio/base_events.py", line 1025, in create_connection
    raise exceptions[0]
  File "/usr/lib/python3.8/asyncio/base_events.py", line 1010, in create_connection
    sock = await self._connect_sock(
  File "/usr/lib/python3.8/asyncio/base_events.py", line 924, in _connect_sock
    await self.sock_connect(sock, address)
  File "/usr/lib/python3.8/asyncio/selector_events.py", line 496, in sock_connect
    return await fut
  File "/usr/lib/python3.8/asyncio/selector_events.py", line 501, in _sock_connect
    sock.connect(address)
OSError: [Errno 101] Network is unreachable
2026-08-28 23:55:21,564 websockets.client INFO - ! connect failed again; retrying in 60 seconds
Traceback (most recent call last):
  File "/home/chase/mobileraker-env/lib/python3.8/site-packages/websockets/legacy/client.py", line 598, in __aiter__
    async with self as protocol:
  File "/home/chase/mobileraker-env/lib/python3.8/site-packages/websockets/legacy/client.py", line 633, in __aenter__
    return await self
  File "/home/chase/mobileraker-env/lib/python3.8/site-packages/websockets/legacy/client.py", line 650, in __await_impl_timeout__
    return await asyncio.wait_for(self.__await_impl__(), self.open_timeout)
  File "/usr/lib/python3.8/asyncio/tasks.py", line 494, in wait_for
    return fut.result()
  File "/home/chase/mobileraker-env/lib/python3.8/site-packages/websockets/legacy/client.py", line 654, in __await_impl__
    transport, protocol = await self._create_connection()
  File "/usr/lib/python3.8/asyncio/base_events.py", line 1025, in create_connection
    raise exceptions[0]
  File "/usr/lib/python3.8/asyncio/base_events.py", line 1010, in create_connection
    sock = await self._connect_sock(
  File "/usr/lib/python3.8/asyncio/base_events.py", line 924, in _connect_sock
    await self.sock_connect(sock, address)
  File "/usr/lib/python3.8/asyncio/selector_events.py", line 496, in sock_connect
    return await fut
  File "/usr/lib/python3.8/asyncio/selector_events.py", line 501, in _sock_connect
    sock.connect(address)
OSError: [Errno 101] Network is unreachable
2026-08-28 23:56:21,627 websockets.client INFO - ! connect failed again; retrying in 60 seconds
Traceback (most recent call last):
  File "/home/chase/mobileraker-env/lib/python3.8/site-packages/websockets/legacy/client.py", line 598, in __aiter__
    async with self as protocol:
  File "/home/chase/mobileraker-env/lib/python3.8/site-packages/websockets/legacy/client.py", line 633, in __aenter__
    return await self
  File "/home/chase/mobileraker-env/lib/python3.8/site-packages/websockets/legacy/client.py", line 650, in __await_impl_timeout__
    return await asyncio.wait_for(self.__await_impl__(), self.open_timeout)
  File "/usr/lib/python3.8/asyncio/tasks.py", line 494, in wait_for
    return fut.result()
  File "/home/chase/mobileraker-env/lib/python3.8/site-packages/websockets/legacy/client.py", line 654, in __await_impl__
    transport, protocol = await self._create_connection()
  File "/usr/lib/python3.8/asyncio/base_events.py", line 1025, in create_connection
    raise exceptions[0]
  File "/usr/lib/python3.8/asyncio/base_events.py", line 1010, in create_connection
    sock = await self._connect_sock(
  File "/usr/lib/python3.8/asyncio/base_events.py", line 924, in _connect_sock
    await self.sock_connect(sock, address)
  File "/usr/lib/python3.8/asyncio/selector_events.py", line 496, in sock_connect
    return await fut
  File "/usr/lib/python3.8/asyncio/selector_events.py", line 501, in _sock_connect
    sock.connect(address)
OSError: [Errno 101] Network is unreachable
2026-08-28 23:57:21,680 websockets.client INFO - ! connect failed again; retrying in 60 seconds
Traceback (most recent call last):
  File "/home/chase/mobileraker-env/lib/python3.8/site-packages/websockets/legacy/client.py", line 598, in __aiter__
    async with self as protocol:
  File "/home/chase/mobileraker-env/lib/python3.8/site-packages/websockets/legacy/client.py", line 633, in __aenter__
    return await self
  File "/home/chase/mobileraker-env/lib/python3.8/site-packages/websockets/legacy/client.py", line 650, in __await_impl_timeout__
    return await asyncio.wait_for(self.__await_impl__(), self.open_timeout)
  File "/usr/lib/python3.8/asyncio/tasks.py", line 494, in wait_for
    return fut.result()
  File "/home/chase/mobileraker-env/lib/python3.8/site-packages/websockets/legacy/client.py", line 654, in __await_impl__
    transport, protocol = await self._create_connection()
  File "/usr/lib/python3.8/asyncio/base_events.py", line 1025, in create_connection
    raise exceptions[0]
  File "/usr/lib/python3.8/asyncio/base_events.py", line 1010, in create_connection
    sock = await self._connect_sock(
  File "/usr/lib/python3.8/asyncio/base_events.py", line 924, in _connect_sock
    await self.sock_connect(sock, address)
  File "/usr/lib/python3.8/asyncio/selector_events.py", line 496, in sock_connect
    return await fut
  File "/usr/lib/python3.8/asyncio/selector_events.py", line 501, in _sock_connect
    sock.connect(address)
OSError: [Errno 101] Network is unreachable
2026-08-28 23:58:21,738 websockets.client INFO - ! connect failed again; retrying in 60 seconds
Traceback (most recent call last):
  File "/home/chase/mobileraker-env/lib/python3.8/site-packages/websockets/legacy/client.py", line 598, in __aiter__
    async with self as protocol:
  File "/home/chase/mobileraker-env/lib/python3.8/site-packages/websockets/legacy/client.py", line 633, in __aenter__
    return await self
  File "/home/chase/mobileraker-env/lib/python3.8/site-packages/websockets/legacy/client.py", line 650, in __await_impl_timeout__
    return await asyncio.wait_for(self.__await_impl__(), self.open_timeout)
  File "/usr/lib/python3.8/asyncio/tasks.py", line 494, in wait_for
    return fut.result()
  File "/home/chase/mobileraker-env/lib/python3.8/site-packages/websockets/legacy/client.py", line 654, in __await_impl__
    transport, protocol = await self._create_connection()
  File "/usr/lib/python3.8/asyncio/base_events.py", line 1025, in create_connection
    raise exceptions[0]
  File "/usr/lib/python3.8/asyncio/base_events.py", line 1010, in create_connection
    sock = await self._connect_sock(
  File "/usr/lib/python3.8/asyncio/base_events.py", line 924, in _connect_sock
    await self.sock_connect(sock, address)
  File "/usr/lib/python3.8/asyncio/selector_events.py", line 496, in sock_connect
    return await fut
  File "/usr/lib/python3.8/asyncio/selector_events.py", line 501, in _sock_connect
    sock.connect(address)
OSError: [Errno 101] Network is unreachable
2026-08-28 23:59:21,801 websockets.client INFO - ! connect failed again; retrying in 60 seconds
Traceback (most recent call last):
  File "/home/chase/mobileraker-env/lib/python3.8/site-packages/websockets/legacy/client.py", line 598, in __aiter__
    async with self as protocol:
  File "/home/chase/mobileraker-env/lib/python3.8/site-packages/websockets/legacy/client.py", line 633, in __aenter__
    return await self
  File "/home/chase/mobileraker-env/lib/python3.8/site-packages/websockets/legacy/client.py", line 650, in __await_impl_timeout__
    return await asyncio.wait_for(self.__await_impl__(), self.open_timeout)
  File "/usr/lib/python3.8/asyncio/tasks.py", line 494, in wait_for
    return fut.result()
  File "/home/chase/mobileraker-env/lib/python3.8/site-packages/websockets/legacy/client.py", line 654, in __await_impl__
    transport, protocol = await self._create_connection()
  File "/usr/lib/python3.8/asyncio/base_events.py", line 1025, in create_connection
    raise exceptions[0]
  File "/usr/lib/python3.8/asyncio/base_events.py", line 1010, in create_connection
    sock = await self._connect_sock(
  File "/usr/lib/python3.8/asyncio/base_events.py", line 924, in _connect_sock
    await self.sock_connect(sock, address)
  File "/usr/lib/python3.8/asyncio/selector_events.py", line 496, in sock_connect
    return await fut
  File "/usr/lib/python3.8/asyncio/selector_events.py", line 501, in _sock_connect
    sock.connect(address)
OSError: [Errno 101] Network is unreachable
2026-08-29 00:00:21,864 websockets.client INFO - ! connect failed again; retrying in 60 seconds
Traceback (most recent call last):
  File "/home/chase/mobileraker-env/lib/python3.8/site-packages/websockets/legacy/client.py", line 598, in __aiter__
    async with self as protocol:
  File "/home/chase/mobileraker-env/lib/python3.8/site-packages/websockets/legacy/client.py", line 633, in __aenter__
    return await self
  File "/home/chase/mobileraker-env/lib/python3.8/site-packages/websockets/legacy/client.py", line 650, in __await_impl_timeout__
    return await asyncio.wait_for(self.__await_impl__(), self.open_timeout)
  File "/usr/lib/python3.8/asyncio/tasks.py", line 494, in wait_for
    return fut.result()
  File "/home/chase/mobileraker-env/lib/python3.8/site-packages/websockets/legacy/client.py", line 654, in __await_impl__
    transport, protocol = await self._create_connection()
  File "/usr/lib/python3.8/asyncio/base_events.py", line 1025, in create_connection
    raise exceptions[0]
  File "/usr/lib/python3.8/asyncio/base_events.py", line 1010, in create_connection
    sock = await self._connect_sock(
  File "/usr/lib/python3.8/asyncio/base_events.py", line 924, in _connect_sock
    await self.sock_connect(sock, address)
  File "/usr/lib/python3.8/asyncio/selector_events.py", line 496, in sock_connect
    return await fut
  File "/usr/lib/python3.8/asyncio/selector_events.py", line 501, in _sock_connect
    sock.connect(address)
OSError: [Errno 101] Network is unreachable
2026-08-29 00:01:21,915 websockets.client INFO - ! connect failed again; retrying in 60 seconds
Traceback (most recent call last):
  File "/home/chase/mobileraker-env/lib/python3.8/site-packages/websockets/legacy/client.py", line 598, in __aiter__
    async with self as protocol:
  File "/home/chase/mobileraker-env/lib/python3.8/site-packages/websockets/legacy/client.py", line 633, in __aenter__
    return await self
  File "/home/chase/mobileraker-env/lib/python3.8/site-packages/websockets/legacy/client.py", line 650, in __await_impl_timeout__
    return await asyncio.wait_for(self.__await_impl__(), self.open_timeout)
  File "/usr/lib/python3.8/asyncio/tasks.py", line 494, in wait_for
    return fut.result()
  File "/home/chase/mobileraker-env/lib/python3.8/site-packages/websockets/legacy/client.py", line 654, in __await_impl__
    transport, protocol = await self._create_connection()
  File "/usr/lib/python3.8/asyncio/base_events.py", line 1025, in create_connection
    raise exceptions[0]
  File "/usr/lib/python3.8/asyncio/base_events.py", line 1010, in create_connection
    sock = await self._connect_sock(
  File "/usr/lib/python3.8/asyncio/base_events.py", line 924, in _connect_sock
    await self.sock_connect(sock, address)
  File "/usr/lib/python3.8/asyncio/selector_events.py", line 496, in sock_connect
    return await fut
  File "/usr/lib/python3.8/asyncio/selector_events.py", line 501, in _sock_connect
    sock.connect(address)
OSError: [Errno 101] Network is unreachable
2026-08-29 00:02:21,973 websockets.client INFO - ! connect failed again; retrying in 60 seconds
Traceback (most recent call last):
  File "/home/chase/mobileraker-env/lib/python3.8/site-packages/websockets/legacy/client.py", line 598, in __aiter__
    async with self as protocol:
  File "/home/chase/mobileraker-env/lib/python3.8/site-packages/websockets/legacy/client.py", line 633, in __aenter__
    return await self
  File "/home/chase/mobileraker-env/lib/python3.8/site-packages/websockets/legacy/client.py", line 650, in __await_impl_timeout__
    return await asyncio.wait_for(self.__await_impl__(), self.open_timeout)
  File "/usr/lib/python3.8/asyncio/tasks.py", line 494, in wait_for
    return fut.result()
  File "/home/chase/mobileraker-env/lib/python3.8/site-packages/websockets/legacy/client.py", line 654, in __await_impl__
    transport, protocol = await self._create_connection()
  File "/usr/lib/python3.8/asyncio/base_events.py", line 1025, in create_connection
    raise exceptions[0]
  File "/usr/lib/python3.8/asyncio/base_events.py", line 1010, in create_connection
    sock = await self._connect_sock(
  File "/usr/lib/python3.8/asyncio/base_events.py", line 924, in _connect_sock
    await self.sock_connect(sock, address)
  File "/usr/lib/python3.8/asyncio/selector_events.py", line 496, in sock_connect
    return await fut
  File "/usr/lib/python3.8/asyncio/selector_events.py", line 501, in _sock_connect
    sock.connect(address)
OSError: [Errno 101] Network is unreachable
2026-08-29 00:03:22,036 websockets.client INFO - ! connect failed again; retrying in 60 seconds
Traceback (most recent call last):
  File "/home/chase/mobileraker-env/lib/python3.8/site-packages/websockets/legacy/client.py", line 598, in __aiter__
    async with self as protocol:
  File "/home/chase/mobileraker-env/lib/python3.8/site-packages/websockets/legacy/client.py", line 633, in __aenter__
    return await self
  File "/home/chase/mobileraker-env/lib/python3.8/site-packages/websockets/legacy/client.py", line 650, in __await_impl_timeout__
    return await asyncio.wait_for(self.__await_impl__(), self.open_timeout)
  File "/usr/lib/python3.8/asyncio/tasks.py", line 494, in wait_for
    return fut.result()
  File "/home/chase/mobileraker-env/lib/python3.8/site-packages/websockets/legacy/client.py", line 654, in __await_impl__
    transport, protocol = await self._create_connection()
  File "/usr/lib/python3.8/asyncio/base_events.py", line 1025, in create_connection
    raise exceptions[0]
  File "/usr/lib/python3.8/asyncio/base_events.py", line 1010, in create_connection
    sock = await self._connect_sock(
  File "/usr/lib/python3.8/asyncio/base_events.py", line 924, in _connect_sock
    await self.sock_connect(sock, address)
  File "/usr/lib/python3.8/asyncio/selector_events.py", line 496, in sock_connect
    return await fut
  File "/usr/lib/python3.8/asyncio/selector_events.py", line 501, in _sock_connect
    sock.connect(address)
OSError: [Errno 101] Network is unreachable
